cf_avg,cf_std,cumulative_profit,num_soc_violate,num_swap
2.0975738626640626e-5,3.2124700252164596e-5,-5.052950519313001,0,2
3.164719120866599e-5,6.188847691044859e-5,-8.014451454726249,0,1
4.122077420011378e-5,8.734073277845554e-5,-9.664617085662567,0,0
4.966444593036199e-5,0.00011152611052177983,-9.949705860455486,0,0
5.809602172749153e-5,0.00013586432134121907,-10.21112124207663,0,1
6.76454202611031e-5,0.00015987463365303213,-12.506951202515975,0,1
7.720690283436614e-5,0.00018308483071442742,-14.855556134497817,0,3
8.900405138247475e-5,0.00020469504054661047,-21.34161752259955,0,6
0.00010417886899523051,0.00022217517742911813,-34.10751324883305,0,7
0.00012050779324348316,0.00023408289939707842,-56.36590852986663,0,10
0.00014020230692015126,0.0002409499039543949,-87.90969028035475,0,11
0.0001610508924671846,0.00024522969419984037,-122.58507033977703,0,9
0.00017967590757781964,0.00024861897364708465,-151.0690899172655,0,10
0.0001993945850557255,0.00025021423716431777,-182.40371419715626,0,10
0.00021912534443425016,0.00025011776677245933,-213.7350058617012,0,8
0.00023662045147575784,0.00025002464111424053,-230.54364942160885,0,10
0.0002563270470530448,0.0002472133600096748,-251.47218404070463,0,9
0.000274939980263061,0.00024348551420270246,-271.0518779857366,0,9
0.0002935408315724583,0.00023837757099078933,-290.63514050713894,0,7
0.0003099060305448386,0.0002340525895754599,-305.91962879189265,0,8
0.00032736489188448946,0.0002274576019399942,-323.21006051425934,0,9
0.0003459536612932679,0.00021767198409854415,-342.3797825744009,0,7
0.00036231886026564825,0.0002088389993656099,-352.3362900262156,0,5
0.0003764242430997738,0.0002021217252731843,-359.45476698474147,0,2
0.00038715194589418944,0.00020118254572502778,-362.4569003889768,0,1
0.00039672554339269446,0.00020394369292646913,-364.06645377702273,0,1
0.0004062870354427693,0.00020872595749905394,-365.64236274594737,0,0
0.0004147306874735565,0.00021766628221385617,-365.9265194257239,0,0
0.000423162248781858,0.00022893434787961048,-366.1879334830008,0,0
0.0004315938010876801,0.00024220091398690873,-366.44935153574056,0,1
0.00044114318224342924,0.00025461369350261384,-368.7671266214821,0,1
0.0004507046483424146,0.00026743456729169283,-371.141907049985,0,4
0.0004636196166756239,0.00027259145767222356,-379.7037560525356,0,7
0.0004799243487822753,0.0002660280590893145,-401.8655707053523,0,8
0.0004973831991605813,0.0002489080336839081,-427.3508634358071,0,8
0.0005148541424008512,0.0002286104205443879,-452.8354410735788,0,7
0.0005312069800063738,0.0002142043387654991,-475.134679125346,0,9
0.0005497697731462758,0.00022797449334398937,-503.4010506318172,0,9
0.0005682597835080723,0.0002459672169110161,-531.2855144148689,0,9
0.0005867502053115051,0.0002551211997708442,-549.8747852933473,0,9
0.0006053015180653329,0.0002565822447740463,-568.7991096485248,0,8
0.0006227835546280207,0.0002563714712969128,-586.2687877499155,0,10
0.0006424889417312993,0.0002533506767508249,-607.8756826727545,0,9
0.0006611007645664005,0.0002502359549588052,-627.2431221480379,0,9
0.0006797004812331786,0.0002464334788021453,-646.6003775071198,0,7
0.0006960648015627567,0.00024306096703668014,-661.6345632771684,0,6
0.000711287200631398,0.00024103296000865029,-670.2009693891611,0,5
0.000725379871309321,0.00023859474963730905,-677.3067001537771,0,2
0.0007361072781782605,0.00024081895739220304,-680.3820237866013,0,1
0.0007456807083107836,0.0002459107637854848,-682.0241283244128,0,0
0.0007541243454188195,0.00025397516644925475,-682.3089267195314,0,0
0.0007625558900879846,0.00026410566999043183,-682.5703405775542,0,0
0.0007709874257628074,0.0002760765116865898,-682.8317442352278,0,0
0.0007794189576457766,0.0002896596120011224,-683.0931617102883,0,2
0.0007900858944364742,0.0003009223981947798,-687.4313183632378,0,5
0.0008041301777003064,0.00030483842587065784,-698.069926751059,0,8
0.0008215638030967432,0.00029938854718399493,-715.232064497678,0,9
0.0008401513335768106,0.0002879728435300271,-743.9705404716906,0,9
0.0008587509407898691,0.0002750643318758707,-772.9087447324576,0,8
0.0008762328632400368,0.00026167907743756755,-798.5945376190606,0,9
0.0008948202317497042,0.00024778592636545834,-827.1462269153344,0,7
0.0009111829410141776,0.0002601712979842508,-849.4780876434858,0,8
0.000928554353364649,0.0002748790960649283,-874.3014237814332,0,8
0.000945926249924564,0.0002810789016716383,-890.8794094146983,0,8
0.0009633355594414835,0.00026807893834397234,-907.7036542635225,0,8
0.000980805357214389,0.0002494690230838143,-925.0423016441624,0,8
0.0009982746704359628,0.0002358879564051614,-942.3134401564813,0,8
0.0010157068662664875,0.00023801367162388373,-959.3783813776254,0,8
0.0010330783853675265,0.0002449627364905945,-976.1137147363818,0,5
0.0010471342502855953,0.0002400452500119625,-986.6877493467183,0,6
0.001062331295372632,0.0002434542945280652,-994.9768024735927,0,4
0.001075269456993224,0.00024199126614626138,-1000.3788622197862,0,1
0.0010848669402534262,0.0002446925200437907,-1002.0082428126318,0,1
0.0010944281593897474,0.00024948040841022204,-1003.4960413609465,0,0
0.001102871772723546,0.0002574017225954874,-1003.7773470839102,0,0
0.0011113033009618723,0.0002673742443011647,-1004.03875477837,0,0
0.0011197348202110881,0.0002791779675734802,-1004.3001535525663,0,1
0.0011292838951154941,0.00029119950716196614,-1006.3743603539747,0,2
0.0011399626080162086,0.00030236502682132383,-1010.396505286049,0,6
0.0011551237793276097,0.0003053135102216676,-1022.3335576743688,0,8
0.001172568485952506,0.00029933534515213064,-1038.5004004256623,0,8
0.001190037353694318,0.00028926960392674925,-1063.1759502432467,0,9
0.0012086237232008966,0.00027755349963145176,-1090.929839727041,0,9
0.0012272219987487963,0.00026700454570883234,-1118.7980382855972,0,9
0.0012458196142155578,0.00026625354899569015,-1146.6338212935298,0,9
0.0012643799418589191,0.000281890466390921,-1174.248505579617,0,8
0.0012817629581815184,0.00028921105557055623,-1198.6074484742971,0,10
0.0013014056266495413,0.0002858646212615188,-1218.8105163036287,0,8
0.0013188622018169092,0.0002729214239234537,-1235.3294244218193,0,8
0.0013363308726630232,0.0002564891818948986,-1252.2829952745715,0,7
0.0013526819616424953,0.00024047768877900202,-1267.1998085045002,0,8
0.0013701378465903941,0.00023304077847485934,-1284.106607998863,0,8
0.0013875567814145083,0.00023808678569890447,-1300.8720352057558,0,6
0.0014027167569530931,0.00024281997732939666,-1313.3769305060468,0,7
0.001419006490544223,0.00024363892662561802,-1322.9412098268015,0,5
0.0014330857724291093,0.00024055693703841144,-1329.7318331897548,0,2
0.0014438125967539657,0.00024246796804048656,-1332.6348465998628,0,1
0.001453385739450432,0.0002470062116657415,-1334.2046878127494,0,0
0.0014618293389522736,0.00025452755122759384,-1334.4883219208198,0,0
0.0014702608509166626,0.0002641469448824157,-1334.7497333261097,0,0
0.001478692353898817,0.00027564642017864995,-1335.0111352168733,0,0
0.0014871238530904645,0.0002888014806606944,-1335.2725516056012,0,3
0.001498907745701157,0.00029773256144750317,-1341.7722427330027,0,7
0.001515198210414117,0.0002904024408333426,-1356.9145905382916,0,8
0.0015326540888915816,0.0002789224120333302,-1374.16535289185,0,7
0.0015490040856283936,0.0002728373471713655,-1396.7610674737966,0,8
0.0015664352777240629,0.0002657880504792104,-1422.378486338283,0,9
0.0015849954644650136,0.00026503813613462234,-1451.1027048555102,0,9
0.0016035304689960633,0.00028009702997028524,-1479.6413767674258,0,7
0.0016198068121002387,0.0002931671816927246,-1501.7310427092611,0,8
0.001637189215295392,0.00029389749011473883,-1526.8379602951843,0,9
0.0016557380094491172,0.00028182014336982416,-1545.8639790745638,0,8
0.0016732177132504815,0.00026765791826119395,-1563.255581556462,0,9
0.0016918027331437268,0.0002498310617142681,-1585.1337728427316,0,9
0.0017103992501855654,0.00023959003626875712,-1606.6386438003287,0,8
0.001727841293592559,0.0002453469601303609,-1625.4373714716671,0,8
0.0017452111763887718,0.0002461236689733082,-1643.73968920253,0,8
0.001762629276389707,0.00024796749692173947,-1661.5486560734716,0,6
0.0017778251045220276,0.0002470466924781683,-1670.3274414808748,0,4
0.0017907986827708589,0.0002423583940087272,-1676.1902655392282,0,1
0.0018003959422146654,0.00024363139748922975,-1677.9394384600669,0,0
0.0018088395379154535,0.0002493408868244764,-1678.2254252352182,0,0
0.0018172710361462389,0.00025731199975055933,-1678.4868393856736,0,0
0.001825702525396592,0.0002673313642244088,-1678.7482428373191,0,0
0.0018341340108570048,0.00027917853364646316,-1679.0096462546414,0,1
0.0018436829165866617,0.00028954648650667523,-1681.3677559685598,0,1
0.0018532438988020758,0.00030021060842099493,-1683.9472261595663,0,6
0.00186839189180321,0.00029639535031039037,-1697.9584064260935,0,9
0.001886952441125819,0.0002765880251630414,-1718.603504046644,0,9
0.0019055481809809268,0.00026766113531436506,-1748.4445541694176,0,8
0.0019229421496242663,0.0002587642391913754,-1774.648423717013,0,7
0.001939230727430936,0.0002528674881094804,-1797.546514146201,0,8
0.001956684033406812,0.0002621946166614106,-1823.640992057376,0,7
0.0019729595510086153,0.0002748654446976256,-1846.1382056704097,0,8
0.001990376458954651,0.000287277223995617,-1871.7463292816342,0,10
0.0020100170158498846,0.00027850745270296246,-1893.229296272625,0,9
0.0020286126816944235,0.00026723917798030894,-1912.9715324665137,0,8
0.00204609100782201,0.0002568188036167675,-1932.0764320459766,0,6
0.002061322070796429,0.0002591529483952045,-1946.3208413219543,0,8
0.0020787629999303035,0.0002686934451325261,-1964.4693926644288,0,9
0.0020973092352494557,0.0002743279180705808,-1984.6081183518293,0,8
0.0021147750193119576,0.0002717303922880332,-2002.1377866975395,0,7
0.0021311238520748204,0.0002638212157183476,-2012.4785937191575,0,5
0.0021452261663445246,0.0002564756999214938,-2019.8592395366868,0,2
0.0021559526331505706,0.00025303988874126546,-2023.0420651134737,0,1
0.002165525579383373,0.00025289120676359484,-2024.743510904708,0,0
0.0021739691469326345,0.00025694450348461587,-2025.0295459316515,0,0
0.002182400630009301,0.00026326875246359945,-2025.2909596830139,0,0
0.002190832104111731,0.0002716954096437144,-2025.5523628515257,0,0
0.002199263574424845,0.00028203608536518817,-2025.813780517924,0,1
0.002208812326814893,0.00029108118499170013,-2028.487463646888,0,6
0.002223959566409044,0.0002853421503203117,-2043.912914372139,0,8
0.0022414013818460228,0.00027262071668154435,-2063.9840775575312,0,9
0.0022599596193433715,0.00026563982426991157,-2095.207328910272,0,8
0.0022773889046222053,0.0002557166576572811,-2123.612592978118,0,9
0.002295947351789901,0.00024397606462047292,-2154.414666708398,0,10
0.00231564530541177,0.00026146972502042414,-2188.276350847522,0,9
0.0023341418321270986,0.00027566771573992317,-2217.6595189976983,0,8
0.0023515346594801655,0.0002689538772487847,-2243.6452293732973,0,11
0.002372339474407274,0.00025258938446068725,-2268.281459395978,0,11
0.002393144435515411,0.00022935270311461533,-2293.4402939699785,0,10
0.0024128793060330745,0.00022747069429715602,-2320.7310750005568,0,8
0.0024302953349223584,0.00023036936952934106,-2345.091675372563,0,7
0.0024465821372213546,0.00023484830273218777,-2366.694777824313,0,8
0.0024640102586060415,0.00023779181851392805,-2389.206249717249,0,7
0.0024803338759459615,0.00023198367450249282,-2407.8068777070985,0,8
0.002497786976337221,0.00021718676573361127,-2421.437091986497,0,6
0.0025130176889021864,0.0002067589709991114,-2431.060678292232,0,2
0.0025237558418284445,0.00020311366715225574,-2434.4614733690983,0,2
0.0025344455900636214,0.00020285084175355314,-2437.7234001970924,0,1
0.00254401820820386,0.0002068124567340338,-2439.520801157835,0,1
0.0025535787410056313,0.00021327078279474772,-2441.311355251645,0,0
0.002562022274527733,0.00022229178376736056,-2441.600243482346,0,1
0.002571570758499471,0.0002325137597252262,-2444.337041936033,0,1
0.002581131281196603,0.0002444967691453608,-2447.4375600287494,0,3
0.0025929258716750974,0.0002548908847289905,-2457.470388889368,0,7
0.0026092126404204472,0.00026015232725772844,-2478.6237762896785,0,8
0.0026266646342862493,0.0002613564164172126,-2509.323539058161,0,10
0.002646362833929056,0.0002567684918682259,-2545.579063498095,0,11
0.0026671884471124747,0.00027532974732762073,-2584.8259267082226,0,9
0.0026857086092755777,0.0002811581519372403,-2615.239821037838,0,10
0.0027053950115491624,0.0002700992997930609,-2648.68778436192,0,9
0.0027240004031086583,0.0002582083526732205,-2678.7190244727144,0,9
0.0027425940129839925,0.0002397066883900507,-2699.2157696914946,0,9
0.0027611862766920557,0.00024152816684783825,-2720.3593548246517,0,9
0.002779705719110649,0.00025014500595792774,-2744.1955428169877,0,9
0.0027982017872891646,0.00024519704302163904,-2768.2571502620613,0,7
0.0028145367104932912,0.0002352226958514267,-2786.5118217526397,0,8
0.002831988650932274,0.00022200919623525608,-2806.280028538225,0,9
0.002850570192708835,0.00019273633214649783,-2827.881458527336,0,6
0.002865811972326715,0.00018006690791664708,-2837.240857209743,0,6
0.002881017213196066,0.00017680166720963967,-2846.220397991511,0,2
0.0028917549219327206,0.0001759403827140674,-2849.496263357888,0,1
0.0029013274827891884,0.0001778004048188729,-2851.228876731917,0,1
0.0029108879520196636,0.0001819843753759254,-2852.9302679150633,0,0
0.0029193314697320482,0.00019056483030073515,-2853.2166466341137,0,0
0.002927762914492272,0.000201817284320493,-2853.47806011635,0,0
0.002936194350293862,0.00021532177261947646,-2853.7394781321154,0,1
0.0029457427273714893,0.00022815160107925837,-2856.481984938411,0,3
0.0029575369998828633,0.00023724519240854997,-2865.0704080576,0,4
0.0029704722997393033,0.00024306246689689725,-2876.004748111955,0,7
0.0029867702725874085,0.0002434925472542396,-2901.7620540099506,0,9
0.003005338472181182,0.00023362899031353267,-2934.58379749436,0,8
0.0030228137841663066,0.00022408477388622392,-2962.6433919035812,0,8
0.003040276276343701,0.00022749561879580645,-2989.667407962331,0,10
0.0030599235508966933,0.0002421307147593027,-3022.4151101166162,0,9
0.0030784543634327964,0.00025053230473163736,-3051.8690739175054,0,9
0.003097021788195474,0.00025093051022884166,-3072.008542989682,0,9
0.003115613380099859,0.0002487092753277563,-3092.518766464648,0,9
0.0031342044665659237,0.00025345671264735486,-3119.384067142541,0,9
0.003152759547187742,0.0002542224543736514,-3145.382006053092,0,9
0.0031713266831646376,0.00025355175022084457,-3169.9211212563873,0,9
0.003189918712190994,0.00023949589041623466,-3194.2871414076735,0,8
0.0032073938549462212,0.0002219471813884544,-3214.2217865508264,0,6
0.0032226226014576255,0.00021649840531708217,-3224.6038282687327,0,5
0.0032366741452983026,0.0002141983349552813,-3232.441515436777,0,2
0.003247399407193235,0.000216429307724264,-3235.8472018414996,0,1
0.003256971733199445,0.00022100550952801974,-3237.639626631446,0,0
0.0032654152359816928,0.00022821232024474553,-3237.9270506958374,0,0
0.0032738466643086007,0.0002377646525677019,-3238.1884650173447,0,0
0.0032822780836858517,0.00024940163967964287,-3238.449868161192,0,0
0.0032907094992760478,0.0002628465476989005,-3238.7112853812705,0,2
0.0033013743713908787,0.0002761364369090956,-3243.5330398009773,0,6
0.0033165306409179644,0.00028105347899935854,-3258.159577455024,0,9
0.0033350859449345037,0.000270582594968338,-3281.7826140496663,0,9
0.003353677468857048,0.0002528302705932321,-3314.78141552642,0,10
0.003373385767702737,0.0002310605020778876,-3350.1162443702074,0,10
0.0033931054338687777,0.00021899334228495156,-3384.401907335185,0,9
0.0034116705815632675,0.000235749821932662,-3414.3651039887536,0,7
0.003427942752665051,0.0002405505565470544,-3437.0982657881864,0,8
0.003445331633312385,0.00024323601181802247,-3462.7899962859574,0,8
0.003462733094385796,0.00023711178254255314,-3480.220253217641,0,8
0.0034801950616430415,0.00022671485533965475,-3498.4156073387094,0,8
0.0034976568125278324,0.00021826521694802846,-3518.526413037497,0,8
0.003515118036246194,0.0002187933060739498,-3537.993425075465,0,8
0.0035325550316372893,0.0002217335058906408,-3557.776806595547,0,8
0.0035500162491617143,0.00022308243723411137,-3577.3442100814427,0,5
0.0035641274941289923,0.00022513481162578445,-3589.374961837727,0,6
0.0035793194240384407,0.00022238892248407484,-3599.217355686046,0,4
0.0035922898684539626,0.00022463659188434997,-3605.453828794884,0,1
0.003601886192490913,0.0002310406659019576,-3607.2385422800944,0,1
0.003611446369655365,0.00023829479618455593,-3608.946565121055,0,0
0.003619889844349092,0.0002487071816721282,-3609.2329362891064,0,0
0.0036283212508415423,0.00026104500351062403,-3609.494348063284,0,0
0.0036367526483875438,0.00027504854357260935,-3609.7557488372286,0,0
0.0036451840421473946,0.00029047699315264217,-3610.01716326236,0,2
0.0036558487463053536,0.00030391244503970153,-3614.4600758699376,0,6
0.0036710041978675234,0.000309998482992897,-3627.608867138468,0,8
0.0036884412548592194,0.0003079634305008026,-3645.129488995049,0,8
0.0037059024360181214,0.00030155222087768795,-3671.0575268152,0,9
0.0037244803865832737,0.00029100759138652474,-3699.9329220336194,0,10
0.003744187095882913,0.00027646388136576044,-3731.8649872104843,0,9
0.003762787497072643,0.0002869619453607896,-3760.6160790736053,0,9
0.0037812792123949005,0.0002992573235021072,-3788.7865541861092,0,8
0.003798654963625114,0.000303113476248637,-3813.792724875814,0,10
0.003818325433737498,0.00028814225426611795,-3834.86338566134,0,8
0.0038358109745768813,0.0002690541257880232,-3852.0935590046756,0,8
0.0038532723283495095,0.0002472564764976383,-3869.6758086157315,0,7
0.0038696158335038188,0.0002456505744490769,-3885.241985494772,0,8
0.0038870033185680595,0.00024736034044243755,-3902.578848744903,0,8
0.0039043789647570278,0.0002455227329209745,-3919.795854640656,0,6
0.003919582061618136,0.00024188113869974632,-3932.8210312187744,0,6
0.00393478540167535,0.00023381162977579141,-3941.5836317639755,0,5
0.003948872100854024,0.0002276025030258341,-3948.8244157350655,0,2
0.0039595969927113915,0.0002267699196749242,-3951.994694890679,0,1
0.003969169116763958,0.00022913006899599836,-3953.6920601190177,0,0
0.003977612583840328,0.00023532963579229492,-3953.977925247116,0,0
0.003986043979553771,0.00024388376619259778,-3954.2393359293605,0,0
0.003994475366325793,0.0002545516050714356,-3954.500736244846,0,0
0.004002906749312112,0.0002670799889802325,-3954.762150605361,0,2
0.004013571309342074,0.00027618069663931975,-3959.406420782042,0,7
0.004029842749413864,0.0002743228312264025,-3976.0218478843594,0,9
0.0040484075819093015,0.00026313149116667157,-3996.838622193424,0,7
0.004064763224502313,0.000254790166529283,-4020.875883231863,0,8
0.004082210922871604,0.0002506160626459315,-4048.08352178887,0,9
0.004100787096871599,0.0002472227658448403,-4078.5491508097884,0,9
0.004119361656757039,0.00026844409044733854,-4108.481175825544,0,7
0.004135631420943755,0.00028388118672144857,-4131.398638757346,0,9
0.004154122365556762,0.00029133959249433137,-4160.5658581508615,0,9
0.0041726625257791795,0.0002839659050616117,-4180.617041721884,0,9
0.004191251045687278,0.00027141384446148926,-4200.966941636367,0,9
0.004209839571049396,0.0002559542631523885,-4222.839226865125,0,9
0.004228414819470824,0.0002577715632715425,-4244.626037532251,0,8
0.004245789225866974,0.0002603051633085764,-4263.4627149017215,0,8
0.004263188221940451,0.00025555341279730794,-4281.973489202501,0,8
0.004280647423071653,0.00025179380489959906,-4300.123971004459,0,6
0.004295874037792802,0.00024535334063911405,-4309.304500801603,0,4
0.004308843834197346,0.00023737169674113598,-4315.342084214553,0,2
0.004319556551970166,0.00023281707412311446,-4318.487713520888,0,0
0.004328012078047448,0.00023553369360195992,-4318.7979307413625,0,0
0.00433644346682773,0.00024079272030822302,-4319.059351738182,0,0
0.0043448748415153065,0.00024840314764017056,-4319.320751537043,0,0
0.004353306212417803,0.0002581570902058678,-4319.582151436719,0,1
0.004362854129761051,0.0002658863998467501,-4321.963501820962,0,1
0.004372414049643051,0.000274848426943619,-4324.550072298426,0,7
0.004388672578156712,0.00027016413262502716,-4341.209949239042,0,9
0.004407235853337271,0.00026272999677244487,-4362.783159305302,0,9
0.004425787360647496,0.00024793116782912767,-4393.62062760598,0,8
0.004443246394724239,0.00023524883332491344,-4421.254164718836,0,8
0.004460704898649321,0.00023189897217859844,-4448.782237382277,0,8
0.004478126284505706,0.0002442106821079862,-4475.778541949896,0,8
0.004495487535391678,0.0002539228079697091,-4502.25720399441,0,8
0.004512861836504767,0.0002473668392009443,-4528.692490283598,0,10
0.00453254153260973,0.0002298316491993569,-4551.567712944117,0,10
0.004552257072262959,0.0002138562882356986,-4574.953549800618,0,8
0.0045697389974165585,0.00021775497187996378,-4596.411052300926,0,6
0.0045849036354301785,0.0002289354184813795,-4612.522143085301,0,8
0.004602276871769672,0.0002365826712112327,-4632.8889186431825,0,9
0.004620814770432879,0.00024073327843883316,-4654.74539923398,0,8
0.0046382849369755634,0.00023975414709382083,-4673.912171483856,0,7
0.004654627145524662,0.0002308541006235712,-4685.321443766904,0,5
0.00466872465373017,0.00022279470343838174,-4693.227293232747,0,2
0.004679449063532335,0.00021967447027729594,-4696.626313948088,0,1
0.0046890209204929,0.0002203353462652537,-4698.4053067622135,0,0
0.004697464351023141,0.00022553401054267,-4698.692489373821,0,0
0.004705895714348022,0.00023325027118729257,-4698.953901218382,0,0
0.004714327068742076,0.0002432360053940078,-4699.215302215914,0,0
0.004722758419351769,0.0002552249657966282,-4699.476717593529,0,3
0.004734538589444433,0.0002632331805528898,-4707.1182713943335,0,6
0.004749703612808937,0.00026652590481078997,-4724.457584332719,0,9
0.004768253704674943,0.0002604677742829373,-4747.092718996622,0,8
0.004785723936464403,0.0002484776043161749,-4775.125584458751,0,8
0.004803181847831121,0.0002379362453508803,-4803.163214352963,0,9
0.004821755059682673,0.00024209010291749628,-4834.26304255749,0,10
0.004841395497815764,0.0002571946227447112,-4867.860759897976,0,9
0.004859884537775703,0.0002568177317101191,-4897.522494149782,0,8
0.004877342379309957,0.00024705014816813533,-4924.153867433587,0,11
0.004898149120580401,0.00022513086036518606,-4949.073637996196,0,10
0.004917874757482985,0.00021962441086226375,-4972.300118535288,0,10
0.00493752761715853,0.0002220535471832427,-4998.354555884705,0,9
0.00495601642264566,0.0002185400202611386,-5022.4006551179755,0,7
0.00497236956720973,0.00021292188487651955,-5040.233285549929,0,8
0.004989815068219921,0.00019815473720245265,-5059.709893604164,0,7
0.005006156607308165,0.00017737660222092973,-5076.415568850443,0,8
0.005023601278864979,0.00017319493625718988,-5088.983945820312,0,6
0.0050387655141073025,0.00016970514318774484,-5098.271303697453,0,2
0.005049489370973477,0.00017007304312657615,-5101.629076488808,0,2
0.00506017716060813,0.00017005425024576773,-5104.862749460597,0,1
0.005069748788063417,0.0001735852621544162,-5106.632151429822,0,1
0.0050793082540438565,0.00018200419133536285,-5108.372299053558,0,0
0.005087751650758947,0.00019297524259930074,-5108.659719194066,0,1
0.0050972990486972125,0.00020599957319041929,-5111.156367435002,0,1
0.005106858572593306,0.0002189184218147898,-5114.231062416344,0,3
0.005118650236769118,0.0002311228827787531,-5123.067296457704,0,7
0.0051349305619299524,0.00023379300897100066,-5140.9394040062725,0,8
0.005152375025985122,0.00023318543717759242,-5170.408891066953,0,10
0.005172063369740747,0.00023494870837847154,-5206.179819916153,0,11
0.0051928547071396405,0.0002516617747048898,-5244.225790873318,0,9
0.005211354432575302,0.00025646679470703765,-5274.077873141362,0,10
0.005231043044824715,0.000251465475542992,-5307.243140662153,0,9
0.005249640014175588,0.00023844661349500462,-5337.072173006533,0,9
0.005268224257176277,0.00023396826087214854,-5357.365641923223,0,9
0.005286771683226086,0.00024015605935593864,-5377.885482282263,0,9
0.005305283604372304,0.0002346791788114292,-5400.756747037814,0,9
0.005323843796820365,0.00022630865447296455,-5423.536145418941,0,7
0.005340196067021162,0.00021811755226034248,-5440.9593309440625,0,9
0.005358756729563841,0.00019782716551591494,-5462.5780192459015,0,9
0.00537734076126295,0.00018731725883728992,-5483.432991805685,0,6
0.005392576603640571,0.0001832400213276741,-5492.728915656648,0,5
0.005406660527915668,0.0001740674014476719,-5500.131394514704,0,2
0.005417384276851118,0.00017055154862726115,-5503.286930405164,0,1
0.005426955800942753,0.0001715340973509928,-5504.973445994745,0,1
0.005436515168989964,0.00017681099715742018,-5506.635599550705,0,0
0.005444958549755427,0.00018579328242155485,-5506.921303199271,0,0
0.005453389875247785,0.00019746328797223185,-5507.182711844753,0,0
0.005461821191825889,0.0002113819019462438,-5507.4441242974635,0,1
0.005471368483601331,0.0002254664199024264,-5509.98229032854,0,3
0.005483159836368179,0.0002357531369428483,-5517.751684241261,0,4
0.0054960913584458084,0.00024135397690650516,-5527.362687038891,0,7
0.005512383106342229,0.00023512250959038,-5551.271551507815,0,9
0.005530943003570035,0.0002187961915884652,-5581.848363273384,0,8
0.005548410460417211,0.00021143758596364325,-5609.100837249569,0,8
0.0055658531798733375,0.00021744645797637996,-5635.800794566642,0,10
0.005585490988442445,0.00023312917782487838,-5668.385090601439,0,9
0.0056040133805745065,0.00024046341895444422,-5697.494828455344,0,10
0.005623664250925924,0.00023611818247397723,-5719.4130900757245,0,8
0.005641143122156333,0.0002385391344142719,-5737.258325313943,0,9
0.0056597015146662025,0.000244146655253238,-5758.375824806826,0,9
0.005678272390634886,0.00024197642816974673,-5779.914775801892,0,9
0.0056968552957517805,0.00023749262554957528,-5801.097936790264,0,9
0.005715438453789334,0.00022717655299238194,-5822.275140491081,0,8
0.00573290545498397,0.00021999627722265873,-5840.7478460239845,0,6
0.005748128324461683,0.00021988367222661886,-5849.877297202696,0,5
0.005762211343348776,0.000218796475142332,-5857.326389168966,0,2
0.005772934795373401,0.00021906300846619045,-5860.544336253686,0,1
0.00578250617748668,0.00022241946416820695,-5862.253116458541,0,0
0.005790949545863056,0.00023009210200566126,-5862.539165425564,0,0
0.005799380854439836,0.00024007524120535503,-5862.800573586652,0,0
0.0058078121541045215,0.0002520869238978659,-5863.061971104397,0,0
0.005816243449987115,0.0002658523277456211,-5863.32338275676,0,2
0.005826906532589498,0.0002768132310892509,-5867.885295884062,0,5
0.005840941352057909,0.00028150259092726165,-5879.041282512927,0,8
0.0058583601936371636,0.0002729981700819998,-5897.077507538403,0,9
0.005876931070783624,0.00025663981122501123,-5926.928501015782,0,9
0.005895514064126314,0.00023620316216526607,-5956.822873993567,0,8
0.005912980680017923,0.000223264616777122,-5982.845412865206,0,8
0.005930434242823733,0.00022948948069321186,-6008.477129084309,0,7
0.0059467114520883445,0.00024183952671383318,-6030.569844528798,0,8
0.005964068323728001,0.0002530564991993879,-6055.508347034857,0,8
0.005981462205515724,0.00025023521104812604,-6072.304428452548,0,8
0.005998904702520941,0.00023772563895816973,-6089.410436357116,0,7
0.006015243246756726,0.00022605107841412375,-6105.138921357862,0,8
0.006032685017327271,0.00022158003777638275,-6123.254468670659,0,8
0.00605012643985995,0.00022463807737597456,-6140.973050424539,0,8
0.006067579921269321,0.00022855396086116756,-6158.563692768561,0,5
0.006081686268082749,0.0002324283588604938,-6169.57251211531,0,6
0.006096872437300993,0.00023120148930757446,-6178.196505096901,0,3
0.006108723274708448,0.0002342266587726996,-6182.665406766608,0,1
0.0061183065157119024,0.00023959391795391044,-6184.341883778501,0,1
0.006127865585765744,0.0002473945771655612,-6185.962720938796,0,0
0.006136308923899259,0.0002576299916798641,-6186.2475192228185,0,0
0.006144740211502439,0.0002697358407259537,-6186.508924911694,0,0
0.006153171490203483,0.00028347764460464784,-6186.770320504568,0,1
0.00616271853535213,0.00029659183812513876,-6189.041747907619,0,2
0.006173393393204226,0.00030789844801497497,-6193.370490043104,0,6
0.0061885432086951795,0.0003125744147300004,-6205.872517912813,0,8
0.0062059725642419575,0.0003113890102397394,-6222.651946986389,0,8
0.006223426297986216,0.00030305715358932997,-6247.975685004085,0,9
0.00624199575559512,0.0002914395972544366,-6276.35563631361,0,9
0.006260577220032581,0.000278777213787241,-6304.755569991178,0,9
0.006279158399603977,0.00026890513530722517,-6333.144091895415,0,9
0.006297737928569152,0.00028390107110286104,-6361.5238488929335,0,10
0.006317324909586284,0.00029505826884439684,-6392.451653484723,0,10
0.00633694911926296,0.00028956856676554967,-6413.216851166407,0,8
0.006354402794488078,0.0002746355069459844,-6430.182940575841,0,8
0.00637185650409525,0.00025512678843193546,-6447.575832298109,0,7
0.006388194039613286,0.00024212051834703578,-6462.899572239921,0,8
0.006405610223900415,0.0002427392636803891,-6480.076859377024,0,8
0.006422978339618397,0.0002413852672987272,-6497.066416909577,0,6
0.006438139372735553,0.00024029539628614365,-6509.829473285007,0,6
0.0064533244777866565,0.0002407722485578745,-6518.340098214452,0,4
0.006466290525030123,0.00024148417509301917,-6524.125365664802,0,2
0.006477001274924682,0.000244065039633717,-6527.141950812763,0,1
0.0064865722988835615,0.00024916578185005326,-6528.7738684497635,0,0
0.006495015626475373,0.0002574504107514323,-6529.058518651874,0,0
0.006503446899874826,0.00026776166656482193,-6529.319923789577,0,0
0.006511878164376086,0.0002798746933970954,-6529.581319063075,0,0
0.006520309425096718,0.000293566542119854,-6529.84272845382,0,2
0.0065309720427439814,0.00030367396868239945,-6534.233260638258,0,6
0.006546121420028834,0.000303248372421038,-6547.088365012982,0,9
0.006564665948647733,0.00029020395237475485,-6566.46799386623,0,7
0.0065810151327698714,0.0002777249685314356,-6589.226683781403,0,8
0.0065984552863214314,0.0002718541822333621,-6614.984721282328,0,10
0.006618125987671546,0.0002750059007639404,-6646.685673844663,0,9
0.006636692017636829,0.00029516085285898904,-6675.234190256662,0,7
0.006652955285775764,0.000308930052426579,-6697.230651065408,0,9
0.006671450062930549,0.00031414449232680853,-6725.375748854241,0,9
0.006690005769810384,0.0003083784533649564,-6744.402503420861,0,9
0.006708585910632952,0.0002948149181185078,-6763.651421433769,0,9
0.006727166039593283,0.00027824940715633734,-6783.589015490344,0,9
0.006745745780011411,0.0002648763774846067,-6804.084663557989,0,8
0.006763184887724121,0.0002668797681104297,-6821.885670925959,0,8
0.006780551648050605,0.0002707687703299859,-6839.273416034728,0,8
0.006797930934716637,0.0002672461157692165,-6856.312709205071,0,6
0.00681313957800452,0.0002631522800137591,-6864.9441418988035,0,4
0.006826105254206388,0.00025973721406863853,-6870.742539602103,0,2
0.006836815852430915,0.0002585208197765176,-6873.76364678758,0,0
0.006845271221959785,0.00026278286728852944,-6874.071939166743,0,0
0.006853702489444424,0.00026926443250756076,-6874.333354144663,0,0
0.006862133742919707,0.0002777944782703322,-6874.594748965459,0,0
0.006870564992614943,0.0002881911589966399,-6874.856143894102,0,1
0.006880111843957043,0.00029712832560362725,-6877.162342976844,0,2
0.006890786267355706,0.00030427694860488504,-6881.585359252143,0,6
0.006905935139726881,0.0002975266038907914,-6895.037399205382,0,9
0.006924478025932124,0.0002877782333405654,-6914.822360155546,0,9
0.006943020859476618,0.0002767155276223989,-6943.880177578415,0,8
0.0069604483163530195,0.0002636175049854773,-6969.70090806524,0,7
0.006976783648375545,0.00026246396421523885,-6992.158890218,0,8
0.0069941972248328465,0.0002779808249918224,-7017.430580922905,0,8
0.007011550893804442,0.00028890218283539885,-7042.436916258669,0,8
0.007028941408696585,0.0002891088595790427,-7067.652888745029,0,10
0.007048575889023722,0.00026916373644145615,-7088.719715758104,0,10
0.00706828217500995,0.0002507589917452046,-7110.141274793357,0,7
0.007084641236058135,0.0002506140175519265,-7125.858961365624,0,6
0.007099800238662051,0.00025805914923737706,-7139.267863470598,0,8
0.007117153802285574,0.000265514859074723,-7156.853555267915,0,9
0.0071356711466732305,0.0002691187403376238,-7176.575062397725,0,8
0.00715309750191766,0.00026798645205690385,-7193.8886691067755,0,7
0.007169420962262141,0.0002600183942633373,-7203.963385428085,0,5
0.007183513631530362,0.00025295169255325645,-7211.124978474994,0,2
0.007194236014572959,0.00024984148822470973,-7214.180508716177,0,0
0.007202691370202963,0.0002526261586623223,-7214.488750081042,0,0
0.007211122623133165,0.0002577731229327435,-7214.750164692832,0,0
0.007219553862064604,0.00026512624292031496,-7215.011559225028,0,0
0.007227985097216605,0.0002745082823029942,-7215.272953747625,0,0
0.007236416328589079,0.0002857194399623038,-7215.534362542607,0,1
0.007245962963634816,0.0002961730688472059,-7217.941222770887,0,6
0.007261098831429482,0.0002925334905778491,-7231.779155813398,0,8
0.00727852538635321,0.00028322748253862987,-7249.771821365454,0,9
0.007297078850767894,0.000275297246743845,-7279.333472783386,0,8
0.007314517153531497,0.0002652786587907398,-7305.627027091461,0,9
0.0073330828334466,0.0002527242744156481,-7334.798080270869,0,10
0.00735277398611821,0.0002687015929256903,-7366.859264325882,0,9
0.0073712539055526185,0.00027976359250511576,-7395.2404667148785,0,8
0.007388655763823142,0.0002745242789595974,-7420.551768160263,0,10
0.00740832472367802,0.0002581407979033967,-7441.834016220852,0,9
0.007426914250486,0.00024286484349042047,-7461.354163162386,0,9
0.007445478751652723,0.00024218508220180476,-7482.082736322731,0,8
0.007462867540443383,0.00024632875675909623,-7500.506384807703,0,7
0.00747912927789849,0.0002474864112400136,-7516.114542525407,0,8
0.007496530455311699,0.00024598017697331054,-7533.908154363882,0,7
0.007512841017459587,0.0002355138175084329,-7549.037386730892,0,8
0.007530279331950477,0.00021221189408419393,-7560.462929382915,0,6
0.007545498147027096,0.00020640128207124664,-7569.002594172235,0,2
0.007556232052668654,0.00020475368079125677,-7572.087493671632,0,1
0.007565802531416353,0.00020693400262426377,-7573.735035364381,0,1
0.007575360956909625,0.00021137832235317122,-7575.355991331468,0,1
0.007584919372459428,0.00021797994955775055,-7576.977458889858,0,0
0.007593362634939583,0.00022693023133156572,-7577.2624711005365,0,1
0.007602909007386346,0.000237433457788063,-7579.578840100554,0,1
0.007612467436008653,0.00024862098893165284,-7582.0322899994435,0,3
0.007624256456080972,0.0002544134767577224,-7589.046563459027,0,7
0.007640530142484979,0.00025631673106535526,-7604.501197610984,0,8
0.007657967076880267,0.0002547299067066402,-7630.396117138898,0,10
0.007677646647972423,0.0002456149605733675,-7662.6369739200445,0,11
0.007698464049052182,0.0002569170830230884,-7697.882188410384,0,9
0.007716978885359826,0.00026926000009421956,-7726.399413567185,0,11
0.007737688766158209,0.0002666202915579752,-7760.924004133548,0,10
0.007757380334330858,0.0002532851730820436,-7792.721359922145,0,9
0.007775968887002657,0.0002348565661372296,-7812.017332385848,0,9
0.0077945447079794585,0.0002256949620328955,-7831.39355388185,0,9
0.007813071565052097,0.00022993228226122,-7851.891120908855,0,9
0.007831562542220593,0.0002301754425343507,-7872.275363518538,0,7
0.00784785983091292,0.00022389051925215017,-7888.237782090315,0,8
0.007865284627392622,0.0002089067956834059,-7906.192447662428,0,8
0.00788273354731126,0.0001895583013495129,-7923.875880343072,0,6
0.007897951504458808,0.00018581730476832325,-7932.641072354437,0,5
0.007912018376456217,0.00018190773987310487,-7939.815042350406,0,2
0.007922739879457378,0.00018391225318692124,-7942.884269454338,0,1
0.00793231022333378,0.00018887325880275656,-7944.529780052929,0,1
0.007941868512107366,0.000196253290333553,-7946.146996989522,0,0
0.007950311755409738,0.00020642988607991568,-7946.431871757556,0,0
0.007958742960573138,0.0002189180253942496,-7946.693275511613,0,0
0.007967174156865315,0.00023335557001522516,-7946.9546834014345,0,1
0.007976720388108387,0.0002482139290929961,-7949.388887538388,0,3
0.007988508905932725,0.00025827376911201924,-7956.751381623759,0,4
0.008001436566623282,0.0002650519569024279,-7965.77648584053,0,7
0.008017721506633893,0.0002635431928625905,-7988.468374516759,0,8
0.00803515772091472,0.0002536281890764261,-8014.4679079689495,0,8
0.008052606072727746,0.00023952564246249825,-8040.26026832956,0,8
0.00807005302475018,0.00024734702075065464,-8065.844181702952,0,10
0.008089645551755753,0.0002581658705607718,-8097.1373344598605,0,9
0.008108135653048614,0.00026017143562394275,-8125.300130360975,0,10
0.008127813430104304,0.00025391786910479284,-8146.414339003966,0,9
0.008146400066481443,0.00024870364034724487,-8165.632901174187,0,9
0.008164950016008792,0.0002513642323686525,-8185.292759037729,0,9
0.008183451977340297,0.0002510604771680894,-8204.768238557666,0,9
0.008202014350825886,0.0002473678159862028,-8224.423801244757,0,9
0.008220588832157996,0.00024040404004369104,-8243.85350568754,0,8
0.008238048702704535,0.00022625205024478042,-8261.017591814127,0,6
0.008253266442946881,0.0002125481944443004,-8269.655368612513,0,4
0.008266229640737345,0.00020949158537080932,-8275.400801260595,0,2
0.008276939033063346,0.00020663792916048184,-8278.486022483934,0,1
0.008286509326753832,0.00020741799032647815,-8280.147807074805,0,0
0.00829495256372904,0.0002126885364408511,-8280.433026894003,0,0
0.008303383757887094,0.00022061571179946945,-8280.694430385729,0,0
0.008311814943175429,0.00023092008973638032,-8280.955823631417,0,0
0.008320246124686438,0.00024329981119155684,-8281.217230714286,0,2
0.008330907144656296,0.00025500895308131383,-8285.59353910133,0,5
0.008344937007897627,0.0002627658044912027,-8296.366704892002,0,8
0.008362347911134538,0.0002615114914339881,-8314.046736069831,0,9
0.008380910287076668,0.00024766434846384034,-8343.815291075689,0,10
0.008400599722652552,0.00022551255893512708,-8376.842700978992,0,9
0.008419185814569357,0.00020867913741976242,-8406.479973372441,0,8
0.008436643523611835,0.0002209627773203669,-8432.210622369319,0,7
0.008452902010530124,0.00023611680201474373,-8454.2805792681,0,7
0.008469136513416601,0.00024924310648873413,-8476.125657188682,0,8
0.008486510686191185,0.000249511645254606,-8492.884587675308,0,8
0.00850393338141485,0.00024108128413147478,-8509.90016325187,0,7
0.00852026518290593,0.00023277724326815194,-8525.519905815036,0,9
0.008538814110463859,0.0002318079743967982,-8545.21930087253,0,8
0.008556224016021068,0.000232577128421901,-8562.473165281805,0,8
0.008573658394603221,0.00022617941276259382,-8579.689071720608,0,5
0.008587760046074045,0.00022434829590356313,-8590.564482401496,0,5
0.008601825654672695,0.00022212785569999683,-8597.750666119355,0,3
0.008613661474392974,0.00022375335621032595,-8602.150847306659,0,1
0.008623243631966619,0.0002279388743098749,-8603.833668107596,0,1
0.008632801719049753,0.0002338198085127201,-8605.461928730254,0,0
0.00864124492568387,0.00024320197440865632,-8605.746893158068,0,0
0.008649676097273377,0.000254640912632375,-8606.008295630432,0,0
0.008658107259999914,0.0002678706723262987,-8606.269687989992,0,1
0.008667653346884997,0.00027957852807453717,-8608.56526778634,0,2
0.00867832612538918,0.00029219121084210676,-8612.932445943161,0,6
0.008693470370426159,0.0002960901787659616,-8625.535379253506,0,8
0.00871089239999599,0.0002916275778340629,-8642.530869977989,0,8
0.008728338610680736,0.00028131961506814424,-8668.04252131384,0,9
0.008746899587343189,0.0002685523672488949,-8696.672576793682,0,8
0.008764357752654248,0.000255595886818836,-8722.219512580974,0,9
0.008782918545742034,0.00024235643400273603,-8750.722514607889,0,9
0.008801489857576337,0.00025363344567040863,-8779.210525514254,0,10
0.00882106776829838,0.00026246172694575887,-8810.241175542465,0,10
0.00884067027108797,0.00026178659956471224,-8831.061974257178,0,9
0.008859230847337638,0.0002509633834532991,-8850.191333166575,0,8
0.008876689127201428,0.000230073153071076,-8868.15563518118,0,7
0.008893020040392946,0.00021560269932929997,-8884.087466874913,0,8
0.008910428625324643,0.00021693633951398784,-8902.017096074815,0,8
0.008927789029826182,0.00021958226078213155,-8919.481889425922,0,6
0.008942932318597902,0.00021895678743233943,-8932.484717121604,0,6
0.008958099596061336,0.00022037423056275347,-8941.175426086098,0,4
0.008971049802676585,0.00021896797708862066,-8947.000244930938,0,2
0.008981758542095333,0.00022062263887072142,-8950.042114092732,0,1
0.00899132849614534,0.00022542703321594564,-8951.684015095234,0,0
0.008999771690180904,0.00023368376454409157,-8951.968884907099,0,0
0.009008202846806068,0.0002441657808029395,-8952.23028678556,0,0
0.00901663399457501,0.00025660019362103403,-8952.491678708971,0,0
0.009025065138568199,0.00027071810690313644,-8952.753084915144,0,3
0.009036840507557497,0.0002793048094266102,-8959.378878831698,0,7
0.009053110862573554,0.0002775242189433291,-8975.475961445401,0,9
0.009071658509909738,0.00026932345272279363,-8996.24236385523,0,7
0.009088000886563924,0.00026027313682803804,-9020.120568658112,0,8
0.0091054336786432,0.0002522381361270088,-9046.951982126795,0,9
0.009123992545748201,0.0002532699534899711,-9076.735296382889,0,9
0.009142526213143935,0.0002716595660003642,-9106.082751975815,0,8
0.009159885622308388,0.00028303366501729576,-9131.761623183897,0,10
0.009179486969583395,0.0002819843558572882,-9163.71967505081,0,9
0.009198046455517316,0.00027069042991125636,-9183.376905707275,0,9
0.009216618121191743,0.00025313692496990866,-9203.446590292262,0,9
0.009235189639558005,0.0002346474887828005,-9225.336607981082,0,9
0.009253760473850577,0.00022648293919091194,-9248.063128608628,0,8
0.009271156187641018,0.00022524108097290703,-9266.996268614199,0,8
0.009288551881108479,0.00022536881240074334,-9285.561856653425,0,8
0.009305996197173882,0.00021679756491090705,-9303.623648119528,0,6
0.009321211103664979,0.00021183725566110322,-9312.614847104478,0,4
0.009334172900851484,0.0002074757254127599,-9318.541422389893,0,2
0.00934488136933425,0.00020765443440442784,-9321.654029129604,0,0
0.009353336585311121,0.00021303897054981947,-9321.963780270255,0,0
0.009361767734609817,0.00022106626675598716,-9322.225193209399,0,0
0.009370198869982256,0.0002314581748596778,-9322.486585466737,0,0
0.009378630001579577,0.00024391264709019744,-9322.747977794083,0,1
0.00938817574665867,0.00025570081448429195,-9325.092200226121,0,2
0.009398848160575086,0.00026511804944754833,-9329.705995766075,0,6
0.009413991080594198,0.00026317233068870916,-9343.938939133352,0,9
0.009432525231710913,0.00025879609224274853,-9364.342835730493,0,9
0.009451083312045215,0.0002545061760584379,-9394.730492683731,0,8
0.00946853909310471,0.0002468393776253297,-9422.359087829345,0,8
0.009485981696782131,0.0002565664689286392,-9449.431608790985,0,8
0.00950335192605002,0.00026983190877439243,-9475.354587443562,0,8
0.009520710296747555,0.0002803164018453192,-9501.122363373299,0,8
0.009538105901882478,0.0002733216680895153,-9526.866247635684,0,10
0.009557778809077164,0.0002572232238690625,-9548.532775411322,0,10
0.009577475370381677,0.0002442522997340478,-9570.472132521318,0,7
0.00959381539831061,0.00025062790920680794,-9587.60870412658,0,6
0.009608944928642657,0.00025626629213336546,-9603.220602106932,0,8
0.009626303226203678,0.0002625087877543702,-9622.58788234145,0,8
0.009643698114466536,0.0002609849325144514,-9641.473054166048,0,8
0.00966114120312471,0.000256397965766959,-9659.454103217895,0,7
0.009677470174107018,0.00024582107977619034,-9669.975314172902,0,5
0.009691558176589031,0.00023513469593580916,-9677.370615304579,0,2
0.009702278554806657,0.00022993900498989383,-9680.54247417972,0,0
0.009710733761327753,0.00023144473979836138,-9680.852970917424,0,0
0.009719164898148008,0.00023556460417057035,-9681.114384126115,0,0
0.009727596021047153,0.00024214169453210156,-9681.37577633869,0,0
0.009736027140171707,0.00025098289803981267,-9681.637168607473,0,0
0.009744458255521582,0.0002618589806271652,-9681.898575417788,0,1
0.009754003945451525,0.0002705909056817409,-9684.62002308133,0,6
0.00976913423548079,0.00026446150125938124,-9701.2236849975,0,8
0.009786553088954266,0.0002556399852430245,-9720.639988067549,0,8
0.009803996062705085,0.00024180272983470564,-9747.43301996881,0,9
0.009822553430366367,0.0002252252118802575,-9776.84302632419,0,8
0.00984000816228128,0.0002123329709838311,-9802.866533999359,0,10
0.009859678126462535,0.00022682547470377718,-9835.028221443126,0,8
0.009877047274646108,0.00024141892785050598,-9860.398072238067,0,8
0.009894417195641216,0.00024236311785048398,-9885.67960416396,0,11
0.009915154792130449,0.00022827759743124568,-9908.993001142697,0,10
0.009934861607098437,0.00022296192608738864,-9930.650541933936,0,10
0.00995451969398737,0.0002288837737109022,-9953.384110010515,0,8
0.009971949254857842,0.00023477803689699514,-9971.970256077075,0,7
0.009988264741798038,0.00023612754104091718,-9987.907086869085,0,8
0.010005694546040661,0.00023562888272151835,-10005.7954478377,0,7
0.010022022613505654,0.00022483805653104755,-10021.271839150484,0,8
0.010039453030994294,0.00020715713362700773,-10032.989558813282,0,6
0.010054665962335682,0.0002050085219894302,-10041.712368925982,0,2
0.01006539774197552,0.00020665565799527625,-10044.864722256621,0,1
0.010074967266814146,0.00020889396235831007,-10046.539510096249,0,1
0.010084524648026016,0.0002150586919567168,-10048.189275465576,0,1
0.010094082018077022,0.00022327912208581777,-10049.840072542553,0,0
0.010102525143732983,0.0002337681696179324,-10050.125721884007,0,1
0.010112070513997078,0.00024509268353139314,-10052.462923947915,0,1
0.0101216279785261,0.00025602181699640965,-10055.108466569793,0,4
0.01013452826661035,0.00026327035754177474,-10065.243922968548,0,7
0.010150807425708487,0.0002648077736517456,-10080.887036004853,0,8
0.010168236950723879,0.00026057636363431975,-10106.881683132562,0,10
0.010187907240901744,0.00024914005434839765,-10139.304236497628,0,11
0.010208714090137955,0.0002628036676772135,-10174.622999924532,0,10
0.01022831085790168,0.0002715320618749323,-10206.077764715168,0,11
0.010249035235064891,0.00025832173497266747,-10240.559874594304,0,10
0.010268741651543076,0.0002384389525821656,-10272.325664889238,0,10
0.010288436043569113,0.00021413043537430362,-10293.565942375908,0,9
0.01030701459935801,0.0002184917527793167,-10312.813908551372,0,9
0.010325509189959853,0.0002209553695638858,-10332.10044403142,0,9
0.010344015823162472,0.00022149158370414596,-10351.725251948996,0,7
0.010360318824262589,0.00020997569509455193,-10367.06801700937,0,9
0.010378862304509816,0.00019160717358561688,-10386.439916086882,0,9
0.010397429342049293,0.00018053076703098293,-10405.706691886935,0,7
0.010413755728370428,0.00017760330604129447,-10415.757893302763,0,5
0.010427841651166201,0.00018006650302522298,-10422.907928693381,0,3
0.010439675355770988,0.0001823224299999775,-10427.263374065185,0,1
0.010449256714880683,0.00018814961174798162,-10428.921171564127,0,1
0.010458813949153245,0.0001975151092138088,-10430.526612300742,0,0
0.010467257055216122,0.00020941095250042325,-10430.811391971194,0,0
0.010475688139933043,0.00022339912487827557,-10431.072791880248,0,0
0.010484119215820868,0.0002391218768009969,-10431.334195721764,0,0
0.01049255028793595,0.0002562601351931103,-10431.595600351813,0,3
0.01050432371446896,0.00027087460552711017,-10438.43967286933,0,4
0.01051724752742595,0.00027957773856698235,-10447.499563121475,0,7
0.010533525684963461,0.00028213863818726044,-10470.373331160972,0,9
0.01055206850950363,0.0002722856164511508,-10500.235111158468,0,8
0.010569520186411017,0.00027634388617817394,-10526.704914809332,0,7
0.010585797302677053,0.0002868046208853962,-10549.304866565562,0,8
0.010603164471165476,0.00029678973774395094,-10574.870972775441,0,9
0.010621694297211721,0.00029988082836735424,-10603.688708403683,0,10
0.01064136304253545,0.0002888964887357585,-10625.25539572484,0,9
0.010659940813365878,0.00028785675649228577,-10644.896765647489,0,9
0.010678446466152357,0.00028681743876269916,-10665.982925594366,0,8
0.010695838172425398,0.00028390714617451294,-10686.13382578455,0,9
0.010714392192564997,0.00027803431028803515,-10708.108635474742,0,8
0.01073184453291175,0.0002653279325083118,-10727.041270603155,0,8
0.010749285161817829,0.00024427192443224024,-10745.097728592224,0,6
0.01076449690391339,0.00023290358986937653,-10754.202334878777,0,4
0.01077744436357212,0.00022559301439407174,-10760.086921445198,0,2
0.010788151656535712,0.00022141175846226218,-10763.310023162838,0,1
0.010797720797430495,0.00022127196061519382,-10765.046223259507,0,0
0.010806163900582784,0.00022419129550910085,-10765.332428886019,0,0
0.01081459497918284,0.00022973275759779474,-10765.59383009261,0,0
0.010823026048958241,0.00023771921309687557,-10765.855220827492,0,0
0.010831457114961156,0.0002479144820519072,-10766.116625796545,0,2
0.010842116200084254,0.00025752657115835206,-10770.697791995039,0,7
0.010858369481166839,0.0002595455206838984,-10786.644861650127,0,8
0.01087579710286135,0.0002527599169308848,-10805.116207386378,0,9
0.01089435084716686,0.00023920803385365163,-10835.168259498396,0,10
0.010914030949557752,0.0002148194192703856,-10868.13035052017,0,8
0.010931494734382066,0.00019267636333526942,-10894.426265859503,0,8
0.010948933475231641,0.00019085304527730244,-10920.21072639169,0,7
0.010965233309239375,0.00020970520465058876,-10942.577593234553,0,8
0.01098257498767759,0.0002273149438132726,-10967.546732484152,0,8
0.010999952969949595,0.0002398004799177118,-10984.386026226372,0,7
0.011016217990195374,0.00023480694998194437,-10999.196621802028,0,8
0.011033644482426799,0.00023639230481804362,-11016.91041637498,0,9
0.011052172840807895,0.00023851007705891726,-11036.742348467827,0,8
0.01106962333716152,0.00024059444696634198,-11054.430160126714,0,8
0.011087061671596487,0.00024420005833451905,-11072.01736277901,0,6
0.01110227244909198,0.00024427875545953115,-11085.261380616648,0,6
0.01111745921547733,0.00024258751351582196,-11094.106572156388,0,3
0.01112930411174884,0.000245087218798469,-11098.62889994371,0,1
0.01113888510921426,0.0002510355481528653,-11100.371376967898,0,1
0.011148442122658137,0.00025763757610070123,-11102.05192947863,0,0
0.011156885192533338,0.0002671725328914306,-11102.337710163578,0,0
0.011165316244377756,0.00027857365432146626,-11102.599110207302,0,0
0.011173747287401734,0.00029162179753579944,-11102.860499919221,0,1
0.011183292317095073,0.00030348168250100035,-11105.202873423068,0,2
0.011193963341289945,0.0003129675627075982,-11109.687504757034,0,6
0.011209101858902665,0.000317079106196586,-11122.683367368072,0,8
0.01122651662989921,0.00030844907401793775,-11140.175003070306,0,8
0.011243955196586384,0.0002982507539867999,-11166.119367962745,0,9
0.011262507794357167,0.00028446581548026824,-11195.19494180658,0,8
0.011279958376222128,0.0002713432111729172,-11220.995526362292,0,9
0.011298510152607286,0.00026664975307029795,-11249.786682306287,0,9
0.011317025137033304,0.0002730889862669514,-11278.347092738915,0,10
0.011336594220701497,0.000273856594614512,-11309.615959950837,0,10
0.011356260088055247,0.00026452064492514586,-11330.782220867397,0,9
0.011374836256415676,0.0002503890326221964,-11350.223993425883,0,8
0.011392286929862851,0.00022790585056486012,-11368.093525836637,0,7
0.011408611459048241,0.0002064885630083873,-11383.68717407413,0,8
0.011426036305483589,0.00021267780421398513,-11401.264432926659,0,8
0.011443389289285502,0.0002152173225179918,-11418.470406085242,0,6
0.01145853848969971,0.00022316439694048513,-11431.418261772604,0,7
0.011474777874097666,0.0002238527936422137,-11441.456932116642,0,4
0.01148774812081705,0.0002249780820564383,-11447.314265857784,0,2
0.011498454866534778,0.000227102181216415,-11450.313011758944,0,1
0.011508023763455602,0.00023194517508194629,-11451.932517255324,0,0
0.01151646682224437,0.00024030947998578036,-11452.21691345914,0,0
0.011524897860113388,0.0002508338508271712,-11452.47831099078,0,0
0.011533328889167421,0.00026325741284080037,-11452.739698745596,0,0
0.011541759914450675,0.000277325042024581,-11453.001100724316,0,2
0.011552418489541506,0.0002897254425679751,-11457.480594595576,0,6
0.01156755616331089,0.00029553186148605266,-11471.218721185847,0,9
0.011586083380630713,0.00028954952254964613,-11491.860323011606,0,7
0.011602418895727124,0.0002840936581346993,-11515.639427930648,0,8
0.011619843951986312,0.00027998962456476917,-11542.581642344523,0,9
0.011638394239451932,0.00028250380741202437,-11572.89183670889,0,9
0.011656931285397182,0.0003020586351828329,-11602.757533968948,0,7
0.011673181411890854,0.000315781781319113,-11625.578049568623,0,9
0.011691659697654478,0.0003169832970301584,-11654.605709339012,0,8
0.01170909707087573,0.00030731204199306713,-11672.379783648794,0,9
0.011727648131108189,0.00029275766261037384,-11693.776326211368,0,9
0.011746211333544292,0.0002741967571853424,-11716.62377461779,0,9
0.011764773644985776,0.00026683083592961,-11743.23975312412,0,8
0.011782186054503705,0.0002637485934417397,-11765.709086261686,0,8
0.011799598889240752,0.0002540774492356082,-11787.119087409317,0,7
0.011815921686325883,0.00024929478466310234,-11804.203838749738,0,6
0.011831119081585151,0.00024166844145323904,-11814.00765334992,0,3
0.011842963244141297,0.00023940318570577043,-11818.717922577902,0,2
0.0118536577736412,0.00023808295071889378,-11821.81027690983,0,0
0.011862112835338843,0.00024228083728175154,-11822.120173684523,0,0
0.011870543867354892,0.0002488794087803447,-11822.381582862514,0,0
0.011878974885519698,0.00025768155845713655,-11822.642971582252,0,0
0.011887405899914305,0.00026847062700264456,-11822.90436036178,0,1
0.011896950621946078,0.0002785262465346698,-11825.29503762479,0,2
0.011907621054618749,0.00028675709651726836,-11830.39844295767,0,6
0.011922758497084358,0.0002818756306225626,-11847.10984803981,0,9
0.011941285068867886,0.0002634544972151333,-11868.94207078691,0,9
0.011959822608096311,0.00025590215429574303,-11898.828202882185,0,8
0.011977210397014066,0.00025133761040129176,-11925.385858531845,0,8
0.011994586419389578,0.00024181118476989703,-11951.613271289894,0,8
0.012011985187666649,0.00025300240840893726,-11977.813122300287,0,9
0.012030437126051492,0.00026962440571883173,-12007.209466888316,0,8
0.012047788197512024,0.000275851645715629,-12032.788943720645,0,10
0.012067403336541278,0.0002667789991744774,-12054.328850438536,0,10
0.012087090578839667,0.00025379832542160157,-12075.974467426742,0,7
0.012103436432560868,0.000252387925471854,-12091.969014281296,0,6
0.012118596133110551,0.00026104394171931324,-12106.105329659154,0,8
0.01213593479984584,0.0002700145692902486,-12124.45539954038,0,8
0.012153321777599615,0.0002749739602348805,-12142.69363845346,0,8
0.01217074500304484,0.0002760876434797154,-12160.177383861346,0,7
0.01218706720471509,0.0002694405300353305,-12170.429773357766,0,5
0.01220115040747833,0.00026077238408040045,-12177.601665870698,0,2
0.01221186875299392,0.00025704844365533215,-12180.660617803556,0,0
0.01222032380681448,0.0002594032758539966,-12180.969042628907,0,0
0.012228754824206345,0.00026407542728450916,-12181.230449759723,0,0
0.012237185827755126,0.0002709233670634391,-12181.491836955323,0,0
0.012245616827534325,0.0002797873710877826,-12181.753224214166,0,0
0.012254047823543852,0.00029048293626247987,-12182.014625775832,0,1
0.012263592427753663,0.000299836583127342,-12184.402972577167,0,6
0.0122787170679942,0.00029460359285436114,-12197.809538170979,0,8
0.012296128830518536,0.00028032532640878157,-12215.533787958178,0,8
0.012313564443564967,0.00026275957308740945,-12241.715976580825,0,9
0.012332113365479633,0.000246066350185277,-12270.993847436222,0,8
0.01234956054928466,0.00023317518688745212,-12296.839415992052,0,10
0.012369208905813651,0.0002489750926845047,-12328.674120584796,0,8
0.012386570644150052,0.00026124601050950947,-12353.915794727074,0,8
0.012403957386120712,0.00025761403060045,-12379.132293484594,0,11
0.012424696802521291,0.00024252832314913586,-12402.177947334449,0,9
0.012443281130366074,0.00023055324244530552,-12421.467016814813,0,10
0.012462954348815003,0.00022626936937908607,-12443.182915295989,0,8
0.012480388198886536,0.00023250531493056048,-12461.140065640793,0,7
0.012496672598249403,0.00024045523956656522,-12476.6907072195,0,8
0.012514082906278153,0.00023896577672832955,-12494.129089083071,0,7
0.012530391994420973,0.00023223922736372498,-12509.29716815183,0,7
0.01254670120789273,0.00022192149527543718,-12519.262184331252,0,6
0.012561896768914916,0.00021545826607302185,-12527.70348076704,0,2
0.012572626611215562,0.00021561376839903217,-12530.793614699489,0,1
0.012582195059419042,0.0002180148289892976,-12532.438669384774,0,1
0.012591751396519295,0.00022396541020247454,-12534.059582219048,0,1
0.01260130772102187,0.00023195645842458398,-12535.686226905938,0,0
0.012609750712165819,0.0002421936676148572,-12535.971473081307,0,1
0.012619295030149573,0.00025371421718880035,-12538.299497321043,0,1
0.012628851341846416,0.00026634242630746885,-12540.750553402288,0,4
0.012641747769213497,0.00027536675407766,-12550.01884278019,0,7
0.012658020238800699,0.00027940163968511714,-12566.208813733225,0,8
0.012675442109405965,0.0002780933297685873,-12593.634158436798,0,10
0.012695102672621375,0.00027294111463385966,-12627.72964058257,0,11
0.012715899047511558,0.00028858835679201227,-12665.276846769866,0,10
0.012735510463400388,0.00029824965620750164,-12698.836116104618,0,11
0.012756260573012332,0.00028807104564925487,-12735.41830570322,0,10
0.01277595770000029,0.0002681677219604992,-12768.687277929654,0,10
0.012795642758187039,0.00024442973457536034,-12791.236016145298,0,9
0.012814213089985628,0.00024293270495668185,-12811.841367060224,0,9
0.012832687234244224,0.0002442781606697836,-12833.351028246005,0,9
0.012851161573881865,0.00024181642896320513,-12856.975267978461,0,8
0.012868559166214039,0.00023087513124299516,-12877.768375579826,0,9
0.012887094347204957,0.00021085427011091515,-12901.275870821151,0,9
0.01290565329671413,0.00019155460841014814,-12922.62464036345,0,7
0.012921985110589307,0.00018484917005501166,-12933.729194039057,0,5
0.012936066239121951,0.00018572898049493258,-12941.266976217892,0,2
0.012946783631904548,0.00019071364877607368,-12944.47464982474,0,1
0.012956351815727936,0.00019807037565460053,-12946.185074474914,0,1
0.012965908076442266,0.00020571707941250628,-12947.866885062844,0,0
0.012974351049692572,0.0002170838430409667,-12948.152879168512,0,0
0.012982782016725947,0.00023054312084536441,-12948.41427709287,0,0
0.012991212974968384,0.00024574929406244987,-12948.675679324238,0,0
0.012999643929443028,0.00026239883475662553,-12948.937090065323,0,3
0.01301141460994675,0.000274950838494114,-12957.211091205541,0,4
0.013024334323152198,0.0002869541335734076,-12966.604301156562,0,7
0.01304060592148285,0.00028946513456198735,-12989.433913441808,0,9
0.013059140321051942,0.00027975612306182276,-13018.754619954605,0,8
0.013076584496803758,0.0002822705042735201,-13044.843990274072,0,7
0.013092855012972367,0.00029238543489361476,-13067.37443658169,0,8
0.013110190659875474,0.0003023653865281942,-13092.738150082188,0,9
0.013128675891247324,0.00030656019900743823,-13121.208844159666,0,10
0.013148322941296524,0.00030039010301208973,-13142.525683554206,0,9
0.013166892022082074,0.00030288405445809424,-13161.989924573487,0,9
0.01318538923262396,0.0003026374298732043,-13181.407834286269,0,9
0.013203910676388464,0.00029858200334911686,-13201.096853719724,0,9
0.013222467815993264,0.0002981773893878264,-13220.798349178029,0,8
0.0132399125925004,0.00028765188667674227,-13238.311184923028,0,8
0.013257345744693061,0.00026714025462360916,-13255.6937208692,0,6
0.013272551855998129,0.0002545610223787768,-13264.484323384931,0,3
0.013284394299257228,0.0002479468880094487,-13268.933254897916,0,1
0.013293974395388566,0.00024531743729753406,-13270.620889914673,0,1
0.013303530478576703,0.0002446962856750057,-13272.243393405977,0,0
0.013311973443073217,0.0002469302813410476,-13272.528286305436,0,0
0.0133204044045323,0.0002515715619337141,-13272.789682229413,0,0
0.013328835357207653,0.0002584952332447787,-13273.051068020546,0,0
0.013337266306115439,0.00026752414560848333,-13273.312468090428,0,1
0.013346810455015987,0.0002755466075404547,-13275.662236431015,0,5
0.013360819015323882,0.00027884652718675906,-13286.37277840568,0,8
0.013378215042960072,0.00027373846427143503,-13303.655114785233,0,9
0.013396760336826876,0.0002608972034822889,-13332.459692467923,0,10
0.013416431113237155,0.00023744481430922352,-13364.280742143857,0,9
0.013435000741723862,0.00020986668652618837,-13392.772524005502,0,8
0.013452444797126026,0.0001882283566298885,-13417.922334940602,0,8
0.013469863005235965,0.00020560288535323762,-13442.896075558237,0,8
0.013487209061426522,0.00022508419667927813,-13467.49841092093,0,9
0.013505656570509016,0.00023491889584099714,-13485.829301336424,0,7
0.013521914831638084,0.00023129343656022255,-13500.26868972592,0,7
0.013538220920496674,0.00023076870112501626,-13515.02176594166,0,9
0.013556752638170416,0.0002367024094472062,-13534.2815851552,0,8
0.01357419549823422,0.0002407629598589241,-13551.41695777716,0,8
0.013591626444820896,0.00024187340845784644,-13568.362680112736,0,6
0.013606831448840657,0.00024211357551148782,-13581.082688298004,0,6
0.013622012421222476,0.00024195719872934944,-13589.418304104289,0,3
0.013633854353847277,0.0002448181383715053,-13593.736159745653,0,1
0.013643434253059823,0.0002514368681287784,-13595.346749073295,0,1
0.013652990214876353,0.0002586335396477128,-13596.899726173562,0,0
0.013661433149702052,0.0002686765548332407,-13597.183312244917,0,0
0.013669864083133088,0.0002805364653207612,-13597.444704939508,0,0
0.013678295007785161,0.0002939934771233564,-13597.70608817244,0,1
0.013687838856574324,0.00030825607683333816,-13599.916005370946,0,2
0.013698507608285086,0.0003226244234493654,-13604.134026005395,0,7
0.013714753603150292,0.0003256233918223854,-13618.23562419372,0,8
0.013732172779586726,0.000318724179631284,-13634.699312456509,0,8
0.013749603912053812,0.0003073712678332431,-13659.628005756174,0,9
0.013768147782438941,0.00029713352779676933,-13687.573505142502,0,8
0.013785590643432903,0.00028764176248419237,-13712.457716762616,0,9
0.01380413371217036,0.00028719133283304125,-13740.28471692305,0,10
0.013823753098452227,0.000294701470898206,-13771.000605327095,0,10
0.013843348974507149,0.0002957699384866051,-13801.503698699613,0,10
0.013863005670976106,0.00028393105027028155,-13821.846987183353,0,9
0.013881573623795307,0.00026560492655973856,-13840.379157187665,0,8
0.013899016797972102,0.00024180068451272433,-13857.126858451387,0,7
0.013915334839875932,0.00021812233795261485,-13871.908557538622,0,8
0.013932752156520224,0.00022252976664698587,-13888.630276301104,0,8
0.013950097405851078,0.0002287665293947753,-13905.080921663763,0,7
0.013966330040814124,0.0002309022689797167,-13919.440491265597,0,7
0.013982587231779304,0.00022378427876237986,-13928.934059650546,0,4
0.013995541764200467,0.00021844544132690487,-13934.445414202752,0,2
0.014006246485693248,0.0002176465426504756,-13937.294444487727,0,1
0.014015814327588819,0.00021990417402747547,-13938.82788654529,0,0
0.014024257255437553,0.00022608550631509906,-13939.111128816878,0,0
0.0140326881788682,0.00023471430131331652,-13939.372520942856,0,0
0.014041119093524772,0.0002455296074801941,-13939.63390399024,0,0
0.014049550004415386,0.000258256867032094,-13939.895301640998,0,2
0.014060206684360976,0.0002688295254408666,-13944.25342075476,0,7
0.01407645178310422,0.000268957237320724,-13959.064081242734,0,9
0.014094982132610612,0.00026708097173261543,-13978.302203231657,0,7
0.014111310821332459,0.0002649776339618004,-14000.894301796654,0,8
0.01412872827163863,0.00026247391092723316,-14026.539320274856,0,9
0.014147269459566167,0.00027535894279500473,-14055.315640450024,0,9
0.014165750105880733,0.00029598955866800094,-14084.008550721994,0,8
0.014183094486812563,0.00030933272794050247,-14109.451621255697,0,10
0.01420268967047942,0.0003037287217245108,-14141.177842505478,0,9
0.01422125643823103,0.0002887088383413756,-14160.471690134164,0,9
0.014239810908893556,0.00027376375362331203,-14179.734880155116,0,9
0.014258364940212232,0.0002648079738182975,-14199.20283593907,0,9
0.014276882728065779,0.00025885215246936706,-14219.46579585691,0,8
0.014294299749957828,0.00025377999356966517,-14237.54884414576,0,8
0.014311728692258996,0.00024971014067419,-14255.142809282142,0,7
0.014328044907350535,0.00024540510126102975,-14270.401449471205,0,6
0.014343236675827466,0.00023593126021936154,-14279.016158199034,0,4
0.01435619092336309,0.00022695825610836697,-14284.775289136183,0,2
0.01436689552950806,0.0002223177955323699,-14287.835731950203,0,0
0.014375350448977696,0.0002246468927312479,-14288.144418018706,0,0
0.01438378136566473,0.00022964469430111314,-14288.405822413684,0,0
0.014392212268575339,0.00023711807925210716,-14288.667206827307,0,0
0.014400643167720608,0.0002468422878603734,-14288.928591304304,0,1
0.014410186918363639,0.0002549232763335571,-14291.258840989161,0,1
0.014419742632673265,0.00026394940476086385,-14293.747455287323,0,6
0.014434862624833834,0.0002545438766206812,-14307.795416505922,0,9
0.014453380008453118,0.0002454925862100625,-14328.693335634074,0,9
0.014471872985436616,0.00024025383601357936,-14358.866439757428,0,8
0.01448925348202604,0.00023202856914603006,-14385.630448345804,0,8
0.014506657732655024,0.0002271568198902863,-14412.000163899522,0,8
0.014524049074223637,0.00023789307695319719,-14437.919982031874,0,9
0.014542493326571254,0.0002446859398443205,-14466.634713896872,0,8
0.014559849384148605,0.00024324950763387622,-14492.176837559547,0,10
0.014579479069796453,0.0002339816081977122,-14513.738328360016,0,10
0.014599156131524986,0.00023310388926730294,-14535.524712209351,0,7
0.014615446876255489,0.00024140438754400914,-14551.57655362542,0,7
0.014631677642547075,0.00025018349398888177,-14568.717264573499,0,8
0.014649056943613483,0.00025944180599594117,-14587.289367932692,0,8
0.01466647256446503,0.00026329506921736007,-14605.952981802471,0,8
0.01468390052883774,0.00025983433581919403,-14623.696298818642,0,7
0.014700216450051295,0.000245646008434385,-14634.002931690913,0,5
0.014714294901120004,0.00023241460683271777,-14641.283804347057,0,2
0.014725011186579748,0.00022582772593094213,-14644.416782448541,0,0
0.014733466092027095,0.00022562066470567293,-14644.726354415609,0,0
0.014741896995053743,0.00022811920377345817,-14644.987759736021,0,0
0.014750327884316366,0.00023321640640006165,-14645.249144410434,0,0
0.01475875876981422,0.00024074726071886477,-14645.510529355515,0,0
0.014767189651547224,0.000250492362133548,-14645.771928395832,0,1
0.014776733214127211,0.00025897825994314615,-14648.335779288218,0,6
0.014791851913556763,0.0002569582926851415,-14663.47002498395,0,8
0.014809256017674511,0.000243664250678838,-14682.360317734878,0,8
0.014826683923242667,0.0002270141784406167,-14709.79741997954,0,9
0.014845224145437848,0.0002124629138443209,-14739.816729735621,0,9
0.014863776171262506,0.00020077260042526655,-14769.34510189649,0,9
0.01488231478119864,0.00021625964093655524,-14798.545783635569,0,8
0.014899669200106144,0.00022744062910310157,-14824.167923893843,0,8
0.014917048244960849,0.00022693196928943104,-14849.814380918762,0,11
0.014937813276694724,0.00021379880985582464,-14873.587083705217,0,9
0.014956389146005711,0.00019918330974215886,-14893.335992037248,0,10
0.01497605270973771,0.00019875672659734711,-14915.413521431232,0,8
0.01499347919155233,0.00020277773690024925,-14933.65647190256,0,7
0.01500979346937696,0.00020140825370860548,-14949.565224399663,0,8
0.01502719641259977,0.00019341339572359826,-14967.403430677641,0,8
0.015044623489487145,0.00018038164120806174,-14985.016324881793,0,7
0.015060937646332293,0.0001755216281619371,-14995.33026645124,0,6
0.015076127099158565,0.00017798944610559217,-15004.035579035513,0,2
0.01508685473565738,0.00018453908924580216,-15007.276245324689,0,1
0.015096422009622593,0.00019338234503293847,-15008.9961896875,0,1
0.015105977358266586,0.0002026173333289586,-15010.68473166756,0,1
0.01511553270086352,0.00021325783531952919,-15012.369958527695,0,0
0.015123975555324973,0.0002270461878449981,-15012.656216434845,0,1
0.015133518906474958,0.00024040992181786157,-15015.037916325646,0,1
0.015143074238631607,0.0002542182484004106,-15017.56043473473,0,4
0.01515596684826953,0.0002645797220050296,-15026.836952794334,0,6
0.015171120344138938,0.0002691711723099532,-15040.970379412682,0,8
0.015188522507781767,0.0002699668255873413,-15068.617663520768,0,9
0.015207061247900182,0.0002659872700796682,-15099.370867514886,0,11
0.015227835853444902,0.00027356824831698315,-15136.604314804403,0,9
0.015246361653783007,0.00028221678689890493,-15166.771148163329,0,10
0.015266000408912121,0.00028235173153045895,-15199.880774637413,0,10
0.015285676074998372,0.0002652490787108278,-15233.031937985334,0,10
0.015305351555639477,0.0002440356943974458,-15255.598063035884,0,10
0.015325026053309815,0.000237765819163967,-15278.241432323697,0,9
0.015343527839967256,0.00023846798993264055,-15298.605777351204,0,9
0.01536200595268522,0.00023400046501194686,-15321.735914615329,0,8
0.01537941983054493,0.0002264428725297368,-15342.864736706686,0,9
0.01539795819679492,0.00021425888443489267,-15366.226398349376,0,9
0.01541650855745387,0.00019931097514943417,-15388.19652320196,0,7
0.015432833874780805,0.00019062500719242213,-15399.270440366696,0,5
0.015446910322261082,0.00018891845942265438,-15407.053758257327,0,2
0.015457625756572401,0.00019196369550764076,-15410.316152026486,0,1
0.015467192906913061,0.00019818297815062723,-15412.058321126638,0,1
0.015476748058953119,0.00020654051650593225,-15413.775274697125,0,0
0.015485190896930554,0.00021770607500411765,-15414.061804863535,0,0
0.015493621746372387,0.0002309712896848203,-15414.323200202927,0,0
0.015502052587066883,0.00024600274785747137,-15414.584600284681,0,0
0.015510483423998547,0.00026249720248618287,-15414.84600625407,0,3
0.015522251183223687,0.00027599208716963335,-15423.916997187915,0,4
0.015535167276510848,0.00028547955437268767,-15434.84202653302,0,7
0.015551432664986296,0.0002824034452782161,-15460.028052966798,0,10
0.015571070998711715,0.0002681774963934322,-15495.12782538545,0,9
0.015589631780708667,0.0002706652167097894,-15526.207768321592,0,7
0.015605907460313097,0.00028408386657379435,-15549.763868783624,0,8
0.015623235363989473,0.00029819749453132116,-15575.862530567329,0,9
0.015641688376620968,0.00029956522224586186,-15605.0444705641,0,11
0.015662450088790497,0.00029487337423343793,-15629.482366645196,0,9
0.01568102285694656,0.00029477990248147546,-15649.773543879908,0,9
0.01569953594011922,0.0002903234099452882,-15670.503180599595,0,9
0.01571807276237823,0.0002881208316471246,-15693.93172126243,0,9
0.015736621563007182,0.00028610673053145136,-15715.44582710357,0,8
0.015754058349697165,0.0002806515220170992,-15734.204504357403,0,8
0.01577148397352662,0.0002604784735771129,-15752.2738865389,0,6
0.01578668420673408,0.0002507879127981766,-15761.55502561033,0,3
0.015798523587883438,0.0002471386297719398,-15766.326975827109,0,2
0.01580921497860626,0.00024238036856420858,-15769.461768470062,0,1
0.01581878197004648,0.00024288989658635267,-15771.171339476634,0,1
0.015828336971439438,0.0002455344704037019,-15772.84326574,0,0
0.01583677979638583,0.0002507472523544223,-15773.12898067427,0,0
0.015845210635292487,0.00025821580689624975,-15773.390374013923,0,0
0.015853641465457688,0.0002677581608150507,-15773.65177090541,0,1
0.01586318448224562,0.000277804470778779,-15776.018595205085,0,7
0.015879413012526003,0.0002748394071150889,-15791.309489583264,0,8
0.01589682562441465,0.00026567939070991776,-15809.230700891327,0,9
0.015915362638249192,0.00024720347708204735,-15838.692430320281,0,10
0.015935023670896876,0.00022679755318464863,-15871.23244441886,0,9
0.01595358444849704,0.0002055688292784464,-15900.358359708722,0,8
0.01597101939049547,0.00021664363078402582,-15926.210554681229,0,8
0.015988370017969288,0.00023578046502271797,-15951.529338962873,0,7
0.016004596826584606,0.00024989734534839925,-15973.614699243868,0,8
0.016021936889584885,0.00024370761989670332,-15990.588207002624,0,7
0.0160382368879218,0.00023335757755053998,-16005.730415302985,0,7
0.01605453594657215,0.00023790782474529925,-16021.250996196673,0,9
0.016073011065025712,0.0002453107356814003,-16042.145385053343,0,8
0.016090398302454883,0.0002489634557788962,-16060.380492536417,0,8
0.016107809790269875,0.00024729282306025025,-16078.291094243308,0,7
0.01612410924958789,0.0002434788733860166,-16093.900870517393,0,6
0.01613929661391894,0.00023986525183177716,-16103.03076837584,0,3
0.016151135614554522,0.0002405639995125122,-16107.678743135248,0,1
0.016160714412350938,0.0002459630667791022,-16109.3963560678,0,1
0.01617026928375162,0.00025253320726372315,-16111.072243026663,0,0
0.016178712084952192,0.0002615866397465656,-16111.35820605341,0,0
0.01618714290211324,0.0002725752486065116,-16111.619598789099,0,0
0.016195573710538105,0.0002852801549128686,-16111.88098147881,0,1
0.016205116662137874,0.0002970612872261169,-16114.258029189506,0,2
0.01621578361954852,0.00030834009002223624,-16118.928368271092,0,8
0.016233135387954085,0.0003047768992593035,-16137.136077890964,0,8
0.016250559036077073,0.0002937338884865648,-16156.000931388355,0,8
0.01626798238996917,0.0002836612574421764,-16183.447227436234,0,8
0.016285405666790372,0.00027455160323890197,-16211.132816161995,0,7
0.016301716804882592,0.00026668594685429794,-16235.142172717935,0,9
0.01632023944289313,0.0002663872812932598,-16265.854495337131,0,10
0.01633984942618034,0.00027616733464296147,-16299.44870418597,0,8
0.01635724786060219,0.0002806903909456948,-16325.992149132708,0,10
0.016376895181253084,0.00026877528175079686,-16348.885440903892,0,9
0.01639545471154425,0.00024762675488305643,-16369.593366640405,0,8
0.01641289010221895,0.0002246623539126013,-16389.1861058684,0,7
0.016429200606330456,0.00021706640116117448,-16408.448519555714,0,9
0.016447674578207578,0.0002191315058424624,-16433.291406420474,0,8
0.0164650243752981,0.0002256038139805652,-16454.768949655925,0,7
0.01648125074617307,0.0002236240956045507,-16471.85525281999,0,7
0.016497513400876577,0.00021517598516209086,-16484.08505894348,0,5
0.016511587995521698,0.00020996869353619296,-16492.135051134628,0,2
0.01652230254074142,0.00021304054097560855,-16495.63001769108,0,1
0.01653186923243424,0.0002186368164342806,-16497.479695806334,0,0
0.016540312021633287,0.00022688492938227782,-16497.76834716558,0,0
0.0165487428245605,0.00023741385999126723,-16498.029743710755,0,0
0.01655717361875821,0.0002499434156420186,-16498.291129437912,0,0
0.016565604409195054,0.00026418910317845066,-16498.55252984414,0,2
0.016576259059960904,0.00027712577119342376,-16503.860208370057,0,7
0.01659249733213787,0.00028241545581481704,-16525.126147659637,0,9
0.01661101932947523,0.00028032485760785586,-16551.69296964956,0,7
0.016627341286113567,0.000278970902525779,-16578.172993638203,0,8
0.016644751500940216,0.0002717672879147585,-16609.08320021417,0,10
0.016664396293754453,0.0002792641476006999,-16646.656443857504,0,10
0.01668399239875664,0.000297207264981249,-16681.974250929157,0,8
0.016701341686576724,0.0003037424896946117,-16709.832867262685,0,10
0.01672092803234443,0.00028868768717040455,-16743.927512549708,0,8
0.016738374137763554,0.00027482802288682884,-16762.98323979385,0,9
0.016756908161135235,0.000259075127591309,-16784.020214688513,0,9
0.01677545369560945,0.00024917699082197334,-16807.171547482627,0,9
0.01679397488636944,0.00024544516481684887,-16834.375178497543,0,8
0.016811372266505486,0.00024238204825430926,-16858.29926465533,0,7
0.016827681587123583,0.0002432884160391407,-16877.20845235273,0,7
0.016843979122455065,0.00024120952714080127,-16895.09865680263,0,6
0.016859165204350518,0.00023183765324135227,-16906.012772406422,0,3
0.01687100372548549,0.00022519733658385552,-16911.02681193049,0,2
0.016881694364451007,0.00022102413857084127,-16914.282962052464,0,0
0.016890149127158683,0.0002242220931510302,-16914.594592160887,0,0
0.016898579924844326,0.000230066482643176,-16914.855996610273,0,0
0.01690701070882978,0.00023833470305734432,-16915.117379768213,0,0
0.016915441489054925,0.0002487851966699824,-16915.37876357006,0,1
0.01692498421427734,0.0002572446651243569,-16917.900911376728,0,2
0.01693565082289046,0.00026262281134699177,-16923.118311664206,0,6
0.01695077665642021,0.0002596427406158677,-16939.32935369015,0,9
0.016969285284404913,0.0002564467263234808,-16963.979872118416,0,8
0.016986693935765133,0.00025547086726999767,-16994.08861811095,0,7
0.017002991349424977,0.00024601584784534003,-17020.479215923828,0,8
0.017020400445563404,0.00023450929430779042,-17049.12911712798,0,9
0.017038919764499016,0.00024784234323482334,-17081.14756052031,0,9
0.017057355153363016,0.00026252776691227726,-17111.386955015587,0,8
0.01707469171857981,0.00026257237918839014,-17138.033610595136,0,10
0.017094311899559223,0.0002561976377380394,-17160.925731899246,0,10
0.01711398000303632,0.00024800267974349444,-17184.193587517213,0,7
0.017130312127975965,0.000253539057145242,-17201.321432259916,0,7
0.017146596114119138,0.0002645915120690507,-17221.071857560702,0,7
0.01716286849648707,0.0002693545411745941,-17240.482184133587,0,8
0.017180276596672567,0.0002711908581842719,-17260.756544209715,0,8
0.017197697355288005,0.00026129558317689847,-17280.247201764,0,7
0.017214006507194787,0.0002465075080484527,-17291.552612178577,0,5
0.017228080149803586,0.00023213171128611115,-17299.177076053,0,2
0.017238794430416406,0.0002242117130854364,-17302.639350573165,0,0
0.017247249186379522,0.00022301639383881644,-17302.95318498589,0,0
0.01725567997274723,0.0002245674844207668,-17303.21459036756,0,0
0.017264110745427094,0.00022878505130208103,-17303.47597465685,0,0
0.017272541514347123,0.00023552588202403721,-17303.737359362087,0,0
0.017280972279507246,0.00024458143355849814,-17303.998760677066,0,1
0.017290514726452023,0.00025393376523660495,-17307.0113563454,0,6
0.017305628067749698,0.00024785636712670536,-17324.327081556647,0,9
0.017324136264663028,0.00023250478230604554,-17350.298587778914,0,8
0.017341556664817973,0.0002130947736708372,-17380.851970181124,0,9
0.01736008829276085,0.00019933722655752112,-17414.740603297014,0,9
0.017378631568815358,0.00019287427289242288,-17447.611866187606,0,9
0.01739716139496125,0.00021595069985152023,-17479.269068923262,0,9
0.01741559620195275,0.00022369239060459337,-17510.1274656126,0,9
0.01743411535670077,0.00022147705910215577,-17541.00862692991,0,11
0.01745488165398775,0.00021510160985322016,-17567.38434926836,0,9
0.01747344890985091,0.00020390141262774072,-17589.580738712877,0,10
0.017493102999972622,0.00020545172986485608,-17615.610848534736,0,8
0.01751050967307955,0.00021449536647048833,-17645.654960433407,0,7
0.017526805270731464,0.00021472644606187357,-17671.197199274273,0,8
0.017544212652854746,0.00020735100519676702,-17698.036132857014,0,8
0.01756162013382574,0.00019527939004412991,-17719.8470159099,0,7
0.017577927830738704,0.0001863828154993604,-17733.65871707562,0,6
0.01759311185885366,0.00018130406672088272,-17744.95212426057,0,2
0.017603837463734392,0.00018562146451423731,-17749.079281728227,0,1
0.017613403675664763,0.00019245738888884706,-17751.216236707998,0,1
0.017622957900985666,0.00020162833321375292,-17753.34172776155,0,1
0.017632512119111578,0.0002126989191549078,-17755.477295466157,0,0
0.017640954838505883,0.00022588654785781425,-17755.7722346831,0,1
0.017650497080928973,0.0002401057643911835,-17759.75591208572,0,1
0.017660051272838085,0.0002553714172645581,-17764.350259527662,0,4
0.017672940069462156,0.00026677505123314063,-17787.268003898844,0,7
0.01768919931434488,0.0002725049697121475,-17824.35723552151,0,8
0.017706606033635438,0.0002718236085661634,-17872.441833412624,0,9
0.01772513650446938,0.0002636319491586557,-17932.51670626113,0,11
0.01774590062638067,0.0002722842186406828,-18002.584293692566,0,10
0.017765481795867896,0.0002762818947583627,-18055.28378895505,0,10
0.017785147807103475,0.00026457523373007747,-18106.439394719357,0,10
0.01780481405013736,0.00024223343940209355,-18155.14629117476,0,11
0.01782559127406188,0.00022349854297492347,-18197.812282499686,0,10
0.017845255475690155,0.00023294943737013285,-18241.68583760909,0,9
0.017863725381002216,0.00022687040363729888,-18283.373534490365,0,8
0.017881131566395255,0.00022158420242864924,-18344.033783499966,0,8
0.017898549735143786,0.00021638771239845258,-18400.99220893284,0,9
0.017917079551089378,0.00020554195257591664,-18454.639977680963,0,9
0.017935621110970457,0.00019626374456684537,-18497.677814256796,0,7
0.01795193941065914,0.00019671796472943453,-18522.657103616504,0,5
0.017966010947792647,0.0001998809426785462,-18538.13148893658,0,2
0.01797672429073474,0.00020686932752930358,-18542.746495846626,0,1
0.01798629035870184,0.00021583615111550622,-18545.143149443502,0,1
0.01799584452895842,0.0002249033092256313,-18547.466041589807,0,0
0.01800428723068851,0.00023743335284504626,-18547.763479555662,0,0
0.018012717959179747,0.00025176842447168575,-18548.024889458866,0,0
0.018021148678962005,0.0002676151386179799,-18548.286300326738,0,0
0.018029579394986568,0.00028472120388320046,-18548.547749125097,0,3
0.018041344212259617,0.000299756082444943,-18565.63130882875,0,4
0.01805425647908997,0.0003097508494377456,-18585.361610316133,0,7
0.018070515227887645,0.0003080676976021911,-18618.303238474527,0,10
0.01809014430854171,0.0002930269433768392,-18664.02372377637,0,10
0.018109807611522408,0.0002987215281141017,-18708.782419479532,0,7
0.018126064835273535,0.0003090758963392276,-18736.906476445492,0,8
0.018143385344935564,0.0003210923658101555,-18766.49055702937,0,10
0.018162941391692843,0.0003205947421070054,-18801.64885437419,0,11
0.018183704816958156,0.00031491326070621595,-18828.576219068465,0,9
0.01820225710159973,0.00031366733006582835,-18851.29154026577,0,9
0.01822077388402418,0.0003069485494478292,-18874.691642351427,0,9
0.01823931413566119,0.0003046297401945891,-18901.36481905403,0,8
0.018256743418001854,0.00029870014427252784,-18927.066781010577,0,9
0.01827527289814917,0.0002773427070188769,-18951.35008231485,0,8
0.018292702353606784,0.00026060588479309823,-18971.676324448494,0,6
0.01830786056578376,0.0002551711667936795,-18982.421707856403,0,3
0.018319661208249988,0.0002481881142300386,-18987.39565879608,0,2
0.01833035047222138,0.00024377214910375336,-18992.55130846312,0,1
0.01833991649867849,0.000241528287523035,-18994.811795007157,0,1
0.01834947046705018,0.00024256916715436496,-18997.008037616506,0,0
0.018357913159448246,0.00024645539631648443,-18997.301511836922,0,0
0.018366343882144167,0.00025269732561706513,-18997.562914147682,0,0
0.018374774596139037,0.0002611309881012913,-18997.824318777162,0,2
0.018385427885709855,0.0002686145446337168,-19003.524471238517,0,7
0.018401661933213825,0.00026261141195218314,-19023.658814392697,0,8
0.018419067061900815,0.00025055877434598025,-19050.576060336465,0,9
0.0184375952847065,0.00023561508777377122,-19090.181423020982,0,9
0.018456135659882487,0.00021542350189908264,-19127.357155896036,0,9
0.01847467544601923,0.00020299327838942867,-19161.870601953135,0,9
0.018493189334970662,0.00022927034670640312,-19194.808965503973,0,7
0.018509421176537068,0.0002521199893210252,-19219.562737544606,0,7
0.0185256535370506,0.0002651381900920512,-19243.36151122601,0,8
0.01854301025070031,0.0002573527100250866,-19262.1885685412,0,8
0.01856042636012284,0.00025365399369398767,-19281.414936341935,0,8
0.018577829865273465,0.0002592654503778074,-19301.51993037062,0,9
0.018596308703701558,0.0002634327812864467,-19326.37802833092,0,9
0.018614799823288647,0.000261675172378803,-19349.106938006713,0,9
0.018633315052624395,0.0002556474195800213,-19370.852243755984,0,7
0.018649619808952682,0.0002511775325448204,-19387.077739982447,0,5
0.018663690300570347,0.00024750234109923835,-19394.97051310301,0,3
0.018675514484398473,0.0002460379975870425,-19399.5915723639,0,1
0.018685092286985634,0.00024903382259145053,-19401.339129519893,0,1
0.01869464614955803,0.0002538104142985888,-19403.01994723249,0,0
0.018703088818336044,0.0002616450867983397,-19403.30570303756,0,0
0.018711519518964714,0.00027150401037228733,-19403.567091561603,0,0
0.018719950210896633,0.0002831756984442923,-19403.828469955177,0,1
0.018729492132015853,0.0002939474611516903,-19406.15909367997,0,2
0.018740157153198884,0.00030387927874054254,-19410.6146848483,0,8
0.018757501498555037,0.00029806021619466726,-19427.615448605113,0,8
0.018774917386556466,0.00028843554542159366,-19445.164968816258,0,8
0.018792333173942875,0.000278015573733451,-19471.28805612132,0,9
0.018810860143662435,0.00026521948758530646,-19500.534513114595,0,8
0.018828287652554808,0.00025612356446604544,-19526.68966717773,0,9
0.018846813281938636,0.00026280455414368986,-19556.00746111967,0,10
0.018866402216414252,0.0002685485853147765,-19588.10862505066,0,8
0.018883829619410396,0.0002627117068876986,-19614.075322914825,0,10
0.018903467753261006,0.00024248924317819392,-19635.748680052715,0,9
0.01892201859238149,0.00021961609424057328,-19655.557691487178,0,7
0.018938335060594214,0.00019945034049186777,-19671.33176415256,0,7
0.018954626026646545,0.0002104191006464704,-19690.79276100736,0,9
0.018973054963275872,0.00022754047017094605,-19716.820404811388,0,8
0.01899038546641265,0.00023308294387111743,-19736.736132806484,0,7
0.01900664136439923,0.00022935515906883592,-19753.00313551232,0,7
0.01902293312210849,0.00022606906104050075,-19763.86925794243,0,5
0.01903700272167141,0.0002260311737466022,-19771.551209966714,0,2
0.019047715260845196,0.0002302907824093802,-19775.11495901591,0,1
0.01905728089825342,0.0002369678457228241,-19776.939651092445,0,0
0.019065723550588224,0.0002462586636337577,-19777.228323234638,0,0
0.0190741542330062,0.0002575808656765695,-19777.489718610068,0,0
0.01908258490673516,0.0002706847631858252,-19777.75110471226,0,0
0.019091015576708375,0.000285324982478926,-19778.012512388057,0,2
0.019101668211563342,0.0002994559670765898,-19785.201829104546,0,7
0.01911789991810142,0.0003050970219487714,-19814.04029204245,0,9
0.019136413571976315,0.0003011910356634441,-19851.09577830884,0,7
0.01915272909680177,0.0002958229464398058,-19888.35849936964,0,8
0.01917013187442143,0.0002856641162583995,-19936.052676896128,0,10
0.01918976708547884,0.00029408380917676877,-19991.244162762894,0,10
0.019209342012402597,0.0003087389618279196,-20043.991179818415,0,8
0.01922668439162464,0.00030651138812048663,-20084.07588565199,0,9
0.01924517402985421,0.00029540494941307407,-20126.726769099532,0,9
0.019263699595595204,0.00028074461476445986,-20160.587160757073,0,9
0.019282237147550906,0.00026380451174429887,-20194.277856910445,0,9
0.0193007741014191,0.0002543808938994389,-20229.0802662209,0,9
0.019319286861068284,0.00024970653539464467,-20283.492318427667,0,8
0.019336712446461766,0.00024890079464979516,-20330.486648702306,0,7
0.019353015202797558,0.0002477205633308884,-20366.74283505549,0,8
0.019370417665085057,0.00023208705187404436,-20396.683422335933,0,6
0.019385610073229073,0.000216404696221223,-20413.523681980296,0,2
0.01939633462305379,0.00020794554306465806,-20418.88137644012,0,2
0.01940701129049241,0.00020012103116153428,-20422.865221670447,0,0
0.019415465900361074,0.00020021462611907205,-20423.18880765726,0,0
0.019423896583599512,0.00020335671468669055,-20423.45021878952,0,0
0.019432327253214973,0.00020937951787229883,-20423.71160541668,0,0
0.01944075791907498,0.00021804444119552592,-20423.972993886637,0,0
0.019449188581179465,0.00022905182661650124,-20424.234398150766,0,2
0.019459841093305504,0.00023705893091481594,-20430.77525098776,0,7
0.0194760715343105,0.00024410079943370985,-20454.433869605607,0,9
0.019494583264166143,0.0002507455454476519,-20483.841997987416,0,8
0.019512008393733248,0.00025145062848849347,-20517.03404613302,0,7
0.019528311122715653,0.0002439348072274137,-20545.892572856676,0,8
0.019545712412021264,0.00023686220431488056,-20576.995721519033,0,9
0.019564223052100416,0.0002543667650359381,-20609.552598402704,0,9
0.019582649890393954,0.0002725547425590318,-20640.942031899373,0,8
0.019599978879351287,0.00027534310113747713,-20668.05320527069,0,10
0.019619589763305925,0.00026842973404119305,-20691.677507597655,0,10
0.019639248564626385,0.0002576032695438688,-20715.806062112246,0,7
0.019655574025875498,0.00026145704235982386,-20733.177475565673,0,7
0.019671827566276782,0.0002685947701203891,-20752.198760585296,0,7
0.019688081480969136,0.0002697602224142425,-20772.41525961998,0,8
0.01970548228152294,0.00026616662271564714,-20794.30057499201,0,8
0.019722895507454142,0.0002534191924259503,-20814.54193563373,0,7
0.019739198017097594,0.00023660904283702238,-20826.153385317528,0,5
0.019753266800436042,0.00022165837160544925,-20834.135084414276,0,2
0.01976397898139128,0.0002142713032338803,-20837.573648276953,0,0
0.01977243358457907,0.0002130808858192117,-20837.887490840167,0,0
0.01978086425263005,0.0002147546272235535,-20838.14889365707,0,0
0.019789294907072614,0.0002192108610603143,-20838.410273219546,0,0
0.01979772555776038,0.00022628525338193762,-20838.671653260266,0,0
0.019806156204693268,0.00023574221336198202,-20838.933049278185,0,3
0.01981791946894243,0.00023681604974321797,-20846.797807688035,0,6
0.01983305110160533,0.00022747613507953743,-20864.867847337697,0,9
0.019851550873810554,0.00020680770995625344,-20891.57910493605,0,8
0.01986897531927303,0.00019143943536956137,-20923.49976121369,0,10
0.019888609260918375,0.00017457718400079976,-20963.063251827727,0,8
0.019906044967269745,0.00017380212020747966,-20994.521696198688,0,9
0.019924531020342407,0.00018557299473110893,-21028.602675498685,0,9
0.01994301731497839,0.0001931917338163091,-21060.47450904683,0,9
0.01996152763938042,0.00019701657038045654,-21092.103261562086,0,11
0.019982283054305935,0.00020202845403041552,-21119.207926984935,0,9
0.020000841833502914,0.00019060273429196968,-21141.978593549018,0,10
0.020020485922392982,0.0002033284709761014,-21169.56685084046,0,9
0.020038959771300897,0.00021306593180889092,-21199.56635950132,0,7
0.02005523668826627,0.0002137963806494347,-21221.32127800542,0,8
0.020072624358633467,0.00021016190108510602,-21246.246448810518,0,7
0.020088913544196153,0.000202043350721965,-21265.796340768473,0,8
0.02010631309368205,0.00019705644299803792,-21279.196751853193,0,6
0.020121503088498513,0.0001981222181760616,-21288.822920159866,0,2
0.02013222666289425,0.00020340951452873943,-21292.30943054303,0,1
0.020141791826389564,0.00021097209407887465,-21294.124774720713,0,1
0.02015134509779029,0.0002188312897809554,-21295.9057173366,0,1
0.02016089835324917,0.00022813724587033204,-21297.689425724897,0,0
0.020169340938945627,0.0002407472549740922,-21297.977428312635,0,1
0.02017888222428047,0.0002529624671285473,-21300.539994155628,0,1
0.020188435475595165,0.00026540320206315857,-21303.4713128663,0,4
0.020201320408486406,0.0002761440408557184,-21314.84118406756,0,6
0.02021646269039783,0.00027801244405007076,-21332.781926823143,0,8
0.020233850135894852,0.0002720905809205414,-21364.540060084993,0,10
0.020253482577136692,0.00026340180985328726,-21403.891016986556,0,9
0.020272003457496916,0.0002686328751163908,-21438.519065346696,0,9
0.020290464792489468,0.00027138833893454467,-21471.54357279683,0,10
0.020310073779392118,0.000253444667068665,-21507.859866392544,0,10
0.020329730405837968,0.00023123581326404735,-21542.98349448205,0,10
0.02034938648548358,0.00021653384811552142,-21567.359238124507,0,10
0.02036901831021949,0.00020673562576579093,-21593.494392098688,0,9
0.02038751544733833,0.00020127431316231304,-21619.033528323376,0,8
0.020404925944842004,0.0001980804865322813,-21643.924188010023,0,8
0.020422336498224024,0.00019296940743766377,-21671.542546278593,0,9
0.020440857439633864,0.00018859947770220384,-21697.807470639997,0,9
0.020459390111215277,0.00018872545933053736,-21722.771987938824,0,8
0.020476812137394922,0.00019262076606193463,-21739.61262344165,0,5
0.02049089063921146,0.00020131908039308394,-21748.5054508103,0,2
0.020501602032243244,0.0002094404505975568,-21752.019779365957,0,1
0.020511167110668985,0.00021909886175106448,-21753.84621061095,0,1
0.020520720110103263,0.00023199073756172332,-21755.62661695275,0,0
0.020529162671917206,0.000246437283793887,-21755.914539768914,0,0
0.020537593279206325,0.0002624021850830311,-21756.17593163372,0,0
0.02054602387783209,0.00027963587095308675,-21756.437328885386,0,0
0.020554454472705316,0.00029791823893233165,-21756.69874083644,0,4
0.02056732685000675,0.0003130973361976175,-21770.09342412463,0,5
0.020581357731099308,0.00032125452097784624,-21786.853403197325,0,7
0.02059762175757653,0.00031902467775577473,-21815.607522425606,0,10
0.020617241150028214,0.0003080718644005095,-21855.02654707362,0,10
0.02063689494627667,0.0003148618108955337,-21893.382482819907,0,7
0.020653145465517303,0.00032668269510165973,-21920.201202727145,0,8
0.020670458522167878,0.00033865466962355715,-21950.315820190546,0,10
0.02069000547034518,0.00033605075379005485,-21985.345632214856,0,11
0.020710770558740488,0.0003290680580830472,-22012.31055705864,0,9
0.020729314409917876,0.0003260092142310489,-22035.799431932675,0,9
0.020747846468399715,0.00032119084970399494,-22059.455030723115,0,9
0.0207663783936559,0.00031654242736216243,-22088.704263724558,0,8
0.020783800686139626,0.0003014813926068512,-22116.79017552355,0,8
0.02080121098835387,0.00028245167246745663,-22142.175757838027,0,8
0.02081862068668061,0.0002685299089377149,-22165.611831371596,0,7
0.020834896015295357,0.0002557352597323854,-22182.01447037812,0,3
0.02084672973907639,0.00024632095042862503,-22188.488469843338,0,2
0.020857417123051288,0.0002397068119742076,-22193.397879778517,0,1
0.020866982037674578,0.00023767322568000595,-22195.651195092432,0,1
0.020876534970475702,0.00023822525758967464,-22197.644178322334,0,0
0.020884977528711008,0.0002419115035274695,-22197.9355968789,0,0
0.02089340813353625,0.00024800706117819306,-22198.196989835098,0,0
0.02090183872970064,0.00025634268931249153,-22198.458385107166,0,2
0.02091249012922326,0.00026281866569539454,-22203.624199349386,0,7
0.020928717376522372,0.0002605508678818002,-22221.728887203153,0,8
0.02094611480839067,0.00025107876217700235,-22245.795565061348,0,9
0.020964634582844956,0.00023529230834118492,-22282.201798698916,0,11
0.020985386810463694,0.00021857840772814623,-22324.20419481959,0,10
0.021005051004777727,0.00023127304733760152,-22361.313916905492,0,8
0.021022422081575162,0.0002586075076774126,-22389.6349974422,0,8
0.021039734160037862,0.00027233773202206855,-22416.032570422223,0,7
0.021055984125536484,0.000279841881741577,-22438.951394621934,0,9
0.021074455770919084,0.00026901399819260097,-22458.90502006941,0,7
0.021090765346649856,0.0002742519920752909,-22474.897857787586,0,8
0.021108113473836697,0.0002799151155573802,-22493.910554811886,0,9
0.021126571742297807,0.0002859429667095567,-22517.940641104415,0,9
0.02114504262217059,0.0002822991491947121,-22541.784017692305,0,8
0.02116246300633476,0.0002774175279360864,-22561.86632126574,0,7
0.0211787613873888,0.0002694472024696628,-22578.686172171994,0,5
0.02119282709994582,0.00026447718745808014,-22586.88087177428,0,4
0.021205758559593012,0.0002616582026377672,-22593.228766663855,0,2
0.021216457466974026,0.0002624826566698955,-22596.628934779015,0,1
0.021226022217017783,0.0002657311607051597,-22598.386846022295,0,0
0.021234464757528375,0.0002718356680726458,-22598.673418820556,0,0
0.021242895341845237,0.0002799879991430901,-22598.934804951143,0,0
0.021251325917506798,0.0002900166679333758,-22599.196180022696,0,1
0.021260866818534147,0.00029905790293993173,-22601.544657192655,0,2
0.021271529831203645,0.00030809951282210606,-22606.01101984371,0,8
0.021288866545996522,0.0003036641298724971,-22622.971002225673,0,9
0.02130738514349108,0.0002919184281308134,-22642.720949458348,0,8
0.021324805521948362,0.0002774663572290819,-22669.157558732568,0,7
0.021341103918381045,0.00025881420538109007,-22692.1833516216,0,8
0.021358499883227973,0.0002477036209219499,-22718.108816936954,0,9
0.02137698129899689,0.0002493155256058736,-22746.86296644184,0,10
0.021396524974375875,0.00025276137047352886,-22778.280468857287,0,8
0.021413873329536336,0.00023833577036692387,-22803.436568262143,0,10
0.021433502028025683,0.00021384985796581724,-22824.587212469334,0,10
0.021453154127513523,0.00019407025831711403,-22845.973453428724,0,7
0.02146945072734584,0.00019818617596335805,-22861.2481767453,0,7
0.021485675227585523,0.00021155044069683077,-22876.887459372316,0,9
0.021504108120472022,0.00022194444521046207,-22896.664474960013,0,8
0.021521467323541335,0.00022206627978604496,-22913.930663409632,0,7
0.021537752293468812,0.0002220416210133387,-22928.975089050095,0,7
0.021554037133103027,0.0002247531424432454,-22938.868714901895,0,5
0.021568101667987807,0.0002309548187058521,-22945.946604850167,0,2
0.021578812218668652,0.00023694454697001363,-22948.983646072633,0,1
0.021588376772096525,0.0002459711532195941,-22950.610021388962,0,0
0.02159681928595078,0.00025724399166222243,-22950.894410208388,0,0
0.02160524984674566,0.0002702988313245594,-22951.155792847127,0,0
0.02161368039889297,0.00028489677954601664,-22951.417166098043,0,1
0.021623221076950458,0.00029902857353985977,-22953.718806586585,0,2
0.021633883699014346,0.00031328153648765015,-22958.17858064815,0,6
0.021648998715661602,0.0003202804052257438,-22971.603715039273,0,9
0.02166749199438335,0.0003155317281144482,-22991.79795538892,0,7
0.021683800953609497,0.0003081660369611023,-23015.72172626987,0,8
0.02170119601278555,0.00029979219135189007,-23043.828479598,0,9
0.02171971194180679,0.0003058438095385523,-23074.817190938385,0,10
0.021739277738326606,0.0003176283337748501,-23108.36798200591,0,8
0.021756624135914726,0.0003216738508284095,-23134.717721702254,0,9
0.021775117312548716,0.00031234749771091863,-23163.95466153576,0,9
0.021793646468849355,0.00029658586489585945,-23183.84557675987,0,9
0.021812175289319637,0.00028295564884460244,-23203.576562614482,0,9
0.02183070373988126,0.0002742231244307158,-23224.003317068466,0,9
0.021849231729993465,0.00027259392567416824,-23249.139888594924,0,8
0.021866650264941865,0.0002634507198700907,-23271.78283685953,0,7
0.02188294687640572,0.0002516898787348997,-23291.752594892085,0,8
0.02190034185237889,0.00023097531633458788,-23312.03731425438,0,6
0.021915528002961454,0.00022185197533814007,-23321.792700568338,0,2
0.02192622636924491,0.0002174143216486684,-23324.928968428612,0,2
0.02193688885728463,0.00021460100214346672,-23328.11666550994,0,1
0.02194644124397389,0.00021656495497318057,-23329.821028774695,0,0
0.021954883743437303,0.00022061502102672635,-23330.10721971295,0,0
0.021963314298266576,0.00022726989533259986,-23330.368604704185,0,0
0.02197174484445601,0.00023632594273274735,-23330.629979286758,0,0
0.021980175386895152,0.0002475197515608787,-23330.89136892763,0,2
0.02199082587993493,0.00025719661822224267,-23335.97074645375,0,7
0.022007049745546795,0.0002648239818434699,-23353.2565794115,0,10
0.02202666317600672,0.00026622549881572254,-23377.27399693388,0,9
0.022045190987602048,0.00025795093504134476,-23408.32513091829,0,7
0.02206148689548198,0.0002489767765746923,-23432.621624362455,0,8
0.022078880085844476,0.00025084032462927377,-23460.213185783578,0,9
0.022097357991252068,0.0002731320105920359,-23490.67066483635,0,9
0.022115776356593404,0.0002915944035255636,-23520.66865581802,0,8
0.02213309800448014,0.00029209732286066686,-23547.12698314861,0,9
0.022151613801498278,0.00028168171288442927,-23567.860682541956,0,10
0.022171251200724492,0.0002697914986681527,-23591.14556104562,0,7
0.022187546128735986,0.00027086113760060166,-23607.74066318987,0,7
0.022203757477242222,0.0002724918869354175,-23624.391128694282,0,7
0.022220028639588316,0.00027379569436598503,-23641.207727513156,0,8
0.02223742166113707,0.0002734079707422706,-23660.162232716302,0,8
0.022254827153338944,0.0002639358467600339,-23678.93550460459,0,7
0.022271123035381177,0.00024792104217269867,-23690.162326312984,0,4
0.02228407707041535,0.00023576009481960777,-23696.59545183144,0,2
0.02229477534983174,0.00022775935640232265,-23699.636511352022,0,0
0.02230322979784074,0.00022664552593809178,-23699.944499487414,0,1
0.022312770311537035,0.00022470258345814399,-23701.523563444356,0,0
0.02232121279160062,0.00022769174626470362,-23701.807999854016,0,0
0.02232964333043617,0.00023328109532541033,-23702.069381997477,0,0
0.022338073860629238,0.0002412764742286125,-23702.33076875045,0,3
0.02234983419592829,0.00024204060428380497,-23708.939291826126,0,8
0.022367179801063203,0.0002292125931312168,-23726.6850902434,0,11
0.022387914267990715,0.00021214664487203478,-23751.289536178665,0,8
0.02240534317759447,0.00019561814153259922,-23778.24383134866,0,9
0.022423857935254195,0.0001766362161068727,-23808.740297625096,0,8
0.02244126160557679,0.00018611526552279534,-23835.757716694625,0,9
0.02245970332975945,0.0001970136268537987,-23864.964483569984,0,9
0.02247814524500473,0.00020301221460103936,-23893.978610327988,0,9
0.022496634967479622,0.0002085112202167737,-23922.965956643,0,10
0.022516271309411,0.00019191835694589132,-23944.760956561047,0,9
0.02253480896930522,0.00018675595163335497,-23964.701645403275,0,10
0.022554395470593423,0.00020635140422180115,-23987.94361854155,0,9
0.022572825021809354,0.0002148233972168103,-24011.28344810195,0,8
0.022590169296277485,0.00021117682737723951,-24031.852498178345,0,8
0.02260757329417308,0.0002070723764887391,-24051.908765052965,0,8
0.02262497738977752,0.00019983994899390545,-24070.811162895545,0,8
0.022642381265013865,0.0001949477258837334,-24082.80595563694,0,5
0.022656456227116952,0.00018676295872465355,-24090.14857108811,0,2
0.0226671658403986,0.0001892865750120905,-24093.39330552672,0,1
0.022676729942640122,0.00019471611546801666,-24095.104456947036,0,1
0.02268628216829835,0.00020077698670246513,-24096.79118155326,0,1
0.022695834311179906,0.00020993756828777002,-24098.481493771724,0,0
0.022704276762776785,0.00022188817383816413,-24098.768298067153,0,1
0.02271381703734472,0.0002331183417803351,-24101.25264584098,0,1
0.022723369163424274,0.0002463267282060018,-24104.346861144582,0,4
0.022736250513397498,0.0002529299479443195,-24116.563372378234,0,6
0.022751387029917594,0.00025427458518365275,-24136.02187410886,0,8
0.02276876679296593,0.00024883232734328154,-24171.93471796789,0,10
0.022788389235202117,0.000248916391656873,-24220.66341310715,0,11
0.022809109224565693,0.0002509186932535438,-24271.4647877759,0,9
0.02282762219763726,0.0002473988721894269,-24312.124076685875,0,10
0.022847257457996994,0.00022876279093537463,-24356.1007197858,0,10
0.022866904407250317,0.00020787545978711701,-24398.46023641298,0,10
0.022886550605626024,0.00020025052641060647,-24428.322901184478,0,11
0.02290724624177768,0.0002017134504535095,-24461.158450136936,0,10
0.02292684467601385,0.00019451588791741812,-24494.460248624524,0,8
0.02294427152536329,0.0001885599660428169,-24527.351234642585,0,8
0.022961674246047576,0.00018745965445948122,-24562.331944264093,0,9
0.022980186825715555,0.0001799626324302992,-24595.637859593415,0,9
0.022998710598895678,0.00018624291835079117,-24627.479879416325,0,8
0.023016100857307,0.0001953371246169515,-24647.819845056452,0,5
0.02303017475823615,0.00019764926671487077,-24659.538593431567,0,3
0.023041993829015853,0.00019920210404999588,-24666.457793529316,0,1
0.023051569785590226,0.00020512326157825795,-24668.743532364617,0,1
0.02306112185588219,0.00021248404619246615,-24671.00785542229,0,0
0.02306956428999949,0.00022369912231133614,-24671.304756683872,0,0
0.023077994784138477,0.00023696598370133047,-24671.56616112492,0,0
0.023086425269650202,0.0002519566841379543,-24671.82757031188,0,1
0.023095965349551918,0.0002660573193939735,-24676.53563753523,0,4
0.023108846118314257,0.0002740118129446504,-24696.240117030393,0,5
0.02312287231727801,0.0002763424428755605,-24717.50044805911,0,7
0.02313912957827605,0.0002720323104242413,-24750.699138300683,0,10
0.0231587390024285,0.00026721421834896157,-24795.608420088127,0,10
0.023178358856998774,0.00028439724230710687,-24837.85133195341,0,6
0.02319349352659988,0.0002958858779531495,-24861.029297213536,0,7
0.02320973820892152,0.0002990903602740933,-24887.403609328703,0,9
0.023228237817603067,0.0002979823528218081,-24920.60005939808,0,10
0.023247871152065405,0.00028917534698942756,-24946.090412140165,0,9
0.023266406493351058,0.0002845427202301732,-24969.58574841853,0,9
0.023284917888817036,0.000281040035364042,-24994.124835498784,0,9
0.023303441502437697,0.0002727829311445888,-25023.686283470804,0,8
0.023320856153233774,0.0002542992774994097,-25049.542444402905,0,8
0.023338258381419275,0.00023859852522821863,-25073.4586709878,0,8
0.023355636643207122,0.0002230665274527593,-25095.50037695937,0,7
0.023371929021880674,0.00021301336947595888,-25108.789015232356,0,3
0.023383771537278927,0.00020808704381841065,-25114.031402441342,0,1
0.023393347374702514,0.00020719694851458611,-25115.245489736466,0,1
0.023402899246357287,0.00020997111131880456,-25116.4278615302,0,1
0.023412451120207352,0.00021466914173797318,-25117.61022651918,0,0
0.02342089353854672,0.0002227789931878693,-25117.887424554487,0,0
0.023429324019989962,0.00023322741970113202,-25118.148793460783,0,0
0.02343775449281308,0.00024571790270750744,-25118.41016955069,0,2
0.023448403875812086,0.00025626781566780627,-25121.84780555128,0,7
0.02346462458268261,0.000254866386794282,-25133.282137412283,0,9
0.02348312391195376,0.00024266499923974509,-25148.032544514375,0,9
0.02350164689923473,0.00022917939950845023,-25172.222397330595,0,9
0.023520169678084523,0.00021849585139242127,-25196.41197762416,0,10
0.023539801197183352,0.00021911350815292816,-25223.21318850707,0,8
0.023557200739453412,0.0002442954111801542,-25244.741656372178,0,8
0.02357450517422935,0.0002624335630443485,-25265.901539886007,0,7
0.02359076074454224,0.0002680988596415065,-25284.680637731395,0,9
0.02360925925828298,0.00026425241718910485,-25299.43037584183,0,7
0.023625562659236033,0.00026262452919415593,-25311.059739275017,0,8
0.023642927015847942,0.00026969223688445756,-25324.164827355988,0,9
0.0236613651321151,0.00027299047069338593,-25338.77424418868,0,9
0.023679862959265233,0.00027523015452502294,-25353.523436002273,0,8
0.023697275722982702,0.00027145982803476883,-25366.740827323763,0,7
0.023713567186103846,0.00026684718228227306,-25378.34223384531,0,5
0.023727628129776655,0.0002613968409476535,-25383.240110784955,0,3
0.02373944649831682,0.00025755794626080534,-25386.296083710626,0,2
0.02375013153859789,0.00025675155840730867,-25389.371578831215,0,0
0.023758585885417783,0.0002606543700245692,-25389.68060822288,0,0
0.023767016360162367,0.0002667994561873547,-25389.94198327931,0,0
0.023775446821420843,0.00027502891958837303,-25390.203354174613,0,0
0.023783877278932795,0.00028516235563226365,-25390.464724985308,0,1
0.02379341706924314,0.00029525304336093056,-25392.77050535269,0,2
0.02380407818856142,0.00030330224649441085,-25397.18263529895,0,8
0.023821407276452516,0.00029989728856287686,-25414.062079265786,0,9
0.023839917327823944,0.0002885198327442729,-25433.37681426762,0,8
0.023857330184713497,0.00027260992336683047,-25459.145204517434,0,7
0.023873621950308763,0.0002525188177473016,-25481.593489412582,0,8
0.02389101067697045,0.0002344519944302541,-25507.015187514902,0,8
0.02390838604523352,0.0002400305888557556,-25532.305219152575,0,10
0.023927908027054565,0.00024994995459761473,-25563.33530226364,0,10
0.023947431170496726,0.00023968151687356958,-25594.27490563016,0,10
0.02396703840966201,0.00021693383832418014,-25615.133980879826,0,9
0.0239855720182173,0.00019350145429286245,-25634.117657619754,0,8
0.02400298374597877,0.00018351888363289483,-25651.177698900054,0,7
0.024019261368725797,0.00019770027965630246,-25666.381179420026,0,6
0.024034370697702423,0.00020214958414688808,-25680.77909016785,0,7
0.02405061294709207,0.00020792793606477607,-25698.546969922358,0,7
0.02406687902267647,0.00021522708931535675,-25713.979496833384,0,6
0.02408204784972545,0.0002231738420520083,-25722.7625138222,0,6
0.024097205104454015,0.000224414260543576,-25731.399362140422,0,2
0.02410792553067187,0.00022990181990586954,-25734.50118708375,0,1
0.02411748904203626,0.0002379530823249185,-25736.1513276549,0,0
0.024125931422805776,0.0002486665812680643,-25736.4363544216,0,0
0.024134361866754182,0.0002612742220980817,-25736.697734268113,0,0
0.02414279230209477,0.00027551962999044344,-25736.95910459836,0,1
0.02415233188608602,0.0002900940748436903,-25739.28825536306,0,2
0.024162992548233196,0.0003039230516750676,-25744.028552939428,0,7
0.024179211173998915,0.0003075065051705343,-25762.04323053185,0,10
0.024198817045756094,0.00030043471815989687,-25787.08885008578,0,8
0.024216240155317717,0.00029480361960303826,-25816.052367517772,0,7
0.02423253018921393,0.00029040984154444084,-25841.90215048423,0,9
0.024251025750142888,0.0002961812494950763,-25872.647566956548,0,10
0.02427059403273936,0.0003094381306631286,-25905.631096257966,0,9
0.024289018176675805,0.00031274681629134764,-25934.73538722731,0,8
0.02430642944653286,0.00030538344396487924,-25960.90522124601,0,9
0.024324938092490554,0.00029034669154440407,-25980.74758295218,0,10
0.02434456782287432,0.00027086954510664306,-26002.280631746606,0,7
0.024360881194534376,0.00026575002792259255,-26017.656324842825,0,6
0.024376001752829567,0.00026554035945186544,-26030.88889375344,0,7
0.024392243178882153,0.00026803597473712507,-26047.844639688654,0,7
0.02440852105788094,0.0002608568761312942,-26064.6902176385,0,7
0.024424799127212377,0.0002472774495869376,-26080.355071813647,0,6
0.02443996805644864,0.00023251321004142653,-26089.234383374966,0,4
0.024452906793259226,0.0002189231807080441,-26095.128982545786,0,2
0.02446360332279037,0.00021015805665145675,-26098.139891021016,0,1
0.02447316683098572,0.0002051425782485608,-26099.763323176827,0,0
0.024481609209054588,0.0002056889697345048,-26100.047818725416,0,0
0.024490039650119488,0.00020918266123318982,-26100.309197632563,0,0
0.024498470082576298,0.0002154635033265205,-26100.57056711002,0,1
0.024508009668897192,0.00022098752328855272,-26102.85857992384,0,2
0.024518670343945757,0.00022420892032562855,-26107.578915742106,0,7
0.024534887998519515,0.00022273139946302388,-26124.535492321123,0,10
0.024554492116927368,0.00021878406565756207,-26147.3944597886,0,8
0.0245718783811441,0.0002102575522906919,-26173.975901812122,0,7
0.024588155495347697,0.00020355652823032285,-26197.353754640124,0,9
0.024606649951622064,0.00020946891474084506,-26226.80923861946,0,10
0.024626252149081648,0.00023833995273708745,-26259.08933325675,0,9
0.02464467431650743,0.0002573257519077721,-26287.60101986667,0,9
0.02466315726428996,0.0002566318553527416,-26316.19224462614,0,8
0.024680567264333732,0.0002483859175496748,-26333.399506481303,0,9
0.02469907428904989,0.000236542810633803,-26352.762604233572,0,10
0.02471870116860202,0.00024055156532121563,-26374.39498879493,0,8
0.02473606259223406,0.00024369129633693284,-26391.85530009776,0,7
0.02475233924961712,0.00024147616065163616,-26408.270189266357,0,8
0.02476972448208762,0.00024363488461923716,-26426.550123234712,0,8
0.024787122542934453,0.00023084120592636927,-26443.669353154375,0,8
0.024804520633263945,0.00021123599471325772,-26454.94553089986,0,7
0.024820809326060064,0.0001963683652515389,-26464.64165020879,0,2
0.024831541264899618,0.0001887983493001084,-26467.672626702984,0,1
0.024841104571611837,0.00018544128743559128,-26469.257055894253,0,0
0.02484954692776767,0.00018738369540088185,-26469.54075730061,0,0
0.02485797735029579,0.0001925052569226167,-26469.802134422083,0,0
0.024866407764223816,0.00020055321886102304,-26470.06350243732,0,0
0.024874838174407228,0.00021119329019623096,-26470.324884992326,0,3
0.024886595436500937,0.00021703456821680692,-26477.028094545843,0,8
0.02490393314260558,0.00021207290359153636,-26495.537967988334,0,9
0.02492243912060548,0.00020505549737809568,-26515.49607035783,0,8
0.024939848349586336,0.000192578639802975,-26541.751864779355,0,9
0.024958353910687948,0.000189866780205825,-26571.097175759503,0,8
0.02497572645653046,0.00019518507482128871,-26597.044308926495,0,9
0.02499419595579576,0.00019936149110575256,-26625.733388289922,0,9
0.025012713500567652,0.0001958872457636148,-26654.428312530858,0,9
0.02503123130089597,0.0001832939617146407,-26682.967285622373,0,10
0.02505085783717832,0.00016767285648140574,-26704.040891253793,0,9
0.025069374315537355,0.00017973399412378317,-26723.1005545767,0,10
0.025088916153635902,0.00019064764912434854,-26744.070834141905,0,9
0.02510738494919347,0.00020167297253443042,-26763.351822555014,0,8
0.025124757376880774,0.00020233364009166664,-26781.671881200495,0,8
0.025142154049939348,0.00019296082997765127,-26799.769429714896,0,8
0.02515955064407622,0.00018120668218979502,-26816.97887290685,0,8
0.025176946832333007,0.00017592861927685292,-26828.19540380888,0,5
0.025191016546655433,0.00017562104450526882,-26835.223690912266,0,2
0.025201724251067387,0.00017649225523780422,-26838.239965409506,0,1
0.02521128727651443,0.00018290200663055622,-26839.85320600497,0,1
0.025220838380038656,0.00019120865500225044,-26841.439842631786,0,1
0.0252303894715816,0.00020142245957576005,-26843.027856949015,0,0
0.025238831787597928,0.00021449891402009936,-26843.31240478485,0,1
0.025248371012201,0.0002268529931780867,-26845.616488301315,0,1
0.025257922143192064,0.00023987009171209042,-26848.28141738187,0,4
0.025270799697812513,0.000246689096692918,-26858.823274546303,0,6
0.025285930509734177,0.0002482820594988782,-26873.0140393573,0,8
0.025303302696774735,0.0002425114058621699,-26899.819810996145,0,10
0.02532291618569781,0.00023393577953287716,-26932.964965093466,0,9
0.025341408142106378,0.000238825087439203,-26962.22030800571,0,8
0.025358779538682312,0.0002442875380601029,-26987.96362153537,0,9
0.025377284124983288,0.0002378362963746236,-27016.73627240572,0,10
0.025396909500736982,0.0002237794759825822,-27048.457714365883,0,11
0.025417655076203825,0.0002146974875441791,-27071.719246526667,0,11
0.025438388662526276,0.0002062456616168276,-27095.0091922393,0,10
0.025458025197036226,0.00020221613378233316,-27116.40354395099,0,8
0.02547544447115108,0.0001967832252862437,-27133.86938323443,0,10
0.025495057649143567,0.00017898149848488473,-27157.472523821427,0,9
0.025513585263711926,0.00017380552125456105,-27178.16053042217,0,9
0.025532076923283947,0.00017331983577761848,-27197.754159076965,0,9
0.02555053272987345,0.00017311647268767656,-27210.522730803124,0,5
0.025564589780373653,0.00017412679212953428,-27217.680434035105,0,3
0.02557640574670607,0.00017649972619792546,-27222.063301233564,0,1
0.02558598053903115,0.00018332704321387654,-27223.718779689585,0,1
0.02559553146559098,0.00019274151540104898,-27225.327661827512,0,0
0.02560397376345233,0.00020486606449418582,-27225.61237918264,0,0
0.02561240413953343,0.00021910009069567416,-27225.87375695636,0,0
0.02562083450703122,0.00023506865346410423,-27226.135139679747,0,1
0.02563037352319745,0.00025069161755480817,-27228.86010640815,0,4
0.025643250434309404,0.00026087548461261787,-27240.04041199017,0,5
0.025657271792209647,0.00026600230813784943,-27252.050506048767,0,7
0.025673522511671525,0.00026122571424177246,-27275.735539387686,0,10
0.025693122444639616,0.00025672029654399676,-27308.914475099817,0,10
0.02571273283110606,0.0002746593080194812,-27341.73020958071,0,8
0.025730066789661495,0.00028884272020399376,-27367.639501092402,0,8
0.02574742547190504,0.00028973492936338734,-27393.395868700725,0,10
0.025767013608927424,0.0002806888680373266,-27425.21184225822,0,11
0.02578774567724277,0.00027465417544565506,-27448.584232462523,0,9
0.025806284322622327,0.00027163667632947426,-27467.894539387184,0,9
0.025824798930142147,0.0002707720485567113,-27487.12050791877,0,9
0.02584331419136339,0.00025940489100667125,-27506.403405306315,0,8
0.025860720820533686,0.0002454289774529622,-27524.65040065991,0,8
0.02587811538864283,0.0002314610336611909,-27542.444053141422,0,8
0.025895509811857204,0.00021901440503992352,-27559.73438779823,0,6
0.025910687048752355,0.00020861173680948315,-27568.362715794072,0,3
0.025922514650025815,0.00020416635671170174,-27572.733850618784,0,1
0.025932089365125886,0.00020448718360851538,-27574.39110414249,0,1
0.025941640223718365,0.0002071187220206948,-27575.99705645629,0,0
0.025950082510006477,0.00021374578546445145,-27576.281252839097,0,0
0.02595851287552778,0.000222923469877749,-27576.54262850162,0,0
0.0259669432324684,0.00023435051203566333,-27576.803994832753,0,0
0.025975373585666865,0.0002477158185496911,-27577.065375102517,0,2
0.025986021035885775,0.00025861355305948746,-27581.320415330476,0,8
0.026003343660758276,0.00025576075449548053,-27597.90250901485,0,9
0.0260218464379508,0.0002419632747362735,-27617.047394242298,0,9
0.026040360743676022,0.00023054694850524444,-27645.912434264872,0,9
0.026058874871003022,0.00022229971721360916,-27674.733422255,0,10
0.02607849668652948,0.00022729073948472085,-27706.565564007404,0,8
0.02609586508980014,0.00024576322976291136,-27731.81448507924,0,8
0.02611316205310281,0.0002625800462262306,-27756.548326957098,0,7
0.026129375249211904,0.00026613948062844837,-27778.23497894324,0,8
0.02614674518845947,0.00025705536749777105,-27794.789759801988,0,7
0.02616302958289623,0.0002604156124375017,-27809.41909649514,0,8
0.026180386521141515,0.0002665676002840082,-27825.9898792885,0,9
0.026198851795494082,0.00027271610109257376,-27844.716586450217,0,9
0.02621732939081596,0.0002722110208946892,-27863.78877504462,0,8
0.026234734721928298,0.0002646952791574057,-27880.87281576478,0,8
0.026252128285869696,0.0002514358966916542,-27897.77757549624,0,5
0.0262661962011166,0.0002448174678669224,-27904.89593744661,0,3
0.026278011456929026,0.00024164475118001208,-27909.12859870675,0,2
0.02628869444537488,0.00024081620156819736,-27912.06360623419,0,1
0.026298257107239445,0.00024242249407726614,-27913.642863035868,0,0
0.026306699380283294,0.00024793976533197854,-27913.926283325975,0,0
0.026315129729402923,0.00025573524426772567,-27914.187657980703,0,0
0.026323560069946267,0.00026560228880593027,-27914.449023641067,0,0
0.026331990406748152,0.00027731986401328365,-27914.710403461064,0,2
0.02634263754743143,0.0002874476349776991,-27918.960030636234,0,9
0.026361067470660107,0.00028385151628656087,-27937.45172529333,0,9
0.026379580885753363,0.00027206728620888935,-27956.333141684332,0,8
0.026396986280696536,0.0002524861973004912,-27981.766833287755,0,7
0.026413271125815912,0.00023366505354821912,-28004.072760745497,0,7
0.026429543561578797,0.0002216969095080694,-28026.205508328687,0,8
0.026446911237920482,0.00023164514936741738,-28051.281775297844,0,10
0.026466423878422702,0.0002440554043463638,-28082.014465635402,0,10
0.026485937849726263,0.00023274591338593183,-28112.689382564735,0,10
0.02650554760968731,0.00020879037156298157,-28133.386100958163,0,9
0.026524072446960856,0.00018855293120825805,-28152.20731857455,0,8
0.02654147614076638,0.00018846827038587467,-28169.08640721042,0,8
0.02655880788893751,0.00019879289466414435,-28186.089048481776,0,8
0.026576103995466522,0.00020690602334672316,-28204.831519783897,0,8
0.026593447951018537,0.00021149353580524112,-28222.65193935597,0,7
0.02660971964599926,0.0002110184414849296,-28237.747044636024,0,7
0.02662599139626492,0.00020841253457720607,-28247.6232551482,0,4
0.026638938145857573,0.00021123006472703644,-28253.394295364677,0,2
0.026649632605950598,0.00021737597206254034,-28256.396076589135,0,1
0.026659195074278205,0.00022432103749245416,-28258.01692710606,0,0
0.026667637321808383,0.00023468928140593258,-28258.301183365133,0,0
0.026676067648461855,0.00024709640813298523,-28258.562558588197,0,0
0.02668449796654647,0.0002612505987527861,-28258.82392447784,0,1
0.02669403652403552,0.0002756292740637123,-28261.12448708866,0,2
0.026704695191929397,0.00028969505844043464,-28265.977679455293,0,7
0.02672090712639275,0.00029453256664605583,-28283.773944228415,0,9
0.02673939510757439,0.0002914281119294926,-28304.92838314173,0,7
0.026755690412537888,0.0002874484705236697,-28329.056896034264,0,8
0.026773070424967,0.00027724886740412136,-28355.948541883587,0,9
0.026791569453438788,0.0002809097013273166,-28385.75621209458,0,9
0.026810008486369497,0.00029064335235024386,-28414.82353448956,0,8
0.026827327892122235,0.00029402666044515746,-28440.344772078028,0,9
0.026845780104358535,0.00028464244189769567,-28468.861881607114,0,8
0.02686318381848734,0.0002708940115778463,-28486.012487569322,0,9
0.02688168394498207,0.00025136996935187404,-28505.234207574194,0,9
0.026900183063478588,0.0002451326162284454,-28524.3971716119,0,9
0.026918622272354885,0.00024461272659283907,-28543.58145633014,0,8
0.026935941846091004,0.00023737222043386297,-28561.73453203133,0,8
0.026953297301273195,0.00022599391362172554,-28579.603913976913,0,6
0.02696847237542197,0.00021200882259244096,-28592.601755522388,0,6
0.0269836238175073,0.0001910914008824494,-28601.00746596421,0,4
0.02699655833929594,0.0001815573756533599,-28606.677047323195,0,2
0.027007252747018144,0.0001750242930099454,-28609.54203233453,0,1
0.027016815027419486,0.00017473503754370233,-28611.08147870356,0,0
0.027025257264567615,0.00017849652698049396,-28611.364402258027,0,0
0.027033687583992858,0.0001854862248723739,-28611.62577490003,0,0
0.02704211789485627,0.0001953635883311939,-28611.88713928089,0,1
0.027051656302419586,0.00020653345380512977,-28614.15223593982,0,2
0.02706231481575131,0.00021580033333560308,-28618.755646935424,0,7
0.027078525629590372,0.00022082468676597693,-28634.45695912596,0,10
0.027098120496821934,0.0002157417801597678,-28656.44014795873,0,8
0.02711553471944055,0.0002123744409949748,-28682.632358845214,0,7
0.027131817096184244,0.00020741402286477,-28705.704657639744,0,9
0.027150302995946042,0.00021430039590983457,-28735.10140624471,0,10
0.027169872073789583,0.00023930149838304274,-28767.420460056586,0,9
0.027188286056272114,0.00025309510135844654,-28796.06258174537,0,8
0.02720562844816024,0.00025419872222031564,-28821.442922301972,0,10
0.02722523505345918,0.0002443495684449994,-28842.776750896744,0,10
0.027244864925769708,0.0002396164818597427,-28864.447202002462,0,8
0.027262242591341836,0.00024246422172058822,-28881.99938943174,0,7
0.027278500386456007,0.00024543851476352727,-28897.700818166308,0,8
0.027295878412752876,0.0002424834515285093,-28917.724865731365,0,8
0.02731326856494262,0.00023356951245199657,-28937.50175685151,0,8
0.027330658951631462,0.0002175693135799269,-28955.75776407537,0,7
0.02734694109805943,0.00020266223312485684,-28965.89064919813,0,4
0.027359887024215532,0.00019385802199936168,-28971.790619958065,0,2
0.027370580989378085,0.00019183773154286558,-28974.90903212899,0,1
0.02738014313887403,0.0001927856364415162,-28976.57950039555,0,0
0.027388585355481828,0.00019777376993709592,-28976.864726118652,0,0
0.02739701565626998,0.00020562063397017415,-28977.12610185215,0,0
0.027405445948501125,0.00021601593406608236,-28977.38746818702,0,0
0.027413876236992905,0.00022861229037102543,-28977.64885043602,0,3
0.027425630539840814,0.00023788872231624795,-28986.62114541431,0,8
0.02744296069941792,0.0002352787348319466,-29013.329678557246,0,9
0.027461458793845567,0.00021721289459735075,-29038.33154868221,0,8
0.027478860615598052,0.00019793396681485535,-29067.759588652167,0,10
0.027498465906746792,0.00018606312465224172,-29103.30537404192,0,9
0.027516950372277818,0.00019486825793263343,-29134.79823206254,0,9
0.02753536359008686,0.00019986116525077822,-29165.048464602216,0,9
0.02755382489905118,0.00019592985674269175,-29194.64898101185,0,8
0.02757122585613017,0.00019169594394830564,-29220.713375577845,0,10
0.02759083095311683,0.00018057669942811135,-29242.45919065245,0,9
0.027609351026315485,0.00018784876713646504,-29262.183686295797,0,10
0.027628895350857944,0.00020018302634216005,-29283.990225607537,0,9
0.027647332052640604,0.00020638397841155027,-29304.426019533734,0,8
0.027664720788458864,0.00020554084079833519,-29325.697247745073,0,8
0.02768210958533263,0.000201196176423184,-29346.40323358535,0,7
0.027698390521111928,0.00019577693453098132,-29363.02741485239,0,8
0.02771576728405492,0.0001905936509488252,-29375.035771529874,0,5
0.027729832245436063,0.0001888821167222968,-29382.539871065426,0,2
0.0277405378498573,0.00019153339258693136,-29385.669522809923,0,1
0.027750099871559356,0.00019687481462861284,-29387.341871598695,0,1
0.027759649966669173,0.0002041474070076611,-29388.985907129856,0,1
0.027769199997756167,0.00021405938579684383,-29390.63701328067,0,0
0.027777642178442065,0.00022664235778248183,-29390.922618424505,0,1
0.02778718029875986,0.0002397301122811617,-29393.32089064803,0,1
0.027796730321724326,0.00025346109421181323,-29396.460042931998,0,3
0.02780849606436024,0.000264287624931227,-29406.787597467293,0,6
0.02782360938807476,0.0002654172820642118,-29423.12923084481,0,9
0.0278420821091704,0.00025513037352260884,-29456.179194809643,0,10
0.027861697930315052,0.0002474561555077264,-29492.59869955334,0,9
0.027880181114526056,0.0002559903114046736,-29524.008451049347,0,9
0.027898592882986902,0.00026455674197072026,-29554.33015145714,0,9
0.027917029528888627,0.0002562485950902033,-29584.323402258644,0,10
0.027936645973981405,0.0002336142008326941,-29617.31889557438,0,11
0.02795738108259171,0.00022330888226101514,-29641.879636308986,0,11
0.027978044697742666,0.00021297611589388398,-29665.777863025807,0,10
0.027997612389262783,0.0002027013541584018,-29687.836704940688,0,8
0.02801498839713298,0.00019185067566625057,-29706.105007539616,0,8
0.028032376299422943,0.00018017226699195812,-29726.743171280155,0,9
0.028050871545755477,0.00017612319024882424,-29749.289502693155,0,9
0.02806937843589312,0.00017938441923637022,-29770.64097312281,0,8
0.02808677761022385,0.0001828734845657664,-29782.66432044282,0,4
0.02809973419748321,0.00018377571883272927,-29788.711095048464,0,3
0.0281115353851245,0.00018688109042130734,-29793.304267386287,0,1
0.028121109047773367,0.00019593975874983725,-29795.033572099303,0,1
0.028130658985527583,0.00020511139041758762,-29796.710415761234,0,0
0.028139101148368866,0.00021780195022556834,-29796.99619787664,0,0
0.028147531404800086,0.00023242862274838004,-29797.257572894727,0,0
0.028155961652685826,0.0002486485141446504,-29797.518952933347,0,1
0.028165499572339242,0.00026522005618546685,-29800.293514746096,0,4
0.02817837259178154,0.000276390925708443,-29811.472228389048,0,5
0.028192389157936756,0.0002814676953594497,-29824.946678195356,0,8
0.02820974080722029,0.0002778988983896907,-29855.06266325197,0,10
0.02822934352573926,0.0002695005345345758,-29891.76270156123,0,10
0.0282489682668226,0.00028655466598232306,-29927.621240133474,0,8
0.02826629462299468,0.00030099817261806087,-29955.27225118917,0,9
0.028284717479906223,0.0003037020549398705,-29985.854857399776,0,10
0.02830432001213411,0.0002961119252979471,-30019.774755514012,0,11
0.028325041411284235,0.000294203597592218,-30045.3876981695,0,9
0.02834351172494928,0.00029432267561470645,-30065.31231057004,0,9
0.02836200625388573,0.0002885926297512326,-30085.212198503134,0,9
0.02838051272913861,0.0002798061782873261,-30105.393672478946,0,8
0.028397911761366683,0.0002672171651821608,-30124.35923319877,0,7
0.02841419088320265,0.000258677778338187,-30140.648118786732,0,8
0.02843156582027589,0.00024791192010888824,-30158.34311143065,0,6
0.02844673738940525,0.00023687517520943957,-30167.21133472475,0,3
0.028458562146992033,0.0002300634042494231,-30171.68987606048,0,1
0.02846813578047128,0.00022917888505332156,-30173.396940940413,0,1
0.028477685570523107,0.00023076124906544297,-30175.04130942469,0,0
0.028486127723013045,0.00023577810463816065,-30175.326353938402,0,0
0.02849455797160068,0.00024320639625855417,-30175.58772749146,0,0
0.028502988211648508,0.0002528339973502824,-30175.849091576194,0,0
0.028511418447959246,0.0002644207837640092,-30176.110469716696,0,2
0.02852206401268658,0.0002727704925435861,-30180.51078618775,0,8
0.0285393794311723,0.0002640535563240016,-30197.742233145498,0,10
0.028558981530088675,0.00024312419159181874,-30219.697670921305,0,9
0.028577499556226273,0.00022368758916264735,-30249.29233448686,0,9
0.028596005024897276,0.000215193169593815,-30278.61857569516,0,9
0.02861449740117754,0.00023065095724814593,-30307.464314710418,0,8
0.028631834291009333,0.00025186432348559766,-30332.761906015694,0,7
0.028648040417876452,0.0002641834397585074,-30354.7272078799,0,7
0.02866427064084679,0.00027087053301961265,-30376.63182344885,0,8
0.028681632951788747,0.0002637554704016306,-30393.311705122847,0,8
0.02869901826396578,0.0002652296703787637,-30410.045495446837,0,8
0.028716343777420373,0.0002708703717849463,-30426.650234711735,0,9
0.028734776994377723,0.0002730938935403595,-30445.494700193434,0,9
0.02875325785384274,0.00027411893642281473,-30464.933649050276,0,8
0.02877065533348776,0.00027042292398007635,-30482.468869636814,0,8
0.028788040950207212,0.00026422469583225745,-30499.70296111182,0,5
0.028802103922489247,0.00026163762300819224,-30506.997788676228,0,3
0.028813916314871037,0.00025955206908552617,-30511.371932689854,0,1
0.02882348983361244,0.00026118851685001687,-30513.032566182617,0,0
0.02883193197705868,0.00026663623117426376,-30513.317242863555,0,0
0.02884036220806682,0.0002742119197748479,-30513.57861535632,0,0
0.02884879243053839,0.0002837377540156646,-30513.83997829507,0,0
0.028857222649273623,0.00029502488959496124,-30514.101341159654,0,0
0.028865652864272562,0.00030787967228727565,-30514.362717927746,0,2
0.02887629810468641,0.0003181866309795913,-30518.722803914618,0,9
0.028894719533444455,0.00031631529350812764,-30537.679155115988,0,9
0.028913224591404284,0.00030344439572386756,-30557.122324245644,0,8
0.028930622130283242,0.0002887073680268474,-30583.070010233132,0,7
0.02894690024217789,0.00027395061702124195,-30605.801725905,0,7
0.02896316623642298,0.0002611605475021542,-30628.357239102366,0,8
0.02898053838420074,0.00026742345637268897,-30653.843442884092,0,10
0.029000053705751105,0.00027691144604710823,-30685.10133597376,0,10
0.02901957028235801,0.0002670704328034644,-30716.268840663466,0,10
0.02903917090895165,0.0002413427848277617,-30737.37498405448,0,9
0.02905768763345898,0.00021383573956402566,-30756.5292093711,0,8
0.029075083649259915,0.00021217858862797843,-30773.687140549133,0,8
0.029092419679054494,0.00022137200248720042,-30790.99659348304,0,8
0.029109720220608995,0.00022696793298279143,-30810.54665982892,0,8
0.02912704467712303,0.00023030565547342094,-30830.58690011421,0,7
0.029143285732416827,0.00023145819652193109,-30846.962923173167,0,7
0.02915953865969447,0.0002330879087784875,-30857.359793619347,0,4
0.02917248155877238,0.00023547471624310283,-30863.362464980837,0,2
0.029183174095884425,0.00024004770633001348,-30866.471996826705,0,1
0.0291927355031088,0.0002465317276721238,-30868.150902751066,0,0
0.029201177615795895,0.00025627047250110797,-30868.436173981525,0,0
0.029209607824071768,0.00026793676101354784,-30868.697547080956,0,0
0.029218038023818758,0.000281288625814548,-30868.958910664463,0,1
0.029227575529415902,0.00029509618226255277,-30871.40373631009,0,2
0.0292382322447085,0.0003082883024228963,-30877.14167005764,0,7
0.02925443778395152,0.0003104380240727345,-30899.97078972429,0,9
0.029272917330501778,0.00030578940752822796,-30925.58023850171,0,7
0.029289205995222237,0.00030046684116675544,-30952.386715778142,0,7
0.02930547088879607,0.0002941268780544203,-30978.058912179236,0,9
0.029323949404046045,0.0002995168613993164,-31010.30550811637,0,9
0.029342391562271176,0.0003136423319430478,-31041.731325298588,0,8
0.029359691356572536,0.0003201040444021603,-31069.401861241622,0,8
0.02937702769738815,0.0003148456567900257,-31096.53591093084,0,9
0.029395519328412098,0.00030050111565434044,-31117.46203325012,0,9
0.02941402287648606,0.0002819678406111208,-31137.43610703405,0,9
0.029432525688059,0.00027189366120903045,-31157.876689326993,0,9
0.029450980253242432,0.00027193201144583317,-31178.223484059177,0,8
0.029468292177888,0.0002680913529356816,-31199.38298834265,0,8
0.02948566396841209,0.00025861873746816933,-31221.003281814592,0,6
0.029500833174156776,0.0002482401814317406,-31235.59090587599,0,6
0.029515978961497328,0.00022999110154179166,-31245.005482618373,0,4
0.02952891005185705,0.00021298177293481123,-31251.070851647124,0,1
0.029538495032039376,0.00020946436591351745,-31252.831075575064,0,1
0.02954804450859873,0.0002046958343248357,-31254.503034478574,0,0
0.029556486611847347,0.0002056168121503392,-31254.78862887701,0,0
0.029564916815980016,0.00020947966211837601,-31255.050002316224,0,0
0.029573347011584924,0.00021610834787468594,-31255.311365872538,0,1
0.029582884494725892,0.0002220550420558722,-31257.74415994841,0,2
0.029593541076235422,0.00022731946464438953,-31263.50843190396,0,7
0.029609745218821978,0.00023112318118970342,-31285.6494850247,0,10
0.02962933050430693,0.00022855050308663756,-31310.85296345557,0,8
0.029646737127345304,0.00022461973504850398,-31338.890740201972,0,7
0.029663012917022207,0.00021780113474656094,-31363.16690833971,0,9
0.02968149070872631,0.00021626581012489245,-31393.359906469646,0,9
0.029699967113554195,0.0002395791792462989,-31423.083883615986,0,9
0.029718360532346735,0.0002570246780370337,-31452.15278076001,0,8
0.02973568348494614,0.0002581351241097017,-31477.80854238704,0,10
0.029755280654372943,0.000248457733419601,-31499.476737493726,0,10
0.029774901125773016,0.00024280883482279058,-31521.14418337679,0,8
0.029792270954531345,0.0002494347778845422,-31538.514841576016,0,7
0.029808474318203583,0.00025512210115321475,-31553.70178638551,0,8
0.029825797103551595,0.00025329353198352383,-31573.5106455953,0,8
0.029843179331732698,0.00025076651870244366,-31592.36853350683,0,8
0.029860562030587734,0.00023943133595824667,-31610.045304409563,0,7
0.029876837814465342,0.00022169372469192045,-31620.31503517372,0,4
0.02988978003578205,0.00020934721320895218,-31626.229344873278,0,1
0.02989936492208801,0.00020637728330742658,-31627.94969500911,0,0
0.029907807018798808,0.0002071050069726054,-31628.234899626448,0,0
0.029916237206812885,0.00021073638631022493,-31628.49627148355,0,0
0.029924667386310357,0.0002171285117211064,-31628.75763377019,0,0
0.02993309756207336,0.00022604729978306718,-31629.018996072526,0,0
0.029941527734101928,0.00023720791788619435,-31629.28037302774,0,4
0.029954386530292424,0.0002387529957503911,-31638.649783844194,0,8
0.029971721004020423,0.00023437357066083306,-31658.498452026986,0,10
0.02999131765449095,0.0002140966574332392,-31681.747013293723,0,8
0.030008723615272688,0.00019645017988066367,-31708.661025280733,0,10
0.0300283195416491,0.00018394319316154096,-31741.763947832813,0,9
0.030046807400568167,0.00019344277095660042,-31771.131075421654,0,9
0.030065224412651647,0.00019304267364809473,-31800.1416747121,0,9
0.03008372470606058,0.00019235986329511814,-31829.353424761004,0,8
0.03010111811956819,0.0001880111920971683,-31855.243091104956,0,10
0.030120713877836353,0.00017450682217666223,-31876.906334934454,0,9
0.030139225613469024,0.0001768496903617554,-31896.565589224592,0,10
0.030158772263641814,0.00019424866193720272,-31918.039019632593,0,9
0.03017717692865965,0.00019691968973441966,-31937.33532248034,0,8
0.030194546148683644,0.00019550164631817319,-31955.532369701607,0,8
0.03021192735034909,0.00019110078644159222,-31973.7684523037,0,8
0.030229308528208657,0.0001852483866824458,-31991.232559054,0,8
0.03024668922668336,0.00018821805826850247,-32002.698199853912,0,5
0.030260749217014257,0.00019106029674627645,-32009.87521160759,0,1
0.030270345774726776,0.00019822189310305735,-32011.59094406058,0,1
0.030279894823885947,0.00020629301836356888,-32013.20154389733,0,1
0.030289443858164254,0.00021576052835582126,-32014.802912423587,0,1
0.030298992890457507,0.00022638717919133347,-32016.401504273344,0,0
0.0303074349354139,0.000240171086686215,-32016.686282522252,0,1
0.030316972012954184,0.0002542880192578478,-32019.004947912505,0,1
0.030326521032798634,0.00026792938227682687,-32021.481219035988,0,3
0.030338283949953224,0.00027813375702004026,-32028.650149071276,0,6
0.030353391528796406,0.0002805919932757869,-32042.43870806808,0,10
0.03037296262610497,0.0002707972815456828,-32075.86504432773,0,10
0.0303925803352278,0.0002727551425944046,-32109.486911366563,0,9
0.030411019508873084,0.00027964568956694816,-32139.02806735586,0,8
0.030428340285149354,0.00028149820378451886,-32165.047152218496,0,8
0.030445721107277692,0.0002742158609584655,-32191.264828137377,0,10
0.030465316226967385,0.00025324691872480174,-32223.47918163139,0,10
0.030484934381192742,0.00023931487225994385,-32245.269132230016,0,11
0.030505611499051555,0.0002296533938968582,-32268.992981044827,0,11
0.030526276889124238,0.00021560772955815267,-32292.536037192258,0,8
0.03054368083562239,0.00020884301785296935,-32310.027465429986,0,8
0.03056106108423049,0.000200585963971474,-32328.318025703375,0,9
0.030579548179015502,0.0001897554885258796,-32348.715588328825,0,9
0.03059804656121636,0.00019069180327805605,-32368.473482340854,0,8
0.030615437871964687,0.00019923695357426332,-32379.912303487832,0,5
0.030629497302678155,0.00020098377067781782,-32387.106462927582,0,3
0.030641307387611966,0.00020514227447505223,-32391.512764538053,0,1
0.030650880047441133,0.00021256081233639592,-32393.180398668526,0,0
0.03065932208765367,0.00022333776935340563,-32393.465125394487,0,0
0.030667752228638948,0.0002362091398410426,-32393.72649536854,0,0
0.030676182361119363,0.00025085327703288783,-32393.987855924468,0,0
0.03068461248986734,0.00026697862269057046,-32394.249231126472,0,1
0.03069414945466245,0.0002822029605914069,-32396.81709735664,0,4
0.030707018816764287,0.0002909974640032511,-32406.826700099566,0,5
0.03072103053874604,0.0002966516272305745,-32418.88501058938,0,8
0.030738374741497213,0.00029164925821904543,-32446.435775574868,0,10
0.030757967995127845,0.00028410160831137765,-32481.236063156175,0,10
0.03077758318989912,0.0003018542529838031,-32515.952226161087,0,8
0.030794901950315836,0.0003169326211088394,-32543.033707991777,0,10
0.030814422942286167,0.00032165301966187193,-32576.05634776017,0,10
0.030833992079061345,0.0003165634436909322,-32608.80907636512,0,11
0.03085469120473431,0.0003157715412431011,-32632.95883762148,0,9
0.030873165372838587,0.00031055535347876846,-32652.571260350447,0,9
0.030891662966542544,0.0003083515308317587,-32672.278319279758,0,9
0.03091016107305127,0.00029942869743316446,-32692.221766780658,0,8
0.030927552583703295,0.0002863563627634329,-32711.961486916505,0,7
0.030943825277463925,0.0002743533022191805,-32729.02679159437,0,8
0.03096119268094534,0.00026228781499378333,-32747.651329397067,0,6
0.030976358654052665,0.0002484641504818168,-32757.023417350498,0,3
0.030988180460578794,0.00023972190199165683,-32761.642268565643,0,1
0.030997753069365613,0.0002356679958522759,-32763.417093912336,0,1
0.031007301888413257,0.00023343498669515364,-32765.14051843699,0,0
0.03101574391162865,0.0002356216322828354,-32765.426790338053,0,0
0.03102417404610237,0.00024034479576330714,-32765.688162296105,0,0
0.03103260417207326,0.00024744959124514834,-32765.949524387444,0,1
0.03104214105161113,0.00025418387669864256,-32768.35342968155,0,2
0.031052796517482675,0.0002601001862739148,-32773.07070081439,0,9
0.031071210989759356,0.0002501899457916362,-32793.800898638336,0,10
0.0310908154118534,0.0002307522013262066,-32819.07342575393,0,9
0.031109324956422314,0.00020999634539820773,-32851.95942196881,0,8
0.031126715147163062,0.00020389830887617826,-32881.26095414037,0,9
0.031145174870414603,0.00022739062427348323,-32912.716523685674,0,8
0.03116248047601784,0.000248865262863722,-32938.94931393526,0,8
0.03117977499906835,0.00025633618092008503,-32964.64234199347,0,7
0.031196022638612583,0.00025801172312335497,-32987.331136588225,0,9
0.03121447211483636,0.0002479964579633418,-33006.76866396947,0,8
0.031231849392416078,0.0002563379435235562,-33024.24251436591,0,8
0.03124916724041081,0.00026558245269132496,-33041.59604595231,0,9
0.03126759187458791,0.00027045081518562597,-33061.17260729543,0,9
0.031286064447381884,0.0002687440486910763,-33083.23654153784,0,9
0.03130456098849812,0.0002621066405053128,-33106.33294943994,0,8
0.03132195081179351,0.00025656034270187417,-33125.120477335884,0,5
0.031336009071685766,0.0002519706024755083,-33133.045031172005,0,3
0.03134781854914863,0.00024862772326506987,-33137.71742179496,0,1
0.031357390965033455,0.00024990859182583727,-33139.53808411914,0,0
0.0313658329745449,0.0002549584357160713,-33139.82515043429,0,0
0.03137426308856377,0.00026224776192829597,-33140.08652230272,0,0
0.03138269319408678,0.0002715908285017581,-33140.34788388089,0,0
0.03139112329587852,0.00028278414082377496,-33140.609245367785,0,0
0.031399553393939066,0.0002956175968125593,-33140.87062068882,0,2
0.031410196730661574,0.0003051751310137677,-33145.49485073591,0,8
0.03142750330130329,0.0003026719252253964,-33163.482886161066,0,10
0.0314470943288448,0.00029040143210630346,-33186.593633533324,0,8
0.03146449624417858,0.0002740903595000882,-33213.1761942435,0,7
0.031480767642556085,0.0002591462486842744,-33236.1835144564,0,7
0.031497026457835677,0.00025405246927047556,-33258.763050812806,0,8
0.03151435555469284,0.00025809496029613536,-33284.19587392838,0,10
0.03153386204133994,0.0002608273156850446,-33315.5700196709,0,10
0.03155342923463466,0.00024255707140659783,-33347.02556256043,0,10
0.0315730440127861,0.0002157510938237461,-33368.07443269159,0,9
0.03159155148531277,0.00020117535185194704,-33387.09076642267,0,9
0.03161002206163585,0.0002118071631519058,-33406.114519334384,0,9
0.03162843325442447,0.00022173183496416448,-33425.049600917,0,8
0.031645738289463266,0.0002263780412276122,-33442.66881081442,0,8
0.0316630675409367,0.00022288756715813047,-33460.53249056963,0,7
0.03167932589361965,0.00022082289967963116,-33475.823813556504,0,7
0.031695583975425067,0.00022433902517297603,-33485.94336061459,0,4
0.03170852270213095,0.00023150901496384065,-33491.854522016605,0,2
0.031719213249424,0.00023634091552590685,-33494.92648383067,0,1
0.03172877356035598,0.00024389694755023032,-33496.573025564656,0,0
0.031737215537172854,0.0002543582975277158,-33496.85780180833,0,0
0.031745645626632166,0.0002666977480523812,-33497.11917022322,0,0
0.03175407570760364,0.0002806685398396944,-33497.38052948248,0,1
0.03176361219874076,0.00029467588678917334,-33499.70257135331,0,2
0.03177426706412689,0.0003064758356353624,-33504.51313071428,0,7
0.03179046586702231,0.0003101283743703118,-33521.477621821716,0,9
0.03180893689852517,0.000305883726086384,-33542.0728851151,0,7
0.03182521901711929,0.0002986338164967473,-33565.61424338856,0,7
0.03184147729147349,0.0002911595074936662,-33588.84147684341,0,8
0.031858840686788306,0.00030036222142017666,-33615.11603195893,0,11
0.03187946320170452,0.0003158895596322727,-33650.234232044204,0,8
0.03189677987556952,0.00031496698681459734,-33675.77451008008,0,8
0.03191415639949496,0.00030633117888225424,-33701.35516032646,0,9
0.03193263945479469,0.000290870685171369,-33720.54509296764,0,8
0.0319500275997019,0.0002801259140551158,-33737.65864793614,0,9
0.03196849803947381,0.00027289806485782076,-33756.77091532072,0,9
0.031986968452034664,0.00026565485072539116,-33775.928250936624,0,8
0.032004332586313924,0.0002569516862789684,-33794.00059566901,0,8
0.03202170874098529,0.00024503206980537584,-33812.25330399373,0,7
0.032037978947747084,0.00022471990190325828,-33827.64633381281,0,8
0.03205534305976141,0.00020854896138092227,-33839.07208144116,0,4
0.032068257465902986,0.0002072177399017993,-33844.84625205303,0,1
0.03207782956934313,0.00020396288285632995,-33846.50795985131,0,1
0.03208737790577878,0.0002024086906246889,-33848.1090820291,0,0
0.03209581987057157,0.0002055158198884273,-33848.39348362205,0,0
0.03210424995417389,0.0002114822709773357,-33848.654851205196,0,0
0.03211268002929149,0.00022006895785412113,-33848.91620976833,0,1
0.032122216321081316,0.00023041348148555494,-33851.22935762695,0,2
0.03213287074210072,0.00024091011205766514,-33856.07966314374,0,7
0.03214906831063737,0.00024758747099949577,-33872.76564628356,0,10
0.03216864435604038,0.00024382749108186312,-33895.37064758588,0,8
0.03218604370206446,0.00023420524524147234,-33922.102400735625,0,7
0.03220231284651596,0.00022568078698337785,-33945.490843123145,0,9
0.032220781317442306,0.00023852149580994903,-33975.01695269677,0,9
0.032239213611937816,0.0002600300874713208,-34004.06927639729,0,9
0.032257610865241294,0.0002713427375518441,-34032.69001502167,0,8
0.03227495013753031,0.0002707228440662028,-34058.21379842868,0,9
0.032293431695986155,0.0002610028809732725,-34077.53929334468,0,10
0.03231303042507994,0.00026174996474279556,-34098.95491256814,0,8
0.032330357281050166,0.000264397595343551,-34116.06764144882,0,7
0.03234657816421633,0.0002641232571842215,-34131.13950987066,0,8
0.032363928932542994,0.00026383555241690413,-34150.1347318917,0,8
0.03238130384434858,0.00025727693778875775,-34169.868362726804,0,8
0.032398679153503585,0.00024129101738075442,-34187.38867792891,0,7
0.032414948032363625,0.00022564049930059668,-34197.46603320656,0,5
0.03242899255192768,0.00021171300343739475,-34204.61264432459,0,2
0.03243969439276885,0.00020714568009152487,-34207.63148883857,0,0
0.03244814823454354,0.0002072438229087684,-34207.93878942112,0,1
0.03245768449640125,0.0002087974066036808,-34209.50407777766,0,0
0.03246612643327787,0.00021418972092878517,-34209.78839283771,0,0
0.032474556496899495,0.00022220665317771083,-34210.0497601306,0,0
0.03248298655204386,0.000232576753114777,-34210.311132883915,0,3
0.03249473524581872,0.0002377937791057249,-34217.45298026505,0,11
0.03251536931413494,0.00022064226698240697,-34243.51812564158,0,11
0.03253608647169352,0.00019434908615197327,-34268.39838036313,0,8
0.03255349646885625,0.00017922823923369131,-34294.940815000955,0,10
0.03257305827149498,0.00018716309576359398,-34327.57677532121,0,9
0.0325914784104398,0.00019373483892181153,-34356.81334871126,0,9
0.03260991051192386,0.00019865483791990267,-34385.675126685775,0,9
0.03262840226851488,0.00019835387656562116,-34414.721912034365,0,8
0.03264578829681011,0.00018838338993182872,-34440.45808323969,0,10
0.03266537402261582,0.0001864253470597284,-34461.808186207556,0,9
0.03268382909375943,0.0002013922393756407,-34480.899091326326,0,10
0.032703331089315106,0.00021030309072074465,-34501.9580789716,0,9
0.03272177505968487,0.00020836635573288356,-34521.09541116875,0,8
0.032739160491898275,0.0002053816147928993,-34539.22140705219,0,8
0.03275653387923144,0.00020471586750971202,-34557.60706149578,0,9
0.032775013273217496,0.00020359193718334404,-34577.10327508331,0,8
0.032792398584077384,0.00019964750260218118,-34588.59633561297,0,5
0.032806453943728615,0.00019591304223846314,-34595.680791244864,0,2
0.03281715545026416,0.0001980791114057047,-34598.65598918861,0,1
0.032826715257861315,0.00020399967599074126,-34600.252973698036,0,1
0.03283626319592991,0.00021161260828315645,-34601.820893652024,0,1
0.03284581110333743,0.00022138401561486653,-34603.38584071063,0,0
0.032854253014520184,0.0002335577434511608,-34603.67011138325,0,1
0.032863789109591625,0.0002455275062144517,-34605.98208255033,0,1
0.03287333707831948,0.0002580486522758975,-34608.511439259004,0,3
0.032885097128463665,0.00026725645198320217,-34615.65918903644,0,6
0.03290019901708236,0.00026927577138543266,-34628.86984247675,0,10
0.03291976081936387,0.0002563121867049482,-34660.832219454045,0,10
0.032939356894337544,0.0002615809928134704,-34693.000125758896,0,9
0.03295777595559691,0.0002653216412555173,-34721.528324447754,0,9
0.0329762196695954,0.00025368127403720825,-34750.05958308469,0,9
0.03299471111639708,0.00023345664080663992,-34778.77178465553,0,10
0.033014307960425884,0.00021863538690291895,-34810.440434803415,0,10
0.03303388059141325,0.0002108002088754668,-34831.50588982458,0,11
0.03305451187139556,0.0001978121149109931,-34854.40463128661,0,10
0.03307407236906537,0.00019334360706870984,-34875.44738031736,0,8
0.033091444933429345,0.0001874613941200678,-34892.38050751191,0,8
0.033108817321843766,0.00018376333234742325,-34910.08086077963,0,8
0.03312618940944588,0.0001871658788865509,-34928.0084918836,0,9
0.03314465551676307,0.0001902668934306511,-34947.19246504181,0,8
0.03316203960974691,0.0001896380165770165,-34958.4037492957,0,5
0.033176094175634434,0.00018924796037625164,-34965.376370779595,0,3
0.033187901309425547,0.0001914885609274509,-34969.55117259297,0,1
0.03319747288919605,0.0001973783696719094,-34971.13572474732,0,0
0.033205914796613174,0.0002071130106744383,-34971.41872804415,0,0
0.033214344821326965,0.00021920585378369016,-34971.68009147353,0,0
0.03322277483757554,0.00023328992859179446,-34971.94144639466,0,0
0.033231204850096764,0.00024902761196090147,-34972.2028159788,0,1
0.033240740780437865,0.0002639523307484711,-34974.515482723866,0,4
0.03325360625164155,0.0002738604464753694,-34983.11118899559,0,5
0.03326761329719781,0.00027816411762100377,-34993.98348155203,0,8
0.033284949831172396,0.0002739949224184848,-35019.54030208365,0,10
0.033304533428589925,0.0002689607215407788,-35051.603426658134,0,10
0.033324139491928514,0.00028291493662570727,-35083.97814317586,0,8
0.03334145078236679,0.0002983317167316984,-35109.45799764818,0,10
0.033360962485190215,0.00030323262647029785,-35141.06997121329,0,10
0.033380545950300246,0.00029831344166250667,-35172.89257244996,0,11
0.033401258488099196,0.0002970618435054177,-35196.25325935027,0,9
0.03341977159830092,0.00029238227883737354,-35215.45583308512,0,9
0.03343826111155123,0.000283377297312906,-35234.46112897888,0,9
0.033456750935207696,0.00026737044889668193,-35253.42460202197,0,8
0.03347412266995097,0.0002544368907932582,-35270.640012479744,0,7
0.03349036477295461,0.0002430072309477958,-35285.814531874836,0,8
0.03350772466519281,0.00022782229054940024,-35302.69418281575,0,6
0.03352288466668854,0.0002153303076263944,-35311.1207198606,0,3
0.03353470344302226,0.000207871962588042,-35315.392773821164,0,1
0.033544274960823135,0.0002053149724282797,-35317.02450626367,0,1
0.033553822648604875,0.00020629769844108267,-35318.579968751794,0,0
0.03356226453282646,0.00021118775229476578,-35318.86365632239,0,0
0.03357069454618666,0.00021876799830082365,-35319.125020633626,0,0
0.03357912455108687,0.0002287710257774978,-35319.38637580038,0,1
0.03358866032473106,0.00023921104948841122,-35321.60532144755,0,2
0.03359931374026963,0.0002487802782658427,-35325.884733645275,0,9
0.0336177197324694,0.00024044038579006368,-35344.35708594588,0,10
0.03363731442413372,0.00022519182504816872,-35365.62821432159,0,9
0.03365581474746013,0.00021775736716119124,-35394.53447702164,0,8
0.03367319735633194,0.00021407493913068237,-35420.23473478046,0,9
0.03369167257291561,0.00023235243936657395,-35448.874478209065,0,8
0.03370897069810634,0.000253396886290324,-35473.87253560139,0,7
0.03372515185660438,0.00026474515670746925,-35495.60803923143,0,7
0.0337413811372535,0.00026519723061397903,-35517.449335075304,0,9
0.03375983409504792,0.0002539345385183733,-35536.0724148345,0,8
0.033777215823778704,0.00025833403584451235,-35552.77603945289,0,9
0.03379562017964676,0.0002627469855285548,-35571.30530657743,0,9
0.033814060129523586,0.00026687721226469654,-35589.96915774919,0,9
0.03383251204466057,0.00026888621411880344,-35609.767492195024,0,9
0.03385100031036341,0.00025872679378863826,-35629.98125894778,0,8
0.033868382588626206,0.0002501246185527605,-35647.57817922864,0,5
0.03388243581593843,0.0002465562368677379,-35654.84348331982,0,4
0.033895347876467696,0.00024306159221753614,-35660.567279871204,0,1
0.03390493107146208,0.0002438909895456983,-35662.21478233789,0,1
0.03391447858239028,0.0002477487022492977,-35663.788186000565,0,0
0.033922920443402095,0.000254443580117989,-35664.07188154236,0,0
0.03393135043640242,0.00026328586493654766,-35664.33324526327,0,0
0.033939780420949625,0.0002740710227037047,-35664.59459972295,0,0
0.03394821040177086,0.00028657978240398553,-35664.85596816519,0,2
0.03395885181572014,0.00029534950279302193,-35669.0743068198,0,8
0.03397615091158721,0.0002919056210473936,-35685.469750608674,0,10
0.033995732830024196,0.00027325547498265913,-35706.43216101235,0,8
0.03401312721834067,0.0002518370637458721,-35731.79290633959,0,7
0.03402939192460039,0.00023314648495414338,-35753.83655254339,0,7
0.03404564372016579,0.00023259016013161318,-35775.66817118389,0,8
0.034062941338262515,0.00023992316664479653,-35800.201221182615,0,10
0.034082426688644946,0.00024076514567216188,-35830.5009292401,0,10
0.034101960617351997,0.00022133718426059902,-35860.90957710982,0,10
0.03412156544612607,0.00020140634446460818,-35881.240588086104,0,9
0.03414006382163672,0.00019909607447011714,-35899.593837752065,0,9
0.03415850219817114,0.00021011531175959636,-35917.8395356828,0,9
0.03417689325387072,0.00021803372351818237,-35936.01057819127,0,8
0.03419421455971695,0.000222749122788789,-35952.7213503257,0,8
0.034211548083429064,0.00022072931129203324,-35969.688904221104,0,7
0.03422781169567516,0.00021815296091451156,-35984.470010767865,0,7
0.0342440632860671,0.0002176983181639716,-35994.13463376552,0,4
0.03425699831775576,0.00022021055932330705,-35999.70311091138,0,2
0.034267686798333245,0.00022460642928558163,-36002.600074338625,0,1
0.03427724605633863,0.0002309710973986619,-36004.16425779446,0,0
0.03428568790018503,0.00024072873882942828,-36004.44743623413,0,0
0.034294117872941676,0.00025253005618235293,-36004.70879864457,0,0
0.03430254783724964,0.000266101663106537,-36004.97015271154,0,1
0.03431208333375994,0.0002791543703271208,-36007.23589767833,0,2
0.034322736165379876,0.0002913541833587509,-36011.828338879706,0,7
0.034338928361673314,0.0002948476151448882,-36027.29124625206,0,9
0.03435739094044091,0.0002891056194306617,-36046.948843989805,0,7
0.034373666075246105,0.0002851613113892689,-36069.883448512766,0,7
0.034389917763316576,0.00027693021270396256,-36092.90222280408,0,8
0.034407273676884675,0.00028475663734111337,-36119.07480291522,0,11
0.03442788605550279,0.0002988950769071817,-36154.557001439905,0,8
0.034445195099300385,0.0002989492487219369,-36180.460042107035,0,8
0.03446254035870079,0.0002878504910612836,-36206.32125569994,0,9
0.03448101523186661,0.00026525755066867887,-36225.82826280407,0,8
0.03449839548077358,0.0002558686475618239,-36243.22975095136,0,9
0.03451680968580432,0.00025055496809366816,-36262.38806183911,0,9
0.03453521223383783,0.00024111254885389493,-36281.380447158735,0,8
0.034552580783476505,0.00022860629395989428,-36299.04476204899,0,8
0.034569949339608594,0.00021342309795455847,-36318.62647789778,0,7
0.034586212701483016,0.00019260376045544044,-36333.97572741052,0,6
0.03460135804304372,0.00018519634546041927,-36342.486664649325,0,4
0.03461426877723787,0.00018341584224058408,-36348.09462943443,0,1
0.034623851534705145,0.0001858021890320318,-36349.7219554708,0,1
0.03463339870088697,0.00019101162729274741,-36351.27572723568,0,0
0.03464184052363463,0.00019907783876764196,-36351.558858661,0,0
0.0346502704838608,0.0002097411314720044,-36351.82022044086,0,0
0.034658700435646755,0.00022263929488607363,-36352.08157401941,0,0
0.03466713038370817,0.00023740835504306216,-36352.342942112286,0,2
0.03467777098319829,0.00025163975950967185,-36356.81643430155,0,7
0.03469396207630226,0.0002584097115619932,-36372.03478972106,0,11
0.0347146339767054,0.00025408737207883444,-36395.97294532853,0,8
0.03473203742572909,0.0002461943408005613,-36422.712854589954,0,7
0.03474829979009096,0.00024008312876979806,-36446.47120413791,0,10
0.03476786548656611,0.0002452400669441222,-36479.95479032187,0,9
0.03478631310174044,0.00026485729056374734,-36510.128284670995,0,9
0.03480468999451938,0.0002769096623280714,-36539.93169236255,0,8
0.034822009955100694,0.00027493454068914944,-36566.20844442287,0,9
0.0348404827848986,0.00026799830823820404,-36586.30986522397,0,10
0.034860072262492624,0.000265807405476016,-36608.32164736899,0,8
0.03487741530420076,0.0002684266256896509,-36625.71682947941,0,7
0.034893629390818436,0.0002711082234339463,-36640.76595028777,0,8
0.03491098442363666,0.0002721690065893536,-36658.81858542102,0,8
0.03492835177393416,0.0002650411544176411,-36678.50150703821,0,8
0.03494571922843986,0.0002532362406961807,-36695.86363520996,0,7
0.03496198140855482,0.0002393368818120643,-36705.71728170453,0,5
0.034976020789527745,0.0002318759707070915,-36712.718958696125,0,2
0.034986720630966285,0.00022837220819827496,-36715.7254631734,0,1
0.03499627957963455,0.0002283955417639211,-36717.31751257809,0,1
0.0350058267519189,0.00022877054264847747,-36718.87180531904,0,0
0.035014268560050923,0.00023389802425082578,-36719.15551147496,0,0
0.03502269850509035,0.00024146304795910335,-36719.41687423194,0,0
0.03503112844168901,0.0002512331162173031,-36719.67824250086,0,3
0.03504287443504783,0.0002530819877555096,-36726.47001796845,0,11
0.035063498264687534,0.00023470516589878653,-36750.59847173469,0,11
0.03508420513044175,0.0002071472090511749,-36775.43873584291,0,8
0.035101607700690256,0.0001865791705083455,-36802.496978536255,0,10
0.03512115951159009,0.00020419774544401368,-36836.95758784165,0,9
0.035139547095594324,0.00021654962179071933,-36867.70810903767,0,9
0.03515793520743447,0.00021818599090591792,-36897.95394460317,0,9
0.03517638307425333,0.00021111036975188412,-36928.7251081032,0,9
0.035194866728571396,0.00019750518884391384,-36959.084091890305,0,10
0.03521445468622534,0.00019800167066815432,-36981.73641189611,0,9
0.035232889443947306,0.00021138045291313947,-37001.5981973678,0,10
0.035252382397074816,0.0002142940520598017,-37023.28787837102,0,9
0.03527085341218786,0.0002133018484976664,-37042.993239702075,0,8
0.03528823129209804,0.00020906621943523565,-37061.234653331114,0,8
0.03530559710516708,0.00020708675432915097,-37081.112748771855,0,9
0.0353240680729315,0.00020285609396098427,-37101.03615415307,0,8
0.035341445797742795,0.00019715844957151862,-37112.51557437537,0,5
0.03535549598009125,0.00019998730102198904,-37119.586917269466,0,2
0.03536619540551319,0.00020438979277590476,-37122.605960177105,0,1
0.035375754191953546,0.00021070663745888975,-37124.22720110463,0,1
0.03538530104963342,0.00021994578786696956,-37125.8097420781,0,1
0.035394847961726206,0.0002296891546453448,-37127.38659171823,0,0
0.035403289737670256,0.00024254872268071766,-37127.67095109705,0,1
0.03541282478706451,0.00025514820683162547,-37129.956577348494,0,1
0.03542237164070744,0.0002690094944814977,-37132.449427299915,0,3
0.03543412871576321,0.00027989064841975916,-37139.23244256994,0,6
0.035449224996982644,0.00028122163356783834,-37152.54852470286,0,10
0.03546877694293396,0.00027538694250368466,-37185.304739101564,0,10
0.035488351579898325,0.00028271804375316824,-37218.6548244426,0,9
0.03550676277855134,0.0002780567855100018,-37248.20268022673,0,9
0.03552523346873854,0.00026761156725703123,-37277.99411318906,0,9
0.03554370463228385,0.000245373462746056,-37307.79104154056,0,10
0.03556329145572201,0.00023991623834847153,-37340.695551836114,0,11
0.035583923537627495,0.00024213916789933804,-37364.74123717985,0,11
0.03560453258416956,0.00023221011852064756,-37388.88869156873,0,10
0.03562408410180229,0.00021924909857599912,-37410.85367122846,0,8
0.035641472970902886,0.00020817875221796665,-37428.322110481815,0,8
0.03565883767228139,0.00020497421997911223,-37446.94353636387,0,9
0.035677283512364405,0.00020471787565173324,-37468.54273416532,0,8
0.03569465992665008,0.000205083903588128,-37486.423891818136,0,8
0.03571202465938611,0.00020050248370489417,-37497.72165104471,0,4
0.03572496943656144,0.00019863211826346184,-37503.4658322554,0,4
0.0357378667660544,0.00019751815933339624,-37508.985349484574,0,1
0.035747449041461966,0.000202862506827348,-37510.59523319993,0,1
0.03575699576803914,0.0002102395812357739,-37512.130719433175,0,0
0.03576543752841975,0.0002204798281987361,-37512.414016329094,0,0
0.03577386743305291,0.00023288789084036535,-37512.67537698578,0,0
0.03578229732926242,0.0002471431285266461,-37512.93674331492,0,0
0.03579072722174983,0.0002629452864484747,-37513.19811421204,0,2
0.03580136703960807,0.0002768616261468922,-37517.67287948757,0,5
0.0358153455833088,0.0002834875104799532,-37528.53860520728,0,9
0.03583377969600204,0.00027721380276421275,-37557.1974847646,0,10
0.0358533658401995,0.0002689335806707049,-37589.097038983,0,10
0.03587296229143369,0.00028384684701709164,-37621.01270108214,0,7
0.03588916124178804,0.0002976570783196571,-37643.30145256502,0,10
0.03590865142936702,0.0003055574307121473,-37674.863853818126,0,10
0.03592820151092639,0.00030363578092264037,-37706.747576957,0,11
0.03594889182504672,0.0003022373526873252,-37730.293025929685,0,9
0.03596739640058867,0.00029666415561109956,-37749.75456278,0,9
0.035985877295247666,0.00028820883943963296,-37768.944455284116,0,9
0.03600435868383636,0.0002708787478958059,-37788.117703642674,0,8
0.036021734128996036,0.00026581248963989437,-37805.87967757566,0,7
0.036037945663406436,0.00025837810931302464,-37821.550116223356,0,8
0.0360552858265466,0.00024876521745432323,-37838.833107664046,0,6
0.03607044005440414,0.0002380995962281709,-37847.40851399446,0,3
0.03608225594364011,0.00022981377506276035,-37851.79035351785,0,1
0.03609182638579247,0.0002268513495495365,-37853.459459766964,0,0
0.03610026815001338,0.0002286310334538716,-37853.74386319836,0,0
0.036108698048950026,0.00023303642912612238,-37854.0052246013,0,0
0.03611712793946321,0.00023991112867384183,-37854.2665766115,0,0
0.03612555782625454,0.00024905072449894067,-37854.527929086726,0,1
0.03613509266899101,0.00025681584486431433,-37856.8131931717,0,1
0.03614463933791552,0.0002655815279139232,-37859.16386794666,0,9
0.03616302520372996,0.0002547073974058835,-37878.153190498604,0,10
0.036182610558048486,0.0002365360010254175,-37900.25050714406,0,9
0.03620110261695922,0.00022319007247826255,-37930.4194888601,0,8
0.03621846584666469,0.00021556887577438275,-37957.224989946364,0,8
0.03623582881533794,0.0002135016035051838,-37983.35323168083,0,8
0.03625317874104048,0.0002330079413358402,-38009.189634693575,0,7
0.03626935291359832,0.00025109154110652927,-38031.25533702029,0,8
0.036286620792185614,0.000254389623737114,-38056.20019430952,0,9
0.03630505315558358,0.0002469977297584807,-38075.020469691415,0,8
0.036322403865771895,0.0002465130700596006,-38091.86027745476,0,9
0.03634081145711288,0.0002526362672019008,-38110.63386641098,0,9
0.036359219025935745,0.00025911291524399516,-38129.49066459853,0,8
0.03637652230928707,0.0002582325940405607,-38147.28143509517,0,9
0.03639497803342121,0.00025122831222092353,-38168.55430147711,0,7
0.0364112479785826,0.00024400075497148704,-38184.19607649856,0,5
0.036425284467050206,0.00024245473304752832,-38191.473396886984,0,4
0.036438192591573354,0.00024120060620183564,-38197.22939109094,0,1
0.03644777465959814,0.00024380880496400272,-38198.90957238484,0,1
0.036457321141867643,0.00024864278129048807,-38200.512360704925,0,0
0.03646576286708665,0.00025658388008413155,-38200.79652843903,0,0
0.036474192740329675,0.0002665800499720659,-38201.057889101154,0,0
0.0364826226051583,0.00027840993521866463,-38201.3192406983,0,0
0.036491052466266195,0.000291850635659427,-38201.58060627425,0,1
0.03650058711567242,0.00030416333442244496,-38203.872001694785,0,7
0.03651676222894829,0.00030286714283144807,-38218.41501751795,0,10
0.036536322436997504,0.0002921635219695904,-38239.57627555985,0,7
0.036552604095352985,0.0002804284163428127,-38262.0740998023,0,7
0.036568850279711955,0.00026593893413533664,-38284.35104884636,0,7
0.036585096213449596,0.0002533113854506968,-38306.443158337206,0,8
0.03660244562213812,0.0002589733746673106,-38331.520492344054,0,10
0.036621933156576844,0.0002652522515511269,-38362.25639367979,0,10
0.03664144550521533,0.0002537266067515821,-38393.03615480079,0,10
0.03666100559611471,0.00023204713431143964,-38413.662671411774,0,9
0.03667949640557436,0.00021010283039301326,-38432.49923110957,0,9
0.036697974645067556,0.00020008137991312533,-38451.32129190525,0,8
0.036715323626544435,0.000210318679401711,-38468.02924279172,0,9
0.03673369446400916,0.0002167754563347876,-38487.45244977802,0,8
0.03675100809444928,0.00022346847624786327,-38506.55559734187,0,7
0.03676725306475889,0.00022434134595904854,-38521.91647308147,0,7
0.036783497934202665,0.00022540895165937242,-38531.66758642603,0,4
0.036796429040697465,0.00022940367242475025,-38537.38523453097,0,3
0.03680822003796134,0.00023472803171642673,-38541.69936148322,0,1
0.036817790094369474,0.00024148580830104374,-38543.339687246196,0,0
0.036826231807686044,0.00025175442531046423,-38543.6239188399,0,0
0.036834661661333916,0.0002639416311723086,-38543.88527894369,0,0
0.03684309150657195,0.000277790581136711,-38544.14663008879,0,1
0.03685262591840956,0.0002918052349775621,-38546.45500248775,0,2
0.03686327678085085,0.0003043876830077963,-38551.331367374616,0,9
0.03688167142392804,0.00030703975767814483,-38571.87611653131,0,9
0.03690014931555102,0.0002993137916532508,-38592.3671458016,0,8
0.03691752256094928,0.0002904539839217995,-38618.89079542711,0,7
0.03693377928013336,0.0002832842373048915,-38642.335739452086,0,8
0.036951127286271715,0.0002956513360450567,-38668.82503797276,0,9
0.03696950841933584,0.00031183041918961594,-38698.73697228334,0,9
0.03698787883716198,0.0003122642597397699,-38728.9528991529,0,8
0.03700525195967702,0.00030439750859046307,-38756.21983028123,0,9
0.037023717877090065,0.0002897785968179086,-38777.07670380419,0,8
0.03704109056709048,0.0002818603311340177,-38795.822405498155,0,9
0.03705952016558879,0.0002762218690638734,-38815.91853734871,0,9
0.03707796143224429,0.0002732219254068196,-38835.53641084604,0,8
0.03709532211976812,0.00026770743650808283,-38854.11030762246,0,8
0.037112683208998645,0.0002540909444417709,-38874.33765002559,0,7
0.037128940042128765,0.00023364898594649416,-38890.589834988226,0,8
0.03714628936722689,0.00020982839998843998,-38902.35540286414,0,4
0.037159231999800396,0.00019848596650255625,-38908.21596798405,0,1
0.03716881377638925,0.00019288654132571225,-38909.87591199263,0,1
0.03717835991128652,0.00019124095793850737,-38911.45524703643,0,0
0.03718680160657957,0.0001930019453107807,-38911.73878461307,0,0
0.03719523145552811,0.00019783953032531743,-38912.00014398425,0,0
0.037203661296075025,0.00020554497115304792,-38912.2614946938,0,1
0.03721319555486975,0.00021458196088165995,-38914.53292541098,0,2
0.03722384606825775,0.0002243208917137465,-38919.430543254966,0,7
0.03724003054310662,0.0002293290147928166,-38935.43515627359,0,11
0.03726069216385887,0.00022278942065677326,-38960.4990802648,0,8
0.03727808763546161,0.00021970100033437398,-38987.54701498793,0,7
0.03729434328322953,0.00021447249055655016,-39011.37942826996,0,10
0.03731389858314233,0.00023777859967183244,-39044.83904165037,0,9
0.03733227874243906,0.0002547655401839119,-39074.49906620463,0,9
0.03735068312457829,0.00026215166183914823,-39104.265625277025,0,8
0.037368019461438404,0.0002557359561791862,-39130.38889920113,0,9
0.03738648405654497,0.0002420890496451846,-39150.23378398434,0,10
0.0374060635031872,0.000247920325341151,-39172.16034759489,0,8
0.037423351233806176,0.00025629189266413593,-39189.43947974826,0,8
0.0374406397724416,0.00025171253742569907,-39206.55380576634,0,8
0.03745799894883937,0.0002527636850140347,-39224.624009259525,0,8
0.037475358832499577,0.0002431166356272409,-39244.27719621837,0,8
0.03749271870141385,0.00022925156997410842,-39261.879514060805,0,7
0.03750897405926975,0.00021545324340317974,-39271.87812006201,0,4
0.03752190429947213,0.00020783858418112934,-39277.583949355634,0,2
0.03753259034334778,0.00020244407549285486,-39280.615990814695,0,0
0.03754104387863373,0.00020379340504599457,-39280.92396331652,0,1
0.03755057802997928,0.00020706107406654823,-39282.495987501105,0,0
0.03755901969555973,0.0002136869889943278,-39282.780408623774,0,0
0.037567449521483096,0.0002228576778612601,-39283.041768749754,0,0
0.03757587933900988,0.00023427863635477018,-39283.30313449029,0,3
0.037587622302305536,0.00023964840020417554,-39290.308905867765,0,11
0.037608235482534245,0.000228142488946616,-39315.20270291062,0,11
0.03762893165485245,0.000207424099513448,-39339.957431576244,0,8
0.037646326837540635,0.00018280351318374313,-39366.53930848285,0,10
0.037665893541777316,0.0001871910859112644,-39400.08932852749,0,9
0.03768427322702959,0.0001896418425945247,-39429.42915842946,0,9
0.037702688555163254,0.0001898920584008138,-39458.864499311756,0,10
0.03772224392567089,0.00018336772543155736,-39491.753956879285,0,7
0.037738522241825015,0.00017280356149472292,-39514.85358080907,0,9
0.03775697237488113,0.00018546651560929817,-39534.5885456855,0,9
0.037775375137960275,0.00019809131100705782,-39554.196212212126,0,10
0.03779488223526417,0.00020591285405564466,-39575.87857733748,0,9
0.03781332106160971,0.0002048905979225794,-39595.4590777144,0,7
0.03782958736007968,0.00019648785602312217,-39611.26269950048,0,9
0.03784803780088823,0.00019586690830753118,-39633.08128055048,0,9
0.03786649991730417,0.00019819790620191296,-39652.883868638295,0,9
0.037884962378755625,0.00019234036298313773,-39665.84717788144,0,5
0.03789901990454237,0.00018739942013646044,-39673.04498334593,0,2
0.037909717412024674,0.00018740147102448408,-39676.11720151382,0,1
0.03791927515610765,0.00019089378353362113,-39677.75879245538,0,1
0.03792882101864089,0.00019685350730153412,-39679.35997832216,0,0
0.03793726266630585,0.0002066091601709246,-39679.64444906891,0,0
0.03794569247156198,0.00021872560092754272,-39679.90580898381,0,1
0.037955226483378686,0.00023066264631197374,-39682.227778291744,0,1
0.037964772262120965,0.00024452053809778375,-39684.94693413946,0,3
0.03797652640246769,0.0002558067410966245,-39692.30294862007,0,5
0.03799051268187873,0.0002608688430765831,-39703.90708366955,0,10
0.0380100437828663,0.00024959095978572393,-39737.14192888976,0,10
0.03802963269344875,0.0002565172037300902,-39771.03702559527,0,9
0.038048034962178436,0.0002587901517367896,-39800.80488864776,0,9
0.038066473002639746,0.00025578643563285437,-39830.90055899057,0,9
0.038084923508459004,0.0002399318068215781,-39861.21044655816,0,10
0.038104501683328615,0.00022116864139786456,-39894.170176222025,0,11
0.03812517152059101,0.0002106497622228661,-39918.56916678056,0,11
0.03814579393591299,0.00020062339282225252,-39942.87969206727,0,10
0.03816534791504108,0.00018695788889115393,-39964.88440588938,0,8
0.03818272909590101,0.000175281979722077,-39982.588358422356,0,8
0.038200086137420375,0.0001730921375933373,-40000.49818793098,0,10
0.038219627345518516,0.00017744516192607374,-40025.93867433144,0,8
0.038236995906807014,0.00018456323228303208,-40044.12249104446,0,9
0.038255457064739117,0.0001816544488867952,-40057.2044421537,0,5
0.03826951373913821,0.00018161557087741868,-40064.46407056439,0,4
0.03828241900286634,0.00018314761068782492,-40070.26130745324,0,1
0.03829200024476019,0.00018915692296817916,-40071.962660241006,0,1
0.03830154600406955,0.0001963836573615615,-40073.568479352834,0,0
0.038309987630806355,0.00020795367893315184,-40073.852944404556,0,0
0.03831841741676343,0.00022168292881388912,-40074.114303472816,0,0
0.03832684719433318,0.00023719067932995053,-40074.3756676147,0,0
0.03833527696818606,0.0002541515744955824,-40074.63703573059,0,2
0.038345914837918056,0.00026872563558830756,-40079.2477883847,0,5
0.038359888659739744,0.0002752143468182722,-40090.423287662416,0,9
0.038378314139222415,0.0002706590494550083,-40119.99110555162,0,10
0.03839789053293712,0.000267193066389093,-40153.26974279007,0,10
0.03841746564031703,0.0002834410169377575,-40186.68640572556,0,7
0.03843366982113498,0.0002986395376587552,-40209.925302147334,0,10
0.03845316285425037,0.00030308007668238506,-40242.87366160437,0,10
0.03847273901694414,0.000301514208175899,-40275.83011642001,0,11
0.03849341901796031,0.0002991877535459413,-40300.742347421365,0,9
0.03851190280791927,0.0002983539608416297,-40320.9780980995,0,9
0.03853037519314809,0.00029084070612551613,-40340.79700209741,0,9
0.038548848003017534,0.00027424987599543023,-40360.248286000235,0,8
0.03856621628348815,0.00026294911143911093,-40377.75102197114,0,7
0.038582468915103404,0.0002500375603769605,-40394.17361562281,0,8
0.03859981363056309,0.00023456038848515507,-40411.67123397851,0,7
0.038616066162358645,0.00021912503950194967,-40421.699488412436,0,3
0.03862789076810236,0.00021186081261143782,-40426.21527014735,0,1
0.038637460034859725,0.0002102186218469622,-40427.92272419722,0,0
0.038645901662631,0.0002123844390930493,-40428.208218987435,0,0
0.03865433144331934,0.00021734696472041566,-40428.46957816873,0,0
0.03866276121562709,0.00022492168453371703,-40428.73092766027,0,0
0.0386711909842182,0.00023485598233518012,-40428.992277102414,0,0
0.03867962074909272,0.0002468651580483807,-40429.25364070594,0,2
0.038690258440430086,0.0002561575754055508,-40433.67009044188,0,9
0.03870864774031006,0.0002457857510369872,-40452.64570058629,0,10
0.038728223559012405,0.00022866282136159758,-40474.749988784184,0,9
0.038746706845095236,0.00021921866520641223,-40504.723322095175,0,8
0.03876407419917445,0.00021471869345283265,-40531.170751990314,0,9
0.0387825330232082,0.00022038826180192543,-40560.82937571835,0,8
0.03879986344119079,0.00024155110726173005,-40587.117156153654,0,7
0.038816030956146094,0.00026092721988897616,-40609.819018365895,0,8
0.038833303256312346,0.000263815826919912,-40636.00418709772,0,9
0.03885173916322362,0.00025377812414203646,-40656.61328608622,0,8
0.03886910579215838,0.00025597672321899727,-40675.438206697196,0,9
0.0388874931149912,0.0002627107733636521,-40696.00097016022,0,9
0.0389059043724044,0.0002655043012280944,-40715.46775512069,0,8
0.03892327103247503,0.00026750589826626277,-40733.54802614896,0,9
0.03894171814642486,0.00026297053511228246,-40756.656497989636,0,8
0.03895908515077026,0.00025659438270552413,-40774.69550327939,0,5
0.03897312870720675,0.0002541790705584093,-40782.21325686422,0,4
0.03898603299917409,0.0002520149345720659,-40788.13791647476,0,1
0.038995613974286365,0.0002539510329696264,-40789.83581424078,0,0
0.039004055583289766,0.00025951687355657045,-40790.12053294246,0,0
0.039012485342079774,0.0002672585027958,-40790.38188983884,0,0
0.03902091509249341,0.0002769886440856808,-40790.64323686263,0,0
0.03902934483919136,0.00028850617076887165,-40790.904583850854,0,0
0.039037774582173695,0.0003016063834945844,-40791.165945349196,0,1
0.03904730810499752,0.0003147942290491015,-40793.442174382006,0,7
0.03906347641274801,0.0003169084874056611,-40807.882726466356,0,10
0.03908302774979403,0.00030006158141680745,-40828.831356310984,0,7
0.03909930283515001,0.00028501978643972055,-40851.272484367066,0,7
0.03911554246422233,0.0002674673243547629,-40873.5805872891,0,7
0.03913178193798168,0.0002502962743026673,-40895.91991705827,0,8
0.03914912370264634,0.0002563140966069949,-40921.389438810955,0,9
0.0391674863320684,0.0002630175222910909,-40949.570028076516,0,9
0.03918584989548846,0.00025442069432758625,-40977.57729290936,0,8
0.039203169318498744,0.00023692084606355532,-40994.48895506057,0,8
0.03922052411902723,0.0002177591732982796,-41011.604819588116,0,7
0.039236774630602954,0.00020817176248731468,-41026.765297108395,0,8
0.0392541046941512,0.00020843744168108286,-41043.92036704061,0,7
0.039270307024552774,0.0002167011496613074,-41059.97680097676,0,6
0.03928539376604141,0.0002282677715299912,-41075.61163021578,0,6
0.039300492753581745,0.0002331525540342305,-41088.974423081956,0,6
0.03931561538958982,0.00023728225484674628,-41097.71732338441,0,5
0.03932963455583023,0.00023891884975817224,-41104.937255281286,0,2
0.03934033076598693,0.00024462812539166785,-41108.00360074527,0,1
0.03934988784091492,0.00025229072188053675,-41109.63860238087,0,0
0.03935832941410077,0.00026239004672903084,-41109.92292258569,0,0
0.03936675915011011,0.0002743382618754755,-41110.18427953429,0,0
0.03937518887775153,0.00028790956837996656,-41110.4456279206,0,1
0.03938472226483563,0.0003015290115480628,-41112.789495467725,0,2
0.03939537120947556,0.00031323026332221647,-41117.748274738784,0,9
0.0394137576805958,0.0003131958583444173,-41138.31003784004,0,10
0.03943333064112962,0.00030503930798248495,-41161.72056802176,0,7
0.039449604259970975,0.00030021464798313485,-41186.29893932221,0,7
0.03946584250500932,0.00029381258884797186,-41210.93480320865,0,7
0.0394820807131997,0.0002868481864779185,-41235.89441054868,0,8
0.039499422294664674,0.00028224739594857727,-41264.490812187156,0,8
0.0395167625454465,0.00029623829658607134,-41293.19138770041,0,7
0.039532928388379227,0.0003087078379340209,-41317.57868665451,0,8
0.039550198501267744,0.0003112294059382288,-41336.64479894291,0,7
0.03956642476276551,0.00030535334189803936,-41353.533864636694,0,8
0.03958376693054691,0.0002891273611929143,-41372.0315690025,0,8
0.0396011209537572,0.0002675655644494729,-41390.176537875865,0,7
0.03961737012146036,0.0002636689611932693,-41406.61707810808,0,7
0.03963352476103457,0.0002589113476524214,-41424.82899893067,0,6
0.03964862320517438,0.0002544220143056187,-41438.47852568564,0,7
0.03966484909370922,0.00024624835171856304,-41448.7664504471,0,4
0.03967777610373975,0.00023971332580115365,-41454.675807674044,0,1
0.03968735678872582,0.0002391394279078125,-41456.37443444678,0,1
0.0396969019765621,0.0002403110838480677,-41457.97972912131,0,0
0.03970534353572333,0.0002453602314226957,-41458.264038947425,0,0
0.0397137732631577,0.0002527334833789955,-41458.52539511603,0,0
0.039722202982226056,0.0002622294362462789,-41458.78674259072,0,0
0.03973063269758014,0.0002736271769328409,-41459.048104848494,0,2
0.03974126966686544,0.00028119865499157576,-41463.73522636839,0,7
0.03975744861122243,0.0002713530305968849,-41479.470180960176,0,10
0.039776997160873344,0.0002511727698957407,-41502.058512141055,0,8
0.039794349721144956,0.00024079967434658642,-41528.616487183106,0,6
0.03980944768483491,0.00023649545519618457,-41548.667963557666,0,10
0.03982892415167405,0.00023051168301134434,-41581.546134996046,0,9
0.0398473557015525,0.00023513481697299898,-41611.10101721061,0,9
0.03986578627008325,0.000256681701564256,-41640.5706163671,0,8
0.03988306653322548,0.0002712376082419048,-41666.50435820438,0,9
0.039901474820104435,0.0002702000085595721,-41686.38645473984,0,9
0.03991993077739281,0.0002603385294629035,-41706.44919578498,0,8
0.039937294991144075,0.00025002602465044096,-41724.235114053634,0,8
0.039954647439372895,0.000236793925219679,-41741.76293082284,0,8
0.039971999178944013,0.00023454991227082151,-41759.64480262116,0,8
0.03998930315246477,0.00024066763736846862,-41779.83587998052,0,8
0.04000659525363084,0.0002480590638364628,-41797.56518568583,0,7
0.040022808029448756,0.0002488006946446029,-41807.685057158014,0,5
0.040036837629661745,0.00024983605679508645,-41814.77787788405,0,2
0.04004753333248478,0.0002536967907707283,-41817.91677442302,0,1
0.04005709015976613,0.00025943341368637833,-41819.59075586546,0,0
0.04006553169803946,0.0002681960509113021,-41819.87560779196,0,0
0.040073961402882156,0.0002788739064984461,-41820.136964094774,0,0
0.04008239109936604,0.00029125534249055667,-41820.39831143898,0,0
0.04009082079213662,0.00030513304797019544,-41820.65967323469,0,3
0.04010256089838158,0.0003137061351979639,-41827.948308646395,0,11
0.040123164522322535,0.00029828287429738457,-41853.36646925455,0,11
0.04014385048390788,0.00027971187209444156,-41878.42898064437,0,7
0.04016011074496029,0.00026628439372351764,-41902.08092436569,0,10
0.0401796564531263,0.00026750543740936363,-41936.03313634238,0,10
0.04019917785161445,0.0002785526524278197,-41969.53033188672,0,9
0.04021756127855283,0.00027763667328250326,-41999.157031556075,0,9
0.04023596894100774,0.00026541778474772486,-42028.88377849998,0,7
0.04025222894080468,0.00025347127337166527,-42052.073360448754,0,9
0.04027067188822112,0.00023997425412506315,-42071.97868218261,0,10
0.04029022965565037,0.00023086645502840637,-42094.15060799344,0,10
0.0403097863287205,0.00024040773994485115,-42116.11075334922,0,9
0.04032816888662671,0.00024774916966767175,-42135.500851422184,0,8
0.04034547203905735,0.000251125041079746,-42153.18639406271,0,9
0.04036389076493359,0.00024563076354489684,-42175.99342419794,0,9
0.04038235702009319,0.00023423913709806645,-42196.21110589476,0,9
0.040400823254778014,0.00021981260225141668,-42209.50617679868,0,5
0.04041487595628609,0.00021361311297674322,-42216.810506986076,0,2
0.040425571275884274,0.0002150089253821508,-42219.950222601256,0,1
0.040435127962845076,0.00021695591947865328,-42221.615643964375,0,1
0.0404446727351119,0.00022224703346711825,-42223.2518510572,0,0
0.040453114249912527,0.00023030243336701,-42223.53694205,0,0
0.04046154393950136,0.00024062182167789746,-42223.79829883742,0,1
0.040471076855619376,0.0002520962191406517,-42226.239080678024,0,1
0.040480621582000005,0.00026472890179454674,-42229.08145510976,0,3
0.040492372980333965,0.0002731753014431901,-42236.69991195253,0,6
0.04050745766875063,0.0002780575077087282,-42251.06893637351,0,9
0.040525887410434544,0.00027840253315022093,-42281.7695172901,0,10
0.04054545433618868,0.00029831344753510725,-42316.26038491614,0,9
0.04056382391154557,0.0003122801205580855,-42346.193430565494,0,9
0.0405822302916533,0.0003073540873914119,-42376.229985597434,0,8
0.04059959286667853,0.00029454186495520685,-42403.044664477726,0,10
0.04061914983367628,0.0002794887816127546,-42435.409461738,0,11
0.04063979750308283,0.00027223061428323717,-42459.08500905144,0,11
0.04066042111730035,0.00027056492891212923,-42482.85029395432,0,10
0.04067991846331664,0.00026020167647756895,-42504.2626639827,0,7
0.0406961653927763,0.00024908456649853927,-42519.54452442365,0,9
0.04071460717088997,0.00023034358318937124,-42539.667526074765,0,8
0.040731969275719496,0.0002114340961773602,-42561.61630367775,0,8
0.04074931876002529,0.00020578104913224419,-42580.07774773597,0,9
0.04076771215646126,0.00020184336083838882,-42593.374287570674,0,4
0.040780625187770016,0.00020313058527903668,-42599.39302722474,0,3
0.04079241149149484,0.00020603597203924884,-42603.95962716397,0,1
0.040801979797485906,0.00021045177750505929,-42605.67772060345,0,0
0.04081042130411513,0.00021835291116621393,-42605.963313920656,0,0
0.040818850977872446,0.00022865437116609524,-42606.22467058209,0,0
0.04082728064328312,0.00024105004656912183,-42606.4860180057,0,0
0.04083571030498187,0.0002552349969139104,-42606.74738109287,0,0
0.040844139962968755,0.0002709283225156446,-42607.00875434561,0,2
0.04085477589327037,0.0002846620036872487,-42612.4716108314,0,5
0.04086874494093533,0.00029181293609729356,-42624.74674624935,0,9
0.04088716229656326,0.0002847081908054891,-42655.51429463606,0,10
0.04090673012877993,0.0002691354885962147,-42689.965177875645,0,10
0.04092630876643821,0.00026723629963615385,-42723.64917049572,0,7
0.04094253015916403,0.00027726858658492576,-42746.71644244961,0,10
0.04096198971730571,0.00028786548173067943,-42778.919735816686,0,10
0.04098146187573997,0.00028662503186344877,-42810.89408829225,0,11
0.04100211887895069,0.0002978528702869311,-42834.778447281875,0,9
0.0410205346729795,0.000305079748361203,-42854.203615658655,0,9
0.04103899805428196,0.00030755062235032164,-42873.65268941971,0,9
0.041057450211577445,0.0002997092846489255,-42893.026671553045,0,7
0.0410737081978261,0.0002882051551167413,-42908.498280848056,0,7
0.04108994230016199,0.00027710026868484923,-42925.28446843368,0,8
0.04110726729255418,0.0002695257726958154,-42942.86607311765,0,6
0.041122398123911726,0.0002618396218415124,-42951.90387009492,0,3
0.041134207814121346,0.00025951556188234863,-42956.466067868365,0,1
0.04114377604673378,0.00025933582270683134,-42958.19076588561,0,0
0.0411522175406485,0.00026274349615089355,-42958.476178972865,0,0
0.041160647202980793,0.00026839041619854473,-42958.73753465273,0,0
0.04116907685696959,0.0002761343166814389,-42958.998880838124,0,0
0.04117750650724696,0.00028580479142265567,-42959.26022702953,0,1
0.04118703925899234,0.0002945936535542479,-42961.60282489437,0,2
0.041197686919690106,0.0003014926563055021,-42966.10101986914,0,9
0.04121606804489938,0.00029047537501094184,-42985.74945853076,0,11
0.041236738155007106,0.00026548420000182556,-43011.07041372625,0,9
0.04125522559020845,0.00024225964449438192,-43041.83317949989,0,8
0.041272585643519315,0.00023073996695448774,-43068.761821313805,0,8
0.041289933369920206,0.00023042684437184568,-43095.02927679512,0,8
0.04130725629153848,0.00024992605691213113,-43120.88700851941,0,7
0.04132341742302154,0.0002659833317220752,-43142.973281278275,0,8
0.04134068211399435,0.00027117404790856075,-43168.01508282836,0,9
0.04135908627474886,0.0002571351589718435,-43186.9756814043,0,9
0.04137754885318487,0.0002493845909475015,-43206.246237889005,0,9
0.041395963635404945,0.00024938352723986233,-43225.34399639468,0,9
0.04141435468272322,0.00025107591316994403,-43244.307100225495,0,8
0.04143167872820658,0.00024654006360318224,-43261.4972093784,0,9
0.041450129054804385,0.0002441531704579987,-43282.252345551235,0,8
0.04146748798340285,0.0002476290682132455,-43299.81590480994,0,6
0.04148262954352834,0.00024847322692065813,-43308.56865435495,0,3
0.04149443860125013,0.00025459422475986986,-43313.04372406859,0,1
0.04150400653821052,0.00026217596156486383,-43314.765714448244,0,0
0.04151244800206289,0.0002715237969897365,-43315.05070094748,0,0
0.041520877638999296,0.0002827114475343657,-43315.3120553068,0,0
0.041529307267602907,0.0002955398709591132,-43315.57340023541,0,0
0.04153773689249623,0.0003098053129859941,-43315.834745031934,0,0
0.04154616651367933,0.00032531878341545393,-43316.096103799544,0,1
0.04155569902430427,0.00034036581038324345,-43318.415842930895,0,9
0.04157406633349236,0.0003450886954188446,-43337.45196520154,0,10
0.04159363119874419,0.00033989312018374324,-43359.51149219477,0,7
0.04160989970537517,0.00032898065460793376,-43382.64468511392,0,7
0.04162613261493839,0.0003176758172617869,-43405.386113575456,0,7
0.041642364517603996,0.0003178081567292037,-43427.9162143944,0,8
0.04165965141280819,0.0003251159135438552,-43453.29366819761,0,9
0.041678005754188,0.0003312010000065039,-43481.50130217988,0,10
0.04169750028967696,0.0003123090637714604,-43512.74004283759,0,10
0.04171707764462389,0.00028549911067392525,-43533.965084143194,0,9
0.041735551753500764,0.000260972350433305,-43553.243709298295,0,9
0.04175400075343022,0.00025879676521907115,-43572.64394852611,0,8
0.041771299270207916,0.00026458399209567534,-43589.900152742404,0,9
0.04178966526604166,0.0002678481027024076,-43609.62699558175,0,9
0.04180805522975937,0.00026572748808538705,-43632.09229649739,0,7
0.04182427545617507,0.00025858428057955966,-43647.78550151886,0,7
0.041840507301464026,0.00025374416137334527,-43657.99213117336,0,5
0.04185453371768086,0.0002489348325033025,-43665.325239844155,0,2
0.04186522793747188,0.0002506679557935787,-43668.46205113805,0,0
0.04187368121191514,0.000255535005160052,-43668.77088265226,0,0
0.041882110843657915,0.0002626301117673812,-43669.032246295064,0,0
0.04189054046245175,0.00027178755102526557,-43669.29359133367,0,0
0.041898970077535846,0.0002828070584759523,-43669.55493676189,0,1
0.04190850243192943,0.00029431774125588864,-43671.93748566775,0,2
0.041919149457123966,0.00030375494635586476,-43677.41982654168,0,9
0.04193752779095081,0.0002993442527188834,-43700.643314518966,0,9
0.041955988720907327,0.0002897029697766391,-43723.3163099299,0,7
0.04197224412587115,0.00028027038847104954,-43748.07015633175,0,7
0.04198847555641228,0.0002750989371206265,-43773.14285670813,0,7
0.042004705657123796,0.00029023561623614974,-43797.21440271175,0,9
0.04202306985288669,0.0003098842742390353,-43827.66027980821,0,9
0.0420414227523929,0.00032170168334167326,-43857.900958435086,0,8
0.04205870960721827,0.0003176624204642584,-43884.25539354325,0,9
0.042077158355057785,0.00030906292017638163,-43904.57472559196,0,8
0.04209451571340581,0.00030587692199203704,-43922.74196677509,0,9
0.042112928061228676,0.00030805899185417957,-43942.80067297096,0,9
0.04213135252563049,0.00030656547807658637,-43962.69035563573,0,8
0.04214870995306233,0.00030174953817973746,-43980.96038109326,0,8
0.042166056180464186,0.000286707297715448,-44002.2209905554,0,7
0.04218229991518454,0.0002651952364536713,-44018.650440772144,0,6
0.042197429058531216,0.00024109691274476196,-44027.63180727677,0,4
0.042210340495284174,0.00022486700202094202,-44033.58516799894,0,1
0.04221990816323851,0.00021780447984980205,-44035.248170156556,0,1
0.04222945217943436,0.0002136530284767434,-44036.85471841862,0,0
0.04223789361136302,0.00021206877829089328,-44037.13914263645,0,0
0.04224632323020985,0.00021333247796866884,-44037.40049580222,0,0
0.04225475284073389,0.00021740695833471585,-44037.66184008922,0,0
0.042263182447548446,0.00022413898823584223,-44037.923199394594,0,2
0.042273817196362244,0.00023169896110301498,-44043.33528746298,0,7
0.04228998871588769,0.0002329750859879097,-44060.025359675135,0,11
0.042310629712990655,0.00022791983959044197,-44085.252412997994,0,8
0.042328010378440986,0.0002177129794702741,-44112.15435289986,0,6
0.042343150432220054,0.00020626619128099555,-44132.32188201196,0,9
0.042361574348876295,0.00019566155719866679,-44161.889352766826,0,9
0.042380008570248,0.00021469835665635157,-44191.34239711753,0,9
0.04239836050004132,0.000225679638006536,-44220.460481195754,0,8
0.04241565798922966,0.00022127139286379753,-44246.33685588132,0,9
0.04243409383632197,0.00020601378599070515,-44266.11772461773,0,10
0.04245365503109981,0.00020301936564524157,-44288.16583530061,0,8
0.04247097513634958,0.0002116630807977336,-44305.66762401331,0,7
0.04248714554938049,0.00021935360696556146,-44320.69632838178,0,8
0.04250441835755069,0.00022891692276912827,-44338.218767777566,0,7
0.042520612920008326,0.00022766163205576557,-44355.82263098482,0,7
0.042536843071205685,0.00022218642101487162,-44371.51827530675,0,7
0.042553073303697335,0.00021327718391790873,-44381.43867419975,0,4
0.04256599572313688,0.00021054498913740087,-44387.21807128736,0,2
0.04257667763854995,0.00021152585095076472,-44390.19476347378,0,1
0.0425862333616321,0.00021615578351466712,-44391.80213600045,0,0
0.042594674769141416,0.00022390819257622175,-44392.0862050212,0,0
0.042603104360350176,0.00023401241018347862,-44392.34755670173,0,0
0.04261153394324034,0.00024618324275301704,-44392.60889970871,0,0
0.04261996352242228,0.00026013077723169233,-44392.870257380986,0,3
0.0426317007314698,0.00026873727967777076,-44400.12906031296,0,8
0.042648985946319176,0.0002660585422015052,-44418.418171474776,0,11
0.042669637531090855,0.00025537364744672284,-44442.558357927985,0,7
0.04268591468127598,0.0002454909343276262,-44465.50998777748,0,9
0.04270434996380529,0.00022425792040323847,-44494.875684817234,0,10
0.042723910013688145,0.00022262110819586654,-44527.45174737822,0,10
0.042743411103178,0.0002199287422424086,-44559.66550555364,0,9
0.04276182159235646,0.00021664915698668235,-44588.62306670286,0,7
0.042778074529150126,0.00021345979605894518,-44611.365111276275,0,9
0.04279650900581497,0.0002015126512300517,-44630.79237728465,0,10
0.0428160693911189,0.00018798718254287616,-44652.28870094153,0,9
0.042834502580112746,0.00019758015268913755,-44671.567190512644,0,9
0.042852865516877274,0.0001951812847482218,-44690.506760487726,0,8
0.042870185195215314,0.00018974161001725483,-44707.68538717858,0,9
0.04288863121583504,0.00017558816075852882,-44728.976951686265,0,9
0.04290708850219092,0.0001701986104977743,-44748.63777635192,0,8
0.042924395720462416,0.00017560348288258443,-44759.65792524206,0,5
0.042938419627438565,0.00018123718631887862,-44766.65537750624,0,2
0.042949112959623885,0.00018775142227821348,-44769.597915518294,0,1
0.042958668466580904,0.0001977790789015514,-44771.174507813856,0,1
0.04296821214234657,0.0002097782373888889,-44772.722416460834,0,0
0.04297665351713383,0.00022346944485809699,-44773.00586529569,0,0
0.042985083083834,0.00023891731100244464,-44773.26721593908,0,0
0.042993512642223966,0.0002558159726841094,-44773.5285721271,0,0
0.043001942196906756,0.00027389703437577403,-44773.78993211305,0,2
0.04301257647212149,0.0002894311557929986,-44778.267329258364,0,5
0.043026541477162915,0.0002980378751716601,-44789.13436802153,0,9
0.04304495135689848,0.0002959141094070143,-44817.869871370734,0,10
0.0430645106043237,0.00029062892867074807,-44850.27351068145,0,9
0.04308296612833005,0.0003044907748619765,-44879.378474665755,0,9
0.04310132761345816,0.0003130730687651295,-44907.9129168239,0,8
0.04311863471740307,0.00031267023481319414,-44933.443047173925,0,11
0.04313928461909484,0.00030209937508634687,-44968.373206012104,0,9
0.04315776544153782,0.000287436124397031,-44987.786135017755,0,11
0.043178426798042506,0.0002758191890464602,-45011.2612067765,0,10
0.04319798574050097,0.0002658598104505004,-45032.55206436178,0,7
0.04321424959010433,0.00025772870550899355,-45047.591845960975,0,9
0.04323268245310588,0.00024901907432665237,-45066.696089045254,0,8
0.04325003671759706,0.00023916781564063878,-45084.768246554624,0,7
0.043266276823868494,0.0002302438135392748,-45099.86670819738,0,8
0.04328360698552318,0.00022728130756750125,-45110.88875514582,0,4
0.043296539858229906,0.00022998338254300434,-45116.59111009134,0,2
0.043307221279221375,0.00023130548375681998,-45119.501943212315,0,2
0.043317878989935804,0.00023500821639865421,-45122.33707200268,0,1
0.043327434365745335,0.0002423408283109988,-45123.88802821184,0,0
0.043335875730043084,0.0002520302748425165,-45124.171154649186,0,0
0.043344305283255606,0.00026367265838372585,-45124.43250440013,0,1
0.043353837107799935,0.00027494891869948455,-45126.69596901209,0,1
0.043363380657535956,0.0002878937276901478,-45129.19520942891,0,3
0.0433751287497097,0.00029729206001112703,-45136.0432290319,0,6
0.04339020749768698,0.00029544422469994193,-45149.36521873869,0,7
0.043406423669992644,0.0002895116841679038,-45172.51833686035,0,10
0.04342595841856575,0.0002764072994510312,-45205.96827775363,0,11
0.04344662997520778,0.0002731548551808953,-45243.16508689407,0,9
0.0434650600222286,0.0002956952031451534,-45273.01599631629,0,10
0.043484509951460755,0.00031180642793825105,-45305.84539530184,0,10
0.043503984718414095,0.00031035098372742036,-45338.023209046056,0,8
0.043521325904024896,0.0003093273724454662,-45355.88659116026,0,10
0.04354083560136984,0.00031195823249180487,-45377.82100652095,0,9
0.04355924342725397,0.0003109686665890524,-45397.37997043953,0,9
0.04357768635709278,0.000313489127286312,-45416.7161985473,0,7
0.04359393758381094,0.0003073175784833217,-45431.92109753503,0,8
0.04361126751886237,0.00029478583411153336,-45449.79131368171,0,9
0.04362971127748566,0.0002798013364091352,-45469.28708798968,0,7
0.04364596250559718,0.0002654094361052628,-45479.05002949661,0,5
0.043659985646007114,0.0002543230583352371,-45485.96765358827,0,2
0.04367067857171924,0.0002491140100100175,-45488.949015578866,0,1
0.04368023390405354,0.00024718121818776795,-45490.549279274775,0,1
0.0436897774325175,0.0002469683636355302,-45492.112687660156,0,0
0.04369821878307313,0.0002505448836404779,-45492.39627479389,0,0
0.0437066483277414,0.0002564612018749525,-45492.65762459323,0,0
0.043715077864104925,0.00026455509459146474,-45492.91897995661,0,1
0.043724609559915424,0.00027242666135421487,-45495.18964189959,0,1
0.04373415304862937,0.00028127948722887514,-45497.52590400188,0,4
0.04374700309061093,0.0002829505356791189,-45506.239211754204,0,7
0.04376319493458567,0.00027590629782508184,-45528.70023606942,0,8
0.043780524317561416,0.0002608889921758527,-45554.363291442554,0,8
0.043797865502387866,0.00024350674037484763,-45580.18530701769,0,7
0.04381410388272403,0.0002377166610638452,-45602.65758768612,0,9
0.04383252133317341,0.0002565736253389409,-45631.2759413677,0,9
0.043850868140158254,0.0002718513422049321,-45659.43220954281,0,9
0.043869239662186185,0.00026931870049382234,-45678.45551021138,0,9
0.04388767092702614,0.00025255956349163857,-45697.703978112244,0,8
0.04390502330048011,0.0002391276656614088,-45714.88433649768,0,10
0.043924566506652774,0.00024912655397521126,-45736.098479316955,0,9
0.043942948739449456,0.0002582743250085808,-45755.06479956432,0,9
0.04396131959926136,0.00026009083144898473,-45775.36620708911,0,7
0.04397754566981865,0.0002594445726772919,-45790.54089901192,0,6
0.04399264623379315,0.00025674986569097725,-45798.97161078462,0,5
0.044006656395879265,0.0002583424479992833,-45805.963850069,0,2
0.044017348932370276,0.0002609926616929257,-45808.9293198095,0,1
0.04402690411985987,0.0002652667496960773,-45810.513295123936,0,0
0.04403534545085225,0.0002729086002705308,-45810.79652573382,0,0
0.04404377497359643,0.0002825098237839813,-45811.05787363088,0,0
0.04405220448804155,0.0002938740039436875,-45811.31921301691,0,0
0.04406063399878146,0.00030680529841189383,-45811.58056647408,0,2
0.044071267599156624,0.00031668497068616563,-45815.743256804715,0,5
0.044085230791258256,0.0003209256582875201,-45825.982242169615,0,8
0.04410253537654116,0.00031623654939333764,-45842.47406796037,0,9
0.04412097695997391,0.0003106124346746702,-45870.81726826153,0,9
0.044139430665760954,0.0003008042669198392,-45899.23532107484,0,8
0.04415678286768861,0.000282606159333234,-45924.67136572064,0,9
0.04417522492247252,0.00026411299740734004,-45953.19879803947,0,7
0.04419147344433342,0.00026839456267124725,-45975.59174976101,0,8
0.04420871752645244,0.000275467425572653,-46000.61472430585,0,8
0.04422596195186148,0.0002771052106035837,-46017.582229283384,0,8
0.04424324282689774,0.00026239932185128403,-46034.95000253978,0,8
0.04426058270327551,0.0002440029367669817,-46052.74825357236,0,8
0.04427792205127678,0.0002319328871248491,-46070.10971339048,0,8
0.044295224892541285,0.0002390158193090823,-46087.38539771339,0,8
0.04431246891016714,0.00024333412269276054,-46107.08493446116,0,5
0.04432644304792205,0.00024410081408493206,-46118.234574810056,0,6
0.044341531113382,0.00024043658623516058,-46126.656776726355,0,4
0.0443544389828076,0.00023907169239876185,-46132.30517124721,0,1
0.04436401762173129,0.00024179879760431166,-46133.958200157525,0,1
0.044373560852097406,0.00024637116598492606,-46135.52750569097,0,0
0.04438200216027702,0.0002543643077268794,-46135.811260592374,0,0
0.04439043166731995,0.00026442890702562354,-46136.07260921263,0,0
0.04439886116606957,0.0002763358844462544,-46136.333949255,0,1
0.04440839255328132,0.00028794381922167577,-46138.595319058055,0,2
0.0444190377983815,0.00029567308775980353,-46143.15218249084,0,6
0.04443410275053502,0.00028901914579435847,-46156.28215672346,0,8
0.044451417699911115,0.00028542924313959875,-46174.003237164754,0,8
0.04446872061474752,0.00028261701595429716,-46200.022192006996,0,9
0.044487090205568396,0.0002746210461908747,-46229.878549571484,0,9
0.04450550674349401,0.00027020706713476786,-46260.00711148196,0,9
0.04452392304782946,0.0002693838435290599,-46290.99956410086,0,9
0.044542338181933365,0.0002854725347715076,-46322.88838567415,0,8
0.04455959276746144,0.0002989603091674696,-46351.33348388881,0,10
0.04457905231485278,0.0002904745644188593,-46379.07578934244,0,8
0.044596414485633035,0.00028012453667384504,-46401.40883849073,0,8
0.044613753072051995,0.0002674358399753768,-46422.09450806695,0,7
0.044629989930549244,0.0002525693663636323,-46439.21577519383,0,8
0.04464731647045875,0.0002401164872076962,-46458.00257963025,0,8
0.044664630534144614,0.0002386085362505885,-46478.59743285729,0,6
0.04467974109999068,0.0002392275843244465,-46492.9983327304,0,7
0.0446959536743444,0.00023465655978662544,-46503.380694249056,0,5
0.04470997465159094,0.00022889250343884033,-46510.59753334436,0,2
0.04472066677488806,0.0002265359193566547,-46513.59160980261,0,1
0.0447302217458205,0.00022656528447004376,-46515.19402649062,0,0
0.04473866304594638,0.00023156448568490236,-46515.47763198857,0,0
0.04474709254117756,0.00023903308202819095,-46515.738979725065,0,0
0.04475552202811772,0.00024873468870162526,-46516.00031917231,0,0
0.04476395151135391,0.00026041985438642,-46516.26167298336,0,3
0.04477568638971316,0.0002656694797626662,-46522.792756592076,0,7
0.04479186396936971,0.0002562932640549316,-46537.980010354135,0,8
0.044809190003702655,0.0002455039775294848,-46555.432219701055,0,7
0.04482542560894756,0.00024246224465482953,-46578.32254490983,0,8
0.044842739492772156,0.0002360634220618617,-46605.143676678395,0,9
0.04486116667809444,0.00023094719069392038,-46635.581100601084,0,9
0.04487959240526182,0.0002502135684829576,-46666.46304727919,0,7
0.0448957563460142,0.00026285885571533055,-46690.732394195555,0,8
0.04491302239913877,0.0002668808539518361,-46718.23412339923,0,9
0.04493143768723984,0.00026295659179571026,-46741.36407580305,0,8
0.04494878716392346,0.00025043169073058874,-46762.14662762365,0,9
0.04496722627404649,0.00023685419597758485,-46784.54916304574,0,9
0.0449856766957698,0.000230243532361534,-46805.29736530072,0,8
0.04500298927738215,0.0002381614756225575,-46823.32686030782,0,8
0.04502026659492765,0.0002450100417561406,-46843.03861628101,0,8
0.04503754435711626,0.0002433041741923989,-46861.159078911,0,6
0.04505265436530406,0.00024059866607307632,-46869.88389563147,0,4
0.0450655613604961,0.0002361127755995347,-46875.67895358043,0,1
0.045075139719077895,0.0002378028017906484,-46877.34388827191,0,0
0.045083581007992424,0.00024353818785959405,-46877.628043659264,0,0
0.045092010486031855,0.0002515798928927576,-46877.88939164285,0,0
0.04510043995578776,0.00026170872611715553,-46878.15073050262,0,0
0.04510886942184044,0.0002736930600347482,-46878.4120695028,0,1
0.04511840054772221,0.00028493321311477525,-46880.69077144121,0,1
0.0451279434736292,0.0002964484589516,-46883.08083128146,0,6
0.04514299480710605,0.0002946926839060793,-46896.274709618076,0,9
0.045161410227409805,0.0002770477902846162,-46916.22140165668,0,9
0.04517986066797942,0.00025849562034585674,-46945.913962658466,0,8
0.04519720902952423,0.00024790903195629925,-46972.920392896565,0,7
0.045213443862121616,0.00024123862259396023,-46996.616399868515,0,8
0.04523076754076913,0.0002496420283666145,-47024.239233884065,0,7
0.0452469307468396,0.0002585775559940596,-47048.417149754365,0,8
0.04526423106046251,0.00026490940353043527,-47076.438886782635,0,10
0.04528373529339441,0.00025433269964061917,-47101.66508824671,0,9
0.04530219673581941,0.00024365497105557048,-47124.664115734464,0,8
0.04531954475308882,0.00023401654897103072,-47143.785739639134,0,6
0.045334677366333016,0.0002350190673158423,-47157.62268329398,0,8
0.0453519418291806,0.00024206078963600708,-47175.39654701901,0,9
0.04537030808114597,0.00024354307070713078,-47196.74357417896,0,8
0.04538764377792932,0.00024242479441423883,-47214.962278278574,0,7
0.04540387806438326,0.00023966733368927315,-47225.04275784895,0,5
0.04541789766459306,0.0002363932844683351,-47232.13397343987,0,2
0.045428589203599073,0.00023625944531534209,-47235.11159921861,0,1
0.045438143878104575,0.0002382338118593513,-47236.71042031288,0,0
0.045446585138478185,0.00024492507203392787,-47236.99400410156,0,0
0.04545501459847478,0.0002538618927248959,-47237.25535055373,0,0
0.04546344405019115,0.0002648034129782766,-47237.51668878205,0,0
0.04547187349820511,0.00027751260875914037,-47237.77804138869,0,1
0.04548140446189664,0.0002896217338209661,-47240.09770741364,0,6
0.045496455014291684,0.0002880729007626456,-47252.80569123479,0,8
0.045513767223405326,0.0002805702811305682,-47270.02611373627,0,9
0.045532204092770756,0.0002736359670522111,-47299.18288237091,0,8
0.045549550985394156,0.0002724813821699741,-47325.98434745975,0,9
0.04556798794814932,0.00026438205411118576,-47356.27299384075,0,10
0.045587536381504895,0.0002801306266158158,-47390.36620796537,0,9
0.04560590092559594,0.00029545648216316555,-47421.360617491424,0,8
0.04562317724964908,0.0002912494932057339,-47449.374361172035,0,11
0.045643794184483416,0.0002662598924369982,-47477.828173927126,0,11
0.04566445772909524,0.00024295348364066,-47506.56636223736,0,10
0.045684018556446215,0.00024211702963341085,-47532.529928308046,0,8
0.04570130629030065,0.00023600993114937215,-47551.51097677641,0,7
0.045717539340970274,0.0002381974969733633,-47567.424164713004,0,8
0.045734862259701255,0.00023615524057583604,-47586.83257513327,0,7
0.045751095809768494,0.00022930222423627017,-47602.9564185184,0,8
0.04576841901293093,0.00021844073655304292,-47614.58025636522,0,6
0.04578355101561656,0.0002123831398675578,-47623.08085744538,0,2
0.045794253832871,0.0002144024412630543,-47626.12355002265,0,2
0.04580490949397809,0.00021818194188167342,-47629.043244693596,0,1
0.04581446389631983,0.0002231309782391616,-47630.64803867572,0,1
0.04582400652064724,0.00022954899421599476,-47632.22181867683,0,0
0.045832447750717514,0.0002395683092765527,-47632.50589123832,0,1
0.04584197848657915,0.0002508223638513942,-47634.77160349738,0,1
0.04585152099992898,0.000263157333004218,-47637.147268488494,0,3
0.045863266192856716,0.0002733284773984764,-47643.84850856518,0,7
0.0458794404565491,0.0002738954914081726,-47659.31138451074,0,8
0.04589676302251819,0.00027059554803999787,-47685.82437697569,0,10
0.04591629987053913,0.00026559698504323193,-47719.8937873434,0,11
0.045936948032864605,0.00028563011017139175,-47758.373582319844,0,9
0.04595531183743331,0.00029648062069418134,-47790.40382964351,0,10
0.045974790092484265,0.0002848236461627595,-47827.895079885275,0,9
0.04599324923797904,0.00027438248490270126,-47863.54838570839,0,9
0.04601169643742006,0.0002658466715593253,-47892.040455722155,0,9
0.04603014270191998,0.0002712654639574838,-47920.74912270747,0,9
0.046048518014799755,0.0002801688165905223,-47946.164458986736,0,9
0.04606691739578922,0.0002821769936576465,-47969.08034524558,0,7
0.04608316188591405,0.0002774407571301634,-47986.09203079099,0,8
0.046100484453379796,0.00026324971793058186,-48006.79175758443,0,9
0.04611892063490674,0.00023366087569171913,-48027.99106034282,0,6
0.04613406351147306,0.00022341540555347435,-48036.976408679206,0,6
0.04614912418841669,0.000208282906652897,-48045.34387819768,0,2
0.046159826836162876,0.0002010652363947196,-48048.38784670707,0,1
0.04616938113484626,0.0001966859354155731,-48049.99664159882,0,1
0.046178923630501335,0.000194499431356895,-48051.562373194734,0,0
0.04618736485215998,0.00019708860360811872,-48051.84556052299,0,0
0.04619579428403511,0.00020267672069379758,-48052.10690604066,0,0
0.04620422370764344,0.00021101942306740902,-48052.36825708556,0,1
0.046213754398515376,0.00021908938327610614,-48054.61131082908,0,3
0.046225499409609426,0.0002227842993859892,-48060.9151731956,0,4
0.04623836900292505,0.0002271318385361602,-48069.43699319611,0,7
0.046254553918461214,0.00022621313010426442,-48091.68518586452,0,9
0.046272976826067264,0.00021443519946890032,-48121.0217072303,0,8
0.04629032205812523,0.00020165796535365145,-48147.91338703121,0,8
0.04630765439678352,0.00020981300582747857,-48175.184662074294,0,10
0.04632711777815291,0.00022720838484258747,-48209.58657321988,0,9
0.04634548056843311,0.00023444497860213606,-48240.69005653473,0,9
0.04636387945580434,0.00022726366624542266,-48263.801571099604,0,9
0.04638232528737223,0.00022048223704812883,-48288.299861042266,0,9
0.046400746522016444,0.00023079568607307902,-48311.88460197013,0,9
0.04641910915350136,0.00023563390850387436,-48333.40442535245,0,9
0.04643751938032353,0.00023154355059330995,-48353.91498833068,0,9
0.046455953861507665,0.0002122364129310886,-48375.47913580153,0,8
0.04647329873571026,0.00019333861786173732,-48393.56450889111,0,6
0.046488429031739054,0.0001861344490634207,-48402.47435064587,0,5
0.04650243446627009,0.0001858721631405385,-48409.56153317704,0,2
0.046513124976011525,0.0001874013447593462,-48412.544862913885,0,1
0.04652267908998406,0.00019126574468548597,-48414.125378048215,0,0
0.04653112029179878,0.0001992558412251159,-48414.40848545365,0,0
0.046539549702095326,0.00020985948012060648,-48414.66982882099,0,0
0.04654797910413189,0.00022270274554692012,-48414.93116381343,0,0
0.046556408502468276,0.0002374224580881301,-48415.192512645364,0,2
0.04656704003645059,0.0002505242069072013,-48419.25703257502,0,6
0.04658209940874253,0.0002570205243516523,-48431.40719402966,0,9
0.04660050916740383,0.00025472229477595547,-48449.98804348398,0,9
0.04661895444719722,0.00024515736384912116,-48478.2497462779,0,10
0.046638501030787136,0.00022752271324408816,-48509.96811759422,0,10
0.04665805914771598,0.00021024813880080756,-48541.98805360298,0,9
0.046676491394460944,0.00021630620592580032,-48571.08462508126,0,7
0.046692651205481946,0.00021906025839692946,-48593.80473643663,0,8
0.04670993560428896,0.00022041019970555189,-48620.23709033472,0,8
0.04672725591137852,0.00021129683714049481,-48639.556776215795,0,8
0.04674458789785528,0.0002004882616620622,-48659.5695812507,0,8
0.046761919423441246,0.00019832648182844463,-48679.065521024946,0,8
0.04677923877562134,0.00020532068926436178,-48697.750139286305,0,8
0.046796558268079075,0.00020990418178992663,-48715.60339836674,0,8
0.0468138897846207,0.00020832869141410016,-48736.2925068396,0,5
0.046827918328436365,0.00020846914717664882,-48747.87135503851,0,6
0.04684301261469878,0.0002053208721711386,-48756.56696585282,0,4
0.04685591643044689,0.00020942285430795312,-48762.30133920665,0,1
0.04686549397133669,0.00021487127449897742,-48764.005384228956,0,1
0.046875036091834056,0.00022333879225399777,-48765.60309594492,0,0
0.04688347726438574,0.0002343278591034365,-48765.88719581122,0,0
0.04689190665325289,0.0002472912657535654,-48766.14854085268,0,0
0.04690033603386759,0.0002619423344396711,-48766.40987739087,0,0
0.046908765410783045,0.0002780143795836756,-48766.67122819325,0,2
0.04691939664581361,0.0002928265059301303,-48771.200997800224,0,6
0.04693445521418276,0.0003011388205470264,-48784.90599448144,0,8
0.04695176304510123,0.00029863065321825106,-48803.3112093811,0,8
0.046969094318912046,0.00029294681368532364,-48831.6105606426,0,9
0.04698752692015538,0.0002789073944987694,-48866.172523828536,0,10
0.04700707220708243,0.000260995405393345,-48908.20950311307,0,9
0.04702552642117647,0.00027239901699738385,-48949.01257057238,0,9
0.04704387473232856,0.0002820965015458712,-48994.0362899502,0,8
0.04706114622109026,0.0002849246761457687,-49035.84789384388,0,10
0.047080631926616705,0.00027562926380555336,-49082.01392496323,0,8
0.04709798660365634,0.00026485531039455206,-49119.59303724455,0,8
0.04711531799215143,0.00024745923776644293,-49151.75875672094,0,7
0.04713154781457441,0.00023919606839830796,-49175.571416849234,0,8
0.04714884286503129,0.00023592970328711183,-49199.28686541363,0,8
0.047166138110746256,0.0002292537425014754,-49224.55644803387,0,6
0.047181266791961905,0.00022689612954493395,-49241.234403063194,0,6
0.04719637207367694,0.00022249727580396218,-49250.54752184968,0,5
0.04721037666427134,0.00021487438849043648,-49257.81295706155,0,2
0.047221066760222793,0.000213167983118434,-49260.81448688675,0,1
0.04723062060183147,0.00021534933037570746,-49262.41737315266,0,0
0.04723906176788258,0.00022159047603990292,-49262.70126056139,0,0
0.047247491146610025,0.0002303226171573112,-49262.96260499828,0,0
0.04725592051708741,0.00024127177374291033,-49263.223940825046,0,0
0.04726434988386602,0.00025415156884467735,-49263.48529094704,0,2
0.04727498104208354,0.0002631978470386627,-49267.910936152046,0,7
0.047291140036330094,0.00026076880863933635,-49283.0989380891,0,9
0.0473095593793943,0.0002526017490428133,-49302.71337777375,0,7
0.047325800350202014,0.0002485117701128276,-49325.66776607315,0,8
0.04734311854505048,0.0002443188358077206,-49351.916755256476,0,9
0.04736154915843088,0.00024134224599933144,-49381.97577076648,0,9
0.04737997823603496,0.0002628774578118187,-49413.527208114225,0,7
0.04739613540190037,0.0002814048751471192,-49438.72473852661,0,9
0.047414471119675665,0.00028822572538317803,-49470.65980925683,0,9
0.047432878344887276,0.0002817001794192416,-49494.52950643765,0,9
0.04745132103171981,0.00026961119271583456,-49519.65579405201,0,9
0.04746976384200795,0.0002522425882690201,-49542.371778522414,0,9
0.047488193578424445,0.0002532658372925758,-49562.65451614646,0,8
0.04750545200485941,0.00025387369656386193,-49580.24554505378,0,8
0.04752272243160123,0.0002509883177518188,-49598.47974154781,0,8
0.04754004030590456,0.0002425107253845205,-49616.41130298117,0,6
0.04755516844114824,0.00023477634088996848,-49625.38221042292,0,4
0.04756807157118625,0.00022871402876960677,-49631.111948917445,0,2
0.0475787496018931,0.00022679533768571504,-49634.099725755,0,0
0.04758720253896358,0.00023032365592408273,-49634.40660700736,0,0
0.04759563190921437,0.00023639822034679888,-49634.667960336716,0,0
0.04760406126667302,0.0002448196068075804,-49634.929295716625,0,0
0.047612490620433594,0.00025535572875804704,-49635.19063130042,0,1
0.04762202074992063,0.00026507212174688773,-49637.463411852776,0,1
0.047631562644769906,0.00027555394077808005,-49639.87593650384,0,7
0.04764770915903864,0.0002707542854204206,-49655.29818906035,0,9
0.047666127750523694,0.00025504287284821046,-49675.55233290546,0,9
0.0476845695883884,0.0002401121943097475,-49705.2811047855,0,8
0.04770191063539978,0.00022672256537841756,-49732.52697859252,0,8
0.04771923915400266,0.00022597473494060294,-49759.70362417343,0,8
0.04773653152955257,0.00024003988963853574,-49786.93989544004,0,8
0.047753765329708146,0.0002489187588694556,-49813.48329896469,0,8
0.04777105881173842,0.0002452051739199817,-49840.17744637073,0,10
0.04779058925214069,0.0002305022616521278,-49862.96703328534,0,10
0.04781014285233301,0.00021851301037802267,-49885.86277800904,0,8
0.04782749448754301,0.00022145520801548438,-49904.27726947609,0,6
0.04784256217225786,0.00023168590244570082,-49917.53121030121,0,8
0.04785980736462743,0.00024319561585592589,-49934.955543797274,0,9
0.047878188871753206,0.00024711566728125744,-49956.59505056543,0,8
0.047895517197965524,0.0002453564726545556,-49974.98372369064,0,7
0.04791174517920767,0.00023877262789038874,-49984.98793102673,0,5
0.04792576014292784,0.00023340796150256348,-49992.004231365485,0,2
0.04793644976570761,0.00023080770187062596,-49994.98775560066,0,1
0.04794600336952702,0.00023170437795553674,-49996.57292328931,0,0
0.04795444449946862,0.00023720135323541743,-49996.85610290981,0,0
0.04796287384562772,0.0002450819211011511,-49997.117445341566,0,0
0.04797130318354537,0.00025511408866626256,-49997.37877999617,0,0
0.04797973251776573,0.0002670554799887878,-49997.64012935656,0,3
0.04799146361223807,0.0002749293772175644,-50004.27767868269,0,6
0.04800653170946969,0.0002771360725840477,-50017.612658645274,0,9
0.048024936914445426,0.00027011789488289484,-50037.582825567166,0,8
0.04804227705144068,0.00025817349266939725,-50063.808379750495,0,8
0.04805960512874322,0.00024804764351483565,-50090.62855530196,0,9
0.04807803305709218,0.0002487151899834139,-50120.56668077428,0,10
0.04809751354293811,0.00026152914978690926,-50153.78699437866,0,9
0.04811585937977803,0.0002561029268017703,-50183.96677035318,0,8
0.04813316377602887,0.0002452824168976003,-50210.8865126048,0,11
0.048153770141260585,0.00022091718567695932,-50236.476926032985,0,10
0.04817333378952188,0.00021467278867657623,-50260.22982759983,0,10
0.04819282652689056,0.0002135052042894667,-50283.052567833394,0,9
0.04821120713247387,0.00021025881960056616,-50303.21987548938,0,7
0.048227433917114704,0.00020833642773091554,-50318.7343206564,0,8
0.048244749753857265,0.0001977286536958692,-50338.33107838533,0,7
0.0482609770826591,0.00018005368520344377,-50354.368687652764,0,8
0.04827829231837189,0.000175558935229918,-50365.6623680486,0,6
0.048293394783052265,0.00017651080715372445,-50373.982360908296,0,2
0.04830409550836135,0.00018192638168305927,-50376.93449607736,0,2
0.048314749230090465,0.0001877573586806355,-50379.76750422203,0,1
0.0483243024803646,0.0001969049850014498,-50381.311226794416,0,1
0.048333844029957225,0.0002064195782450915,-50382.82814123465,0,0
0.04834228512561865,0.0002191320153496282,-50383.111554000665,0,1
0.04835181490494454,0.000231578985382481,-50385.36893105916,0,1
0.04836135636448511,0.00024604754726417847,-50387.77957240441,0,3
0.04837309866515443,0.0002581791496643284,-50394.38495420848,0,7
0.04838926622448561,0.0002626415535157396,-50409.50851305715,0,8
0.04840658133951165,0.0002601048481225513,-50435.46947351499,0,10
0.04842610847564992,0.00026204617983154,-50468.53485829146,0,11
0.048446723193530154,0.0002784196991367302,-50505.4760360911,0,9
0.04846509082252806,0.00028464694465644297,-50536.104706742524,0,10
0.04848461839480585,0.0002788062174547113,-50570.9979618174,0,9
0.048503069439402656,0.00026522599113692997,-50603.77937661708,0,9
0.048521508078783915,0.00025836846566002966,-50627.55192418061,0,9
0.04853992245434752,0.0002628328518118783,-50652.46920435939,0,9
0.04855830178961419,0.00026367126571910204,-50675.0857880202,0,9
0.048576716879211036,0.0002564397776351203,-50696.634117243,0,7
0.04859295509634496,0.00024366458333119738,-50712.69166123524,0,9
0.04861137076088149,0.00022059320811117805,-50733.89023677621,0,9
0.04862979744285194,0.00020592698440767296,-50754.64348303611,0,6
0.04864488759583426,0.00019746874137969913,-50763.33620504333,0,5
0.04865887760102366,0.00018708522618394554,-50770.3188118027,0,2
0.04866956651890113,0.00018223680280513678,-50773.33766148891,0,1
0.04867911977801663,0.00018112942032999797,-50774.95356624115,0,1
0.048688661225413196,0.0001827805973340412,-50776.53546183299,0,0
0.04869710231126632,0.0001891944640504739,-50776.81904981647,0,0
0.04870553162374557,0.00019849291826862223,-50777.08039190736,0,0
0.048713960927996694,0.00021028957394387605,-50777.341739299256,0,1
0.04872349058295096,0.00022142224110302658,-50779.559562683695,0,3
0.04873523260285641,0.00023017634404025566,-50785.85485159916,0,4
0.04874809843710923,0.00023666646627931837,-50794.44795052434,0,7
0.0487642770681227,0.0002334404991333352,-50816.848620485114,0,9
0.048782691835552436,0.00021753162476278274,-50845.959660684384,0,8
0.04880002937000512,0.00020782897855386838,-50872.88445877325,0,8
0.04881735398095052,0.00022137853012659786,-50900.38217558977,0,10
0.048836808038301135,0.00024077319420062027,-50934.65396317745,0,9
0.048855174430444875,0.0002464170916844787,-50966.2636489152,0,10
0.04887466484709401,0.00024472054416775223,-50991.18117194532,0,8
0.04889200179126484,0.0002447308737397367,-51013.23344272248,0,9
0.048910415113391545,0.0002484795092322973,-51036.55210254269,0,9
0.04892882856089729,0.0002496861915929851,-51057.9651725924,0,9
0.04894725392287264,0.0002471833640927543,-51078.60812383037,0,9
0.048965691449037514,0.0002364786916828659,-51100.078405951695,0,8
0.04898302869463533,0.0002244587902670939,-51119.04284250344,0,6
0.04899815348851502,0.0002171880781362137,-51127.943511214704,0,5
0.049012154368895375,0.0002141852942131818,-51135.08836386393,0,2
0.049022842860358476,0.0002157013834394165,-51138.16053108399,0,1
0.04903239594743632,0.00021871051286681694,-51139.77351407153,0,0
0.04904083701788028,0.00022571741255323466,-51140.05713458275,0,0
0.04904926631255121,0.00023512086780581068,-51140.318475601125,0,0
0.049057695598999224,0.0002466427826245463,-51140.57980773124,0,0
0.049066124881752236,0.00026000166891005955,-51140.84115358663,0,2
0.04907675456805381,0.0002711113338399457,-51144.917256782195,0,5
0.049090708278205046,0.0002776692660729349,-51155.16572123223,0,8
0.04910799799093194,0.00027371781106272136,-51172.08928830495,0,9
0.04912642353398985,0.00025744910508616333,-51201.38179732683,0,9
0.04914486087527128,0.0002359573146694054,-51231.14122000315,0,8
0.049162197775647246,0.00021700990925023006,-51258.75832119779,0,8
0.049179521846269114,0.00021692195851454908,-51287.150324762995,0,7
0.0491956865639923,0.00022546717287432675,-51312.20261948743,0,8
0.04921291606131991,0.00023398847449529456,-51340.845342221815,0,8
0.04923016978662452,0.0002302132449278726,-51362.43519060841,0,8
0.04924747092845938,0.00021811827831383137,-51385.034689011096,0,7
0.04926369517352494,0.00021124127895766082,-51404.84743892726,0,8
0.049280983887157424,0.0002093122899537747,-51424.686914226426,0,8
0.049298283889094525,0.0002164285036590675,-51444.06688300588,0,8
0.04931557239034617,0.00021947526154889084,-51466.387151713425,0,5
0.04932959605425248,0.00022250662597416186,-51479.43542208572,0,6
0.049344684617933184,0.00022230733432139884,-51488.575025361555,0,3
0.04935648477949367,0.0002235716973917586,-51492.98908716555,0,1
0.04936604940314535,0.00022991888455720178,-51494.63873308825,0,1
0.049375590483823714,0.00023804860964066053,-51496.21297520171,0,0
0.049384031524850845,0.0002485370206635785,-51496.49651566229,0,0
0.0493924607983294,0.00026093690799714055,-51496.75785621872,0,0
0.049400890063593356,0.0002749960868169296,-51497.01918843094,0,1
0.04941041942332944,0.00028835785940137053,-51499.25783028073,0,2
0.04942106065832063,0.0002995926699249771,-51503.644965127656,0,6
0.049436113865508016,0.0003037191191165493,-51516.74501848649,0,8
0.04945341404177026,0.00030279608754473533,-51534.583673465095,0,8
0.04947073808841152,0.00029388127357142155,-51561.47990301031,0,9
0.04948916207013218,0.0002831428042420749,-51592.76775867026,0,9
0.049507597829319225,0.0002709800146929719,-51624.814290472335,0,9
0.049526033547160064,0.0002576011020981129,-51658.59007530234,0,9
0.04954446759876967,0.0002696053072689696,-51693.31375234022,0,10
0.04956389583289068,0.00027998674260679813,-51733.49331546998,0,10
0.04958334828532924,0.00027894112560195386,-51763.66941130845,0,8
0.04960066044775779,0.0002650744131422707,-51788.43280832089,0,8
0.049617984437309824,0.00024612330613786674,-51811.2486941705,0,7
0.049634208008782,0.00023153626133346397,-51828.70971710067,0,8
0.04965149567139876,0.00022605225232378618,-51847.39468508756,0,8
0.049668759636883025,0.00022434604210656763,-51866.988820466795,0,6
0.049683835335357474,0.000226760419417914,-51881.01353718818,0,6
0.049698934937915516,0.00022416396169220042,-51889.86164225037,0,4
0.049711834755401245,0.0002204763244037307,-51895.5709700875,0,2
0.04972251108096517,0.0002204320621301083,-51898.5341666313,0,1
0.049732063887822635,0.0002234055903418121,-51900.12638690709,0,0
0.04974050492151307,0.0002305151320305207,-51900.4098567247,0,0
0.04974893418366522,0.0002399683009728565,-51900.67119698328,0,0
0.049757363437604465,0.0002514949370931673,-51900.93252891688,0,0
0.049765792687850176,0.00026482442811948803,-51901.193875155775,0,2
0.04977642190758622,0.00027476787542425477,-51905.48130290294,0,6
0.049791474431609695,0.0002763907530197319,-51918.81241286802,0,9
0.049809873854065205,0.00026716358957775,-51938.694995191014,0,7
0.049826108439821465,0.0002601905873548428,-51962.01871476413,0,8
0.04984341916054599,0.00025639455343937854,-51989.14335513227,0,10
0.049862940943812585,0.00025926919247308566,-52023.471776962215,0,9
0.04988136165683556,0.00028038865427844437,-52055.05381067059,0,7
0.04989751248946682,0.0002969055048639746,-52080.07281627513,0,9
0.04991588726610972,0.0003016645398378882,-52112.919815922774,0,9
0.049934297932124005,0.00029507327908414384,-52137.1389370416,0,9
0.04995273241233027,0.00028105717624654365,-52161.421245345795,0,9
0.0499711667954694,0.0002651223227033486,-52185.211595630375,0,9
0.04998960099727625,0.0002498754375598275,-52206.569027184676,0,8
0.050006910854666756,0.00024983725102671486,-52225.01362106493,0,8
0.050024150057693006,0.00025174673905355963,-52244.26169811255,0,8
0.050041401296085676,0.00024923514124834385,-52262.89489288461,0,6
0.050056511937627446,0.0002445586097824563,-52271.65991936122,0,4
0.050069411200296995,0.00024060311260148493,-52277.27399286199,0,2
0.05008008731113836,0.00023883668134165947,-52280.20204601743,0,0
0.05008854010075789,0.0002430700233848212,-52280.507827595175,0,0
0.05009696935461542,0.00024969923451388274,-52280.76917514119,0,0
0.050105398595748814,0.00025852221614414134,-52281.03050525527,0,0
0.05011382783318935,0.0002693234449801724,-52281.291835948294,0,1
0.05012335696843269,0.0002789902219847971,-52283.51688359403,0,2
0.05013399765412285,0.000287789403067101,-52287.82876809312,0,6
0.05014904963555532,0.0002848700404665812,-52300.64882670345,0,9
0.05016744814554754,0.0002700430673354628,-52319.88418596646,0,9
0.05018588167639575,0.0002547235563385506,-52348.66282572037,0,8
0.05020321519539718,0.00024289454730768342,-52374.51866142124,0,7
0.05021942475682404,0.000242212910512187,-52397.12586907464,0,8
0.05023670965579344,0.00025695037171294513,-52422.77367879925,0,8
0.050253935930462845,0.0002687314322513394,-52448.19416399249,0,8
0.050271210152027235,0.00026675123700006586,-52473.840225924156,0,10
0.05029070784207207,0.0002526565038394318,-52496.09456190646,0,10
0.050310252366648205,0.00023839297118716048,-52518.52700234412,0,7
0.050326496854825056,0.0002401122470428596,-52534.192068766264,0,6
0.05034157073202904,0.0002493018352486401,-52547.10861886584,0,8
0.05035879707840456,0.00025544836323302387,-52563.93662125211,0,9
0.05037717001029348,0.0002629636117601258,-52583.45165240366,0,8
0.0503944908397582,0.0002633086613372335,-52600.814520731175,0,7
0.050410712266674394,0.00025746226818811703,-52610.38109882958,0,5
0.0504247226277353,0.0002502792704236916,-52617.22743473607,0,2
0.05043541023278522,0.0002475970183644306,-52620.15921075693,0,0
0.050443863007292006,0.00025078126089391964,-52620.46471972268,0,0
0.05045229224602444,0.00025632998443145635,-52620.72606675633,0,0
0.050460721472042586,0.0002640761898212611,-52620.987396477314,0,0
0.05046915069436855,0.0002738334461457693,-52621.24872705795,0,0
0.0504775799130023,0.0002853955604274362,-52621.51007230269,0,1
0.05048710889575356,0.00029563126311714534,-52623.82824513079,0,6
0.05050214850786238,0.0002909542451213404,-52636.67528628978,0,8
0.0505194459922435,0.0002809773663307211,-52654.07299063262,0,9
0.050537854741376724,0.00026791236410774507,-52682.96828417449,0,8
0.050555187093410774,0.00025893753441586133,-52708.82948837922,0,9
0.05057360734729165,0.0002485779903260372,-52738.006312628866,0,10
0.050593125523886326,0.0002644073558462366,-52770.08528045093,0,9
0.0506114621879091,0.0002745996170904701,-52798.58558265779,0,8
0.05062873550805452,0.0002698201867986387,-52824.01263063763,0,10
0.050648243980443014,0.0002498124456644579,-52845.630914215086,0,9
0.0506666877083497,0.00023208286813894573,-52865.155112531414,0,9
0.05068511857937661,0.00023312780755174026,-52884.5370329071,0,8
0.05070236758137346,0.00023480147588758526,-52901.50216919987,0,7
0.05071854069652221,0.00023421957784748425,-52916.30175148832,0,8
0.05073583689722211,0.00023295486359489542,-52933.549320502934,0,7
0.05075204571043959,0.00022426241399028943,-52948.645253329756,0,8
0.05076935437793515,0.00020637088295636573,-52959.5547868214,0,6
0.05078447494855443,0.00020119738035847878,-52967.73661880482,0,2
0.05079517382084815,0.00020073985005211994,-52970.657522914036,0,1
0.05080472606063295,0.00020417023334219197,-52972.208409292296,0,1
0.050814266533002445,0.0002097962791791102,-52973.68579666547,0,1
0.05082380698722688,0.00021760838605990892,-52975.141037875175,0,0
0.050832247953549625,0.00022771985707131635,-52975.42342490809,0,1
0.05084177664970716,0.00023928211554718513,-52977.64600573014,0,1
0.0508513171010702,0.0002518917539842415,-52979.93359891434,0,3
0.050863056561523574,0.0002632785156454727,-52986.39557667986,0,7
0.05087921774893712,0.00026655765361628886,-53001.3182746626,0,8
0.050896525607120685,0.00026208180767089354,-53026.879819843794,0,10
0.050916043845740055,0.00025855737295511105,-53059.08640340297,0,11
0.05093668394140049,0.0002728186352594133,-53094.36605754742,0,9
0.05095507803700365,0.0002875388938148465,-53122.958688331506,0,11
0.05097562538843973,0.0002806910170553413,-53158.15375675682,0,10
0.05099517929095182,0.0002667019530986951,-53190.262189777124,0,9
0.05101362203109841,0.0002483104201291399,-53209.71204645741,0,9
0.05103205217134769,0.00024153302948992574,-53229.083843717046,0,9
0.05105043464358014,0.0002455012871347026,-53248.4613066113,0,9
0.05106877032349548,0.00024567721988666993,-53267.3082748171,0,7
0.051084966316226534,0.0002402609970179873,-53282.09607572785,0,8
0.051102262070763904,0.00022652089488091649,-53299.79077327789,0,8
0.05111958161517313,0.00020442994775076744,-53316.95823695966,0,6
0.051134701369780516,0.00019782591191346203,-53325.21360960107,0,5
0.051148686384877566,0.0001950233934860411,-53331.95776291942,0,2
0.05115937329372738,0.0001929022733108892,-53334.745721688945,0,1
0.0511689254243052,0.0001957520629425653,-53336.250108784014,0,1
0.05117846577488725,0.0002010760722950217,-53337.678673714385,0,0
0.051186906725984894,0.000209573393531179,-53337.959462129285,0,0
0.0511953359208919,0.00022051109136580086,-53338.22079736495,0,0
0.051203765107610766,0.00023355216204509695,-53338.48213973439,0,1
0.05121329366513559,0.00024717003543613044,-53340.63935552625,0,3
0.05122503289881011,0.0002560111496694933,-53346.77503638144,0,4
0.05123789513537279,0.00026061270131843287,-53355.03806825146,0,7
0.0512540672333516,0.00025926919401693144,-53376.546788146545,0,8
0.05127137409974097,0.0002495160427743088,-53401.26489293544,0,8
0.05128869278310266,0.00023658505772659346,-53426.054018536204,0,8
0.05130601026274131,0.00024262971609666212,-53450.82473962392,0,10
0.05132545543953952,0.00025677414818848896,-53481.29010629446,0,9
0.05134381339017101,0.0002651241526649634,-53508.71433573841,0,10
0.051363271503140843,0.0002586095611878761,-53528.92903865864,0,9
0.051381712673335,0.0002479144318274367,-53547.46207447909,0,9
0.0514001410045235,0.000252904512404053,-53565.945089496316,0,9
0.05141851049199029,0.0002593678284814726,-53584.20569144541,0,9
0.05143689232529083,0.00025661177615016856,-53602.48312868721,0,9
0.05145532130242407,0.0002496853455507216,-53621.13947342777,0,8
0.05147265150846199,0.0002324962334441702,-53637.72541269381,0,6
0.05148777099705179,0.00021770195692288972,-53645.84913871721,0,4
0.0515006679910247,0.00020979756532123745,-53651.133882867805,0,2
0.0515113428323321,0.00020615696358678738,-53653.7541798814,0,1
0.05152089479532834,0.00020671697050506468,-53655.19285225653,0,0
0.05152933573806723,0.0002104609928863007,-53655.47269513143,0,0
0.05153776492245833,0.00021695609444584391,-53655.73402717528,0,0
0.05154619409866657,0.0002259721194329793,-53655.99535184737,0,0
0.0515546232711848,0.00023722180616781677,-53656.25669028933,0,2
0.05156525098056373,0.00024762835576762565,-53659.972536465255,0,5
0.051579199989969016,0.00025418228421513985,-53669.27541325069,0,8
0.05159648234941667,0.00024941925868296504,-53684.95330765965,0,9
0.05161489929294212,0.00023745788475489248,-53712.33744315019,0,10
0.051634427446105136,0.0002172698552176251,-53742.83268082488,0,9
0.05165286792951803,0.00019655684573166078,-53770.61741534289,0,8
0.05167019588584423,0.00020682265000094066,-53795.46548315743,0,7
0.05168634234618875,0.00021861167417854807,-53816.99679220775,0,7
0.0517024770160994,0.0002310165408001068,-53838.54867630354,0,8
0.051719723346401285,0.00023019161280718846,-53855.09736140808,0,8
0.05173701710521107,0.00021946753056007614,-53871.94025288433,0,7
0.051753235011828484,0.00020958973157930347,-53886.92437660693,0,9
0.05177163910438291,0.00020617566276916386,-53905.88083020333,0,8
0.05178893185364278,0.00021107612460367195,-53922.75714559743,0,8
0.051806224710869354,0.00021474049456566958,-53939.78087486159,0,5
0.05182024386399783,0.000214147985681358,-53950.61209076853,0,5
0.051834227741099685,0.0002132780981231063,-53957.45575719659,0,3
0.051846013221202296,0.0002150482538220268,-53961.51027822342,0,1
0.051855576862343364,0.0002199695215878853,-53962.98005677027,0,1
0.051865117057769104,0.00022536685308904454,-53964.37898932062,0,0
0.051873557972237416,0.00023523357992425104,-53964.65923026051,0,0
0.05188198713269222,0.0002471889519501186,-53964.920560451836,0,0
0.05189041628496482,0.0002609353337143916,-53965.181883611825,0,1
0.05189994470303781,0.0002729461696126502,-53967.170813620316,0,2
0.05191058402510122,0.000283492645640223,-53970.97852792138,0,6
0.05192563146801365,0.00029040920255177385,-53982.43007354662,0,8
0.05194292456930987,0.0002850026427713591,-53998.214785148135,0,8
0.05196024092405858,0.00027885917049076176,-54022.646315030106,0,9
0.05197865667025844,0.0002675471840244415,-54050.43703262026,0,8
0.05199598490973964,0.00025637186055140577,-54075.57654118476,0,9
0.05201440046318448,0.00024418291520860363,-54103.98966794814,0,9
0.05203282643105969,0.0002534169679608087,-54132.602677237956,0,10
0.052052257598078445,0.00026090651955836295,-54163.889725456225,0,10
0.05207173643704492,0.00025712760694293667,-54185.18919786888,0,9
0.05209016362743407,0.00024408447380326086,-54205.34507836808,0,8
0.052107491854170504,0.0002258452770421536,-54223.44109675177,0,7
0.052123708816636166,0.0002127367966504815,-54238.69354319046,0,8
0.05214098889983327,0.00021145152724274025,-54255.740398523354,0,8
0.05215823357721917,0.0002138706995622895,-54273.12136899606,0,6
0.052173291959531284,0.00021725161952154746,-54285.95357735795,0,6
0.05218837415480577,0.00021590241982838757,-54294.159773980966,0,4
0.052201270053967706,0.00021463266109351546,-54299.65931073748,0,2
0.052211944347366604,0.00021658167029727554,-54302.5300804568,0,1
0.05222149609409067,0.00022119106750258564,-54304.03882112536,0,0
0.0522299369953592,0.00022967422164844894,-54304.320114674374,0,0
0.052238366141392774,0.00024040449674783907,-54304.58144749245,0,0
0.052246795279251454,0.00025309231590656166,-54304.84277333035,0,0
0.05225522441342183,0.0002674592330316522,-54305.10411457469,0,3
0.05226695078396668,0.00027643398348716256,-54311.28000941234,0,7
0.05228310884763618,0.00027198922649088127,-54325.717827899745,0,9
0.052301511765061655,0.0002601414698035898,-54344.70093961527,0,7
0.052317739838858374,0.00025232809514588793,-54367.24309194266,0,8
0.05233504313767939,0.0002486478068503551,-54393.32320246662,0,9
0.05235345663131831,0.0002538745459160227,-54423.15220574441,0,9
0.05237184561779136,0.00027446564985264386,-54453.31427253001,0,8
0.05238907740640755,0.0002879033243496294,-54480.989651729236,0,10
0.052408519754147107,0.0002857499203887128,-54517.273354797086,0,9
0.05242694569503047,0.00027667044937505346,-54542.021897724015,0,9
0.05244537166586482,0.00026378076343438653,-54568.96094298779,0,9
0.05246379771040127,0.00024763421660079415,-54595.91565390365,0,9
0.052482223133546224,0.0002396428958204685,-54618.627142320096,0,8
0.05249951419990498,0.000235071405205294,-54636.995554445304,0,8
0.052516805193954255,0.00023166988257985032,-54655.39827259498,0,8
0.05253411973409246,0.0002274005508323837,-54673.475841975516,0,6
0.05254923647238081,0.00022296581803907617,-54682.01499283046,0,4
0.05256213198362061,0.00021794740325418915,-54687.66214820462,0,2
0.05257280605023447,0.00021703845354516244,-54690.566887041656,0,0
0.0525812586918116,0.0002217599439666704,-54690.872072537866,0,0
0.05258968783092742,0.00022906606141160176,-54691.133415941425,0,0
0.05259811695739123,0.00023870980378874293,-54691.39474195409,0,0
0.05260654608016736,0.0002504212460689295,-54691.65606840525,0,1
0.05261607417862661,0.0002612186565741326,-54693.86759503719,0,2
0.052626712966379205,0.0002702965438339533,-54698.17349323215,0,6
0.05264175930219354,0.0002690842578519584,-54710.90130368426,0,9
0.05266014923312804,0.00025902461395091084,-54730.17344637464,0,9
0.05267856241669767,0.00024890083318530046,-54759.168223189336,0,8
0.05269587647307222,0.00024280163139988396,-54785.79351678985,0,8
0.05271318955373425,0.00025341977554446205,-54813.05182422752,0,8
0.05273043189455537,0.0002685653454178175,-54841.05689164852,0,8
0.05274768628767097,0.000279209089508315,-54869.94925961094,0,8
0.052764965490504405,0.00026900552922606684,-54900.11070923195,0,10
0.05278447755117537,0.0002525348463481761,-54929.98553395218,0,10
0.05280401251177361,0.00024355075908613055,-54960.92490978939,0,7
0.052820226722316566,0.0002494068215806805,-54980.95906129939,0,6
0.05283526007014814,0.00025414758853011156,-54995.61675672418,0,8
0.05285251428581965,0.0002616490530338822,-55013.72339366817,0,8
0.0528697924269256,0.0002624581356194522,-55032.276475700746,0,8
0.0528871060015883,0.00025877165804471977,-55050.20641421958,0,7
0.052903321038080674,0.0002502159801306193,-55060.28860447295,0,5
0.05291732672856693,0.00024117317642045769,-55067.351329496574,0,2
0.05292801231103279,0.00023785876507662214,-55070.297766904754,0,0
0.05293646493944878,0.0002401741514477103,-55070.60259505257,0,0
0.052944894064849014,0.00024497919968843255,-55070.86393630679,0,0
0.052953323177605816,0.00025211765722864916,-55071.12526044428,0,0
0.052961752286675566,0.0002613984209574134,-55071.38658493738,0,0
0.052970181392058224,0.00027260277118967656,-55071.6479256239,0,1
0.052979709368522865,0.0002824268107015146,-55073.89280765063,0,6
0.05299474333137523,0.00027909828625806286,-55086.38952292466,0,8
0.0530120334826988,0.0002685640740878299,-55103.34709371485,0,8
0.05302934707822879,0.0002534040954992255,-55129.03140972668,0,9
0.053047759368355714,0.00023663661318422727,-55158.27314367996,0,8
0.05306508420770416,0.0002267251691019053,-55184.669780595796,0,10
0.05308459334945936,0.00024187128549901473,-55217.81771718719,0,8
0.05310183479039815,0.00025505038467116633,-55245.0175245655,0,8
0.053119100420492386,0.00025684878293408936,-55273.083367636,0,11
0.053139698122972374,0.0002419149789381955,-55302.883397484664,0,10
0.05315924360518626,0.00023109682977049304,-55330.534190601786,0,10
0.05317874121900408,0.00023496156891997873,-55356.053897728845,0,8
0.05319599470128174,0.00023665980630991693,-55374.054471969306,0,7
0.05321219646587729,0.0002398871906990448,-55389.553058512385,0,8
0.053229497163774626,0.0002378023945586609,-55407.09321403161,0,7
0.05324571154259063,0.0002236120741539671,-55422.45323719617,0,8
0.053263012529975236,0.0002095519876362526,-55433.71220629909,0,6
0.0532781272173044,0.00020936281786326,-55441.990270579925,0,2
0.053288824155525064,0.00020773503956010925,-55444.945690796114,0,1
0.05329837544205294,0.00020932023331372113,-55446.4863496066,0,1
0.05330791489833909,0.0002142305391332533,-55447.93016296011,0,1
0.05331745441960024,0.00021972860410683485,-55449.32337092247,0,0
0.05332589525799771,0.0002288986302979348,-55449.604566020396,0,1
0.05333542294617082,0.00023947140297169047,-55451.795683485194,0,1
0.05334496236330616,0.0002511794426975506,-55454.07800635866,0,4
0.053357797802241584,0.00025774869757040804,-55462.406352694845,0,7
0.05337396427658589,0.00025964206988325563,-55477.15944676065,0,8
0.05339126453652109,0.00025715407041858036,-55502.61800684696,0,10
0.05341077392600542,0.00024850905946659354,-55534.77948769322,0,11
0.05343140379093444,0.0002633548127150409,-55570.54773935936,0,10
0.05345084139740194,0.00027424137147953885,-55603.080770764835,0,11
0.05347140254511143,0.0002618277800639322,-55640.0788666144,0,10
0.05349094744037859,0.0002409812082894222,-55674.55003028847,0,10
0.05351048057072569,0.00021577510446939516,-55699.38063842216,0,9
0.05352891341739854,0.00022112723954490878,-55722.129800672126,0,9
0.05354722931242163,0.00021901267771018765,-55742.92685509309,0,9
0.05356560381102554,0.0002178397518818793,-55762.75107736678,0,7
0.05358180512165812,0.00021032670254877674,-55778.039886380175,0,9
0.05360019190780762,0.00019593931965849125,-55797.51280340719,0,9
0.05361861347762365,0.00018826181443203958,-55816.85528616732,0,7
0.05363481449739199,0.0001819333397832137,-55826.68924017093,0,5
0.05364881846510852,0.00017682028783101844,-55833.719446968804,0,3
0.05366060180556997,0.00017645008172541247,-55837.94832006832,0,1
0.05367016465366014,0.00017981345309288536,-55839.5372832,0,1
0.05367970395617456,0.0001869221965853296,-55840.9962216285,0,0
0.0536881447749164,0.00019702193265550144,-55841.277457210614,0,0
0.05369657385382461,0.00020954449831918275,-55841.53878851251,0,0
0.05370500292458275,0.00022409251293694287,-55841.80012610859,0,0
0.053713431991655645,0.00024029838780719468,-55842.06146417768,0,3
0.05372515653023324,0.00025377518774762764,-55848.1866840032,0,4
0.05373801479405429,0.0002641121864600953,-55856.59445429845,0,7
0.05375418033762502,0.0002665059576580259,-55878.44149806095,0,9
0.05377257837002955,0.0002561031969529612,-55907.00218503464,0,8
0.053789900312099376,0.0002605413084195992,-55932.76235466329,0,7
0.05380606491292181,0.0002696970846957844,-55955.40401024243,0,8
0.05382331609567163,0.00028028986364411675,-55981.442323716255,0,9
0.053841689791309516,0.0002818269878316289,-56010.8231034006,0,10
0.05386120926896986,0.00027461117425231355,-56033.67510489234,0,9
0.053879641437324814,0.0002740792490481434,-56054.74829677547,0,9
0.053898003025815544,0.00027497995736395527,-56075.26359992319,0,8
0.05391530172683446,0.0002720449240954948,-56093.01682416269,0,9
0.05393371045813363,0.0002690053894583462,-56112.60406881234,0,8
0.05395103317600778,0.00025552712469815916,-56130.11619036534,0,8
0.05396834436638299,0.0002338489040798354,-56147.457353033526,0,6
0.05398345804201925,0.00022031413569668966,-56155.89534016978,0,4
0.053996339312118294,0.00021567353129766517,-56161.433917925555,0,2
0.05400701209499461,0.00021334018710906166,-56164.33782466802,0,1
0.054016563147406854,0.00021144144991925087,-56165.89310471769,0,0
0.054025003962412256,0.0002145669840214646,-56166.174756724584,0,0
0.054033433032730366,0.0002204391640961507,-56166.436087489594,0,0
0.054041862094898085,0.00022883436032152086,-56166.69741015884,0,0
0.05405029115338096,0.00023948738116666895,-56166.95874657351,0,2
0.05406091693723128,0.0002494332121655415,-56170.79457491137,0,7
0.054077058460772924,0.0002459226839802827,-56184.15652656874,0,8
0.05409435689664787,0.00023825473937015752,-56200.34518588533,0,9
0.05411276563027411,0.00022221919439077554,-56228.176453694214,0,10
0.05413228458028014,0.00019935007704700755,-56259.46513666047,0,8
0.05414961811974857,0.00018285589790069102,-56284.97874726915,0,8
0.05416692761157634,0.00017897370216828892,-56310.388400105956,0,7
0.05418311447591096,0.00019470713363540406,-56332.77260980309,0,8
0.054200329084370294,0.00021284933422077566,-56358.03413149879,0,8
0.054217555696047574,0.00022461098931634202,-56375.025135067255,0,7
0.054233719996001,0.00022225716821633852,-56390.15175790271,0,8
0.05425101746608752,0.00022333203617015308,-56407.469139611974,0,9
0.05426941315627921,0.0002243420673076333,-56426.570218714514,0,8
0.05428673403816041,0.00022497658530184068,-56443.65367337793,0,8
0.05430404304317873,0.0002272522758405864,-56460.77130287179,0,6
0.054319155628346175,0.0002283522645968365,-56473.667352263874,0,6
0.05433424488641274,0.00022602817491802543,-56481.94096150234,0,3
0.05434603914873624,0.00022893182332379405,-56486.22499224811,0,1
0.05435560165866662,0.00023526139345956033,-56487.82913808451,0,1
0.05436514069124077,0.00024330636799876066,-56489.3478958653,0,0
0.054373581470774576,0.00025375009251862353,-56489.62960914844,0,0
0.05438201051465158,0.0002660724282079366,-56489.8909396686,0,0
0.05439043955038845,0.0002800308144110514,-56490.152263099684,0,1
0.05439996682254983,0.00029423100702163923,-56492.356602285094,0,2
0.054410604157594154,0.0003063131837214089,-56496.61039108321,0,6
0.054425646517387676,0.0003080368202304858,-56508.94877687878,0,8
0.05444293215336472,0.0003036928522538878,-56525.823194383505,0,8
0.05446024142086391,0.00029298399205856683,-56551.56978355233,0,9
0.05447864882634957,0.00028116987111408116,-56580.54448878544,0,8
0.05449596980939089,0.0002674870583177402,-56606.449981104306,0,9
0.05451437642391754,0.0002648320435267609,-56635.85335943673,0,9
0.05453274721497739,0.00027186190148475916,-56665.21565955332,0,10
0.05455216972945696,0.0002714298293424955,-56697.66793954412,0,10
0.05457168680814866,0.000259884269717155,-56720.075649019396,0,9
0.05459010585712892,0.00024140355364001614,-56740.20077184652,0,8
0.05460742661819691,0.00022163483185745698,-56757.672012423434,0,7
0.05462363727527242,0.000203561430790155,-56772.818300222556,0,8
0.054640933369332165,0.00020395305981734811,-56789.8708110543,0,8
0.054658158845754555,0.00020953132486554337,-56806.946436771264,0,6
0.05467319980076216,0.00021590727093419694,-56819.66148840138,0,7
0.054689339273445804,0.000215186092601327,-56829.15142290788,0,4
0.05470224295592516,0.00021731026564302528,-56834.61747016016,0,2
0.05471291522802932,0.00022135219134795315,-56837.50771538994,0,1
0.054722465880228395,0.00022783811724873024,-56839.03867646375,0,0
0.054730906648099736,0.00023742610448218573,-56839.32046125576,0,0
0.054739335677548004,0.0002490956038456765,-56839.581791208046,0,0
0.05474776469886029,0.00026257070282739345,-56839.84311421261,0,0
0.05475619371648955,0.0002775885747386186,-56840.104452595675,0,2
0.054766819037550485,0.00029026726432456384,-56844.31410074983,0,6
0.05478186027631482,0.0002970035003125868,-56856.74869590082,0,9
0.054800243081896655,0.00029111521615182413,-56875.62369915857,0,7
0.054816464593137916,0.00028569337191020554,-56897.89413956472,0,8
0.054833760639419526,0.000280777539543141,-56923.52540588247,0,9
0.05485216600716376,0.0002821777802757736,-56952.257855948796,0,9
0.054870558341790054,0.00030188335337151664,-56980.98306416425,0,7
0.0548866963146507,0.0003171938680782775,-57003.196657728826,0,9
0.054905019557651195,0.0003188633612557538,-57031.640655599,0,8
0.054922315678492435,0.00031149389521512505,-57048.982783908854,0,9
0.054940721828069056,0.00029661937441047764,-57068.399660601084,0,9
0.05495913954546351,0.000281466451727736,-57087.71939232803,0,9
0.0549775565200048,0.0002760727513664072,-57107.106758357026,0,8
0.05499482849390223,0.00027172955462049787,-57124.15196213623,0,8
0.055012124283846296,0.00026191441323105606,-57141.353071949,0,7
0.055028333348840365,0.00025751448411919176,-57156.36427249242,0,6
0.05504343275338617,0.0002534533375276798,-57164.58804112394,0,3
0.05505522650475801,0.00024887017373437757,-57168.77311696925,0,2
0.055065886916906275,0.00024743286003413225,-57171.48947370437,0,0
0.055074339408395484,0.00025135794905811477,-57171.79071937771,0,0
0.055082768433293225,0.00025760968953841905,-57172.05205492255,0,0
0.055091197445606796,0.0002660112325152946,-57172.313375614256,0,0
0.05509962645423788,0.0002763665803064962,-57172.574696499425,0,1
0.05510915360931162,0.0002849316569148362,-57174.68895831283,0,2
0.05511979056867314,0.00029140205483202603,-57178.89785966497,0,6
0.05513483174740217,0.00028421437260839284,-57191.47791146749,0,9
0.0551532138498197,0.00026552382413808816,-57210.40475148945,0,9
0.05517161865182107,0.0002548193071513575,-57238.67542213026,0,8
0.05518889004122704,0.0002490279785863835,-57264.045299887664,0,8
0.055206161552214875,0.00024122117836508758,-57289.41120555974,0,8
0.05522344350871692,0.0002543523480241577,-57314.7498543367,0,9
0.055241764396532174,0.00027278310651447006,-57342.92385319181,0,8
0.055258988085869445,0.00028024482964299473,-57367.99249945663,0,10
0.05527843213293147,0.0002698562986153583,-57389.181292211935,0,10
0.05529795818562947,0.00025726651281932485,-57410.59280052479,0,7
0.05531418981209266,0.0002554734453533524,-57425.93262000738,0,6
0.05532925254764025,0.00026454751702372414,-57438.85544222292,0,8
0.05534646408147122,0.000274533625641855,-57455.68822767639,0,8
0.05536373462718741,0.00027970638697176155,-57472.832115979065,0,8
0.055381040391654895,0.0002833778648890685,-57490.00297554428,0,7
0.055397248888172275,0.00027786393167130466,-57499.50227383948,0,5
0.0554112499212918,0.00027041249994606126,-57505.96077871736,0,2
0.055421933577617905,0.0002676651536017417,-57508.81982029593,0,0
0.05543038605921838,0.00027060930276148645,-57509.12385071585,0,0
0.055438815068774815,0.0002757579071103632,-57509.38518903753,0,0
0.05544724406575483,0.0002829712694223286,-57509.64651073844,0,0
0.05545567305905306,0.0002920964536616814,-57509.907833140416,0,0
0.05546410204866943,0.00030296075407316113,-57510.169170620225,0,1
0.055473629020332184,0.00031245564264592763,-57512.396344982335,0,6
0.05548865764123965,0.0003071466690044431,-57524.68025132519,0,8
0.05550594036683952,0.00029733906905102887,-57541.42228454396,0,8
0.05552324655830195,0.0002834948549298618,-57566.692703000524,0,9
0.0555416388510163,0.00026767555146813915,-57595.32336828288,0,8
0.05555895650333078,0.00025491871701403926,-57621.23461716616,0,10
0.05557845627652594,0.00027014080471023094,-57653.34808188855,0,8
0.055595690421086426,0.0002814620974003195,-57678.950721313566,0,8
0.05561293761461152,0.000272334407115044,-57704.38659615767,0,11
0.05563351371568813,0.00025190918106687284,-57728.49141812805,0,9
0.05565194059221757,0.00023775191624885995,-57748.5256723957,0,10
0.05567144129137426,0.00023216802557560358,-57770.46651938854,0,8
0.055688722317706434,0.0002381419184442899,-57787.714546890005,0,7
0.05570484696880777,0.0002444818454448589,-57802.700840713995,0,8
0.05572212833338206,0.0002462634855503717,-57820.04550877019,0,7
0.055738324024177305,0.00024038267653313052,-57835.186819406576,0,7
0.05575451988581561,0.00022988720588180297,-57844.81285679943,0,6
0.05576961773957805,0.00022298586450095358,-57852.74765373911,0,2
0.055780312638431535,0.00022279685155427483,-57855.62740409485,0,1
0.055789862791493706,0.00022669573198768112,-57857.14841473315,0,1
0.055799401310781344,0.0002308944451531502,-57858.56753893752,0,1
0.05580893969953023,0.0002388237628771693,-57859.9330339075,0,0
0.055817380403849724,0.0002486813508657475,-57860.21384844275,0,1
0.055826907073866686,0.00025998451399093407,-57862.365204441274,0,1
0.055836445461808194,0.000272338608183336,-57864.60219173306,0,4
0.055849277125401685,0.00028040669283241164,-57872.82584863683,0,7
0.05586543714971541,0.0002826460714236287,-57887.36943835536,0,8
0.05588272994870445,0.0002818510778546459,-57912.601184957086,0,10
0.05590222983116102,0.00027901591878290324,-57944.39463132317,0,11
0.05592284950259349,0.0002945816782741424,-57979.406581252464,0,10
0.055942301343388554,0.0003066224509942101,-58011.393325104684,0,11
0.05596288740260972,0.0002998779138328346,-58046.91405027362,0,10
0.05598242315365221,0.0002813410958191801,-58079.47472818138,0,10
0.056001947041705594,0.000259997935053036,-58101.6353910883,0,9
0.05602037196609712,0.0002580208527277813,-58121.47124604101,0,9
0.05603870272969069,0.00026197577186151655,-58140.906125190384,0,9
0.05605702235441224,0.0002562660543327306,-58160.01504894928,0,8
0.05607431512930943,0.00024316822443124544,-58177.236388670724,0,9
0.056092717613205154,0.00022022798101627421,-58196.508131427516,0,9
0.056111131292105335,0.00020183832286432246,-58215.71630959439,0,7
0.05612732557190718,0.00019704656465877821,-58225.315897254826,0,5
0.05614130120502738,0.00019461614388326855,-58232.00817870658,0,2
0.05615198409801204,0.0001934313766486023,-58234.81247842184,0,1
0.056161534189887286,0.0001954644927795612,-58236.30639358759,0,1
0.056171072458529536,0.00020124882767814906,-58237.71639756729,0,0
0.05617951314782108,0.00020977205945054946,-58237.99583524417,0,0
0.056187942113410404,0.0002207268851878996,-58238.25716054217,0,0
0.05619637107088697,0.00023378124116103284,-58238.518493026815,0,0
0.05620480002468344,0.00024860460633696423,-58238.779826026024,0,3
0.05621652181962308,0.0002593314439807123,-58244.733365791064,0,4
0.05622937617900453,0.00027054313327676694,-58252.897815407756,0,7
0.05624553522853362,0.000273312876344037,-58274.46846811064,0,9
0.05626392506544466,0.00026240587005010526,-58302.78554010787,0,8
0.056281239671898076,0.000265435047186937,-58328.25574021229,0,7
0.05629739768913034,0.0002758947676542247,-58350.418911651,0,8
0.056314617994962644,0.0002873144028171537,-58375.49594469059,0,9
0.0563329482820885,0.0002878764454508325,-58403.73143663204,0,10
0.05635245852531364,0.00028137731326361587,-58425.11249143266,0,9
0.056370882218469996,0.00028305412231799637,-58444.44703611052,0,9
0.056389247221840126,0.0002853247074243186,-58463.59152099564,0,9
0.05640761256752605,0.0002822062378677673,-58482.64994453112,0,9
0.056426012711274315,0.00028351515915308754,-58501.77181093047,0,8
0.05644332777954167,0.0002756085972903441,-58518.878246180306,0,8
0.05646063165173992,0.0002554013862833085,-58535.76936191542,0,6
0.05647573986198141,0.00024110799772108355,-58543.94614371657,0,3
0.05648753161887962,0.00023625443135826845,-58548.008181148485,0,1
0.05649709323490466,0.0002341643094444745,-58549.43358026515,0,1
0.05650663140574223,0.00023410526602399162,-58550.7896446498,0,0
0.056515072083829256,0.0002370036101587264,-58551.06923942976,0,0
0.056523501039810874,0.0002423860384108614,-58551.330563285876,0,0
0.056531929987683374,0.0002500970629360069,-58551.59187968369,0,0
0.056540358931876214,0.00025992952702585427,-58551.853209578054,0,1
0.056549885452067544,0.0002687469951762954,-58553.75051581684,0,5
0.056563813469839186,0.0002746122005483146,-58562.645733284044,0,8
0.05658108127220271,0.00026758452860351796,-58577.844191042284,0,9
0.056599481725970346,0.00025380371820767636,-58604.99563327885,0,10
0.05661899169717104,0.00022995580225612961,-58635.44273787251,0,9
0.056637415786200504,0.00020379991443753498,-58663.18223962307,0,8
0.05665473018204358,0.00018506237423310506,-58688.11480121576,0,8
0.05667201964333524,0.00019891330944315193,-58713.40617206737,0,8
0.05668923884019634,0.00021165787239223714,-58738.414865302475,0,9
0.056707555421453656,0.00022332164886762604,-58757.36599544206,0,7
0.05672372491862686,0.00022113775904053867,-58772.337279875755,0,7
0.05673991764833352,0.0002208811483387457,-58787.4210457902,0,9
0.056758293096824904,0.00022646271416705514,-58806.351779217985,0,8
0.05677560634623116,0.00023258058257859536,-58823.31090208592,0,8
0.05679290833194521,0.00022934552058755372,-58840.31473572252,0,6
0.056808015265117626,0.0002299783108250268,-58853.21318886644,0,6
0.05682309884602036,0.00022922884645267466,-58861.29959421887,0,3
0.05683489011886445,0.00023362655272139932,-58865.32387942299,0,1
0.05684445169947543,0.00023801772315853605,-58866.87956161128,0,1
0.05685398976163032,0.00024483147790092504,-58868.357860757824,0,0
0.056862430412633065,0.0002547827212356164,-58868.63884241952,0,0
0.05687085934292613,0.0002666531219750751,-58868.90016700966,0,0
0.05687928826511403,0.00028019778891920084,-58869.1614859153,0,1
0.0568888144888043,0.00029464167682350116,-58871.304648613725,0,2
0.056899449826595436,0.0003077070939971746,-58875.4613274345,0,7
0.05691558377651679,0.0003118448941718545,-58889.63170967238,0,8
0.05693287384864447,0.00030659940394900235,-58906.49725473801,0,8
0.056950175760845205,0.00029555534910501185,-58931.84666311594,0,9
0.05696857477408272,0.0002852048421319915,-58960.5303098573,0,8
0.05698588803023878,0.000277091664543097,-58986.66164112838,0,9
0.057004286225970445,0.00027791360154960214,-59015.98006945535,0,10
0.057023745964689405,0.0002866778032649849,-59049.00732000681,0,10
0.057043182737777615,0.0002890516080930156,-59082.74006905957,0,10
0.05706270237802701,0.0002784903502012059,-59107.2172782641,0,9
0.05708112500993078,0.00025884128144170035,-59129.830612583915,0,8
0.05709843865212058,0.00023440065060658364,-59148.65122427834,0,7
0.05711464295901221,0.00021246071144995343,-59164.580984056935,0,8
0.057131931552974136,0.000213880754695487,-59182.60029588788,0,8
0.05714914992331627,0.0002142995259335456,-59200.343314290025,0,7
0.05716528278274672,0.00021484919343083542,-59215.47607548844,0,7
0.05718145090558263,0.00021471294100324924,-59225.24332217608,0,4
0.05719435099914876,0.00021173412474365856,-59230.88410014287,0,2
0.057205021378835756,0.00021218060953636788,-59233.8479909606,0,1
0.05721457099522734,0.00021643975116340756,-59235.43282286386,0,0
0.05722301163575553,0.00022405435374655097,-59235.715822213395,0,0
0.057231440553899005,0.00023403157887297532,-59235.977149959515,0,0
0.057239869463943396,0.0002460862938281529,-59236.23847085713,0,0
0.057248298370309855,0.0002599296158099348,-59236.49980612478,0,2
0.05725892185945173,0.0002704784472696053,-59240.74913140553,0,7
0.05727505491910253,0.00027298855494468563,-59255.176509849385,0,9
0.05729344086871291,0.0002696215212499717,-59274.08154764299,0,7
0.05730965562703352,0.0002681248323575965,-59296.61842746024,0,8
0.0573269442753525,0.0002640947850302963,-59322.51093814041,0,9
0.05734534069984512,0.0002758229768688461,-59352.00795013576,0,9
0.057363678000965576,0.000295269405259172,-59381.77458011978,0,8
0.057380895230822446,0.00030723140843633617,-59408.755696341905,0,10
0.05740034303786903,0.0003021960019345991,-59443.13025738318,0,9
0.057418764330839124,0.00028892820920475653,-59466.16084369132,0,9
0.05743717377157484,0.0002737106057811725,-59489.58759261882,0,9
0.05745558249781549,0.000268046559590516,-59511.42343443602,0,9
0.05747394432486269,0.00026248526427252933,-59532.023545564596,0,8
0.057491209149088326,0.00025485020166333885,-59549.81475625015,0,8
0.05750850890031011,0.0002506228856836637,-59567.49183672239,0,7
0.05752471138805488,0.00024938850665575345,-59582.79668757171,0,6
0.05753980541356867,0.0002422526960868656,-59591.23923508394,0,4
0.05755269352006855,0.00023408077802426538,-59596.86402158731,0,2
0.05756336376985837,0.00023003637319339294,-59599.79585934091,0,0
0.057571816122452824,0.00023277227668813845,-59600.100961762844,0,0
0.05758024503464609,0.0002380719632183475,-59600.36229738446,0,0
0.05758867393432131,0.0002457454908958087,-59600.62361590261,0,0
0.05759710283031915,0.00025557912257507815,-59600.88493516681,0,1
0.05760662894163352,0.00026408687732271385,-59603.07010079498,0,1
0.057616166802062996,0.00027249498167498487,-59605.332540544514,0,6
0.05763119082114685,0.00026338646377096656,-59617.59245523215,0,9
0.057649564082352604,0.00025269306001830306,-59636.245859596616,0,9
0.05766792561274874,0.00023905367148630664,-59664.596926687795,0,8
0.057685189961613335,0.0002259147258407504,-59690.723010650356,0,8
0.05770245354933293,0.00022632539154161227,-59717.40783673256,0,8
0.05771969304425731,0.0002393595579931716,-59744.33609841732,0,9
0.0577380062319089,0.00025039680191216146,-59775.29213811063,0,8
0.057755234927474704,0.0002476366797918873,-59803.6280755412,0,10
0.05777470476985211,0.00023851656988492279,-59830.8499960277,0,10
0.05779422089926041,0.00023757024568610996,-59859.41033110694,0,7
0.05781039866762053,0.00024552762419345744,-59877.96294323188,0,7
0.05782651774474657,0.00025588278408952955,-59894.548510380286,0,8
0.0578437575605355,0.0002610474435932412,-59912.71834211711,0,8
0.057861056109480676,0.0002627682157639347,-59930.942511296,0,8
0.05787835495663826,0.00025822875508636095,-59948.79683177554,0,7
0.057894557273273375,0.00024434773549826576,-59958.844623605684,0,5
0.057908553560723226,0.0002335494523375267,-59965.95227062205,0,2
0.05791923517074337,0.00022863049851227132,-59968.935825917106,0,0
0.05792768750787108,0.00022952378429895296,-59969.241558818074,0,0
0.05793611640608,0.00023305494927476267,-59969.50289514384,0,0
0.0579445452917833,0.00023909267121040846,-59969.764214261086,0,0
0.05795297417380985,0.00024745353662484993,-59970.02553339246,0,0
0.05796140305215967,0.0002579117094538831,-59970.286867401104,0,1
0.05797092890907279,0.000268557075893597,-59972.528306481654,0,6
0.05798595149001564,0.000270284112367031,-59984.87254088986,0,8
0.058003226958370145,0.0002599830060582716,-60001.648346904985,0,8
0.05802052583463783,0.0002436919479647951,-60027.37845610066,0,9
0.05803892145244115,0.00022689297156154226,-60056.694275271366,0,9
0.05805732830005993,0.00021812929220850567,-60086.672810500975,0,9
0.058075722011415046,0.00023590223362343336,-60117.29613613718,0,8
0.05809293739135397,0.0002446091606306659,-60145.93118540991,0,8
0.0581102002470165,0.00024221507249762105,-60176.49730606266,0,11
0.058130789644360824,0.00022325457058177184,-60209.88811334929,0,9
0.05814921997988789,0.00020614114278552507,-60239.01353537529,0,10
0.05816872284275832,0.00020661837717276518,-60267.40046154893,0,8
0.05818598487855568,0.00021295035962012158,-60287.15658462273,0,7
0.058202150316720026,0.0002149261348259063,-60303.57766225275,0,8
0.05821943651786517,0.00020614801252803784,-60322.27792581527,0,8
0.05823673450182215,0.00019204113533726575,-60340.26111947803,0,7
0.0582529351050012,0.00018772013086004242,-60350.5306581863,0,6
0.0582680152131793,0.00019013363223400754,-60358.99707065896,0,2
0.058278708036719785,0.00019422895109133946,-60362.02663583749,0,1
0.05828825713270931,0.0002022255492537369,-60363.618532492714,0,1
0.058297794593525284,0.00021059583394891955,-60365.16763578658,0,1
0.058307332041523906,0.00022052119509708248,-60366.68219323024,0,0
0.05831577261397375,0.00023352136010048295,-60366.9651024736,0,1
0.05832529826796951,0.000247663287827148,-60369.18260949206,0,1
0.058334835631351244,0.0002623676470942612,-60371.46806332432,0,4
0.058347663532363016,0.0002729314078942415,-60379.87003136074,0,6
0.058362720300434046,0.00027720815663770544,-60392.68353493414,0,8
0.058379994000628245,0.00027695220652469525,-60418.45494493862,0,9
0.05839838810056894,0.0002714017528661555,-60448.31426365843,0,11
0.058418986593270994,0.00027688146419315796,-60485.45091022156,0,9
0.05843735616996626,0.0002857959669865762,-60518.26285874208,0,10
0.0584568229484793,0.0002889194647056396,-60558.48608267896,0,10
0.05847633760846562,0.00027475938306670457,-60602.01809141761,0,10
0.058495852324652174,0.0002527449339682475,-60636.54385320643,0,10
0.058515365756955824,0.0002492239944076124,-60669.01971298966,0,9
0.05853371200619972,0.0002485983485809164,-60693.57437606517,0,9
0.0585520469558153,0.00024096165902226068,-60715.04280297607,0,8
0.05856933193039703,0.0002339834601331876,-60733.21653068038,0,9
0.05858770220607336,0.00022100327712723414,-60752.90818565797,0,9
0.05860610764132121,0.0002049086083558533,-60772.572281698616,0,7
0.05862231905291842,0.0001982129006608569,-60782.67983143057,0,5
0.05863630184483798,0.00019389069234563924,-60789.723910147026,0,2
0.05864698270927383,0.00019366646943256292,-60792.72466942045,0,1
0.05865653168194217,0.00019752611687409095,-60794.324570346565,0,1
0.058666069009525715,0.00020225483229508397,-60795.89103290757,0,0
0.05867450956974089,0.0002110057786717508,-60796.17436519691,0,0
0.05868293842067067,0.00022216723817727456,-60796.43569225331,0,0
0.058691367263521574,0.00023539406054766754,-60796.697024787936,0,0
0.05869979610269758,0.00025035910869728893,-60796.95835753348,0,3
0.05871151508663155,0.00026185339466170825,-60803.16632449719,0,4
0.05872436586136282,0.00027099317586284303,-60811.58444969286,0,7
0.05874051874143324,0.0002691847954067446,-60833.53563467793,0,10
0.058759997165341075,0.0002528069436678818,-60865.2986052106,0,9
0.058778412727743416,0.0002542840508070342,-60894.2659093555,0,7
0.05879456411518898,0.0002671408801337716,-60916.74982783938,0,8
0.05881176522373544,0.00028086811128658095,-60942.191140009556,0,9
0.05883007528142285,0.0002851365761702658,-60971.082642626294,0,11
0.058850637913429676,0.00027684138289464524,-60996.20721119242,0,9
0.058869065174958685,0.000275495240157595,-61017.21356729546,0,9
0.058887433967954504,0.0002730757289790659,-61037.06431843587,0,9
0.05890581456998926,0.0002681127192856669,-61056.71141451285,0,9
0.05892421832268366,0.00026644648971324087,-61076.27581117145,0,8
0.05894152563897006,0.0002623343063069776,-61093.59970110844,0,8
0.05895882201912332,0.0002435334086914745,-61110.83386190921,0,6
0.05897392423374694,0.0002366050819001823,-61119.443213303115,0,3
0.058985713142557954,0.0002337840426304913,-61123.80276570531,0,2
0.05899637039682275,0.00023157184178749704,-61126.743623335926,0,1
0.059005919359891676,0.00023118722255457456,-61128.33420381767,0,1
0.05901545649388647,0.00023436411866858227,-61129.8812111558,0,0
0.059023897036900023,0.00024043425758532038,-61130.16359476554,0,0
0.05903232587382281,0.00024880828984975156,-61130.42492026219,0,0
0.05904075470267368,0.00025926768376225025,-61130.686251012725,0,1
0.05905028010671601,0.00027022211572413023,-61132.77272830609,0,7
0.05906639696488518,0.0002697770092600525,-61146.470931987365,0,8
0.059083680877074295,0.0002594480955278396,-61162.729170162216,0,9
0.05910207323205059,0.00024033150158597508,-61190.622245577455,0,10
0.05912157377579191,0.00021774497340668216,-61222.14436134246,0,9
0.059139989053939995,0.00020072197586352717,-61251.0800617736,0,8
0.05915729473397274,0.00021164985428062018,-61277.116154143005,0,8
0.05917451819172161,0.00022836286495873256,-61302.68008379737,0,7
0.059190633719241895,0.00024003176234588502,-61325.07563166114,0,8
0.059207869946305676,0.00023722505050448195,-61342.58568010085,0,7
0.059224056696831305,0.00022849311689799074,-61358.11752304118,0,7
0.05924024266331147,0.0002323854840032151,-61373.66789772414,0,9
0.059258586292732084,0.00023974954795275192,-61393.26741059973,0,8
0.05927586844594651,0.0002492038300723677,-61410.65249670152,0,8
0.05929315134445297,0.00024598706119724554,-61427.910223616636,0,7
0.05930934937908454,0.00024131724232306548,-61443.086688628995,0,6
0.05932443910749867,0.00023836440897081815,-61451.501383042385,0,3
0.059336227700036825,0.0002376065706983222,-61455.854386180115,0,1
0.05934578806891183,0.00024226289200946884,-61457.46555245432,0,1
0.059355325157409225,0.0002466951474819157,-61459.00994277406,0,0
0.05936376568097061,0.0002549546157943007,-61459.29252017642,0,0
0.0593721944989123,0.0002652665431385791,-61459.55384511819,0,0
0.05938062330878385,0.000277395118742122,-61459.81516254653,0,1
0.05939014860942857,0.000289374749333482,-61462.032440015435,0,2
0.05940078210394816,0.0003000867204961144,-61466.27183861021,0,8
0.05941800641399588,0.0002970771889333008,-61482.564738486806,0,8
0.05943530098616574,0.0002860748039467562,-61499.51974779145,0,8
0.05945259537798742,0.00027448617420566134,-61525.11005419445,0,8
0.059469889570750015,0.0002651675330870696,-61551.34127503197,0,7
0.05948608727405971,0.0002568426188289127,-61574.77241078124,0,9
0.05950446532761448,0.0002596455710757574,-61605.31934624685,0,10
0.05952391583225337,0.0002707807821622839,-61640.49196076899,0,8
0.05954118582471967,0.0002747827584931928,-61669.484883280915,0,10
0.05956066119110487,0.00026234590478528655,-61695.8893126592,0,9
0.05957907550943227,0.00024094281777252665,-61720.25554915102,0,8
0.05959638168301904,0.00021523086161262257,-61740.71354583261,0,7
0.059612578879777625,0.00020389224374587768,-61757.146525591816,0,9
0.05963092128584135,0.00020721922934891692,-61777.42972606999,0,8
0.05964813233168323,0.00020893609982454125,-61795.370324465934,0,7
0.0596642705295382,0.00020936520081929916,-61810.722394997414,0,7
0.05968042072750726,0.00020448633140726698,-61820.72707113128,0,5
0.05969441326458982,0.00020200435622358564,-61827.77105119385,0,2
0.05970509327231262,0.00020497517802069387,-61830.76381890943,0,1
0.05971464188205285,0.00020980377501677558,-61832.35875522832,0,0
0.05972308239166413,0.00021858872434524503,-61832.6423620554,0,0
0.05973151119418997,0.0002297024554881629,-61832.90368774429,0,0
0.05973993998865228,0.00024282222044411954,-61833.165005272145,0,0
0.05974836877944194,0.00025764174144002523,-61833.42633707306,0,2
0.05975899026001228,0.0002706453948337731,-61837.65745147055,0,7
0.05977511690630195,0.00027405503135417207,-61852.1344232074,0,9
0.05979349444248453,0.00027287186407084834,-61871.20249469676,0,7
0.0598097026000901,0.000273009989694449,-61893.7556521214,0,8
0.059826983904162495,0.00026853871876712164,-61919.637802769896,0,10
0.05984646850500035,0.0002765317671347716,-61952.256874774495,0,10
0.05986590561952166,0.0002939927100303108,-61985.34929604039,0,8
0.05988312756795846,0.0003012256054843271,-62012.45365119299,0,10
0.05990259014243206,0.00028815948087153597,-62047.35932633432,0,8
0.05991990672179609,0.00027418216900120494,-62067.83931554151,0,9
0.05993829608194494,0.0002588951606398428,-62091.01087962732,0,9
0.059956696523983034,0.0002524192333291204,-62112.63481015069,0,9
0.05997505000966285,0.0002480507868172851,-62132.857024089375,0,8
0.05999231882650076,0.00024640164369663255,-62150.51140366652,0,7
0.060008514824532,0.0002457858533621435,-62165.99820447643,0,7
0.0600246992371514,0.00024272708735870158,-62181.2761879456,0,6
0.060039787754022064,0.00023356332865402156,-62189.705617194355,0,3
0.06005157577027174,0.00022706450666014913,-62194.026093731634,0,2
0.060062232390570174,0.00022251572642477513,-62196.96098856642,0,0
0.06007068459285818,0.00022547959906255813,-62197.26709535932,0,0
0.06007911339041115,0.00023108540295524517,-62197.528428736434,0,0
0.060087542175513035,0.0002391173454273744,-62197.78974513833,0,0
0.0600959709569428,0.00024934106795457847,-62198.05106196536,0,1
0.060105496086232696,0.0002576993066681878,-62200.272861856196,0,2
0.060116129276273245,0.0002623134677445206,-62204.5288505529,0,6
0.060131159074355296,0.0002576615769279803,-62216.980543741905,0,9
0.06014952387465154,0.0002503913180155662,-62235.83531997857,0,8
0.060166804223397444,0.00024113098674914815,-62261.324620958876,0,7
0.06018300007628067,0.00023140042987512794,-62284.19877342134,0,8
0.06020028022712468,0.0002234297357869866,-62310.63709412384,0,9
0.06021865516104426,0.00023962457761013805,-62340.33748297745,0,9
0.06023694829938273,0.0002542545040060419,-62370.21519331917,0,8
0.06025416950808706,0.0002554010979430812,-62397.16152268097,0,10
0.06027363001738377,0.0002501082239172348,-62421.41573319441,0,10
0.06029313734907502,0.00024251071501306187,-62445.99020629543,0,7
0.06030935552596186,0.00024827380387751157,-62462.43169247183,0,7
0.06032551505822341,0.0002581464121488091,-62478.25213728738,0,7
0.06034168660409156,0.0002629356784487345,-62493.630488896735,0,8
0.0603589659945371,0.0002650059982408012,-62511.11318193829,0,8
0.060376257633717643,0.00025727390095942526,-62528.525964535285,0,7
0.06039245333552493,0.00024393875026847907,-62538.2771847642,0,5
0.06040644503513208,0.00023049618958855765,-62545.16964261204,0,2
0.06041712469083337,0.0002239623421405706,-62548.0991382617,0,0
0.06042557688348395,0.00022371064423921648,-62548.404486842686,0,0
0.060434005668694064,0.0002261851558914742,-62548.6658194048,0,0
0.06044243444146583,0.00023127952708141528,-62548.92713509294,0,0
0.06045086321056603,0.0002388261574381514,-62549.18845102668,0,0
0.06045929197599463,0.0002486018194704853,-62549.44978159228,0,1
0.06046881691956408,0.00025718737510236695,-62551.67395574305,0,6
0.06048383405126504,0.0002571422708143679,-62563.96882326621,0,9
0.06050219824464605,0.00024354026707933458,-62582.54032380182,0,8
0.060519501292251865,0.00022717223542567476,-62607.945285741844,0,9
0.06053787672081478,0.00021304069241309432,-62636.95330545119,0,9
0.06055627519917626,0.000205731820420731,-62666.556082467454,0,9
0.060574660588719825,0.0002251548270090293,-62696.002657321675,0,9
0.06059296464682202,0.00023468091153518834,-62725.7946760647,0,9
0.06061130458973848,0.00022914518897018264,-62756.4635625978,0,11
0.06063189533182878,0.00021336270619944087,-62783.64161856793,0,9
0.060650317417500973,0.00019466805418649278,-62806.40251040102,0,10
0.060669810858031685,0.0001989554609900337,-62830.03652128468,0,8
0.06068704211206378,0.00020597537859605122,-62847.85264920178,0,7
0.06070320110376612,0.0002071943689201226,-62863.48850524752,0,8
0.06072045643215218,0.00019877467335152122,-62881.26652644032,0,8
0.06073774684339351,0.00018849667927379335,-62899.03559656184,0,7
0.060753941215797094,0.00017891909734356676,-62908.89612210517,0,6
0.0607690275564735,0.00017781185120984826,-62917.17765556013,0,2
0.06077971831996286,0.00018305358430040962,-62920.1426485538,0,1
0.06078926646197561,0.00018922611135993272,-62921.70745260942,0,1
0.060798802818344086,0.0001990406925192999,-62923.20619424132,0,1
0.06080833924723266,0.00020912104439372507,-62924.67546320548,0,0
0.06081677968972577,0.00022252699665044898,-62924.95771162518,0,1
0.06082630435184763,0.00023682618228985095,-62927.156022784366,0,1
0.06083584068789409,0.0002520158081540928,-62929.4272431445,0,4
0.0608486647967889,0.0002642675339933752,-62937.785874763555,0,7
0.06086481188874613,0.0002685882115525646,-62952.46256032219,0,8
0.060882089966804005,0.0002671568376843606,-62977.87391203786,0,9
0.06090047577004586,0.00026070592160665017,-63007.197146007195,0,11
0.060921063719488015,0.00027287457947174564,-63043.04443020711,0,10
0.060940497885248635,0.0002769597700809184,-63075.73918801247,0,10
0.06095999111964104,0.00027113732459291273,-63109.59981555429,0,10
0.06097949667610375,0.00025123992153224255,-63143.957989205475,0,11
0.06100009771817991,0.0002316252803408587,-63170.27820325667,0,10
0.06101960143571012,0.000237124508870782,-63194.01129322283,0,9
0.061037916196520346,0.0002357245271876726,-63214.06189282606,0,8
0.06105519384133271,0.00022970400866509429,-63231.66393157173,0,8
0.06107248323836432,0.0002208312611044221,-63248.97348136827,0,9
0.06109086866563491,0.00020630732841884182,-63268.248843440226,0,9
0.06110926546148823,0.000195149894359336,-63287.54325427316,0,7
0.061125470154257316,0.0001944545820573873,-63297.285482606734,0,5
0.06113945985575202,0.00019488209932560117,-63304.197445038015,0,2
0.06115013869945782,0.00019887529917959174,-63307.14729614526,0,1
0.061159686643135557,0.0002058254589726794,-63308.71162939403,0,1
0.06116922285053633,0.00021530636850214822,-63310.21977811037,0,0
0.0611776632744548,0.00022701829236287583,-63310.50144358446,0,0
0.06118609200662382,0.0002406872593705868,-63310.762764416824,0,0
0.06119452073075402,0.00025600900448934376,-63311.024091364125,0,0
0.061202949451214794,0.0002727050907443674,-63311.2854181358,0,3
0.06121466554140748,0.0002869271898036778,-63317.34609126503,0,4
0.06122751276294989,0.00029441159518980945,-63325.80600260014,0,7
0.06124365933729759,0.00029087952345945896,-63347.689900376805,0,10
0.06126312844906467,0.0002763952393583857,-63379.27338068259,0,10
0.06128263112147593,0.00028268253274801484,-63411.59729086725,0,7
0.06129877609357809,0.00029436616251151635,-63434.39477685065,0,8
0.0613159699723089,0.00030655435744427855,-63459.98750586093,0,10
0.06133536792006355,0.00030568076642696406,-63492.77561179422,0,11
0.06135596716246352,0.0002987606518558874,-63518.28437598162,0,9
0.061374374213663846,0.00029958726027975595,-63540.04740232361,0,9
0.06139272324772506,0.00029453192323840316,-63560.92584737025,0,9
0.06141111872379061,0.00029277242547135466,-63581.31843759863,0,8
0.06142841869968488,0.00028825129559514846,-63598.6469313091,0,9
0.06144680343472403,0.00027033294204740707,-63618.09828626842,0,8
0.06146410370536592,0.0002542422527390162,-63635.36069111171,0,6
0.06147917675562862,0.00024902333868510645,-63643.81190194716,0,3
0.061490951072530324,0.00024543802596397083,-63648.12236011635,0,2
0.06150160632865538,0.00024325998287721626,-63650.99960033882,0,1
0.06151115422686509,0.0002427039450725458,-63652.54756919366,0,1
0.06152069040624122,0.00024399789891836553,-63654.056050402854,0,0
0.061529130821036546,0.0002490194027816371,-63654.338074664054,0,0
0.06153755954441728,0.000256331724021518,-63654.59939523664,0,0
0.061545988259760244,0.00026574131327418394,-63654.86072152824,0,2
0.06155660848983322,0.0002720983583488684,-63658.679579369724,0,7
0.06157273060030992,0.0002704856431797245,-63672.08657137496,0,8
0.06159000716715767,0.00025832996515900595,-63688.09223806316,0,9
0.06160839107099289,0.000240756947358274,-63716.11958461595,0,9
0.06162678678995663,0.00021802101240195025,-63744.66329490793,0,9
0.06164518174787907,0.00020629704833232602,-63773.600299488215,0,9
0.06166355153168355,0.0002303733425705181,-63802.837532296806,0,7
0.06167967203910632,0.00024790519377558204,-63825.82904160141,0,7
0.061695792786105444,0.00025992371040015505,-63849.23836133234,0,8
0.061713022136819104,0.0002498655766939073,-63868.48754192071,0,8
0.06173029760850838,0.0002455090288838477,-63888.78432399706,0,8
0.06174756077718967,0.00025123770570125337,-63908.54371444865,0,9
0.061765872713071296,0.00025758408510112156,-63929.80449622025,0,9
0.06178419704824677,0.00025199416027180214,-63950.31013772304,0,9
0.06180257979108806,0.00024512708946768715,-63970.845914416,0,7
0.06181878290148343,0.00024133710920614128,-63987.029128139155,0,5
0.06183277127203366,0.00024227442050492274,-63994.59438481312,0,3
0.06184454536152967,0.00024136588192913771,-63998.97434501431,0,1
0.06185410478260271,0.0002449191926796205,-64000.587478805755,0,1
0.061863640818974115,0.0002501142376793923,-64002.136956721224,0,0
0.06187208121066894,0.0002587794324606655,-64002.420002053375,0,0
0.061880509913153664,0.00026943641354293797,-64002.68132381634,0,0
0.06188893860760592,0.000281855217057176,-64002.94263794629,0,1
0.06189846293989608,0.0002934305111523748,-64005.138289306335,0,2
0.06190909454542963,0.00030364518574777237,-64009.392067981455,0,8
0.061926311449935004,0.00030126110651031645,-64025.93530104263,0,8
0.06194359846468769,0.00029218979688377727,-64043.11532378073,0,8
0.06196088536738158,0.00028215300059906853,-64069.03484194744,0,9
0.061979267970618084,0.00026817998891509105,-64098.655144173405,0,8
0.061996566279235256,0.0002597443603670414,-64125.711380437315,0,9
0.06201493556076114,0.00026939289802691214,-64156.734458160725,0,10
0.06203433048371739,0.0002748605071346025,-64193.072710103865,0,8
0.06205159357267391,0.0002700268664120256,-64225.02580516901,0,10
0.06207107175551511,0.00024949194809270283,-64256.80216443514,0,9
0.06208947767987935,0.0002252999058289998,-64288.41638611366,0,7
0.06210568058389848,0.0002051575879247278,-64311.114171936795,0,7
0.06212185862944014,0.00021420768930661434,-64330.315408588984,0,9
0.06214014566405386,0.00022538782522771216,-64352.0819170479,0,8
0.062157349177728444,0.00023181329491622662,-64371.36372418822,0,7
0.062173469533786226,0.00022803108029860832,-64387.17982991223,0,7
0.062189648328659496,0.00022391170383190154,-64397.759389567356,0,5
0.06220363601002951,0.0002248704707570995,-64404.90975721715,0,2
0.062214313988224364,0.00022936040095462748,-64407.891270762724,0,1
0.06222386148065003,0.00023627740996900586,-64409.48219142284,0,0
0.062232301856112004,0.0002456838918648511,-64409.765602208354,0,0
0.062240730541809744,0.0002571149240854437,-64410.02692426186,0,0
0.06224915921948335,0.0002703197788558985,-64410.288238268586,0,0
0.062257587893489674,0.0002850520495302925,-64410.54956636856,0,2
0.06226820739829945,0.0002988759595868871,-64414.784559056665,0,7
0.06228432744702479,0.00030512812604711724,-64429.33354261882,0,9
0.0623026970523269,0.0002998939539452424,-64448.486095545915,0,7
0.062318899276735035,0.0002905678527624412,-64471.2313446729,0,8
0.062336173440965134,0.0002795688515139867,-64497.717791692274,0,10
0.06235564856022318,0.00028956778365377855,-64531.7124556637,0,10
0.062375064839705764,0.0003051378566404035,-64567.064083349345,0,8
0.06239229161988977,0.00030449241507171545,-64597.21660885642,0,9
0.06241064924065069,0.00029528561514773137,-64633.99010932088,0,9
0.06242903042579815,0.00028079202242833505,-64664.30246673341,0,9
0.06244742313418854,0.00026601986836362443,-64696.47672160007,0,9
0.06246581501505553,0.0002633014180468648,-64723.40725506497,0,9
0.06248414854329783,0.00026001517311665317,-64746.23920914218,0,8
0.06250143354588404,0.0002558717632245237,-64764.902263761556,0,7
0.06251762315724264,0.0002521754163266132,-64781.16061709381,0,8
0.06253489694245032,0.0002382731261805304,-64799.08079266522,0,6
0.06254999173599501,0.0002216260843176064,-64807.87653469572,0,2
0.0625606814385453,0.0002133664067008937,-64810.914041665965,0,2
0.06257132439632586,0.00020557036067639494,-64813.81270254556,0,0
0.06257977645076487,0.00020546367019802535,-64814.11868974405,0,0
0.06258820513724625,0.00020833023423993345,-64814.38001991396,0,0
0.06259663381134532,0.00021402067357932875,-64814.64133269674,0,0
0.06260506248177737,0.00022231824338111365,-64814.90264592266,0,0
0.06261349114854235,0.000232944505777679,-64815.16397364294,0,2
0.06262411052616519,0.00024064746159147213,-64819.376592432105,0,7
0.06264022957555729,0.00024423820754279564,-64833.70127504522,0,9
0.0626585972465224,0.00024897121465968923,-64852.33006615681,0,8
0.06267589326605681,0.0002488065826980546,-64877.455876807864,0,7
0.0626920827914986,0.00023991452182145725,-64899.90962907011,0,8
0.06270935550952465,0.00023344843321498852,-64925.76023348297,0,9
0.06272772199627148,0.0002519281239799141,-64955.347911110206,0,9
0.06274600674165833,0.00026918969164857834,-64984.73118292486,0,8
0.06276320882876453,0.00027248639044466234,-65011.35488705281,0,10
0.06278266052825776,0.00026200967439617606,-65036.03057302632,0,10
0.06280215891441968,0.0002480653440740063,-65061.89912977287,0,7
0.06281834713630476,0.0002513889592705945,-65079.00999603599,0,7
0.06283445350515286,0.00025681170724732,-65094.70262736079,0,7
0.06285057188025923,0.0002571914418559083,-65110.11866166416,0,8
0.06286782080801503,0.0002520092594484828,-65127.747331142964,0,8
0.0628851051061343,0.00024003241377937876,-65145.182993884846,0,7
0.06290129429736062,0.00022414855628211846,-65154.88499689447,0,5
0.06291528127676742,0.00020845449717425357,-65161.77888991129,0,2
0.06292595888981109,0.00020151279081264423,-65164.71874962698,0,0
0.06293441093527656,0.000200764160781235,-65165.024365247045,0,0
0.06294283960625774,0.00020304594033380017,-65165.285693171856,0,0
0.06295126826487048,0.00020824564310352814,-65165.54700408439,0,0
0.06295969691981687,0.0002161527883228884,-65165.80831600909,0,0
0.06296812557109695,0.00022648397820187484,-65166.069642896786,0,3
0.06297983996569162,0.00023080581983532178,-65172.21618845825,0,6
0.06299487505634063,0.00022703740372926015,-65184.465855753486,0,9
0.06301323085589682,0.0002114358947595441,-65202.8975645749,0,8
0.06303052631782241,0.00019523773367332203,-65227.86182072847,0,10
0.06305000041455527,0.00017562754935572303,-65259.391076967935,0,8
0.06306730682063218,0.00017296775507254212,-65285.384555229124,0,9
0.06308564935489906,0.00018420893612631795,-65314.44851680167,0,9
0.06310396877216842,0.00019055159221578773,-65343.55499974381,0,9
0.06312233508740682,0.0001928343858317887,-65373.52584500003,0,11
0.06314291500290065,0.00019145826876632295,-65399.71826033225,0,9
0.06316132848057072,0.00018005685291176674,-65421.483301961685,0,10
0.06318081231460694,0.00019478652502170663,-65444.205388590686,0,9
0.06319914299287131,0.00020390555833477706,-65463.7186591315,0,7
0.0632153188854803,0.00020592862352347406,-65479.04663300636,0,8
0.06323257831586679,0.0002025979593213141,-65496.35273142972,0,7
0.06324876624288034,0.00019448528587106013,-65511.43975504709,0,8
0.06326603698261682,0.00019576290859725542,-65522.423012528074,0,6
0.06328112944902614,0.0001958764108628119,-65530.63100605662,0,2
0.06329181818131385,0.00020260508631346271,-65533.59395421857,0,1
0.06330136520658863,0.00021122004536130448,-65535.174765784745,0,1
0.06331090062274214,0.00022001701963924347,-65536.68091366948,0,1
0.06332043593810022,0.00023176343578442846,-65538.160601708,0,0
0.06332887624646043,0.00024534672981066136,-65538.44350839949,0,1
0.06333839999469797,0.0002579725332813682,-65540.6496723523,0,1
0.06334793541210976,0.0002709272792736343,-65542.91092211551,0,4
0.06336075596083428,0.00027952856784233167,-65551.13250033594,0,6
0.06337580190394894,0.00027826129799750354,-65563.52820702636,0,8
0.06339306116849272,0.00027019024097965215,-65588.45216881977,0,10
0.06341253367663416,0.000261341361020346,-65620.3691694376,0,9
0.06343091013211848,0.0002677796897775369,-65649.16597571276,0,9
0.06344920526415558,0.00026845757310979583,-65677.60426486346,0,10
0.0634686660439457,0.0002589297187586918,-65709.90222129314,0,10
0.06348815046093886,0.00024036821710985627,-65742.46678051248,0,10
0.06350764614947728,0.00022509421289990282,-65764.76720809682,0,10
0.06352711808672698,0.00021544216494313095,-65786.93630155937,0,9
0.0635454715177642,0.00020901789245948013,-65806.39823070762,0,8
0.06356272999498307,0.00020275975706178514,-65823.64147674227,0,8
0.06358001174673907,0.00019817391722430614,-65840.49297819288,0,9
0.06359838846507362,0.00019192691901552251,-65859.24619919604,0,9
0.063616776673758,0.00018818332280008852,-65878.04241716057,0,8
0.06363406966788154,0.0001910958396809474,-65888.90780036188,0,5
0.06364806619116975,0.00019721288636406485,-65895.73722462193,0,2
0.06365874296091208,0.0002060257706942759,-65898.61848015782,0,1
0.06366828982950669,0.0002165664357779734,-65900.09775965918,0,1
0.06367782500510465,0.00022876484000482295,-65901.52044997812,0,0
0.06368626529455053,0.0002428175108128044,-65901.80079766651,0,0
0.06369469390818856,0.00025845691906544404,-65902.06211329727,0,0
0.06370312251382453,0.0002754210984505549,-65902.32343548605,0,0
0.0637115511157965,0.00029348041104325736,-65902.58475796196,0,4
0.06372435930386834,0.00030748564189677155,-65910.26718776643,0,5
0.06373830930429936,0.00031450392484232923,-65920.45842216839,0,7
0.0637544608703617,0.0003134596518825617,-65941.9447276168,0,10
0.06377392064763267,0.00030244086594215474,-65972.74133269937,0,10
0.0637934139166403,0.0003105254105915223,-66003.81340821825,0,7
0.06380955229011519,0.0003236090966587847,-66025.45943113179,0,8
0.06382673873794753,0.00033695208092567286,-66049.78072245858,0,10
0.0638461280896589,0.00033036195812824633,-66080.0841380432,0,11
0.06386671716198117,0.0003223391935716915,-66102.48943725582,0,9
0.06388509281348916,0.0003183201928486317,-66120.85887639211,0,9
0.0639034453673632,0.00031097502198635085,-66139.16688938324,0,9
0.06392183261774932,0.00030693911339966883,-66157.54763122935,0,8
0.06393912555987556,0.0002961608797695565,-66173.87701417375,0,8
0.06395640691701451,0.0002809250638393289,-66190.22995434934,0,8
0.0639736878956999,0.0002680836073984609,-66206.5866702388,0,7
0.06398985061095122,0.0002566800528067977,-66215.90192046236,0,3
0.06400164564235773,0.0002486773870130991,-66219.93712237771,0,2
0.06401229894090775,0.00024556016906540634,-66222.619662269,0,1
0.06402184573228654,0.00024518654806542285,-66224.07273958728,0,1
0.06403138090402996,0.000245862984504899,-66225.46955493525,0,0
0.06403982118897042,0.0002505200841614374,-66225.74918125916,0,0
0.06404824979807383,0.0002574744116031048,-66226.0104950806,0,0
0.0640566783991753,0.00026653893408821756,-66226.27181480534,0,2
0.06406729669057915,0.00027341622164866406,-66229.8262803506,0,7
0.0640834126182585,0.0002685143426151378,-66242.5513004041,0,8
0.0641006816664866,0.00025718517333435614,-66257.88998490044,0,9
0.0641190571182992,0.00024166974466861753,-66285.15901659863,0,11
0.0641396337066758,0.0002244070256577829,-66318.65766077554,0,10
0.06415913718983629,0.00023693558188346277,-66349.46444101623,0,8
0.06417638053362315,0.00026120480036302175,-66374.05983267944,0,8
0.0641935659265978,0.00027768166478874857,-66398.53548333344,0,7
0.06420968074315409,0.0002815783026200111,-66420.09396731271,0,9
0.0642280208430396,0.00027053684099698997,-66438.6221807512,0,7
0.06424421691667583,0.0002765787766693434,-66453.25167025709,0,8
0.06426143763729,0.0002835215833447621,-66469.69817469126,0,9
0.06427974129590903,0.00029024021031645266,-66488.09023003088,0,9
0.06429808060989436,0.00028811022846447407,-66506.57603764607,0,8
0.06431537208281377,0.0002823840310284318,-66523.21090213297,0,7
0.06433155720890754,0.00027565619098941454,-66537.84472141843,0,5
0.06434554119174156,0.00027025542451641855,-66544.63131125008,0,4
0.06435840708590672,0.0002660239147527327,-66549.82512057909,0,2
0.06436907183998479,0.00026496636385371316,-66552.45509982447,0,1
0.06437861856200663,0.00026594656711739203,-66553.87428278562,0,0
0.06438705883272047,0.0002707777512784673,-66554.15411400516,0,0
0.06439548742521127,0.00027773299388533004,-66554.41542679394,0,0
0.0644039160097048,0.0002866492758187303,-66554.67673464902,0,1
0.06441343934809224,0.00029482359542622763,-66556.73964032713,0,2
0.06442406913513372,0.0003007486841407905,-66560.85659141885,0,8
0.06444127878791234,0.00029506117666398276,-66576.86398562629,0,9
0.06445965307168976,0.0002827691779823965,-66595.1623004552,0,8
0.06447694443566789,0.0002683306592026283,-66619.96813983117,0,7
0.06449312960374247,0.00025033009191912514,-66641.92218238763,0,8
0.06451039691671263,0.00024330520290150268,-66667.01926206352,0,9
0.0645287347168893,0.0002494159447648556,-66695.3471146952,0,10
0.0645481088822207,0.00025334215872938954,-66726.58916526646,0,8
0.06456535331599868,0.00023949065632128123,-66752.02917494075,0,10
0.06458482231010111,0.0002126625300135363,-66773.74638051167,0,10
0.0646043140518027,0.00019163443055271071,-66795.56468125165,0,7
0.06462049756072362,0.00019442375435980516,-66810.86004059974,0,7
0.06463661057306157,0.00020809093297460965,-66825.8835139715,0,9
0.06465488956039088,0.000217041277586666,-66844.87962962496,0,8
0.06467212110738497,0.00021867767260415875,-66861.75978458395,0,7
0.06468828162696318,0.0002168980149520671,-66876.5975329881,0,7
0.06470445369122188,0.0002175990668257791,-66886.10731617603,0,5
0.06471843645840723,0.00022393948627822316,-66892.87833749321,0,2
