cf_avg,cf_std,cumulative_profit,num_soc_violate,num_swap
1.6619824742783773e-5,2.314757568984831e-5,4.612391438146671,0,2
2.3575372618944537e-5,4.9677456139269326e-5,7.016772899274349,0,1
3.0977508268130835e-5,6.469853490237417e-5,7.927474980193468,0,0
3.944134089940659e-5,8.98677108860266e-5,6.001709904372021,0,0
5.307270356407392e-5,0.00015453877961431648,-3.4247259962182364,0,1
5.867980858802414e-5,0.0001680567014403325,6.109664462531517,0,1
6.588852347866819e-5,0.00017786897601319726,8.584000200266463,0,3
7.651504286527757e-5,0.00020240281149742442,0.18930389528222236,0,6
0.00010034212493962494,0.00024141419944411825,-31.74130019670073,0,7
0.00010815306469143746,0.0002549125455741666,-25.22001001904837,0,10
0.00012171736749713017,0.00026986709315651123,-43.860275596945286,0,11
0.00013521896543611936,0.0002911273074401779,-63.651993115134744,0,9
0.00015099766112846804,0.0002911273074401779,-88.42672524139171,0,10
0.00016524301833173834,0.0002911273074401779,-114.20245526324688,0,10
0.00017818158286434066,0.0002911273074401779,-133.82568039385055,0,8
0.00019358824358427435,0.0002911273074401779,-152.3624315279238,0,10
0.00020914869535385377,0.0002911273074401779,-169.36154585384358,0,9
0.0002229209791307485,0.0002911273074401779,-184.15563619158814,0,9
0.00023569304135752662,0.0002911273074401779,-196.50114826198813,0,7
0.0002491777520781915,0.0002911273074401779,-211.0721419768577,0,8
0.0002639100763849513,0.0002911273074401779,-227.44345198493548,0,9
0.0002766776672712938,0.0002911273074401779,-239.16192992621532,0,7
0.0002880806593557502,0.0002911273074401779,-245.8139517559435,0,5
0.0002960969818472688,0.0002911273074401779,-248.5509432615606,0,2
0.0003030536795748401,0.0002911273074401779,-250.1909608865416,0,1
0.00031048954526959326,0.0002911273074401779,-252.31643298354814,0,1
0.00031826174489649515,0.0002911273074401779,-254.3978657957734,0,0
0.0003282554570114193,0.0002911273074401779,-258.829773197016,0,0
0.0003416796291077402,0.0002911273074401779,-268.166341891965,0,0
0.00034760165469815773,0.0002911273074401779,-260.4666021880584,0,1
0.0003546012589823501,0.0002911273074401779,-257.69950888075067,0,1
0.00036503968241491857,0.0002911273074401779,-265.81860120068046,0,4
0.0003913379617950652,0.00032436051099395265,-301.2594979818921,0,7
0.0003992498738879114,0.00032840027404135006,-295.09819637443906,0,8
0.0004090039306437444,0.0003311398832345556,-301.1384585914031,0,8
0.0004186396563294365,0.0003642042245075217,-310.15972484072057,0,7
0.0004327791895840894,0.00035064608094831265,-333.1760629759754,0,9
0.00044726763527529976,0.0003383105706413728,-356.75425752640405,0,9
0.00046083619708862087,0.00032221965534399055,-379.5545100112213,0,9
0.00047452730465752824,0.0002953431803366146,-395.80034013732075,0,9
0.00048819297096599503,0.0002921753103405532,-410.43886233864964,0,8
0.0005027578781197493,0.0002921753103405532,-428.2188108434914,0,10
0.0005186267423379693,0.0002921753103405532,-445.046352922107,0,9
0.0005335679399460269,0.0002921753103405532,-461.0666634879833,0,9
0.0005460807739552969,0.0002921753103405532,-472.94066840865946,0,7
0.0005572549518951274,0.00033880991226909585,-482.3020971417854,0,6
0.0005670624332130619,0.00033880991226909585,-488.58678781501493,0,5
0.0005736703856439655,0.00033880991226909585,-490.75773420251124,0,2
0.0005791901547064738,0.00033880991226909585,-491.81037074774287,0,1
0.0005834164169348209,0.00033880991226909585,-492.0339223817993,0,0
0.0005895679604713839,0.00033880991226909585,-493.69663350636154,0,0
0.0005997158238045628,0.00033880991226909585,-498.60360728403,0,0
0.0006162385890997064,0.00033880991226909585,-511.67884836823964,0,0
0.0006219581832316721,0.00033880991226909585,-503.2931406251476,0,2
0.0006297921408855538,0.00033880991226909303,-503.85073596037495,0,5
0.0006432400361529806,0.00033880991226909303,-518.3538466627783,0,8
0.0006701891668599483,0.00033880991226909303,-554.2256780249003,0,9
0.0006794415427575747,0.00033880991226909303,-553.9554167183662,0,9
0.0006888221776767729,0.00033880991226909076,-560.4181782737301,0,8
0.0007021405157627345,0.00033880991226909076,-582.4926401255931,0,9
0.0007139717191369807,0.00033880991226909076,-600.9848600054905,0,7
0.0007275915160303042,0.00033880991226909076,-623.0789697936622,0,8
0.0007407861951363211,0.00033880991226908994,-642.5054728256524,0,8
0.0007547538512790201,0.00035462391781857915,-657.4395845042121,0,8
0.000768652196635692,0.0003546239178185784,-671.7918815243627,0,8
0.0007816581779161704,0.00036420392241834,-686.1944384866116,0,8
0.0007959111036096706,0.000348253573766472,-700.8957724634574,0,8
0.0008099429338907375,0.0003227868267998789,-714.9822973559354,0,8
0.0008204813959196624,0.0003131706854010166,-723.430015676229,0,5
0.0008310825160528786,0.00030404264362025277,-732.9031102013045,0,6
0.000839031492561727,0.0002962559946775876,-737.4825851782398,0,4
0.0008439085027814715,0.0002962559946775876,-738.3293548626457,0,1
0.0008487673184794231,0.0002962559946775876,-739.3121656665306,0,1
0.0008523930445683398,0.0002962559946775876,-739.5396064619379,0,0
0.0008585687397874093,0.0002962559946775876,-741.1563555873827,0,0
0.0008687251436738323,0.0002962559946775876,-745.6211501601775,0,0
0.0008878858360958714,0.00034377614058478325,-759.2254207875917,0,1
0.0008938170604054389,0.0003490852864469716,-752.5968984137271,0,2
0.0009021149851063722,0.0003778008811694588,-754.0971749638211,0,6
0.0009147981233727987,0.0003778008811694588,-765.8891346512793,0,8
0.0009399320545527327,0.0003778008811694588,-797.549233524162,0,8
0.0009500726058200696,0.0003778008811694588,-799.1654384901474,0,9
0.0009611097244085907,0.0003778008811694472,-808.3447243507832,0,9
0.0009746900373510426,0.0003778008811694472,-827.4455362485311,0,9
0.0009891055955607046,0.0003778008811694472,-849.8730162314897,0,9
0.0010027661326491798,0.00037866037473514483,-870.3790110889507,0,8
0.0010176584142075652,0.00037866037473514483,-895.1890400125333,0,10
0.0010312307716633987,0.00037866037473514483,-908.9841303014755,0,8
0.001044529887392421,0.00037866037473514483,-923.0728608066674,0,8
0.0010563290139957173,0.00037866037473514483,-934.5598865731943,0,7
0.0010697893256560816,0.00037866037473514483,-949.2805639205878,0,8
0.001083024263796435,0.00037866037473514483,-963.5204994081422,0,8
0.0010947291685674673,0.00037866037473514483,-973.8879570345027,0,6
0.0011071499516040531,0.00037866037473514483,-985.346881413416,0,7
0.0011165801567146934,0.00037866037473514245,-991.0898013018141,0,5
0.0011235948602283956,0.0003842128719148329,-993.4021162602035,0,2
0.0011293570436636386,0.0003842128719148329,-994.6023188546858,0,1
0.001134283537939093,0.0003842128719148329,-995.1911302907089,0,0
0.0011417677350864857,0.0003842128719148329,-997.5195288942244,0,0
0.001152557506406562,0.0003842128719148329,-1003.237132769332,0,0
0.0011729333108978822,0.0004099832186757287,-1020.0031941475329,0,0
0.0011790078178908019,0.00042949011560232587,-1012.5899338545447,0,3
0.0011875370587267156,0.00045146716364917976,-1012.9470916236228,0,7
0.0011996134179191264,0.0004318537230403787,-1023.7074593090445,0,8
0.0012283966795223027,0.0004295480051105691,-1062.7898069075832,0,7
0.0012342865471113725,0.0004130129316277832,-1050.5425636257537,0,8
0.001244910792467436,0.00040166649583889876,-1061.6081410081752,0,9
0.0012575788175855599,0.00039672715479404394,-1079.4788604048847,0,9
0.0012690575782968987,0.00039672715479404394,-1096.4578656911358,0,7
0.0012825096342868692,0.00039672715479404394,-1118.906015777907,0,8
0.0012969314528405323,0.00041724735955354805,-1142.0876750705509,0,9
0.001311076509597425,0.00041724735955354805,-1158.1979646503455,0,8
0.0013280214168517866,0.00041724735955353905,-1179.2946663642658,0,9
0.0013409870372349706,0.00041724735955353905,-1191.736320388957,0,9
0.0013532256608438044,0.00041724735955353905,-1206.2649878915508,0,8
0.0013668368345846349,0.0004172473595535383,-1222.245961855378,0,8
0.0013807412295371445,0.0004172473595535383,-1237.4966374865787,0,8
0.0013916403745448812,0.0004172473595535383,-1247.4529225776446,0,6
0.0014005311523080336,0.0003987401166325288,-1252.573537230522,0,4
0.0014063113674814029,0.0003914542214977143,-1253.6266301774526,0,1
0.0014106903340837648,0.0003914542214977143,-1253.515057893247,0,0
0.001415641166237621,0.0003914542214977143,-1254.225598262379,0,0
0.0014232169935604326,0.0003914542214977143,-1256.7359874052809,0,0
0.0014337002592135293,0.0003914542214977143,-1262.6919122566792,0,0
0.0014544895457325774,0.0004235656628942355,-1280.8065786421253,0,1
0.0014605997569417592,0.0004371401819699113,-1274.1482347564179,0,1
0.0014666193344510944,0.0004371401819699113,-1266.4830316190428,0,6
0.0014786576420279703,0.00047607520277998417,-1277.9787019642708,0,9
0.0015076979887528091,0.00047607520277998417,-1319.9705914884494,0,9
0.0015140644268721503,0.00047607520277998417,-1310.4502020733157,0,8
0.0015244031006698766,0.00047607520277998417,-1321.2856741863607,0,7
0.0015370221946634254,0.00047607520277998417,-1341.781775204955,0,8
0.0015490441255630112,0.00047607520277998417,-1360.4999217084714,0,7
0.0015620195814314026,0.00047607520277998417,-1382.796168726085,0,8
0.001577709642365663,0.00047607520277998417,-1409.7714219631696,0,10
0.001593404746737285,0.0004579029954642414,-1427.3609684723874,0,9
0.001608449304938147,0.00043924190182955644,-1444.9495717339366,0,8
0.0016181083343397467,0.0004298392809665817,-1452.5275707694973,0,6
0.001631777360983411,0.0004298392809665817,-1468.4933659396934,0,8
0.0016453265780701084,0.0004298392809665817,-1485.063777703354,0,9
0.0016578026792632183,0.0004298392809665817,-1499.645280829865,0,8
0.0016700753063288339,0.0004298392809665817,-1511.938276198441,0,7
0.0016797764944814744,0.0004298392809665817,-1518.2701046838695,0,5
0.0016870571706657702,0.000429839280966572,-1520.9960015053582,0,2
0.001693390832931812,0.000429839280966572,-1522.5793886377412,0,1
0.001699793271668681,0.000429839280966572,-1523.9925493341948,0,0
0.0017082333691842346,0.000429839280966572,-1527.3561950740316,0,0
0.0017196209132291761,0.000429839280966572,-1534.7093670624927,0,0
0.0017415521035370114,0.000429839280966572,-1554.2783412447886,0,0
0.0017491082805472188,0.0004454261953084726,-1553.204709841229,0,1
0.0017555195549118063,0.0004605842850677792,-1546.935824986166,0,6
0.0017654234951411192,0.0004605842850677792,-1552.0014639927854,0,8
0.0017866772865535701,0.0005030654671483024,-1584.629043293453,0,9
0.0017963270734313867,0.0004900022476223403,-1585.5300142039982,0,8
0.0018068112090883224,0.00046810423187441605,-1593.6926894310113,0,9
0.0018199390027286073,0.00046810423187441605,-1617.7291289372715,0,10
0.001833532008841893,0.00046739524781365036,-1642.2145634340684,0,9
0.0018468600114393463,0.00046739524781365036,-1664.5952246507131,0,8
0.0018638000509626541,0.0004538392645383622,-1695.0111970270636,0,11
0.0018830417090392483,0.00044345416905208285,-1720.1335747716764,0,11
0.0019040275963420816,0.00044345416905208285,-1751.226982314373,0,10
0.0019163908070113907,0.00044345416905208285,-1765.0017225112563,0,8
0.0019266365737585726,0.00044753807981058195,-1771.2421942209967,0,7
0.0019378046217371852,0.00044753807981058195,-1785.2189595558962,0,8
0.0019496410476621971,0.00043166251165501954,-1801.8127819435015,0,7
0.001963446287674532,0.00043166251165501954,-1819.5246163697884,0,8
0.001975205003186098,0.00043166251165501954,-1828.8583633012236,0,6
0.0019830716450117,0.00043166251165501954,-1832.1780045510677,0,2
0.001992362968668355,0.00043166251165501954,-1836.3792595410077,0,2
0.0020013327251296167,0.00043166251165501954,-1840.190601229618,0,1
0.0020119132172055484,0.00043166251165501954,-1846.2557237028568,0,1
0.0020237133237031055,0.00043166251165501954,-1855.3268941446972,0,0
0.002045729965922908,0.00046885497760382335,-1876.7164302422675,0,1
0.0020534428836693464,0.000490141847168697,-1875.8669074123318,0,1
0.0020609622587271182,0.0005077741856142928,-1872.8717222285177,0,3
0.002066049694217493,0.0005187666569584616,-1853.3753144961968,0,7
0.002083430496803122,0.0005596658941934817,-1884.6408266101557,0,8
0.0020916524390294866,0.0005596658941934817,-1883.9416339177033,0,10
0.0021063563632069734,0.0005596658941934817,-1910.5260677377278,0,11
0.0021205112840816326,0.0005596658941934817,-1934.2852603265976,0,9
0.0021361818820480175,0.0005596658941934817,-1963.645725660257,0,10
0.0021503659786584746,0.0005596658941934817,-1988.5775243920682,0,9
0.0021652361579486343,0.0005461101660079172,-2012.9966699478841,0,9
0.002181105689868809,0.0005308117949797496,-2033.3643246360523,0,9
0.0021992242209410767,0.0005281628176525644,-2058.8382107661396,0,9
0.002209982972891663,0.0004989919529553753,-2068.5031843948536,0,9
0.0022205843135671035,0.0004989919529553753,-2080.9510853739534,0,7
0.0022335457827775307,0.0004989919529553753,-2098.87422470756,0,8
0.0022485992269960513,0.0004835427935502899,-2118.111181231857,0,9
0.0022599642630989603,0.0004731826501036063,-2128.7676913343007,0,6
0.0022719068621252247,0.00046434805709882974,-2137.794256932987,0,6
0.00228043298620133,0.0004568730954345235,-2141.0582063538745,0,2
0.002288260493282217,0.0004568730954345235,-2143.485093252885,0,1
0.0022974941494650425,0.0004568730954345235,-2147.3038204819572,0,1
0.002306936714602785,0.0004568730954345235,-2151.5747244798254,0,0
0.002318510918009503,0.0004568730954345235,-2159.5106770493,0,0
0.0023385378101172887,0.0004794085469171907,-2177.526922585894,0,0
0.002346022802353584,0.0005027974974417368,-2175.990106188082,0,1
0.0023534637600598272,0.0005228134566079095,-2172.513274103677,0,3
0.002359531114782574,0.000538381911741137,-2162.335694423388,0,4
0.0023796732951876,0.000569757369070034,-2194.1691063355506,0,7
0.002384461886915988,0.00058321190148147,-2175.0395898373417,0,9
0.002394399204780501,0.00058321190148147,-2185.7316517306635,0,8
0.0024066724822217936,0.00058321190148147,-2207.4877015795723,0,8
0.0024229541165473305,0.00058321190148147,-2237.1223576878606,0,10
0.0024372437938409873,0.00058321190148147,-2262.310369085687,0,9
0.002450727086750938,0.00058321190148147,-2285.665786625698,0,9
0.0024681806313215384,0.00058321190148147,-2307.542178533921,0,9
0.0024899820647461303,0.00058321190148147,-2337.9320039746985,0,9
0.0025009004801863264,0.0005824731718778636,-2342.7812164682346,0,9
0.002512954552758271,0.0005824731718778636,-2358.5768065053785,0,9
0.0025281929435419168,0.0005824731718778636,-2379.6406251311796,0,9
0.002541937305454379,0.0005824731718778636,-2397.0934167385394,0,8
0.0025533296442950635,0.0005824731718778636,-2408.521384321605,0,6
0.0025629335309336745,0.0005824731718778636,-2415.735667158612,0,5
0.0025697353689503807,0.0005584490906869003,-2418.9590241629057,0,2
0.002575905548601891,0.0005341808394876041,-2420.85035645023,0,1
0.0025818061219740045,0.0005224962848906514,-2422.102971857374,0,0
0.0025897859206344023,0.0005224962848906514,-2425.1970504806945,0,0
0.0026006134330001174,0.0005224962848906514,-2431.9172396123295,0,0
0.0026191234784305214,0.0005224962848906514,-2449.417247922977,0,0
0.0026256599127156065,0.0005224962848906514,-2443.8542194503398,0,2
0.0026346508404687706,0.0005224962848906514,-2446.798186105013,0,6
0.0026480057667121353,0.0005224962848906514,-2463.192510483662,0,9
0.0026677044450057435,0.0005224962848906514,-2494.3489662942075,0,9
0.002676169796507678,0.0005224962848906514,-2488.306995113513,0,10
0.002689667785223841,0.000508941604311254,-2508.527316151621,0,10
0.00270247764735683,0.0005003242187083624,-2530.0207872502074,0,9
0.0027143881258752736,0.0005186211393453796,-2548.2362251685186,0,7
0.0027271794111127412,0.0005097369005689774,-2570.4090563644336,0,8
0.002740094486053991,0.0005482617895228842,-2592.0314738535744,0,8
0.002754591239837856,0.0005482617895228842,-2609.1317920589204,0,8
0.0027693012047738767,0.0005482617895228842,-2626.8703915561205,0,8
0.002782010518036137,0.0005482617895228842,-2639.640838411717,0,8
0.0027966560211742323,0.0005482617895228842,-2656.4191797402423,0,8
0.002810396591051819,0.0005482617895228842,-2672.4490694328642,0,8
0.002820641163625509,0.0005482617895228842,-2680.9164649382487,0,5
0.0028319878681787604,0.0005482617895228842,-2692.330195490551,0,6
0.0028406967395647395,0.0005482617895228842,-2697.8366533218486,0,4
0.00284583542345413,0.0005482617895228842,-2698.678526582664,0,1
0.0028506398024525127,0.0005482617895228842,-2699.937207453097,0,1
0.0028540446391625393,0.0005482617895228842,-2700.010486639286,0,0
0.002859235291265853,0.0005482617895228842,-2701.35065176822,0,0
0.002869089088622866,0.0005482617895228842,-2706.26198915018,0,0
0.002886033274617675,0.0005482617895228842,-2720.5923455717284,0,0
0.0028919324405419283,0.0005525181946179585,-2712.713168507878,0,2
0.0029019880727996824,0.0005525181946179585,-2718.144960723417,0,6
0.0029143830960002407,0.0005525181946179585,-2730.3512141983024,0,8
0.0029408285880993717,0.0005525181946179585,-2766.9553221056585,0,8
0.0029480915112537528,0.0005382232460607031,-2759.710701512786,0,9
0.0029607955098652117,0.0005290657279386984,-2775.932114663939,0,10
0.002974455011410371,0.0005167696884128369,-2798.1963814600717,0,9
0.002989113587672137,0.0004867725503921759,-2822.5336424380466,0,9
0.0030030205449974364,0.0004867725503921759,-2844.12713631961,0,8
0.0030177122208302296,0.0004867725503921759,-2869.3534683008356,0,10
0.0030305521660971622,0.0004867725503921759,-2883.4434609699942,0,8
0.0030444817269008914,0.0004702505306876775,-2898.7531487783735,0,8
0.003057139110661503,0.00046560061512231467,-2911.1807846086863,0,7
0.003070661581560288,0.00045306036141457527,-2926.065382814894,0,8
0.003084712121501941,0.00045306036141457527,-2940.5138055218567,0,8
0.0030957813312782302,0.00045306036141457527,-2950.7639942490355,0,6
0.003106980154427742,0.0005208293344822604,-2960.7462179224276,0,6
0.0031181535719528586,0.0005208293344822604,-2967.690987055949,0,5
0.00312604895218479,0.0005364551678164589,-2970.0847236630075,0,2
0.003132500919291277,0.0005364551678164589,-2971.3341652715435,0,1
0.0031383066563245017,0.0005364551678164589,-2971.9515947710183,0,0
0.0031461190864939593,0.0005364551678164589,-2974.406891032652,0,0
0.0031569589759418656,0.0005364551678164589,-2980.673549880532,0,0
0.0031759917082996424,0.0005364551678164589,-2997.5565979704115,0,0
0.003182089294466563,0.0005364551678164589,-2990.484209087236,0,2
0.0031905022598334616,0.0005364551678164589,-2991.214262522418,0,7
0.0032014715899601975,0.0005364551678164589,-2999.4816577299034,0,9
0.0032331028829461956,0.0005364551678164589,-3045.7162703543268,0,7
0.003238216592941931,0.0005364551678164589,-3030.1889952641286,0,8
0.0032474106445554473,0.0005364551678164589,-3037.9151293020946,0,9
0.0032612680298568513,0.0005364551678164589,-3061.500755739396,0,9
0.003273927268626452,0.0005364551678164589,-3081.090817547153,0,7
0.0032876680261651136,0.0005364551678164589,-3105.890852945994,0,9
0.00330158271037801,0.0005364551678164589,-3130.1665623549525,0,9
0.0033173118063014057,0.0005364551678164589,-3148.626787700851,0,9
0.003334147888940642,0.0005142855229688613,-3169.291200252421,0,9
0.003346415947849913,0.0005142855229688613,-3182.5224019408147,0,9
0.003359232687334843,0.0005007319181737122,-3197.971958476177,0,8
0.003372461718779018,0.0004921176550107381,-3213.941509584738,0,8
0.003386268006507921,0.0004832217757251462,-3229.90421753985,0,8
0.003396687125710818,0.0004743406434909096,-3239.98280147517,0,6
0.0034053955974261314,0.00046442783418155906,-3245.3365022095236,0,4
0.0034118483293680956,0.00046442783418155906,-3247.7666021754912,0,2
0.003416551654532226,0.00046442783418155906,-3248.037447575271,0,0
0.003422127835646748,0.00046442783418155906,-3249.031224302778,0,0
0.003430013336767802,0.00046442783418155906,-3251.7974629145187,0,0
0.003440718452662081,0.00046442783418155906,-3258.204854048835,0,0
0.0034624536421844604,0.00046442783418155906,-3277.354758759409,0,1
0.0034686283032732725,0.00046442783418155906,-3270.9175355822445,0,1
0.003475020178126172,0.0004721546159996803,-3264.8869269528514,0,7
0.0034872878765833592,0.00048762506290585223,-3277.106964114597,0,9
0.003511635374262896,0.0004984036511929527,-3314.481060594552,0,9
0.0035217621891216076,0.0004984036511929527,-3316.527513928899,0,8
0.003532460976096118,0.0005208270596521081,-3326.4212081298656,0,8
0.003543304695592902,0.0005364528236047359,-3342.2959102905747,0,8
0.0035564894029169033,0.0005364528236047359,-3365.0632205595152,0,8
0.0035698841716168194,0.0005364528236047359,-3387.787401217748,0,8
0.003584619852507763,0.0005364528236047359,-3415.296041062875,0,10
0.0036014268769099136,0.0005364528236047359,-3436.857787750876,0,10
0.0036173320085587067,0.0005364528236047359,-3456.969612071416,0,8
0.0036276487827260487,0.0005364528236047359,-3464.5102235576214,0,6
0.0036389396194406853,0.0005364528236047359,-3479.746395637871,0,8
0.0036540988406724264,0.0005364528236047359,-3499.4188059320204,0,9
0.0036674405454471563,0.0005364528236047359,-3515.989184466006,0,8
0.003680073841816266,0.0005364528236047359,-3529.135221466853,0,7
0.0036899167270534453,0.000518684850761446,-3535.986197182904,0,5
0.003696482562606517,0.0004939282602328925,-3538.7774653911683,0,2
0.0037025787179332478,0.00047221112156334977,-3540.5544829812748,0,1
0.003708499005348901,0.00047221112156334977,-3541.9587719176725,0,0
0.0037165818845306467,0.00047221112156334977,-3545.4218303238786,0,0
0.0037281299173186934,0.00047221112156334977,-3553.5159862793334,0,0
0.003753625520088628,0.00047221112156334977,-3577.3596164745745,0,0
0.0037606282688628823,0.00047221112156334977,-3573.931970080916,0,3
0.0037676346045662367,0.00046649495076589843,-3569.6140534239594,0,6
0.0037746939608807734,0.000466942113676574,-3561.2873766274424,0,9
0.0038049635467712513,0.00043204215797879877,-3609.1079208659594,0,8
0.0038110281455843048,0.00043204215797879877,-3596.8251559165324,0,8
0.0038211767406589963,0.00043204215797879877,-3609.229529600315,0,9
0.003835597483114167,0.00043204215797879877,-3637.446105169013,0,10
0.003849478287345974,0.00043204215797879877,-3662.001815921797,0,9
0.0038631636407620413,0.00043298064866028,-3685.3261169438388,0,8
0.00387973996268958,0.0004611971101934362,-3715.695505495418,0,11
0.003898296249099836,0.0004378983096752311,-3738.2948527316444,0,10
0.003916698824175104,0.00042811895982821225,-3763.4470751342537,0,10
0.003930052515516713,0.00045759656098423075,-3777.4875253210093,0,9
0.003940792312485659,0.00045759656098423075,-3787.0740612652685,0,7
0.003954900348971968,0.00045759656098423075,-3804.407391577044,0,8
0.003966805168608189,0.00045759656098423075,-3818.371837136601,0,7
0.0039809630704376936,0.00045759656098423075,-3834.210116621907,0,8
0.003992261395801493,0.0004368282514947743,-3842.6520490778676,0,6
0.004000221696234046,0.0004368282514947743,-3845.5514307162593,0,2
0.00400862644350777,0.0004368282514947743,-3848.854886110054,0,2
0.004016258727508803,0.0004368282514947743,-3851.760896450846,0,1
0.004026040825924994,0.0004368282514947743,-3856.973841316523,0,1
0.004037404303418221,0.0004368282514947743,-3865.084218549667,0,0
0.004059732912546593,0.0004368282514947743,-3886.1268828630505,0,1
0.0040674151969389595,0.0004535275744530677,-3885.0919353158993,0,1
0.004073236316475455,0.0004758125346325357,-3872.1633464896104,0,3
0.004082177103353102,0.00047919712595249843,-3869.5557924442373,0,7
0.004105909070485634,0.0005363726363742268,-3907.3795714199177,0,8
0.004114587792556534,0.0005363726363742268,-3902.0914273672074,0,10
0.004127366704103886,0.000553753238884415,-3919.716098082774,0,11
0.004141585203615133,0.000553753238884415,-3943.7112161897076,0,9
0.004157467851025674,0.000553753238884415,-3972.7715441663786,0,10
0.004172282689009737,0.0005147588535850615,-3997.0297707840923,0,9
0.004186283509027484,0.0005147588535850615,-4020.585079038669,0,9
0.004201745801824945,0.0005147588535850615,-4039.484090321873,0,9
0.004218564995990972,0.0005147588535850615,-4060.617227263471,0,9
0.004231262659789033,0.0005147588535850615,-4074.3975750119757,0,9
0.00424426902984048,0.0005147588535850615,-4087.79735954362,0,7
0.004259264544026681,0.0005147588535850615,-4107.3057501708545,0,9
0.004274842004290067,0.0004999860855185021,-4125.553484616249,0,9
0.004285583161070391,0.0004903200408340207,-4135.699472358102,0,6
0.004295828549824332,0.00048172704305430935,-4142.674068135053,0,5
0.004303520356077194,0.00048172704305430935,-4145.515563799639,0,2
0.004310534148710557,0.00048172704305430935,-4147.437162231819,0,1
0.004319108131915927,0.00048172704305430935,-4150.73094750909,0,1
0.004328073773910065,0.00048172704305430935,-4154.253576621611,0,0
0.004338896458857231,0.00048172704305430935,-4160.640506534037,0,0
0.004356428957584753,0.00048172704305430935,-4175.4600215417995,0,0
0.00436325108267037,0.00048172704305430935,-4171.5226726992505,0,1
0.004370311736574373,0.00048767255275752,-4168.062373489614,0,3
0.0043769224847945,0.0005091453024443142,-4162.989931542576,0,4
0.0044032067369590925,0.0005099765802238404,-4201.834298847327,0,7
0.004408761321054647,0.0005099765802238404,-4187.142389935422,0,9
0.004418262778863357,0.0005099765802238404,-4196.463650392537,0,8
0.004431448891669078,0.0005099765802238404,-4216.325551100095,0,8
0.004447089431515256,0.0005099765802238404,-4243.813495494624,0,10
0.004461923235958047,0.000536370257652993,-4269.132525915975,0,9
0.004476602099714662,0.000536370257652993,-4294.9298019245425,0,10
0.004489415230599224,0.0005537507826011715,-4309.771832677934,0,8
0.004505925808170725,0.0005537507826011715,-4330.328268531701,0,9
0.004520602576285082,0.0005537507826011715,-4346.719340368817,0,9
0.004534068699658497,0.0005537507826011715,-4362.300294428461,0,9
0.00454871410951723,0.0004817249032833361,-4380.2204021864145,0,9
0.004562653059505616,0.0004817249032833361,-4395.211752583929,0,8
0.004574488514283158,0.0004817249032833361,-4405.404807678481,0,6
0.004584103864320269,0.0004817249032833361,-4411.812699284984,0,5
0.004590726219355257,0.0004817249032833361,-4414.281647711842,0,2
0.0045963951007931105,0.0004817249032833361,-4415.691065780272,0,1
0.0046009802618626385,0.0004817249032833361,-4416.223178823847,0,0
0.004607590491743646,0.0004817249032833361,-4418.191554494994,0,0
0.004617968485532974,0.0004817249032833361,-4423.674133674739,0,0
0.004635538454051221,0.0004817249032833361,-4438.633213195452,0,0
0.004641365468486943,0.0004817249032833361,-4430.303023655262,0,2
0.0046490204262117606,0.0004817249032833361,-4429.647776002534,0,5
0.0046622694824801905,0.0004817249032833361,-4444.1502812174385,0,8
0.00468834809025609,0.0004817249032833361,-4481.796063754717,0,9
0.004695586882055609,0.0004817249032833361,-4474.180158922538,0,9
0.004708161678830767,0.0004817249032833361,-4489.388636037431,0,8
0.0047204566141905244,0.0004817249032833361,-4506.585113444882,0,8
0.004732399592659549,0.0005091430402925242,-4523.983074293739,0,7
0.004746192517654738,0.0005277783306526172,-4545.440307528821,0,8
0.004758825537893145,0.0005277783306526172,-4565.4216906874335,0,8
0.004772272737005361,0.0005277783306526172,-4580.348263753322,0,8
0.004785168343467977,0.0005277783306526172,-4593.82324071991,0,7
0.004798277726292986,0.0005706017836433531,-4608.509699294427,0,8
0.0048120354427211,0.0005706017836433531,-4623.159659793882,0,8
0.004825203883796078,0.0005706017836433531,-4637.8835919133635,0,8
0.004834992079219759,0.0005706017836433531,-4645.880654390705,0,5
0.004846365694047965,0.0005706017836433531,-4656.322707534652,0,6
0.004853840094852589,0.0005706017836433531,-4659.970707607921,0,3
0.004858952759051405,0.0005706017836433531,-4660.857194469251,0,1
0.004863925314030836,0.0005706017836433531,-4661.934334573274,0,1
0.004867440696004298,0.0005706017836433531,-4661.942554089093,0,0
0.004872683576005351,0.0005706017836433531,-4663.236383122574,0,0
0.00488228312552663,0.0005943548373635423,-4667.760797655645,0,0
0.00490002219150502,0.0006264880530865368,-4682.110934510707,0,1
0.004905435034268219,0.000641725032752104,-4672.741172341115,0,2
0.004913451522874724,0.0006552177868184245,-4674.326338294751,0,6
0.004926799066220945,0.0006979302356697565,-4689.152559858969,0,8
0.004957130905022329,0.000752524864499673,-4729.5852529484755,0,8
0.004962445473134922,0.0007280560530839735,-4716.79102161856,0,9
0.0049757685601928905,0.000704824865342463,-4736.019999499587,0,9
0.004989901494563963,0.0006826685929639542,-4757.263582940939,0,9
0.005003114752581751,0.0006616010661945639,-4778.6108606015705,0,9
0.005019320339406804,0.0006420792034713066,-4805.8019786356745,0,10
0.005034173676505163,0.0006287116550864856,-4830.292947157028,0,10
0.005048357785766209,0.0006121467676503122,-4844.984795233148,0,8
0.005061819939817828,0.0005901770552164149,-4859.783426349847,0,8
0.005074342771496105,0.0005833810517338725,-4871.556172570616,0,7
0.005088198419960111,0.0005636956176687589,-4886.346214990138,0,8
0.005102271898144081,0.0005559951235203225,-4900.836186879653,0,8
0.0051134537910875405,0.0005559951235203225,-4910.845451490082,0,6
0.0051237988574947615,0.0005559951235203225,-4920.509803167951,0,6
0.005132614879511017,0.0005559951235203225,-4925.409427474422,0,4
0.005139091050097495,0.0005559951235203225,-4927.513767632538,0,2
0.005143755622123717,0.0005559951235203225,-4928.451379306709,0,1
0.005147566574104749,0.0005559951235203225,-4928.649575687541,0,0
0.005153884361822318,0.0005559951235203225,-4930.425112052535,0,0
0.005164264949862958,0.0005559951235203225,-4935.586382002259,0,0
0.005181760072630192,0.0005559951235203225,-4949.905387543575,0,0
0.0051871908401486515,0.0005559951235203225,-4940.189932011004,0,2
0.00519483709791965,0.0005559951235203225,-4939.867218431929,0,6
0.005208623443865231,0.0005559951235203225,-4955.307810530954,0,9
0.005236944497936964,0.0005842198384357288,-4994.028953155638,0,7
0.00524350797668412,0.0005842198384357288,-4984.373826676883,0,8
0.00525715619190031,0.0005842198384357288,-5002.364301848476,0,10
0.005270613653247674,0.0005842198384357288,-5021.539247848393,0,9
0.0052826581495160636,0.0005842198384357288,-5039.28660363273,0,7
0.0052964576176956395,0.0005842198384357288,-5063.294753636318,0,9
0.005310661240454674,0.0005842198384357288,-5086.2984308073455,0,9
0.005326174580388431,0.0005862528722176733,-5103.483701543493,0,9
0.005341335264133597,0.0005862528722176733,-5120.380336359317,0,9
0.005356019743378536,0.0005862528722176733,-5137.043678681942,0,9
0.005368688228783279,0.0005862528722176733,-5150.664743248529,0,8
0.005381687338168394,0.0005862528722176733,-5165.076447593537,0,8
0.005394882374948997,0.0005862528722176733,-5179.673355752024,0,8
0.005405503285348428,0.0005862528722176733,-5189.465785649665,0,6
0.005413428522004613,0.0005862528722176733,-5194.198255876639,0,4
0.005420032432486232,0.0005862528722176733,-5196.6729690113625,0,2
0.00542430159036887,0.0005862528722176733,-5196.665543281113,0,0
0.005429020448156602,0.0005862528722176733,-5197.229033189534,0,0
0.005435930705082346,0.0005862528722176733,-5199.256105772703,0,0
0.005446100200156802,0.0005862528722176733,-5204.4992038868695,0,0
0.0054641961301530985,0.0005862528722176733,-5219.898810095491,0,1
0.0054702010325650375,0.0005862528722176733,-5212.511006117391,0,2
0.005479781539096105,0.0005862528722176733,-5217.293023665924,0,6
0.005490202086476293,0.0005862528722176733,-5225.525833202058,0,9
0.005516523204584138,0.0005862528722176733,-5262.5528660492355,0,9
0.0055265004778463685,0.0005862528722176733,-5263.599653764556,0,8
0.00553593643324424,0.0005862528722176733,-5269.16234728084,0,7
0.005549660418981028,0.0005862528722176733,-5288.125055111481,0,8
0.005563044297664223,0.0005862528722176733,-5307.250076538264,0,8
0.005577601237041263,0.0005862528722176733,-5329.647910338995,0,8
0.005591805167089631,0.0005862528722176733,-5354.194218154331,0,10
0.005607364640868266,0.0005862528722176733,-5372.639727704642,0,10
0.005621271534334958,0.0005862528722176733,-5385.983863760052,0,7
0.005632449149126732,0.0005862528722176733,-5396.257387006185,0,6
0.005645800630350904,0.0005862528722176733,-5411.066405652913,0,8
0.005660830033680815,0.0005862528722176733,-5428.0315009361675,0,9
0.005674659392590024,0.0005991912585144061,-5442.30304685872,0,8
0.005686776610073492,0.000599798527484467,-5454.052190427394,0,7
0.005697397334197464,0.0006653907416370461,-5460.742692349873,0,5
0.005704867993195903,0.0006417834766134663,-5463.13622232189,0,2
0.005709787326536986,0.0006177391673053196,-5463.00202702416,0,0
0.005715190564349003,0.0005928190287906314,-5463.825749026346,0,0
0.0057231247980324045,0.0005711551663142101,-5466.462698231599,0,0
0.00573397139697977,0.0005711551663142101,-5472.480903979641,0,0
0.005751720306450572,0.0005711551663142101,-5487.292896173136,0,0
0.005757869988174218,0.0005711551663142101,-5480.537301583644,0,1
0.005765260805587415,0.0005711551663142101,-5478.699415575078,0,6
0.005776639282929724,0.0005476323637529456,-5487.497123453526,0,8
0.005803055866790812,0.0005476323637529456,-5525.392903095089,0,9
0.005811158145656413,0.0005476323637529456,-5520.521655812314,0,8
0.005823767853340919,0.0005208472301676683,-5536.650647208091,0,9
0.0058383567461508055,0.0005208472301676683,-5559.476601676818,0,10
0.005852157665850719,0.0005208472301676683,-5581.521220860351,0,9
0.005865607279981495,0.0005208472301676683,-5602.492863664265,0,8
0.005880620786661474,0.0005158588107717322,-5628.028752800689,0,10
0.005896525220860499,0.0005158588107717322,-5645.805490099414,0,9
0.005913206270585563,0.0005158588107717322,-5664.328659033503,0,9
0.005925618010688737,0.0005158588107717322,-5676.663035156316,0,8
0.005938289854049014,0.0005158588107717322,-5688.883835058861,0,7
0.005951885604290419,0.0005158588107717322,-5704.177270407784,0,8
0.0059637053303005175,0.0005158588107717322,-5716.879053744467,0,7
0.00597757922472402,0.0005023105033747353,-5731.217529166115,0,8
0.005988380557229576,0.000499131320707982,-5738.685950046123,0,6
0.005996126776415687,0.000499131320707982,-5741.064560144308,0,2
0.006002483894933277,0.000499131320707982,-5742.238790523612,0,1
0.006009454569897864,0.000499131320707982,-5744.168967203231,0,1
0.006018363675736413,0.000499131320707982,-5747.630985899417,0,1
0.006028514569721204,0.000499131320707982,-5752.83698956132,0,0
0.006045665514892459,0.000499131320707982,-5767.102178094025,0,1
0.006051701368586053,0.000499131320707982,-5759.85590088133,0,1
0.006058462879209066,0.000499131320707982,-5755.957476768742,0,3
0.0060674367836498775,0.0005173933686653763,-5760.8313837506175,0,7
0.006099512115848233,0.000583366776460315,-5805.856223837318,0,8
0.006105636966504426,0.000583366776460315,-5794.813732606917,0,10
0.006119432330724771,0.000583366776460315,-5815.441778288551,0,11
0.006133185031510523,0.000583366776460315,-5837.6502026354565,0,9
0.006150189159155618,0.0005809922940247896,-5866.656535674963,0,11
0.0061651626069205365,0.000571017796576619,-5893.08631890344,0,10
0.006179331448600944,0.000571017796576619,-5915.112457364547,0,9
0.006195355892967615,0.0005519161191211352,-5932.750242174885,0,9
0.006211491546010186,0.0005218730502613976,-5951.328424905843,0,9
0.006224345705670876,0.0005140281880432201,-5965.569264537059,0,9
0.0062363569316149885,0.0005140281880432201,-5978.486331811195,0,7
0.006249734655954661,0.0005139719848531939,-5993.585567411783,0,8
0.006263144616605639,0.0004951067887718519,-6008.4743000442195,0,8
0.006274243198828048,0.0004874843244083151,-6018.26023689114,0,6
0.0062855313694137145,0.0004874843244083151,-6025.449570074555,0,5
0.00629369563545382,0.0004874843244083151,-6028.1159926837645,0,2
0.006300899182410772,0.0004874843244083151,-6030.00017171089,0,1
0.0063088033506393925,0.0004874843244083151,-6032.441709093669,0,1
0.006317409337239439,0.0004874843244083151,-6035.347253562612,0,0
0.006327957503995092,0.0004874843244083151,-6041.016041501285,0,0
0.006343914357001183,0.0004874843244083151,-6053.750611647425,0,0
0.00635033652424309,0.0004874843244083151,-6048.06652595375,0,1
0.0063573692893185,0.0004915702823900163,-6044.853150438917,0,3
0.006366111254274563,0.0005179081907752417,-6045.041766657594,0,4
0.006390203904284694,0.0005179081907752417,-6077.558816247651,0,7
0.006397391608516847,0.0005179081907752417,-6069.270143275893,0,8
0.006406419909398414,0.0005334203269297371,-6075.923601728732,0,8
0.006418931776859274,0.0005334203269297371,-6096.387252753807,0,8
0.006433680799894441,0.0005334203269297371,-6123.6620757556475,0,10
0.006447878301153786,0.0005334203269297371,-6148.389182702407,0,9
0.006462867792274176,0.0005334203269297371,-6173.317583901192,0,10
0.006478475968871934,0.0005785912419340486,-6190.2861990014135,0,9
0.006493711681264544,0.0005785912419340486,-6207.280587552537,0,9
0.006507411548170957,0.0005785912419340486,-6222.172283377092,0,9
0.006522115668421272,0.0005785912419340486,-6238.839573120432,0,9
0.00653683120440255,0.000574217649770663,-6255.156364969906,0,9
0.006551049149534546,0.0005554734028454908,-6269.496515860196,0,8
0.006561973261493821,0.000593307403806449,-6278.655929829735,0,6
0.006570726614833996,0.000593307403806449,-6283.506035917741,0,4
0.006577406864152773,0.000593307403806449,-6285.876846462395,0,2
0.006582738284456121,0.0005737924765990762,-6286.862652609589,0,1
0.006586832699372494,0.0005543133542782341,-6286.9619502595715,0,0
0.006592918280801901,0.000531760928270441,-6288.467439827118,0,0
0.00660300181467619,0.0005253185493081978,-6293.319533429713,0,0
0.006619786011644727,0.0005253185493081978,-6307.024875585743,0,0
0.006625276285041973,0.0005253185493081978,-6297.5819345915315,0,2
0.006634571935841006,0.0005253185493081978,-6301.219351724882,0,5
0.006648942113905242,0.0005253185493081978,-6317.178174091789,0,8
0.006672317160091622,0.0005253185493081978,-6350.16221489716,0,9
0.006681548923741567,0.0005253185493081978,-6348.987609130681,0,10
0.006695666648863074,0.0004875138758752108,-6368.4195948030665,0,9
0.0067069131809525135,0.0004875138758752108,-6383.2322303792025,0,8
0.006718930200183724,0.0004875138758752108,-6401.8086362864715,0,7
0.0067303390869499075,0.0004875138758752108,-6420.140884088945,0,7
0.006743199422202792,0.0004875138758752108,-6441.062604062845,0,8
0.006757118223770747,0.0004875138758752108,-6456.1512873312295,0,8
0.006770748882433758,0.0004875138758752108,-6469.22111534693,0,7
0.006783737783651487,0.0004905253759070226,-6484.668514465716,0,9
0.00679760807878405,0.0004905253759070226,-6499.937741352199,0,8
0.006811464894574602,0.0004905253759070226,-6514.699385643632,0,8
0.0068213928545044515,0.0004905253759070226,-6522.8419718648165,0,5
0.006831022760586264,0.0004905253759070226,-6530.654821505443,0,5
0.006838852476479641,0.0005480837592438352,-6534.49230847146,0,3
0.006844226657314336,0.0005480837592438352,-6535.6052452439035,0,1
0.006849133965592568,0.0005480837592438352,-6536.7835442952555,0,1
0.006853101834775274,0.0005480837592438352,-6537.0573342271555,0,0
0.006858888864326307,0.0005480837592438352,-6538.610698712746,0,0
0.006868589616031924,0.0005480837592438352,-6543.261907039622,0,0
0.006886250520967145,0.0005480837592438352,-6557.70535927046,0,1
0.006891898932179815,0.0005480837592438352,-6548.8644346179235,0,2
0.006900232248026997,0.0005480837592438352,-6551.020371054696,0,6
0.006914223873303758,0.000526169416442507,-6566.700245588744,0,8
0.006941437530603168,0.0005138658110568075,-6603.570732565587,0,8
0.0069510530083755654,0.0005253742497565863,-6604.191031204879,0,9
0.006961340864708115,0.0005485993226331798,-6611.972281577022,0,8
0.006973157964822129,0.0005485993226331798,-6629.407950389347,0,9
0.006987233189703325,0.0005485993226331798,-6652.51835103631,0,9
0.007002842650600252,0.0005485993226331798,-6679.133096158223,0,10
0.0070178579656559915,0.0005485993226331798,-6703.3960778814,0,10
0.007033904259221473,0.0005485993226331798,-6720.3876373210915,0,9
0.007048471418274918,0.0005123525458360514,-6735.86252575206,0,8
0.007062293500356328,0.000491120763340267,-6748.673714515073,0,7
0.007075599590251261,0.00048803977916156747,-6762.569295540894,0,8
0.007089411752645002,0.00048803977916156747,-6777.2096530880835,0,8
0.007100543460848275,0.00048803977916156747,-6787.677963237097,0,6
0.007111388379329681,0.00048803977916156747,-6797.67604737639,0,6
0.007120347420684047,0.00048803977916156747,-6802.858909132539,0,4
0.007126857764857505,0.00048803977916156747,-6805.104617865636,0,2
0.007132053209079009,0.00048803977916156747,-6806.249214632433,0,1
0.007136899580211732,0.00048803977916156747,-6806.901595068943,0,0
0.0071442673973072645,0.00048803977916156747,-6809.299085259292,0,0
0.007155210851318334,0.00048803977916156747,-6815.5922548793,0,0
0.007176061918889009,0.0004954091541733442,-6833.888530591432,0,0
0.007181945278363641,0.000512119644073247,-6825.963218823966,0,3
0.007190209748985754,0.0005374683634484504,-6827.408496250735,0,7
0.007200954425936307,0.0005533836601041153,-6836.444112324228,0,9
0.007229183150020299,0.0005533836601041153,-6877.820468914684,0,7
0.0072358236685330785,0.0005533994303735717,-6867.464901887752,0,8
0.0072478666928119375,0.0005533994303735717,-6881.129787660931,0,9
0.0072613431085588685,0.0005533994303735717,-6901.236060643783,0,9
0.007274292339380558,0.0005533994303735717,-6921.317178247054,0,8
0.0072903720922714715,0.0005533994303735717,-6949.0115142114055,0,10
0.007304124978495474,0.0005419366740672509,-6970.759033957778,0,9
0.00732067761528158,0.0005419366740672509,-6989.851403687866,0,9
0.007336768484505855,0.0005523821841445614,-7009.284912272451,0,9
0.007350367331862097,0.0005523821841445614,-7024.8294655054715,0,9
0.007361918170036524,0.0005523821841445614,-7037.951639495848,0,8
0.0073763611806554955,0.0005591391150450851,-7054.705597083848,0,8
0.007390009371614267,0.0005679976827115195,-7070.386728590198,0,8
0.007401093961256321,0.0006563786050631743,-7080.435473340846,0,6
0.0074095019364599935,0.000634508094001811,-7085.5612502089725,0,4
0.007415453330049529,0.0006119534072940619,-7087.797029299692,0,2
0.007419583370090453,0.0005958193322106932,-7087.771385090055,0,0
0.007424588106198916,0.0005958193322106932,-7088.489599583343,0,0
0.007432266959920598,0.0005958193322106932,-7091.132879669485,0,0
0.007442691331858466,0.0005958193322106932,-7097.061436094945,0,0
0.007461638047528407,0.0005958193322106932,-7113.792722750557,0,1
0.0074679558156974775,0.0005958193322106932,-7107.572192656549,0,2
0.007476777999999408,0.0005958193322106932,-7110.129624020587,0,6
0.007486787064609791,0.0005958193322106932,-7116.612055595063,0,9
0.007515638277743396,0.0005958193322106932,-7158.25698610988,0,9
0.007523306443328086,0.0005958193322106932,-7152.753937491833,0,8
0.007533045213069298,0.0005958193322106932,-7160.045329001476,0,8
0.007545865237831323,0.0005958193322106932,-7180.159060514781,0,8
0.007559691522420096,0.0005958193322106932,-7202.623938186982,0,8
0.007573643031247737,0.0005958193322106932,-7225.101560034133,0,8
0.007589143789341678,0.0005958193322106932,-7251.468131025279,0,10
0.0076058241206293795,0.0005958193322106932,-7271.548869836033,0,10
0.007621338999767642,0.0005958193322106932,-7289.160033133424,0,7
0.007634205979392144,0.0005958193322106932,-7302.8311290721285,0,6
0.007643564077262765,0.0005958193322106932,-7309.876041514836,0,8
0.00765727900575618,0.0005958193322106932,-7327.171096380439,0,8
0.007671044618144955,0.0005788948957318712,-7342.700813630689,0,8
0.00768345936786784,0.0005639022406270221,-7355.321333802077,0,7
0.0076932610448514505,0.0005383376240960712,-7361.903640632023,0,5
0.007700369589623882,0.0005111346395146579,-7364.491798980699,0,2
0.007705730239705394,0.0004845713359941276,-7365.005015234264,0,0
0.007712164789876259,0.00047720085913835556,-7366.488048484824,0,0
0.0077207835291520635,0.00047720085913835556,-7370.031479933671,0,0
0.007732363183810683,0.00047981013438998585,-7377.744450840864,0,0
0.0077563488517527705,0.0005667813050248293,-7399.165649890854,0,0
0.007763831905667572,0.0005893727255057145,-7397.491812901313,0,1
0.007769626162679608,0.0006033561977473616,-7387.825441293399,0,6
0.007775039880035397,0.0006033561977473616,-7375.307505249107,0,8
0.007805416478283545,0.0005819607818684776,-7421.195290300887,0,8
0.007814111917920915,0.0005819607818684776,-7418.894418115009,0,9
0.00782505521813492,0.0005331149504054815,-7430.995557806911,0,8
0.007838788941002624,0.0005331149504054815,-7452.496525248241,0,10
0.007851956612093076,0.0005331149504054815,-7473.304927439525,0,8
0.007864717421188156,0.0005331149504054815,-7494.128567616198,0,8
0.007880759331356953,0.0005331149504054815,-7523.576745405852,0,11
0.007898206371861713,0.0005313350203108848,-7543.230822646356,0,10
0.007915015318368848,0.0005313350203108848,-7562.6248828832,0,10
0.007928310132270982,0.0005313350203108848,-7576.061142555989,0,8
0.007940213051619373,0.0005313350203108848,-7588.395627539731,0,7
0.007953664518061234,0.0005313350203108848,-7603.392307575922,0,8
0.007966393460127006,0.0005313350203108848,-7616.25606278766,0,7
0.007980024440100483,0.0005313350203108848,-7630.334030217086,0,8
0.007991529847225407,0.0005313350203108848,-7638.084142610328,0,6
0.007998749320036285,0.0005313350203108848,-7640.636857469391,0,2
0.008005530566628819,0.0005313350203108848,-7642.4995416754045,0,1
0.008013258460875276,0.0005313350203108848,-7645.181517820209,0,1
0.008022723440998948,0.0005313350203108848,-7649.4385561154495,0,1
0.008033347661119756,0.0005313350203108848,-7655.772911464963,0,0
0.008053331728721755,0.000543380983693986,-7673.053676239406,0,1
0.008060283557085645,0.0005633063605568916,-7669.707556733402,0,1
0.008066273341568838,0.0005790781413900892,-7661.255145375424,0,4
0.008073757397962657,0.0005790781413900892,-7659.014863670426,0,7
0.008104779671463601,0.0005790781413900892,-7702.819982779719,0,8
0.00811390931840545,0.0005790781413900892,-7701.623636422396,0,10
0.008125530417260076,0.0005790781413900892,-7715.122493004197,0,11
0.008140014748604206,0.0005790781413900892,-7738.053677307245,0,10
0.008156802906567708,0.0006277436551399325,-7767.044883719954,0,11
0.008172409506839612,0.0006101621384732797,-7794.090543701455,0,10
0.008187382465687837,0.000598043109649253,-7818.792144051948,0,10
0.008202748845694467,0.000589303954690541,-7836.115829497496,0,9
0.008217859501976864,0.0005804408609304608,-7852.471871894603,0,9
0.00823182346383648,0.0005715862926575006,-7868.441313696529,0,9
0.008244013698508447,0.0005627313302417082,-7880.4790428538,0,7
0.008258226743768027,0.0005538765730578536,-7896.629102683726,0,9
0.008272863858448961,0.0005450219808235376,-7913.220012931378,0,9
0.008284776726020784,0.0005361675562419219,-7924.443929894227,0,7
0.008295141548210731,0.0005211843608240289,-7930.894407140394,0,5
0.00830397320449241,0.0004995281453883154,-7934.58087350756,0,3
0.008311187581933922,0.000476182530384964,-7936.350699931053,0,1
0.008318737891020465,0.000476182530384964,-7938.602453910555,0,1
0.008327149076129269,0.000476182530384964,-7941.2391179845245,0,0
0.008337484457792293,0.000476182530384964,-7946.401931385444,0,0
0.00835092263395646,0.00048524589234054535,-7956.626473872909,0,0
0.00835727456314147,0.0005014587866270923,-7950.578635069305,0,0
0.0083649922364001,0.000527845622567689,-7950.1302290022695,0,3
0.008375031133016804,0.000527845622567689,-7956.454503381826,0,4
0.00839893707831506,0.000527845622567689,-7990.37251210694,0,7
0.008406045605203626,0.000527845622567689,-7981.457185882309,0,9
0.008416085588860334,0.000527845622567689,-7988.64723157823,0,8
0.008426402747074572,0.000527845622567689,-8002.188581035575,0,7
0.00844004446870434,0.000527845622567689,-8023.892122737472,0,8
0.008454712651698343,0.000527845622567689,-8048.559946652466,0,9
0.008470100637024002,0.0005387894585724773,-8074.727855942279,0,10
0.008485115360725987,0.0005387894585724773,-8092.2129001185895,0,9
0.008501907967756501,0.0005387894585724773,-8112.553827102811,0,9
0.008516040316491011,0.0005387894585724773,-8128.959233813039,0,8
0.008527670156227615,0.0005387894585724773,-8141.256959999961,0,9
0.008541722609534293,0.0005781340269652804,-8157.592111011288,0,8
0.00855553308927213,0.0005781340269652804,-8173.160932433011,0,8
0.008567043600378696,0.0005781340269652804,-8183.517049107922,0,6
0.008575160130585999,0.0005781340269652804,-8188.659143387494,0,4
0.008581786399342855,0.0005781340269652804,-8191.209111012518,0,2
0.00858765245163101,0.0005781340269652804,-8192.659646863995,0,1
0.008592410262061772,0.0005781340269652804,-8193.089585788199,0,0
0.008599383594927904,0.0005781340269652804,-8195.423449469254,0,0
0.008609994500944561,0.0005781340269652804,-8201.280806356188,0,0
0.008627862214623123,0.0005781340269652804,-8217.024619507298,0,0
0.008633753599085215,0.0005781340269652804,-8208.783789646915,0,2
0.00864335640591064,0.0005781340269652804,-8213.067006043375,0,7
0.008654855494051235,0.0005443137538693373,-8223.82866737912,0,8
0.008681097706861426,0.0005060908358055917,-8262.162886812283,0,9
0.008689957087124842,0.0004705327049334952,-8259.760323260336,0,10
0.008699615718233461,0.0004705327049334952,-8268.121191988024,0,8
0.008712747897520788,0.0004705327049334952,-8289.041836940352,0,8
0.008724424566938551,0.0004765467796135411,-8307.118063480288,0,7
0.008737741148376702,0.00046597282967637875,-8329.11348700565,0,8
0.008750183838121112,0.00046394932586130583,-8349.489990297992,0,8
0.008761673501624946,0.00046394932586130583,-8362.033769064315,0,7
0.008776517377580229,0.0004575880977825608,-8378.575844640134,0,8
0.008789983291354688,0.0004575880977825608,-8394.038349053353,0,9
0.008804424193552908,0.00045580040167636374,-8409.047252307926,0,8
0.008818920188620733,0.00046674418903134033,-8424.200285534129,0,8
0.008830847554224855,0.00046674418903134033,-8434.260904554229,0,6
0.008841611369814652,0.00046674418903134033,-8443.700657579177,0,6
0.008849071519682792,0.00046674418903134033,-8447.446416383416,0,3
0.008854640489025137,0.00046674418903134033,-8448.693470015249,0,1
0.008860004263515485,0.00046674418903134033,-8449.821457550554,0,1
0.008864096239940932,0.00046674418903134033,-8449.962414305619,0,0
0.008870120898260728,0.00046674418903134033,-8451.572647405363,0,0
0.008879900975103857,0.00046674418903134033,-8456.41140690314,0,0
0.008897596046466378,0.00046674418903134033,-8471.47175429274,0,1
0.008904223996440181,0.00048608862054914183,-8465.404729866867,0,2
0.008913706514299027,0.00049319184615937,-8469.033459641285,0,6
0.008927218750738763,0.0005263302728628475,-8483.386505494564,0,8
0.00895046087513557,0.0005263302728628475,-8515.734410209909,0,8
0.008961456925718574,0.0005263302728628475,-8519.202213272063,0,9
0.00897387441707871,0.0005285316212076477,-8531.1703612667,0,8
0.008984969155701206,0.0005285316212076477,-8545.440694047546,0,9
0.008999168831496828,0.0005439958773103077,-8569.560557054343,0,9
0.009014362525557842,0.0005439958773103077,-8595.751309667014,0,10
0.009029287218290185,0.0005439958773103077,-8621.108927883059,0,10
0.009044267226917986,0.0005439958773103077,-8638.006031377015,0,9
0.00905851813691198,0.0005261167502193147,-8652.827078153434,0,8
0.009070304815531054,0.0005138237535827164,-8664.75304149628,0,7
0.009084602011514148,0.0004975432913073676,-8680.049187982442,0,8
0.009098367689974091,0.0004539121055266916,-8694.834533503381,0,8
0.009109823571132913,0.0004762554950317734,-8705.008619922039,0,6
0.009121020758319215,0.0004762554950317734,-8716.755561699067,0,7
0.009130138704673123,0.0004762554950317734,-8721.738383736776,0,4
0.00913734096550882,0.0004762554950317734,-8724.239905869112,0,2
0.00914313990137385,0.0004762554950317734,-8725.513458017871,0,1
0.009149024490845026,0.0004762554950317734,-8726.557760359223,0,0
0.009157071893529016,0.0004762554950317734,-8729.255708458593,0,0
0.009167885590153328,0.0004762554950317734,-8735.254698293387,0,0
0.00918685119634971,0.0004762554950317734,-8751.190778196691,0,0
0.009193049419876488,0.0004762554950317734,-8744.691692774333,0,2
0.009200953407592178,0.0004762554950317734,-8744.877904430266,0,6
0.009213339980687796,0.0004762554950317734,-8756.858046549789,0,9
0.009239031369080337,0.0004762554950317734,-8794.317106957044,0,7
0.009244859244186762,0.0004783477643187485,-8780.904075152037,0,8
0.009256326845534863,0.0004783477643187485,-8795.09765877835,0,9
0.009268208472023653,0.0004897135722308428,-8813.118344550032,0,9
0.009280297346081837,0.0004897135722308428,-8831.95471507909,0,7
0.009294620489435568,0.0004897135722308428,-8857.32180717791,0,9
0.009308080782601834,0.000554658478338954,-8877.967937853407,0,8
0.00932564281674273,0.000554658478338954,-8900.463966121428,0,9
0.009341557571953832,0.000554658478338954,-8921.83007246961,0,9
0.009357748434043746,0.000554658478338954,-8945.615072661738,0,9
0.009366433421537972,0.000554658478338954,-8947.912303412979,0,8
0.009379889028005002,0.0005561874406218917,-8966.82357121049,0,8
0.009392725956807351,0.0005561874406218917,-8982.184690549822,0,7
0.009403722377549351,0.0005426455453681077,-8993.811086390037,0,6
0.0094112593328771,0.0005367848440642566,-8997.914793557058,0,3
0.009417342643439795,0.0005367848440642566,-9000.347903588585,0,2
0.009422131750750913,0.0005367848440642566,-9000.830470390418,0,0
0.009428352644336132,0.0005367848440642566,-9002.277184118451,0,0
0.009436665685132824,0.0005367848440642566,-9005.695266981003,0,0
0.009447815639424404,0.0005367848440642566,-9013.029854989578,0,0
0.009472982404986409,0.0005367848440642566,-9035.431786449944,0,1
0.00948019837116169,0.0005367848440642566,-9032.858067715424,0,2
0.009487705199891826,0.0005367848440642566,-9029.392623161464,0,6
0.00949379802045319,0.0005274649685835291,-9018.197852157544,0,9
0.009522760957441348,0.0005113868301980527,-9062.495289315064,0,9
0.009532793059641448,0.0004947030986619688,-9064.15046729897,0,8
0.009542485036521654,0.00048328230098393523,-9071.410084839052,0,8
0.009554777438958035,0.00047452621575263864,-9090.35847676601,0,8
0.009569574230672902,0.0004645337544163843,-9116.463240315705,0,9
0.00958254444656959,0.0004645337544163843,-9136.44380772547,0,8
0.009597598051922705,0.00045099244724435304,-9163.397837480476,0,10
0.009613104224469685,0.0004424138479709192,-9182.088233095079,0,10
0.009627243030085761,0.00041939820533123343,-9196.47265847669,0,7
0.009639322647479704,0.00041939820533123343,-9208.235058015822,0,6
0.009651150463356984,0.0004650402327866971,-9220.906871739784,0,8
0.009664019819715517,0.0004650402327866971,-9236.172250796586,0,8
0.009678071141466757,0.0004650402327866971,-9252.088986313089,0,8
0.009690309575746566,0.0004898859123408768,-9264.061213557936,0,7
0.009699812016633683,0.0004898859123408768,-9270.318101100534,0,5
0.009706769930650271,0.0004898859123408768,-9272.55661589436,0,2
0.009710970979418481,0.0004898859123408768,-9272.393855136417,0,0
0.009715532154643103,0.0004898859123408768,-9272.994840273317,0,0
0.009722973349392027,0.0004898859123408768,-9275.408745695097,0,0
0.009733774346388327,0.0004898859123408768,-9281.266359617513,0,0
0.009751584012865489,0.0004898859123408768,-9296.388164704695,0,0
0.009757446971617451,0.0004898859123408768,-9288.363751686165,0,1
0.009764665091680277,0.0004898859123408768,-9286.256484174932,0,6
0.009775578630255454,0.00046419273673446254,-9296.4087675085,0,8
0.009804986198959247,0.00048399735580720765,-9337.81496633025,0,8
0.009812806042556424,0.0004981041012607719,-9331.78827652919,0,9
0.009821510949174177,0.0005229605452173119,-9337.297245374442,0,8
0.009836652665549958,0.0005229605452173119,-9362.935834131858,0,10
0.009851063308921477,0.0005229605452173119,-9384.36315619328,0,8
0.009864059194897244,0.0005229605452173119,-9405.083603422234,0,8
0.009880338070410551,0.0005229605452173119,-9433.964942216538,0,11
0.009895451664872386,0.000508592161888807,-9450.226310242197,0,9
0.009910265152283746,0.0004911229639518023,-9468.099140021786,0,10
0.009924631999607164,0.0004832438899111694,-9483.84001134711,0,8
0.009937616988807322,0.0004832438899111694,-9496.08773573947,0,7
0.009951430041596423,0.0004832438899111694,-9510.618271615735,0,8
0.009964550831313012,0.0004832438899111694,-9523.169094202927,0,7
0.009976629499337612,0.0004832438899111694,-9534.56119302395,0,7
0.009988156763607222,0.0004832438899111694,-9542.192952818692,0,6
0.009995581346527891,0.00046483982251098834,-9544.349627103295,0,2
0.010001957919439626,0.000450364070336204,-9545.746942109772,0,1
0.010008872931352374,0.00044792334347125586,-9547.820476231796,0,1
0.010018529498483747,0.00044792334347125586,-9551.897950806784,0,1
0.010029095270224182,0.00044792334347125586,-9557.508886397627,0,0
0.010045638362903729,0.00045609374194415013,-9571.422362896079,0,1
0.010052106210165576,0.00046971866071312483,-9565.765344245508,0,1
0.01006087378195742,0.00046971866071312483,-9567.54469371042,0,4
0.010072888863840645,0.00046971866071312483,-9578.50573670274,0,7
0.01009568745216232,0.00046971866071312483,-9611.931578370202,0,8
0.010104503368319015,0.0004811301472554543,-9608.186239092585,0,10
0.010118793515140018,0.0005045225105216488,-9629.572122359976,0,11
0.01013387939909175,0.0005045225105216488,-9654.164566273472,0,10
0.010149259570724966,0.000489100092627366,-9680.275908199928,0,11
0.01016511748083987,0.0005004535891106232,-9707.702312517044,0,10
0.0101801741531409,0.0004981956482675541,-9734.098465386978,0,10
0.01019594911781698,0.0004981956482675541,-9753.038637733265,0,9
0.010212697994739273,0.0005313498215198459,-9773.99017961567,0,9
0.010227985747641452,0.0005313498215198459,-9793.446215032369,0,9
0.01023920932199027,0.0005313498215198459,-9803.744175250993,0,8
0.010253914752184156,0.0005313498215198459,-9823.61457461466,0,9
0.010269012870587364,0.0005313498215198459,-9842.350386037588,0,9
0.010280846891602273,0.0005178096299682036,-9855.300152826405,0,7
0.010291206777519686,0.0005092342633554481,-9862.464905856745,0,5
0.01029918664218598,0.0004847344415165036,-9865.740758867745,0,2
0.010307443559438042,0.0004569787458810245,-9868.241452565926,0,1
0.010316575861863462,0.0004364430136930005,-9871.681685146938,0,1
0.010325945490696294,0.0004364430136930005,-9875.557073860784,0,0
0.010337070068094268,0.0004364430136930005,-9882.592482119888,0,0
0.01035496938428705,0.0004364430136930005,-9898.053988819474,0,0
0.010362395237459871,0.0004364430136930005,-9896.162096860273,0,0
0.010367383216939212,0.0004364430136930005,-9880.631674745602,0,3
0.01037260213556525,0.0004364430136930005,-9867.49159776453,0,4
0.01040431387380018,0.0004364430136930005,-9913.032883826982,0,7
0.010409146837251615,0.0004433030843498091,-9896.909265628863,0,9
0.010420187180531115,0.0004433030843498091,-9910.356388480124,0,8
0.010432608894079315,0.000445631414758954,-9927.248163424949,0,7
0.010445972973693029,0.000445631414758954,-9948.452336813063,0,8
0.01046074658037927,0.0004581416295749656,-9972.281313022764,0,9
0.01047645036844823,0.0004581416295749656,-9998.14569693146,0,10
0.010490763649085764,0.0004581416295749656,-10014.837911457023,0,9
0.010505594262444967,0.0004581416295749656,-10031.249952128266,0,9
0.010519937630366606,0.0004581416295749656,-10047.782954246522,0,9
0.010534393313949297,0.0004581416295749656,-10063.994103014385,0,9
0.010548314621107002,0.00047530458322301515,-10078.818842230803,0,8
0.010562675274459492,0.00047530458322301515,-10093.421524096439,0,8
0.010572939225363709,0.0004336123115268199,-10102.308879520322,0,6
0.01057982482421867,0.0004336123115268199,-10105.717531500575,0,3
0.010585018178669428,0.0004336123115268199,-10106.981672133734,0,1
0.010590299409828589,0.0004349745455936012,-10108.346402073888,0,1
0.010594719695384374,0.0004552459636086941,-10108.711146217345,0,0
0.010601449884708852,0.00047835197737913093,-10110.622652354932,0,0
0.010611625463031201,0.0005053739785006326,-10115.51335645211,0,0
0.01062774310459872,0.0005378337406710075,-10128.516440207417,0,0
0.01063328844510539,0.0005534186758065716,-10119.18844241898,0,1
0.010640503861725128,0.0005687197746431832,-10117.451309425327,0,5
0.010654008872658468,0.0005875367753662448,-10132.519130790472,0,8
0.010682361180449957,0.0006689199385886971,-10171.815439686288,0,9
0.010687844801198984,0.0006689199385886971,-10160.195115569279,0,10
0.010700883890634252,0.0006689199385886971,-10180.479151915672,0,9
0.010715365522313672,0.0006509494649628288,-10201.383293536592,0,8
0.010729007101511616,0.0006385946786189196,-10220.875020986401,0,8
0.010741620544871646,0.0006385946786189196,-10241.339330063423,0,8
0.010755359955735946,0.0006385946786189196,-10264.325799700702,0,9
0.010767695882878382,0.0006385946786189196,-10276.44486565976,0,7
0.010779945434894246,0.0006385946786189196,-10289.335537926205,0,7
0.010795015274491409,0.0006385946786189196,-10306.116964848425,0,9
0.010808942591619398,0.0006385946786189196,-10320.071727362938,0,8
0.01082251995073258,0.0006385946786189196,-10333.862273157909,0,8
0.010833936362816859,0.0006385946786189196,-10343.904004047685,0,6
0.010844743764125525,0.0006385946786189196,-10353.358004839034,0,6
0.010852114421762888,0.0006385946786189196,-10356.78460456067,0,3
0.010856710352451835,0.0006385946786189196,-10357.497970106744,0,1
0.010861299605455411,0.0006385946786189196,-10358.610799095448,0,1
0.010864554761529512,0.0006385946786189196,-10358.668129308382,0,0
0.010869744905714436,0.0006385946786189196,-10359.923742242263,0,0
0.010879485214120023,0.0006385946786189196,-10364.398433227763,0,0
0.010897914659348053,0.0006385946786189196,-10378.819113296393,0,1
0.010903360241810475,0.0006385946786189196,-10369.66154923337,0,2
0.010911341287541634,0.0006385946786189196,-10370.981455941986,0,7
0.01092535535020843,0.0006385946786189196,-10386.351027529754,0,8
0.010955185787256435,0.0006385946786189196,-10425.376668106064,0,8
0.010960674341483151,0.0006385946786189196,-10412.84058885137,0,9
0.01097298014439482,0.0006385946786189196,-10427.552209408417,0,8
0.0109866041564342,0.000566577466849719,-10448.774863890721,0,9
0.011003078332869863,0.000566577466849719,-10475.279016297947,0,10
0.01101846545918123,0.000566577466849719,-10500.466792673185,0,10
0.01103318322827022,0.0006385918506726044,-10524.776180134304,0,10
0.011048205809317879,0.0006385918506726044,-10540.688754886358,0,9
0.011061462544296099,0.0006385918506726044,-10554.227049731007,0,8
0.011073497852543301,0.0006385918506726044,-10565.961652962196,0,7
0.011086659755148602,0.0006385918506726044,-10579.807505136143,0,8
0.011100354205208073,0.0006385918506726044,-10594.62649681412,0,8
0.011113571830946968,0.0006385918506726044,-10606.529996762318,0,7
0.011125329412382739,0.0006385918506726044,-10617.73649477452,0,7
0.011134799522751128,0.0006385918506726044,-10622.523795076508,0,4
0.01114187290187175,0.0006385918506726044,-10624.68111473654,0,2
0.011147635287944232,0.0006385918506726044,-10625.92876283237,0,1
0.011152787240371626,0.0006385918506726044,-10626.566854614754,0,0
0.01116041799080256,0.0006385918506726044,-10628.75062669478,0,0
0.011171208055491742,0.0006385918506726044,-10634.29822299783,0,0
0.011190640085041679,0.0006385918506726044,-10649.890895832688,0,0
0.011196250900546505,0.0006385918506726044,-10641.045829109495,0,2
0.01120366462159294,0.0006385918506726044,-10639.551964014972,0,7
0.011216979081244886,0.0006385918506726044,-10653.445434701147,0,9
0.01124511612068421,0.0006385918506726044,-10691.698920950521,0,7
0.011251367272527898,0.0006385918506726044,-10680.939862598023,0,8
0.011261399996804955,0.0006385918506726044,-10689.4807146167,0,9
0.011275925543289452,0.0006385918506726044,-10713.434245799155,0,9
0.011289227743891857,0.0006385918506726044,-10734.074413785964,0,8
0.01130441501918815,0.0006385918506726044,-10760.393747446275,0,10
0.011317641408297482,0.0006385918506726044,-10783.037585371341,0,9
0.011332619594276228,0.0006474216257505294,-10800.131249263013,0,9
0.011347804875449211,0.0006474216257505294,-10816.72111540045,0,9
0.011363937311882604,0.0006291523442427423,-10834.718781582436,0,9
0.011376878812658028,0.0006079634827353745,-10848.153532812834,0,8
0.011390404080695544,0.0005881049565412455,-10862.399821901527,0,8
0.011402806668123995,0.0006292168903741318,-10874.874604783921,0,7
0.011414056157015117,0.0006176014213463864,-10884.506333752843,0,6
0.01142301956352288,0.0006088609852628294,-10889.669108945967,0,4
0.011429620107186617,0.000600016831798079,-10892.024571231455,0,2
0.011434341813037426,0.0005909516044925334,-10892.229690280714,0,0
0.011439973784859293,0.0005760249148593148,-10893.419724261024,0,0
0.01144803295521757,0.0005740448318573717,-10896.324403623752,0,0
0.011458747800295745,0.0005740448318573717,-10902.616440014746,0,0
0.011478525281683827,0.0005740448318573717,-10919.938488155307,0,1
0.011484807848109388,0.0005740448318573717,-10913.863349363603,0,1
0.011492337966215212,0.0005740448318573717,-10912.530695792206,0,6
0.011502975143334489,0.0005740448318573717,-10920.414217108617,0,9
0.011528796909796133,0.0005555969603594651,-10958.09470973251,0,9
0.011535883358652625,0.0005555969603594651,-10950.534840336704,0,8
0.011546810811051404,0.0005380500566131026,-10962.399253718495,0,8
0.011558445900829236,0.000517699536949304,-10980.710687652223,0,8
0.011572605216368801,0.000517699536949304,-11006.256489584975,0,9
0.011585764168777116,0.000517699536949304,-11027.73508788935,0,8
0.011600931027382496,0.000517699536949304,-11054.033898804193,0,10
0.011616574778455731,0.0005020285454942106,-11073.041238071553,0,10
0.011630996835035198,0.0005020285454942106,-11088.917626368942,0,7
0.011644559119740239,0.0005020285454942106,-11104.155494993865,0,7
0.011654802066638478,0.0005020285454942106,-11113.601868154823,0,8
0.011669469935349933,0.0005020285454942106,-11130.09163253358,0,8
0.011683648327224502,0.0005020285454942106,-11145.484089187661,0,8
0.011696260542969598,0.0005108582816097331,-11157.628945272581,0,7
0.011706519798787044,0.0005108582816097331,-11164.307694433148,0,5
0.011713477770783255,0.0005108582816097331,-11166.752370151235,0,2
0.011718919018887797,0.0005108582816097331,-11167.250936785365,0,0
0.011725471633472099,0.0005108582816097331,-11168.737029120435,0,0
0.011734041142553032,0.0005169475068337781,-11171.975048320215,0,0
0.01174521074702387,0.0005499120075127911,-11178.900230698835,0,0
0.011764587886590261,0.0006024629327278417,-11195.893519901832,0,0
0.011771222334744688,0.0006229004404891443,-11191.338950181134,0,1
0.011778594539739274,0.0006431491153116327,-11187.423327785174,0,6
0.011787261952341959,0.0006660913895811297,-11187.980152944041,0,8
0.011815679645576721,0.0006660913895811297,-11230.330923982558,0,8
0.011821423737538393,0.0006660913895811297,-11216.576402289696,0,9
0.011833673255401132,0.0006660913895811297,-11233.819421161788,0,9
0.011847454928586165,0.0006660913895811297,-11257.478985338512,0,9
0.011860860751153855,0.0006660913895811297,-11278.218871653207,0,8
0.011875226084417012,0.0006464751671013506,-11301.184912883955,0,8
0.011891584543894428,0.0006314547106653848,-11330.370874764878,0,11
0.01190651755951336,0.000630096773869085,-11347.366680702313,0,9
0.011922230345920016,0.000630096773869085,-11366.056945287733,0,10
0.011935641253149365,0.0006132265337154824,-11381.195436049693,0,8
0.011947241686216357,0.0006097463443785502,-11393.309101694242,0,7
0.011960651212863537,0.0006097463443785502,-11408.217086107084,0,8
0.011973138370384082,0.000590835296976951,-11422.372845636828,0,8
0.011984802336566715,0.0005779477751631392,-11434.61815726245,0,7
0.011996676377392403,0.0005655015215636871,-11442.524510849218,0,6
0.012004653015936789,0.0005614749828909769,-11445.261899710807,0,2
0.012011016432539115,0.0005614749828909769,-11446.428650487469,0,1
0.012018213558999494,0.0005614749828909769,-11448.548524269898,0,1
0.012027231566372022,0.0005614749828909769,-11452.254808543996,0,1
0.012037424275390313,0.0005614749828909769,-11457.876965322384,0,0
0.01205477301473345,0.0005614749828909769,-11473.020904106736,0,1
0.012061175994014996,0.0005614749828909769,-11466.956755966667,0,1
0.012069450809977065,0.0005614749828909769,-11466.742565946295,0,4
0.012080425128585058,0.0005421353444245388,-11476.491202736437,0,6
0.012104124056704423,0.0005421353444245388,-11511.714112799733,0,8
0.012111907369801887,0.0005421353444245388,-11504.6762435625,0,9
0.01212386046028245,0.0005421353444245388,-11520.153574268712,0,11
0.012137635985930867,0.0005421353444245388,-11542.647187992818,0,9
0.012152916784561407,0.0005536039775769824,-11570.46917795125,0,10
0.012168939857209694,0.0005624646239686671,-11599.281450649323,0,10
0.01218335719192077,0.000571285021069645,-11625.086820579005,0,10
0.012200223829522263,0.0006596665015396143,-11645.045405217797,0,10
0.012216180703704954,0.0005986972158632109,-11663.791249438258,0,9
0.012235146643436529,0.0005888918938037312,-11689.547631873253,0,9
0.012247427140967377,0.0005888918938037312,-11700.992260706174,0,8
0.012259306078117023,0.0005888918938037312,-11714.874572660137,0,9
0.012273400586259598,0.0005888918938037312,-11733.139876195051,0,9
0.012286241528435013,0.0005888918938037312,-11746.534513148259,0,7
0.01229600885708337,0.0005888918938037312,-11753.291623999688,0,5
0.012304092210087842,0.0005888918938037312,-11756.759690132929,0,2
0.01231222277567643,0.0005888918938037312,-11759.626221930495,0,1
0.012322128034156398,0.0005888918938037312,-11763.773207070053,0,1
0.012331942974551069,0.0005888918938037312,-11768.435363163935,0,0
0.01234369615335794,0.0005888918938037312,-11776.854343687657,0,0
0.01236315575396417,0.0005888918938037312,-11794.741158238126,0,0
0.012370861001089486,0.0005888918938037312,-11794.06686590461,0,0
0.012377545459589669,0.0005888918938037312,-11788.547751784634,0,3
0.012382505871664638,0.0005892139488720569,-11769.377939410606,0,4
0.01240373926785346,0.0005892139488720569,-11804.328122280742,0,7
0.012409559891379082,0.0005892139488720569,-11789.068770135467,0,10
0.012423487485165807,0.0005892139488720569,-11810.56220768134,0,9
0.012433462022963125,0.0005892139488720569,-11824.826890015385,0,7
0.012446453494635152,0.0005892139488720569,-11847.6958407868,0,8
0.01246117234644181,0.0005892139488720569,-11873.623743307993,0,9
0.01247757358614172,0.0005879731492551924,-11903.479216611628,0,11
0.012494029876586325,0.0005879731492551924,-11921.909985314463,0,9
0.012510119696720355,0.0005879731492551924,-11940.499561180037,0,9
0.012526858774276005,0.0005879731492551924,-11961.861498915585,0,9
0.012538366104420226,0.0005879731492551924,-11972.674965964317,0,9
0.01255219859629008,0.0005879731492551924,-11988.78432284122,0,8
0.01256570969552382,0.0006596635913180184,-12004.1953006603,0,8
0.012576746734603829,0.0006596635913180184,-12014.627059532786,0,6
0.012584254557836618,0.0006596635913180184,-12018.614392093996,0,3
0.012590960776590146,0.0006415026561262946,-12020.981798247389,0,2
0.012596407749615023,0.0006263879449979457,-12022.375942316869,0,1
0.012601548342209772,0.0006140973973542049,-12023.939112676337,0,1
0.012608046307754297,0.0005953210569055225,-12025.902250442692,0,0
0.012618368090195687,0.0005888892966631121,-12031.247363401264,0,0
0.012634705153523789,0.0005888892966631121,-12045.202307302534,0,0
0.012640539037292167,0.0005888892966631121,-12036.991717476893,0,1
0.012648884739838535,0.0005888892966631121,-12038.739323349299,0,7
0.012662308966619155,0.0005888892966631121,-12053.23398024444,0,8
0.012690797561481114,0.0005888892966631121,-12094.067117314491,0,9
0.012696737066369285,0.0005888892966631121,-12082.801686968613,0,10
0.0127098347284649,0.0005888892966631121,-12100.369361220168,0,9
0.01272279952148198,0.0005888892966631121,-12120.87220810182,0,8
0.012735767332193983,0.0005892113503150386,-12141.847673367056,0,8
0.012747189683348314,0.0005892113503150386,-12159.463972899845,0,7
0.012760664017635228,0.0005892113503150386,-12180.357073989142,0,8
0.012773114229181311,0.0005892113503150386,-12193.50200159096,0,7
0.012786299889441525,0.0005892113503150386,-12207.440744407359,0,7
0.012801366696097927,0.0005892113503150386,-12225.235720809183,0,9
0.01281347798476944,0.0005892113503150386,-12238.38460789831,0,8
0.012827002262938005,0.0005688338752032102,-12253.852598482374,0,8
0.01283912187054902,0.0005502950364057711,-12266.633322351496,0,7
0.012849760772361215,0.0005380027370622286,-12276.699101499467,0,6
0.012856212941231042,0.0005292976493807601,-12280.165515030696,0,3
0.012861010324449683,0.0005204596943822224,-12281.312851491279,0,1
0.012865945032207384,0.0005116308687803617,-12282.759868850404,0,1
0.012870300478951534,0.0004992389512156183,-12283.355114282822,0,0
0.012877224598136748,0.000492858232713098,-12285.611897134831,0,0
0.012887826336368894,0.000492858232713098,-12291.833415438083,0,0
0.012908426922975684,0.000492858232713098,-12310.66403773536,0,1
0.01291422055370898,0.000492858232713098,-12302.234239227746,0,2
0.012922089571656345,0.000492858232713098,-12302.341973493114,0,8
0.01293489168179354,0.000492858232713098,-12316.204722355187,0,8
0.012960797974180911,0.0004874066267129447,-12354.93849586865,0,8
0.012966131761318483,0.00046315853255954803,-12341.589437683544,0,8
0.012976058292059209,0.0005120098819459955,-12352.410421088633,0,7
0.012991945798832118,0.0005074226705650591,-12380.522390370654,0,9
0.013006866796784608,0.0005074226705650591,-12406.087209518591,0,10
0.01302013665824591,0.0004894959760622065,-12427.02442380553,0,8
0.013035258307409757,0.0004771825585337756,-12454.981978673952,0,10
0.013050682627511887,0.00046451113325312855,-12473.662180870662,0,9
0.013066930058326997,0.00045036606310381406,-12493.866710422866,0,8
0.013081984361179268,0.00045036606310381406,-12513.834298474474,0,7
0.013093410609570857,0.00045036606310381406,-12525.072442473516,0,9
0.013105238162091058,0.0004506881153403593,-12539.071471956364,0,8
0.013117070867688265,0.0004506881153403593,-12553.826563650397,0,7
0.013130086125121093,0.0004506881153403593,-12568.341974788966,0,7
0.01314033241383223,0.0004506881153403593,-12575.889459639719,0,5
0.013148405983702354,0.0004506881153403593,-12579.466702964393,0,2
0.013155482108164066,0.0004506881153403593,-12581.336128557949,0,1
0.013162742877910976,0.0004506881153403593,-12583.327979138081,0,0
0.013171589437326,0.0004506881153403593,-12587.476509230399,0,0
0.013183476702024416,0.0004506881153403593,-12596.748350011332,0,0
0.013208056385255712,0.0004506881153403593,-12621.488697674093,0,0
0.013215178228682588,0.0004506881153403593,-12618.44055594011,0,2
0.013223478278914503,0.0004474483068128256,-12618.2415573772,0,7
0.013231531161683848,0.00046045582274392797,-12614.476804739626,0,9
0.013253651871254659,0.00046045582274392797,-12652.515350445134,0,7
0.013263209978948587,0.00046045582274392797,-12652.631688879821,0,8
0.013275084438815966,0.00046045582274392797,-12665.251289630836,0,10
0.013288545144573343,0.0004509643341619024,-12688.671293570093,0,10
0.013302037568012712,0.0004547204672939912,-12712.33512693104,0,8
0.013317373192623086,0.0004859782476919686,-12742.374694421142,0,10
0.013329882707973377,0.000480669962400183,-12763.797838624627,0,8
0.013345015564814851,0.0005464760852183817,-12783.578137710196,0,9
0.013363858050674944,0.0005464760852183817,-12809.71532929295,0,9
0.013381708075477578,0.0005464760852183817,-12837.616607784126,0,9
0.01338994778940595,0.0005329422031569755,-12838.154656887484,0,8
0.013400714840436758,0.000529887570808233,-12851.619963360317,0,7
0.013413241995724648,0.000529887570808233,-12867.38026627179,0,7
0.013424579234500855,0.000529887570808233,-12879.642748843862,0,6
0.013432070565898383,0.0005141490370609318,-12883.74679006882,0,3
0.0134383751636169,0.0005099303791826724,-12886.602032414476,0,2
0.013442979251023201,0.0005099303791826724,-12887.0601458238,0,0
0.013449693150411975,0.0005099303791826724,-12889.115038241984,0,0
0.01345889054733246,0.0005099303791826724,-12893.492446306345,0,0
0.01347041385966586,0.0005099303791826724,-12901.883208094272,0,0
0.013492977120310964,0.0005099303791826724,-12923.642610416578,0,1
0.013499788531799652,0.0005099303791826724,-12919.614835410615,0,2
0.01350743074417836,0.0005240338928069766,-12917.833225588087,0,6
0.013517206856320626,0.0005352915968395483,-12922.95017442692,0,9
0.013538356290332551,0.0005090444753915304,-12958.329636201983,0,8
0.013546446887333082,0.0005090444753915304,-12950.754956317513,0,7
0.013557290144162917,0.0005090444753915304,-12959.68958280527,0,8
0.013571349038298345,0.0005090444753915304,-12984.661218069086,0,9
0.01358468871294154,0.0004955109965711906,-13009.136677463084,0,9
0.013597981250351375,0.00048695505480781867,-13032.330865370206,0,8
0.013613997856139513,0.0004836836050364202,-13060.829741842408,0,10
0.013631429940500712,0.0004836836050364202,-13082.264149787912,0,10
0.013646629208571534,0.0004836836050364202,-13099.638444470414,0,7
0.013662296746795035,0.0004836836050364202,-13120.39926885369,0,7
0.013671542829375485,0.0004836836050364202,-13124.037084974343,0,7
0.01368334896891131,0.0004836836050364202,-13140.0227263496,0,8
0.013696798911872114,0.0004836836050364202,-13157.145303016354,0,8
0.013707703657953842,0.0005303335858437227,-13170.872885122968,0,7
0.013717529635336055,0.0005303335858437227,-13178.08691744037,0,5
0.013725782172877073,0.0005303335858437227,-13181.769232449456,0,2
0.013732184720541758,0.0005303335858437227,-13182.284016043714,0,0
0.013739874246696008,0.0005303335858437227,-13184.760635364779,0,0
0.013749565457340684,0.0005303335858437227,-13189.761743672954,0,0
0.013761283355439967,0.0005303335858437227,-13198.645661652656,0,0
0.013784619832466854,0.0005303335858437227,-13221.756434734785,0,0
0.013792108094604438,0.0005303335858437227,-13220.14133023792,0,1
0.01379722491911247,0.0005303335858437227,-13206.248937853135,0,6
0.013804681379276004,0.0005079693762180869,-13204.50888521435,0,9
0.013830124257493186,0.0005136247128623282,-13249.605830248554,0,8
0.013836132816910006,0.0005271453821628878,-13237.122185210388,0,9
0.01384889078078722,0.0004915369077166817,-13257.323611028323,0,9
0.013861782149514817,0.0004915369077166817,-13279.865318424667,0,9
0.01387666550897204,0.0004915369077166817,-13307.694517763664,0,9
0.013891932256834348,0.0004915369077166817,-13333.869595780598,0,9
0.013907563883396389,0.0004956731910918834,-13365.04365361467,0,11
0.013923767549361678,0.0004956731910918834,-13386.124949943649,0,9
0.013942777441772568,0.0004956731910918834,-13414.543235278956,0,10
0.013967597364815424,0.0004956731910918834,-13456.380957144462,0,8
0.013973409640325314,0.0004956731910918834,-13440.660291109265,0,7
0.013983480350118097,0.0004956731910918834,-13450.54875232369,0,8
0.013997717140554068,0.0004864514216433611,-13472.603986216869,0,8
0.014010034881581798,0.0004864514216433611,-13488.326248291123,0,7
0.014021503307037587,0.0004864514216433611,-13499.167591049436,0,6
0.01403029836827162,0.0004864514216433611,-13503.844539690768,0,2
0.014038242416702549,0.0004864514216433611,-13507.041942319143,0,1
0.014047226726510011,0.0004864514216433611,-13512.045372921122,0,1
0.014057737566154515,0.0004864514216433611,-13519.432754237709,0,1
0.014069604522859325,0.0004864514216433611,-13530.588404187356,0,0
0.014091245218865085,0.0004864514216433611,-13556.13401829709,0,1
0.014100133528547613,0.0004864514216433611,-13558.85491326691,0,1
0.014109036295528565,0.0004864514216433611,-13559.384723215151,0,4
0.014113573324879012,0.0004864514216433611,-13522.442952257876,0,7
0.014135185221588388,0.0005295522961680498,-13591.685530624596,0,8
0.014147629343607231,0.0005430748125232783,-13613.10098292095,0,9
0.014157349149353902,0.0005430748125232783,-13613.471405228265,0,11
0.014171516563992136,0.0005430748125232783,-13655.662804394278,0,10
0.014187048573990583,0.0005430748125232783,-13700.458680234213,0,10
0.014202551593140446,0.0005430748125232783,-13743.293183520753,0,10
0.014219445853186023,0.0005581201506601296,-13788.854343704303,0,11
0.01424452271499483,0.0005360445428446412,-13852.873695256549,0,10
0.014261053609770778,0.0005360445428446412,-13895.202332670835,0,9
0.014281865017854011,0.0005360445428446412,-13951.213873978437,0,8
0.014287843800940545,0.0005275258031968065,-13908.693531359299,0,8
0.014299732362348463,0.0005139590246554265,-13938.483653982903,0,9
0.014314055665831951,0.0005051240072552972,-13983.239078763832,0,9
0.014325344533742892,0.0004963037760903246,-14009.91631148386,0,7
0.0143344382258009,0.00048812569606134464,-14023.796652400742,0,5
0.01434005829092403,0.00048812569606134464,-14027.933969381667,0,2
0.01434734816351807,0.00048812569606134464,-14032.820022147913,0,1
0.014357164870730852,0.00048812569606134464,-14039.325814321783,0,1
0.014367721619013764,0.00048812569606134464,-14047.868073258142,0,0
0.014380300034064897,0.00048812569606134464,-14061.88870687834,0,0
0.01440071614809242,0.00048812569606134464,-14088.548312737528,0,0
0.014408835594062802,0.0005021616866870619,-14089.181569745284,0,0
0.014414585652901673,0.0005173443287698982,-14070.801311979914,0,3
0.014417102837612805,0.0005308827498203643,-13981.220388573367,0,4
0.014430092144880204,0.0005703232076938604,-14009.75276680384,0,7
0.014446128730283848,0.0005773731204345697,-14051.710668165526,0,10
0.014460650080670137,0.0005586309645483217,-14089.628558075785,0,10
0.014472499643239399,0.0005586309645483217,-14113.763227043564,0,7
0.014484648345641022,0.0005586309645483217,-14141.303606327896,0,8
0.014499997780195615,0.0005586309645483217,-14173.7621910225,0,10
0.014517275793867626,0.0005586309645483217,-14207.160022932225,0,11
0.01453476671004408,0.0005586309645483217,-14229.619102123026,0,9
0.01455090071941342,0.0005586309645483217,-14251.533155833866,0,9
0.014568240489023807,0.0005586309645483217,-14278.409894069771,0,9
0.014581921335212094,0.0005586309645483217,-14296.522543423176,0,8
0.014591513776523225,0.0005586309645483217,-14303.425487023096,0,9
0.014604819456738916,0.0005447606243760057,-14321.80451643844,0,8
0.01461525330647994,0.0005447606243760057,-14333.316833914216,0,6
0.01462493153959769,0.0005447606243760057,-14340.232200031662,0,3
0.014638385978311071,0.0005447606243760057,-14350.147624196057,0,2
0.014643306954609758,0.0005447606243760057,-14339.773234259339,0,1
0.014650382411966886,0.0005447606243760057,-14343.283102516469,0,1
0.014658179316412927,0.0005447606243760057,-14346.89175302054,0,0
0.01467003736857967,0.0005447606243760057,-14357.464008046569,0,0
0.014692114562514704,0.0005447606243760057,-14383.667472074085,0,0
0.01469834514155077,0.0005447606243760057,-14375.695603955057,0,2
0.014707328110544135,0.0005447606243760057,-14378.77124890113,0,7
0.014723838509095701,0.0005447606243760057,-14405.30549393277,0,8
0.014737897749972969,0.0005073569156851662,-14423.16028975425,0,9
0.014745144076474379,0.0005053606905299953,-14408.905755861158,0,9
0.014758222358909842,0.0005053606905299953,-14432.748202391731,0,9
0.014772866485862676,0.0005053606905299953,-14461.082148402049,0,9
0.014785134039226839,0.0005308804213067818,-14482.009556814715,0,7
0.014797242990650033,0.0005988018485707099,-14502.604533232132,0,7
0.014810865975692134,0.0005988018485707099,-14526.092674901383,0,8
0.014824601107521663,0.0005796500357296172,-14543.373931942737,0,8
0.014839968159303935,0.0005755578587798398,-14563.081823311062,0,8
0.01485643427036669,0.0005755578587798398,-14586.201694843603,0,9
0.014867425078760902,0.0005755578587798398,-14597.017985302002,0,9
0.014881656180524186,0.0005755578587798398,-14616.777972659913,0,9
0.014893559248790652,0.0005755578587798398,-14630.08162706118,0,7
0.014902882175225573,0.0005755578587798398,-14638.650551164308,0,5
0.014910153219295381,0.0005755578587798398,-14642.607595574025,0,3
0.014915316704281832,0.0005755578587798398,-14643.667768933281,0,1
0.014920145607314595,0.0005755578587798398,-14644.782625474085,0,1
0.014923477646064418,0.0005755578587798398,-14644.885447075876,0,0
0.01492869895107486,0.0005755578587798398,-14646.34043943167,0,0
0.014938499517376653,0.0005755578587798398,-14651.313797915947,0,0
0.01495583189977138,0.0005755578587798398,-14666.107948472925,0,1
0.014962258101427406,0.0005755578587798398,-14658.556569238519,0,2
0.014971080791912908,0.0005755578587798398,-14661.532552117347,0,8
0.014985094499200392,0.0005433877327824566,-14677.84554950557,0,8
0.015014649687862201,0.0005607266509130975,-14719.1176995281,0,8
0.01502161449728922,0.0005607266509130975,-14710.407397351943,0,9
0.015032385628223923,0.0005542803943712091,-14721.726984160106,0,8
0.015046114900631286,0.0005542803943712091,-14742.974906726884,0,9
0.015061361880639838,0.0005542803943712091,-14769.189621015588,0,10
0.015076088974007008,0.0005395555122716629,-14791.525498835192,0,8
0.01509084888238338,0.0005299712500773893,-14816.872189731312,0,10
0.015106371540554999,0.0005193333441515585,-14834.742657352073,0,9
0.01512145758498852,0.0005193333441515585,-14851.636648037103,0,7
0.015141371825886844,0.0005193333441515585,-14879.532909469943,0,7
0.01515137886408791,0.0004989087357101705,-14885.294184173905,0,9
0.015162533835787018,0.0005147819785071995,-14893.945258753818,0,8
0.01517400712043381,0.0005048699148893806,-14907.830053006059,0,7
0.015185185008883125,0.0004960956737053264,-14921.395327780967,0,7
0.015196856346649943,0.00048250503264287,-14929.128914342593,0,5
0.015206655333208273,0.00048250503264287,-14933.683677668187,0,2
0.015214527988159242,0.00048250503264287,-14935.56036534726,0,1
0.015223463925625815,0.00048250503264287,-14939.465952687375,0,0
0.01523396004732578,0.00048250503264287,-14946.012784148084,0,0
0.01524622637808194,0.00048250503264287,-14956.66480672262,0,0
0.015265220811083714,0.00048250503264287,-14976.907485218024,0,0
0.015272898328071844,0.00048250503264287,-14975.384639543601,0,2
0.015281752177811614,0.0004903433124162609,-14976.028457040813,0,7
0.015291576328144797,0.0004903433124162609,-14977.935652427082,0,9
0.015311964484321799,0.0004903433124162609,-15024.44982918014,0,7
0.015324640936449961,0.0004903433124162609,-15040.325625935473,0,8
0.015332128778713719,0.0004903433124162609,-15024.991719574295,0,10
0.015347390489257665,0.0004903433124162609,-15065.223565991952,0,10
0.01536007553006284,0.0004903433124162609,-15099.463639065618,0,8
0.015375147336038005,0.00047681281116121807,-15138.506030434466,0,9
0.015389928296189459,0.0005090469045771301,-15174.58169446291,0,9
0.015406206087984405,0.0005090469045771301,-15207.083797041949,0,9
0.01542436913388164,0.0005090469045771301,-15247.183311039298,0,9
0.015451484939602765,0.0005191040563398602,-15314.833223836931,0,9
0.015459906930320838,0.00053071630465795,-15302.527236089201,0,8
0.015470733011540115,0.0005372485353478576,-15306.32989049196,0,7
0.015484639508647927,0.0005461409790612288,-15339.695934405829,0,8
0.01549554363708345,0.0006292635221063762,-15357.585630630323,0,6
0.015501668751644793,0.0006144377763901141,-15361.134918156144,0,2
0.015507528444552256,0.0006047648081161498,-15365.27239164745,0,2
0.01551223464789674,0.0005921477293035709,-15366.741396755286,0,0
0.015519694182937629,0.0005891214873901814,-15370.416736190482,0,0
0.015530070113918187,0.0005891214873901814,-15377.692870692617,0,0
0.015542530950861787,0.0005891214873901814,-15389.780304007409,0,0
0.015564357062284895,0.0005891214873901814,-15415.861956361798,0,0
0.015571958708123172,0.0005891214873901814,-15414.194585191119,0,2
0.015577616021294923,0.0005891214873901814,-15401.211647723221,0,7
0.015585661119705553,0.0005897161038342167,-15399.937270949807,0,9
0.015607673024012881,0.0005897161038342167,-15443.305617463357,0,8
0.015616745837650825,0.0005713786149651269,-15438.729038173808,0,7
0.01562774418216686,0.0005587935990871222,-15448.894806020633,0,8
0.01564181673441558,0.0005501149170973707,-15476.833736748276,0,9
0.015656583159992535,0.0005412915868832403,-15505.211384802125,0,9
0.015670122417686252,0.0005324781848262314,-15528.207473853498,0,8
0.01568590827370998,0.0005236642933325436,-15557.330872452108,0,10
0.015701997918331823,0.0005148506125614385,-15578.917631618222,0,10
0.01571580408671775,0.0005044070213145173,-15594.872450715684,0,7
0.015731969416754407,0.0005044070213145173,-15617.109887936382,0,7
0.01574352416989033,0.0005044070213145173,-15629.473417706833,0,7
0.01575330689061348,0.0005044070213145173,-15638.353722344009,0,8
0.015766790641411975,0.0005044070213145173,-15656.706418407788,0,8
0.015779045909123327,0.0005044070213145173,-15671.118973194954,0,7
0.015788429598374933,0.0005010717419989801,-15678.34598189458,0,5
0.015796479013780725,0.0004958891020617254,-15681.919365929001,0,2
0.0158024030169004,0.0004958891020617254,-15682.451466670858,0,0
0.01580930177736955,0.0004958891020617254,-15684.547776577736,0,0
0.01581750332694049,0.0004958891020617254,-15688.195320510427,0,0
0.015829482721811446,0.0004958891020617254,-15697.327151412952,0,0
0.01585482484005772,0.0004958891020617254,-15721.641230582578,0,0
0.01586193105970353,0.0004958891020617254,-15718.397850607817,0,3
0.015870952623736518,0.0004958891020617254,-15720.536765032379,0,6
0.015878891950727766,0.0004958891020617254,-15717.061572578215,0,9
0.01590099615088158,0.0005117125886847202,-15755.494861758067,0,8
0.015909897996782683,0.0004642921711267589,-15751.677187805064,0,10
0.015921180080284147,0.0004952923216047805,-15764.728041993792,0,8
0.015933464473390002,0.0005041832715953614,-15787.234872174202,0,9
0.015947710096556485,0.0005041832715953614,-15815.201284339992,0,9
0.015963169708527562,0.0005041832715953614,-15844.165883575584,0,9
0.015979605701829352,0.0005041832715953614,-15875.578192257815,0,11
0.01599651078731767,0.0005041832715953614,-15898.225678961164,0,9
0.016015200870611198,0.0005041832715953614,-15926.85343678538,0,10
0.016031905233376564,0.0005041832715953614,-15953.209566935124,0,9
0.01604033837942698,0.0005041832715953614,-15949.922578163936,0,7
0.016054786713678867,0.0005041832715953614,-15972.223056076007,0,8
0.016066482849375025,0.0005041832715953614,-15988.04365741994,0,7
0.01608005599568628,0.0005041832715953614,-16007.106843716363,0,8
0.016092023158833246,0.0005041832715953614,-16016.295274281067,0,6
0.016100263845930236,0.0005041832715953614,-16019.745313856833,0,2
0.01610795275114419,0.0005041832715953614,-16022.330136530343,0,1
0.016116610486893872,0.0005041832715953614,-16026.142722391509,0,1
0.01612637743697103,0.0005041832715953614,-16031.7231551483,0,1
0.01613783999166718,0.0005041832715953614,-16040.311793787201,0,0
0.016160899871024734,0.0005041832715953614,-16062.279217336496,0,1
0.016168710759688183,0.0005146233859687371,-16061.807505153602,0,1
0.016175001300282016,0.0005312428319165132,-16054.705822671458,0,4
0.016183917444707645,0.0005510561351884992,-16057.341302068611,0,6
0.016200542070176266,0.0005510561351884992,-16082.837648697516,0,8
0.016208571286840206,0.0005510561351884992,-16075.72285183181,0,10
0.016219426883951973,0.0005510561351884992,-16089.536061288121,0,9
0.01623332758942756,0.0005510561351884992,-16117.16898829562,0,9
0.01624878990809226,0.0005510561351884992,-16149.239435817348,0,10
0.016264531499981104,0.0005375270835327753,-16178.637221545592,0,10
0.016279634584307947,0.0005289839714434763,-16207.956603626486,0,10
0.0162984263496009,0.0005249416438702582,-16235.395893635832,0,10
0.01631488086467251,0.0004955470849856487,-16260.641833884138,0,9
0.016329329461555558,0.0004955470849856487,-16282.54548198502,0,8
0.016344238808219582,0.0004955470849856487,-16306.889811511452,0,8
0.016351921566026117,0.0005184751301309769,-16307.181158688874,0,9
0.016367424105613156,0.0005184751301309769,-16330.120014912365,0,9
0.016380815896655732,0.0005184751301309769,-16347.762964301082,0,8
0.01639094616299237,0.0004993121254456156,-16356.566398235464,0,5
0.01639853616974242,0.00047614413528763983,-16359.884871883896,0,2
0.016406221090988042,0.000468673610830607,-16363.03231648896,0,1
0.01641571264718724,0.000468673610830607,-16367.76499885675,0,1
0.01642610689813425,0.000468673610830607,-16373.898358191595,0,0
0.016438722675749647,0.000468673610830607,-16384.330604082013,0,0
0.016458818593704502,0.00048497545206527975,-16404.01608303927,0,0
0.016466857334371175,0.0005083152039755709,-16404.35765754687,0,0
0.016471954441484107,0.0005238056034451767,-16388.566750893813,0,4
0.01647947256959069,0.0005439904896598433,-16383.796546135669,0,5
0.016497218912091195,0.0005439904896598433,-16414.65507139658,0,7
0.016502818237706114,0.0005439904896598433,-16396.747035222503,0,10
0.016517316677083733,0.0005439904896598433,-16423.807902685065,0,10
0.01653017563062394,0.0005439904896598433,-16446.664224325374,0,7
0.016543116481667904,0.0005439904896598433,-16470.958635219857,0,8
0.016559248973130474,0.0005439904896598433,-16501.792590155866,0,10
0.01657653219936125,0.0005439904896598433,-16535.17519063961,0,11
0.016593272411552496,0.0005439904896598433,-16558.450328400857,0,9
0.016608808584024852,0.0005439904896598433,-16580.671350066874,0,9
0.016630401388455927,0.0005496885941768359,-16615.694347178207,0,9
0.01664151422426294,0.0005496885941768359,-16624.66238436581,0,8
0.016651118206537727,0.0005496885941768359,-16630.506299079087,0,8
0.016664084161599018,0.0005496885941768359,-16651.171304180283,0,8
0.016676354756803055,0.0005496885941768359,-16667.750265685874,0,7
0.016683373575846615,0.0005496885941768359,-16672.948065841192,0,3
0.016691539060358765,0.0005282333327375437,-16678.45128195293,0,2
0.016696822040566366,0.0005147091440928877,-16677.386566533503,0,1
0.016701050312993536,0.0005061583410086398,-16679.541425601317,0,1
0.016708055669389932,0.00047646333616163276,-16683.148131143866,0,0
0.016718764319545176,0.0004546666529971561,-16690.634935651706,0,0
0.016739782932618748,0.0004546666529971561,-16713.32950141185,0,0
0.016746572761427082,0.0004546666529971561,-16708.517259936,0,2
0.016755074951642124,0.0004546666529971561,-16711.115879995097,0,7
0.016771582218105822,0.0004546666529971561,-16736.06399102648,0,8
0.01678762547683333,0.0004546666529971561,-16759.46836715259,0,9
0.016798928115086917,0.0004546666529971561,-16762.659499402933,0,11
0.01681063123097844,0.0004546666529971561,-16778.886333021692,0,10
0.016823660472600827,0.0004634993995903483,-16800.79737785638,0,8
0.01683621904754672,0.00048064496795990327,-16824.655159287155,0,8
0.016847978563995177,0.00040863565569977407,-16844.332368195788,0,7
0.016862507048043558,0.000487374324801447,-16869.582979408304,0,9
0.016875635603893012,0.000487374324801447,-16884.45188720152,0,7
0.016891978175135727,0.000487374324801447,-16904.115486953317,0,8
0.01690820435568132,0.000487374324801447,-16926.00973235751,0,9
0.01691952575107802,0.000487374324801447,-16936.47993286607,0,9
0.016931681791800792,0.000487374324801447,-16952.193585762776,0,8
0.016944616413314413,0.000487374324801447,-16966.457937821884,0,7
0.016954521466320285,0.000487374324801447,-16975.746738616588,0,5
0.016963515004073865,0.000495889432087928,-16981.48357964443,0,4
0.01696936433001983,0.000495889432087928,-16983.721828566973,0,2
0.01697398511306033,0.000495889432087928,-16984.57547749881,0,1
0.01697711517090994,0.000495889432087928,-16984.65431400333,0,0
0.016981690368743238,0.000495889432087928,-16985.720429457007,0,0
0.01699100649608251,0.000495889432087928,-16990.41842260949,0,0
0.017009963239210234,0.0005267577121460189,-17006.917811917872,0,1
0.01701532433842632,0.0005267577121460189,-16997.091090608603,0,2
0.017023510086036742,0.0005267577121460189,-16999.938876968867,0,8
0.017039343840391307,0.0005267577121460189,-17019.11857174334,0,9
0.01706765230923061,0.0005267577121460189,-17059.024055224232,0,8
0.01707266483682432,0.0005267577121460189,-17043.95753201557,0,7
0.017083710861307683,0.0005267577121460189,-17057.623422574517,0,8
0.017096587497029043,0.0005267577121460189,-17078.942501833357,0,9
0.017111685703880997,0.0005267577121460189,-17105.005570503883,0,10
0.017124563540324808,0.0005267577121460189,-17126.688366879316,0,8
0.017140117514512287,0.0005267577121460189,-17152.79128412377,0,10
0.017156176835506656,0.0005267577121460189,-17171.436998742072,0,10
0.01716917610223039,0.0005267577121460189,-17184.16625320065,0,7
0.0171828679659475,0.0005267577121460189,-17198.06230839592,0,7
0.01719580581082716,0.0005267577121460189,-17212.88775595349,0,9
0.017208315114552793,0.0005391401568449019,-17227.4979817649,0,8
0.017220434613503498,0.0005208243955940339,-17240.218765481168,0,7
0.017233403882614965,0.0005086691421621058,-17252.241522394303,0,7
0.017244595658246435,0.0004972274852531973,-17258.76340602802,0,5
0.017251651789805356,0.000480535500478495,-17260.829355930524,0,2
0.01725741210778154,0.0004596850354265701,-17262.049867318558,0,1
0.017262459796003854,0.00044082733748171784,-17262.70130614826,0,0
0.017269762643612067,0.00044082733748171784,-17265.009364936028,0,0
0.01728010733227482,0.00044082733748171784,-17270.528325255902,0,0
0.01729916982542699,0.0004516817461423031,-17286.676650562313,0,1
0.017305045910920674,0.0004647249609281123,-17278.743497719373,0,2
0.017313366771943384,0.00048157432911220924,-17280.3131313753,0,6
0.017325580028714344,0.0004970140492627649,-17292.12109601301,0,9
0.017354018816900362,0.0004970140492627649,-17332.701609774842,0,7
0.01736260657477698,0.0004970140492627649,-17329.7376651072,0,8
0.017372862244358078,0.0004970140492627649,-17335.359910788295,0,9
0.017386581728404647,0.0004970140492627649,-17356.998378170138,0,10
0.017399493998856454,0.0004970140492627649,-17377.47045545311,0,8
0.017413851208148087,0.0004970140492627649,-17402.383993101474,0,9
0.017427404292151557,0.0004970140492627649,-17426.55972657025,0,9
0.017442567161115072,0.0005066536386010102,-17443.901754487695,0,9
0.017460034500806902,0.0005499315688278762,-17465.46341015436,0,9
0.017481144933004792,0.0005499315688278762,-17496.060951639614,0,9
0.017490692259315654,0.0005499315688278762,-17500.74030212471,0,8
0.017502679782350934,0.0005499315688278762,-17512.727815897288,0,7
0.017513650742418594,0.0005499315688278762,-17525.799115959824,0,8
0.01752501301058755,0.0005499315688278762,-17537.83338800771,0,6
0.017531471807012967,0.000533396532346964,-17540.46860848541,0,2
0.01753857165454282,0.0005195959352108272,-17543.632990377773,0,2
0.017544765894886922,0.0004984076692502469,-17545.15364224473,0,1
0.01755058405521644,0.00047950428890186755,-17546.288339877836,0,0
0.017558478514618205,0.00047950428890186755,-17549.250420954162,0,0
0.017569517674190627,0.00047950428890186755,-17556.1050434076,0,0
0.017591971741328972,0.00047950428890186755,-17576.03340968195,0,0
0.01759847525115546,0.00047950428890186755,-17570.79678960928,0,2
0.017603983384125096,0.0004817149313980939,-17560.42100327681,0,7
0.01761564427888197,0.0004817149313980939,-17570.29424338875,0,10
0.017643241983915245,0.0004817149313980939,-17612.558542118455,0,9
0.017650650092076087,0.0004817149313980939,-17606.724369809664,0,7
0.017661303806793666,0.0004633506511403969,-17618.894698090877,0,8
0.017674688265170456,0.0004633506511403969,-17641.493630558478,0,9
0.017689573176788896,0.0004647891557602321,-17667.416665707733,0,9
0.017702034089548024,0.0004802288089417894,-17688.88258511869,0,8
0.017716148397440686,0.0004802288089417894,-17714.07563789505,0,9
0.01773205883488202,0.0004932795025848736,-17734.558155107592,0,10
0.01774473649458222,0.00048564752053841594,-17747.674327529476,0,7
0.017757351810781797,0.00048564752053841594,-17761.909722820656,0,7
0.01776941244937465,0.0004711299496761507,-17775.521389907106,0,7
0.017783052019157437,0.0004618761696488993,-17791.90056784248,0,8
0.017796842699631173,0.0004617579268762472,-17807.649795366488,0,8
0.01780894545361334,0.0004617579268762472,-17820.066571701456,0,7
0.01781710940247965,0.00045993567919470045,-17825.481469535272,0,4
0.01782357873729054,0.00045754398489749216,-17827.69549792524,0,2
0.01782723618762898,0.00045754398489749216,-17827.781029722173,0,0
0.017832721840204978,0.00045754398489749216,-17829.676065053303,0,1
0.017839651510750926,0.00045754398489749216,-17831.873851874796,0,0
0.017850520975079942,0.00045754398489749216,-17837.932746815077,0,0
0.017871586025278274,0.00045754398489749216,-17855.904625784264,0,0
0.017877398199610775,0.0004708135263821862,-17847.893598957187,0,3
0.017884898953074883,0.0004951989901932667,-17846.816774988467,0,8
0.017899548329313675,0.0005210698574594647,-17863.6333025476,0,11
0.01792772485427478,0.0005210698574594647,-17903.764674261416,0,8
0.017936058794964925,0.0005210698574594647,-17899.966912947184,0,9
0.01794574248417345,0.0005210698574594647,-17906.905341008027,0,8
0.017959552965711386,0.0005210698574594647,-17929.871593417676,0,9
0.01797497807335061,0.0005210698574594647,-17955.458470837104,0,9
0.01798863467351496,0.0005210698574594647,-17979.09762890811,0,9
0.01800396693083068,0.0005210698574594647,-18005.46695683646,0,10
0.018020109684784798,0.0005210698574594647,-18023.871265087677,0,9
0.01803758282049664,0.000491787225718103,-18045.64163399542,0,10
0.018053458229239355,0.00046210114264194825,-18066.030038354522,0,9
0.01806464515260527,0.00045344802239884733,-18075.72465743038,0,8
0.01807747206799508,0.00045344802239884733,-18091.612698131194,0,8
0.018092184138007606,0.00045344802239884733,-18108.025226223766,0,8
0.018105097152837358,0.00045344802239884733,-18123.64260212493,0,8
0.018115717649645816,0.00047731116127574017,-18130.61599625783,0,5
0.01812392190413239,0.00047731116127574017,-18133.65726179286,0,2
0.018131007337642144,0.00047731116127574017,-18135.393629456896,0,1
0.01813933286970573,0.000463094838940246,-18138.48327373596,0,1
0.018149537361973746,0.00045405628813884004,-18144.008546372123,0,1
0.018161416755176282,0.00044241785003499705,-18152.68757566241,0,0
0.018184761775817883,0.00044241785003499705,-18174.192472225244,0,1
0.01819315135637704,0.00046155477078456907,-18175.229772683706,0,1
0.018199535970563934,0.00047898300646443363,-18168.16927570037,0,4
0.01820823682356238,0.0004969322622913374,-18170.14449090943,0,6
0.018226991782586622,0.0005053370924946049,-18200.84065682348,0,8
0.01823706248982722,0.0005053370924946049,-18205.863235245233,0,10
0.01824858266294447,0.0005084410528094606,-18216.669138052715,0,11
0.0182617336651942,0.0005084410528094606,-18244.401497067072,0,9
0.018277082557380905,0.0005084410528094606,-18280.751257193457,0,10
0.01829110365113311,0.0005084410528094606,-18317.591906907044,0,10
0.018305879752078407,0.0005084410528094606,-18352.960029166854,0,10
0.018325774954888477,0.0005084410528094606,-18387.44369409977,0,11
0.01834618414703355,0.0005082999009082891,-18426.81417264297,0,10
0.01836716184444831,0.0005082999009082891,-18468.561923352252,0,8
0.01837768689784747,0.0005082999009082891,-18475.187818914266,0,8
0.018387714409967622,0.0005111037005431165,-18475.349280150633,0,9
0.018401524738290587,0.0005111037005431165,-18502.651098116676,0,9
0.01841431738770644,0.0005111037005431165,-18525.468330691794,0,8
0.01842389308754465,0.0004943663687779793,-18536.088697469448,0,5
0.018432210276444976,0.00046833890494929047,-18542.477314266518,0,3
0.018439013847598603,0.0004503227467492638,-18545.774783813264,0,1
0.018449499233655863,0.00043923753343329985,-18554.162036905647,0,1
0.018460400259315658,0.00043923753343329985,-18563.374725935886,0,0
0.01847334609364985,0.00043923753343329985,-18578.041169901313,0,0
0.018491304336866375,0.0004528109050021957,-18600.920767226537,0,0
0.01849914788886095,0.00047607845068186293,-18600.17605275356,0,1
0.018504351592365013,0.0004887537336800558,-18576.544703337546,0,4
0.01850904235061359,0.0004989085005223798,-18535.25999362591,0,5
0.01852964043082749,0.0005309603724579693,-18587.993650211858,0,7
0.018537461184791538,0.000540896047543424,-18585.06719576551,0,10
0.018553087395107342,0.0006092808619379309,-18620.30416005802,0,10
0.018564192369026726,0.0006092808619379309,-18639.4478022145,0,6
0.018576144468191894,0.0006092808619379309,-18663.343435386472,0,7
0.018590699812802147,0.0006092808619379309,-18693.04729133666,0,9
0.018606831106134404,0.0006092808619379309,-18723.931742461828,0,10
0.01862339544224266,0.0006092808619379309,-18746.885726032815,0,9
0.018640465602395125,0.0006092808619379309,-18772.245791719688,0,9
0.01866074312681769,0.0006092808619379309,-18806.763237435793,0,9
0.018668628541067545,0.0006092808619379309,-18804.728124256508,0,8
0.018681688699358375,0.0006092808619379309,-18821.759765213646,0,8
0.018694463297363413,0.0006092808619379309,-18840.777982558466,0,8
0.018705661530425008,0.0006092808619379309,-18856.61016031393,0,7
0.01871206334758967,0.0005955708052202703,-18860.438586979635,0,3
0.018716465832756213,0.0005868725857971178,-18861.407687888222,0,1
0.018720798333696664,0.0005780683984145895,-18862.405412865803,0,1
0.018725520533176755,0.0005692715267555145,-18863.433065713092,0,1
0.01873099969961887,0.0005604063985467635,-18864.432824439344,0,0
0.018740973467772367,0.0005352758731162311,-18867.789131604844,0,0
0.018757308644900286,0.0005325219668648747,-18876.689913704653,0,0
0.01876300795727908,0.0005325219668648747,-18870.050089983604,0,2
0.018772207045229233,0.0005325219668648747,-18873.21997180361,0,7
0.01878710127026523,0.0005325219668648747,-18886.966810738035,0,9
0.018815051365046024,0.0004924169317812859,-18915.974040034653,0,9
0.01882382720245909,0.0004924169317812859,-18913.71520926617,0,9
0.018836177932058683,0.0004924169317812859,-18926.810967217276,0,10
0.018849476989287572,0.0004924169317812859,-18942.104879790655,0,8
0.018862047311866022,0.0004924169317812859,-18958.003248490055,0,8
0.01887480040945775,0.0004924169317812859,-18974.092070934705,0,7
0.01888918444759557,0.0004924169317812859,-18993.736343798355,0,9
0.018901647210127607,0.0005163544919207026,-19003.570316693425,0,7
0.018915223216003488,0.0005644212992706319,-19014.850434134634,0,8
0.018930012246259734,0.0005463147519725185,-19027.53172411892,0,9
0.018943942704055326,0.0005463147519725185,-19039.71030667207,0,9
0.018958120666595624,0.0005463147519725185,-19050.969784720564,0,8
0.01897045112529439,0.0005463147519725185,-19060.211178442576,0,7
0.018980458544871605,0.0005463147519725185,-19066.043947810827,0,5
0.01899028002897417,0.0005463147519725185,-19069.81938758937,0,3
0.01900131557737274,0.0005463147519725185,-19073.546375876813,0,2
0.01900750554629912,0.0005463147519725185,-19070.96840058135,0,0
0.01901264197469486,0.0005463147519725185,-19069.6684203509,0,0
0.01902611272630161,0.0005463147519725185,-19076.57898719261,0,0
0.019035224777924766,0.0005463147519725185,-19079.634270274637,0,0
0.019050819304999533,0.000594844815426047,-19092.187224962232,0,1
0.01905597758187525,0.000594844815426047,-19081.199990157966,0,2
0.01906340938983769,0.000594844815426047,-19080.64869178745,0,8
0.019077725510991704,0.000594844815426047,-19096.826528632566,0,9
0.01910670256555687,0.0005851722232951134,-19136.777352534053,0,8
0.019112845277295915,0.0005851722232951134,-19125.21178681608,0,7
0.019121476800956168,0.0005851722232951134,-19131.290187413917,0,8
0.019135576638594973,0.0005851722232951134,-19153.398827939356,0,8
0.01915001862077425,0.0005851722232951134,-19178.569617022546,0,10
0.01916545611689903,0.0005851722232951134,-19204.86147997226,0,10
0.019180709523580277,0.0005194935962064931,-19229.928117091964,0,10
0.019196604446136998,0.0005194935962064931,-19246.677671215133,0,9
0.01921093241643829,0.0005194935962064931,-19261.474099739833,0,8
0.019224758907827516,0.0005194935962064931,-19275.332830847812,0,7
0.01923910434947977,0.0005194935962064931,-19290.54567701592,0,6
0.019250801161588938,0.0005194935962064931,-19301.237188344563,0,7
0.019261125876816,0.0005194935962064931,-19310.373835329705,0,7
0.019271244714785626,0.0005194935962064931,-19320.947265518113,0,6
0.01928301972710871,0.0005194935962064931,-19328.991711103146,0,6
0.01928969655131934,0.0005388450912180363,-19331.012541492415,0,2
0.019296130028692904,0.0005388450912180363,-19332.52521286078,0,1
0.019302370078079424,0.0005388450912180363,-19333.83112239375,0,0
0.019310500652864097,0.0005388450912180363,-19336.989240847415,0,0
0.019321613798701887,0.0005388450912180363,-19344.130781127857,0,0
0.01934497833907969,0.0005388450912180363,-19365.02954245922,0,1
0.01935168347069995,0.0005388450912180363,-19360.81130863829,0,2
0.01936021648860455,0.0005388450912180363,-19362.945753210435,0,7
0.019369134162003556,0.0005386969645449251,-19364.050984721416,0,10
0.01939428769733711,0.0005386969645449251,-19403.204015270043,0,8
0.019401882847082087,0.0005386969645449251,-19396.46083512864,0,7
0.0194113741207966,0.0005386969645449251,-19402.84407763448,0,9
0.01942616334285585,0.0005810472121048181,-19431.036174133384,0,10
0.01944066343342219,0.0005810472121048181,-19455.85067800304,0,9
0.019453713437444092,0.0005851696925998595,-19478.020516229553,0,8
0.01946849377921036,0.0005851696925998595,-19501.952764545924,0,9
0.01948366988430882,0.0005851696925998595,-19520.960323816285,0,10
0.019496869214386956,0.0005851696925998595,-19533.941766152,0,7
0.019508795117576857,0.0005851696925998595,-19545.693230819496,0,6
0.019523845225640542,0.0005851696925998595,-19563.385466894775,0,7
0.019533871004077198,0.0005851696925998595,-19571.585712338438,0,7
0.01954650205245394,0.0005676164710037605,-19584.7148151749,0,7
0.019557258984852065,0.0005555495581538189,-19595.06248258711,0,6
0.019566491743254595,0.0005450807214127582,-19600.174678450636,0,4
0.01957332114562295,0.0005301905290792042,-19602.49727056542,0,2
0.019579225298346856,0.0005194913502992778,-19603.906073825994,0,1
0.019584837708057554,0.0005194913502992778,-19604.904095869657,0,0
0.01959267277193879,0.0005194913502992778,-19607.70201159814,0,0
0.019603594721959338,0.0005194913502992778,-19614.298216492938,0,0
0.019627429410858106,0.0005194913502992778,-19634.803451034175,0,1
0.01963394638860711,0.0005194913502992778,-19630.088743308163,0,2
0.019641166146724252,0.00052304974861915,-19627.259544313107,0,7
0.019650522566335274,0.0005585052119590735,-19632.13396332348,0,10
0.019679087746035953,0.0005585052119590735,-19673.788212977524,0,8
0.01968532984259807,0.0005585052119590735,-19663.41564799923,0,7
0.01969557876295323,0.0005585052119590735,-19674.258525797643,0,9
0.019709821234732038,0.0005585052119590735,-19699.06409648251,0,10
0.019724344295030657,0.0005585052119590735,-19722.56285811797,0,9
0.019738206794510587,0.0005449828535968926,-19746.286810162826,0,9
0.019751248426650162,0.0005364590995266768,-19766.68224840871,0,8
0.01976724843176721,0.0004989689665572357,-19784.92924047905,0,9
0.01978333034888141,0.0004989689665572357,-19802.891453148455,0,10
0.019797587051020145,0.0004989689665572357,-19817.58522236518,0,8
0.019812337103831075,0.0005135379926829427,-19833.296227338804,0,7
0.01982358519654316,0.0005524286963078235,-19844.162165820297,0,8
0.019836910531546473,0.0005439060488481569,-19859.079669533578,0,8
0.019850182661962746,0.0005351012297170316,-19873.307661449177,0,8
0.019862603395208112,0.0005297446125880566,-19881.856416157618,0,7
0.01986991245041127,0.0005297446125880566,-19883.917039474232,0,2
0.01987590429399343,0.0005297446125880566,-19885.04752119482,0,1
0.019881184716005904,0.0005297446125880566,-19885.893356391025,0,0
0.01988877095926169,0.0005297446125880566,-19888.44938757184,0,0
0.019899882445968145,0.0005297446125880566,-19894.79962169486,0,0
0.01992347181510395,0.0005371768256926306,-19914.11515741956,0,0
0.019929381227752743,0.000556373997651939,-19907.012646229094,0,3
0.01993704651662316,0.00057718403460938,-19904.911621065727,0,8
0.019947348538899658,0.0005918446270088244,-19911.652699352984,0,9
0.019977628871852084,0.0005918446270088244,-19954.116895801548,0,8
0.01998365138539913,0.0005918446270088244,-19942.776831619944,0,9
0.01999480784193435,0.0005918446270088244,-19956.31503786633,0,8
0.020007681550324143,0.0005918446270088244,-19976.394355817956,0,9
0.020021923123681565,0.0005918446270088244,-20000.876191421507,0,9
0.020036999191996526,0.0005918446270088244,-20025.67594845096,0,9
0.020051984331449675,0.0005918446270088244,-20051.135665129954,0,10
0.020067169117531015,0.0005918446270088244,-20067.9930676435,0,9
0.020083043091093482,0.0005918446270088244,-20085.874869989082,0,10
0.020097360848858433,0.0005918446270088244,-20101.60563027701,0,9
0.020111576919823574,0.0005918446270088244,-20117.0990863026,0,8
0.020123501325391164,0.0005345034376786069,-20130.29788813961,0,8
0.02013706415241931,0.0005345034376786069,-20145.313677723436,0,8
0.02014980771683507,0.0005345034376786069,-20159.380267917717,0,8
0.020159600810144708,0.0005345034376786069,-20165.3472059611,0,5
0.02016692166446848,0.0005345034376786069,-20168.009034343624,0,2
0.02017387910234466,0.0005345034376786069,-20169.94098944184,0,1
0.02018144730922879,0.0005345034376786069,-20172.531049334015,0,1
0.020191095624863188,0.0005345034376786069,-20176.774393022217,0,1
0.02020213226713458,0.0005656051339838537,-20183.535919226975,0,0
0.020224122294390676,0.0006307447482936862,-20201.964387135587,0,1
0.02023153293212878,0.000654126985042574,-20200.110411833884,0,1
0.02023731599847189,0.0006717614450661753,-20190.715695420426,0,4
0.02024327485084741,0.0006895232822715903,-20181.355912792074,0,6
0.020273066374012966,0.0006895232822715903,-20225.492829498326,0,8
0.020279043652764915,0.0006895232822715903,-20213.2437302342,0,10
0.02029090387328296,0.0006895232822715903,-20229.11410143955,0,9
0.02030384194707338,0.0006748591860154994,-20250.15153605655,0,8
0.0203176761713091,0.0006748591860154994,-20274.274169424447,0,9
0.020334323481270702,0.0006748591860154994,-20302.945826030646,0,10
0.02035020516425103,0.0006748591860154994,-20330.906928638044,0,11
0.020367424124521374,0.0006748591860154994,-20351.491016600863,0,11
0.020382723961718217,0.0006748591860154994,-20368.80026702525,0,10
0.020396900627830304,0.0006748591860154994,-20383.92494600719,0,8
0.02041436144020771,0.0006748591860154994,-20405.881602283556,0,10
0.02042789704279599,0.0006748591860154994,-20418.93271785979,0,9
0.020441720704672185,0.0006748591860154994,-20435.05808973411,0,9
0.020455233521778735,0.0006748591860154994,-20451.092250274036,0,9
0.020465964389853403,0.0006748591860154994,-20457.703657549853,0,5
0.020475641468791557,0.0006748591860154994,-20461.93254559582,0,3
0.02048318148789752,0.0006556417750662602,-20463.70034470078,0,1
0.020492096451532354,0.0006277755693037127,-20466.849442271086,0,1
0.020501218216636433,0.0006175182447089601,-20470.584212636364,0,0
0.020512574415900143,0.0006175182447089601,-20477.76925983903,0,0
0.020532451000013205,0.0006175182447089601,-20494.714116796684,0,0
0.020539941558583907,0.0006175182447089601,-20493.143057188794,0,1
0.02054562263878993,0.0006175182447089601,-20482.306468123876,0,4
0.02055160541790512,0.0006175182447089601,-20468.846521662665,0,5
0.020581806846423335,0.0006368282661709288,-20514.26769299807,0,7
0.02058756694634636,0.0006504801580184462,-20500.414692115082,0,10
0.020599291388019116,0.0006504801580184462,-20516.18403891248,0,10
0.020612687076912783,0.0006504801580184462,-20537.630452679532,0,8
0.020626059297910837,0.0007133275538564036,-20558.75602930764,0,8
0.020641715160010028,0.0007133275538564036,-20586.758099907292,0,10
0.020658083811604784,0.0007133275538564036,-20615.77602851291,0,11
0.020674194347749714,0.0006998067371133885,-20632.83021085273,0,9
0.020689079865872467,0.0006829910948489161,-20649.046542836062,0,9
0.020704224766965307,0.0006606090300172392,-20665.33687102092,0,9
0.020719689542846503,0.0006377170348014586,-20681.969015014394,0,8
0.02073190811534698,0.0006171869795736271,-20693.986389011192,0,8
0.020746143943832444,0.0005988840976713306,-20708.59736901202,0,8
0.020757312688719193,0.0005867528319781472,-20717.870659057477,0,6
0.020765265645974706,0.0005769828958216587,-20721.542464515678,0,3
0.020770599353190637,0.0005769828958216587,-20722.5648942842,0,1
0.020775965658310913,0.0005769828958216587,-20723.787812098755,0,1
0.02077995588028299,0.0005769828958216587,-20724.051971329784,0,0
0.020785789486475595,0.0005769828958216587,-20725.689751832037,0,0
0.02079614781377854,0.0005769828958216587,-20730.872242938694,0,0
0.020814088848726223,0.0005769828958216587,-20745.359144832742,0,0
0.020819821691231855,0.0005769828958216587,-20737.083286798457,0,2
0.02082854009978432,0.0005541819874213009,-20739.94329681215,0,8
0.02084334292664063,0.0005472221137520682,-20756.005952314434,0,9
0.02087184795856839,0.0005472221137520682,-20795.019731343218,0,9
0.020878139288799495,0.0005472221137520682,-20785.18237255371,0,9
0.020890774006806792,0.0005600714772400536,-20802.757020891248,0,10
0.020903363696678192,0.0005600714772400536,-20820.749146661194,0,8
0.020916533433182012,0.0005600714772400536,-20841.038327290582,0,8
0.020927839082147168,0.0005600714772400536,-20859.153222860856,0,7
0.020941347904413106,0.0005600714772400536,-20880.012402131804,0,8
0.020953736704016422,0.0005600714772400536,-20892.750563015517,0,7
0.020967367833510425,0.0005600714772400536,-20907.156749788654,0,8
0.02098186648150452,0.0006192237689794255,-20923.373922973555,0,9
0.020996884622624373,0.0006192237689794255,-20939.63492956923,0,9
0.021010444069669218,0.0006192237689794255,-20953.205575981494,0,8
0.021024698640401688,0.0006192237689794255,-20967.45764094549,0,8
0.021034548609712204,0.0006192237689794255,-20974.252124703955,0,5
0.021042044932529966,0.0006010282564901115,-20977.915630548083,0,3
0.021048547605897118,0.0005982056363561996,-20980.377915238696,0,2
0.021053802528990036,0.0005982056363561996,-20981.550691440367,0,1
0.02105830089599729,0.0005982056363561996,-20981.9890227942,0,0
0.02106527382568386,0.0005982056363561996,-20983.972949031206,0,0
0.021075802502264752,0.0005982056363561996,-20989.18369627487,0,0
0.0210938994351697,0.0005982056363561996,-21003.90174943416,0,0
0.021099420164663107,0.0005982056363561996,-20994.637748978144,0,2
0.021107907028394688,0.0006252654603913616,-20996.923660441284,0,9
0.02112270814871314,0.0006252654603913616,-21013.50003969639,0,9
0.021149226172883995,0.0005824823946968506,-21049.053880485204,0,8
0.021158271761038388,0.0005824823946968506,-21046.77849053689,0,7
0.021167933551703433,0.0005824823946968506,-21051.86304041953,0,7
0.021178640199396335,0.0005824823946968506,-21064.862938237955,0,8
0.02119457246959462,0.0005824823946968506,-21091.836437014434,0,10
0.021209916151155344,0.0005299398866243292,-21117.456690240437,0,10
0.021225018141507138,0.0005104786606429442,-21142.36082072007,0,10
0.021241105084154978,0.0005104786606429442,-21159.323573439764,0,9
0.021254938911147655,0.0005104786606429442,-21172.945009431623,0,8
0.021268791671463297,0.0005104786606429442,-21188.040118599256,0,8
0.021284749501992297,0.000537245509694923,-21207.041915874048,0,8
0.021297266262113628,0.000537245509694923,-21216.90436422724,0,8
0.021309368230243143,0.000537245509694923,-21228.86833546694,0,7
0.0213219669086349,0.000537245509694923,-21240.779805994363,0,7
0.021331104655316728,0.000537245509694923,-21245.716771572723,0,4
0.021337977529077717,0.000537245509694923,-21247.978081885576,0,2
0.021343993133281242,0.000537245509694923,-21249.46324515852,0,1
0.02134992118907206,0.000537245509694923,-21250.626530147067,0,0
0.02135817312387838,0.000537245509694923,-21253.823499239363,0,0
0.021369253640261307,0.000537245509694923,-21260.631994666805,0,0
0.02139312877912683,0.000537245509694923,-21280.963749297392,0,1
0.021400773341976223,0.0005554201830920476,-21279.099431904153,0,2
0.021407259326086885,0.0005554201830920476,-21273.12401050982,0,7
0.021416093290644263,0.0005554201830920476,-21274.4249658374,0,9
0.02144174609645306,0.0005554201830920476,-21312.511222491397,0,7
0.02144871675541293,0.0005554201830920476,-21302.625143639856,0,8
0.021461419553715257,0.0005554201830920476,-21319.170043550206,0,9
0.021474724998288213,0.0005824798911538237,-21339.706435789998,0,9
0.021486840904482597,0.0005824798911538237,-21360.824214249595,0,8
0.021501460769349556,0.0005824798911538237,-21386.26459086636,0,9
0.021514279640061907,0.0005824798911538237,-21406.595125796997,0,8
0.021528551009935743,0.0005876356281876501,-21423.548914212523,0,9
0.021542784944439355,0.0005876356281876501,-21439.72690898766,0,9
0.021557513238608432,0.0005876356281876501,-21456.394479395804,0,9
0.02157253071815458,0.0005585831636152781,-21473.314974237543,0,8
0.02158502797378679,0.000544845242019546,-21485.435741507703,0,8
0.02159612770398247,0.0005504843885601467,-21495.472516328933,0,6
0.021607423051932164,0.0005293340914643104,-21506.020156674385,0,6
0.021616563344703965,0.0005293340914643104,-21511.2353070723,0,4
0.02162286102940162,0.0005293340914643104,-21513.18576683547,0,2
0.021628564544628952,0.0005293340914643104,-21514.689889912206,0,1
0.021633996298263177,0.0005293340914643104,-21515.804714320602,0,0
0.02164187088567682,0.0005293340914643104,-21518.557507215366,0,0
0.021652875924564535,0.0005293340914643104,-21524.793362041644,0,0
0.021675422082743714,0.0005293340914643104,-21542.924300168095,0,1
0.02168147324928637,0.0005293340914643104,-21536.365225950616,0,2
0.02168837048871057,0.0005293340914643104,-21532.436034655086,0,7
0.021700653097613747,0.0005293340914643104,-21543.908202024046,0,10
0.02172647764156748,0.0005621207343655246,-21579.66090821632,0,8
0.02173378670997636,0.0005621207343655246,-21572.359030920925,0,7
0.021746121587519297,0.0005621207343655246,-21586.66144082473,0,9
0.02176079312516901,0.0005621207343655246,-21610.264720890722,0,10
0.021773828159445608,0.0006069786977021944,-21630.9993826285,0,9
0.02178629726680268,0.0006069786977021944,-21652.364918317064,0,8
0.02180199186974354,0.0006069786977021944,-21679.18415851565,0,10
0.021818485707485947,0.0006127319402300879,-21698.164522676725,0,10
0.021831974650268763,0.0006127319402300879,-21712.449840721063,0,8
0.02184605383427473,0.0006127319402300879,-21726.81871775125,0,7
0.021862301863189736,0.0006215262952756224,-21746.132171348487,0,8
0.02187369428418453,0.0006215262952756224,-21756.427584785553,0,8
0.02188736175431059,0.0006048874124689014,-21771.731267266594,0,8
0.021899934191521284,0.0005926677134431939,-21784.593767813123,0,7
0.021909211316682334,0.0005677771326722801,-21789.750879404146,0,4
0.021916795313241894,0.0005541036308301726,-21792.572585383685,0,2
0.021923338666198822,0.0005541036308301726,-21794.37930384785,0,1
0.021929374193473072,0.0005541036308301726,-21795.879420711117,0,0
0.021937547473801992,0.0005541036308301726,-21799.40185599771,0,0
0.021949313375856122,0.0005541036308301726,-21807.388946478986,0,0
0.021975593137158578,0.0005541036308301726,-21830.61265589504,0,0
0.02198317663487959,0.0005541036308301726,-21829.031573984004,0,3
0.021990301034511644,0.0005541036308301726,-21821.120927847558,0,8
0.021997518306150515,0.0005541036308301726,-21806.574509657086,0,9
0.022026962708896255,0.0005683266456267593,-21858.14822774686,0,8
0.02203687829059105,0.0005623828231107469,-21858.861296392733,0,10
0.022048249242411267,0.0005502786917970094,-21873.651613522463,0,9
0.022062097839904087,0.000541617614506864,-21898.16753328231,0,9
0.02207634104925013,0.0004901844204847026,-21923.284259216172,0,9
0.02209014233457435,0.0004901844204847026,-21945.604588371418,0,8
0.022105293807439128,0.0004901844204847026,-21972.706390964824,0,10
0.022120992192214587,0.0004901844204847026,-21990.477472442653,0,9
0.022137175195033474,0.0004901844204847026,-22009.5268399943,0,10
0.022153562006697994,0.000544041679562703,-22028.82800810647,0,9
0.02217117708986145,0.000544041679562703,-22052.88971729003,0,8
0.022179578472439496,0.000544041679562703,-22055.645232826035,0,8
0.022191433767724925,0.000544041679562703,-22069.265850955562,0,7
0.022205283720461457,0.000544041679562703,-22085.1971498673,0,8
0.022216231271641497,0.000544041679562703,-22092.1689716307,0,5
0.022223988192316167,0.000544041679562703,-22094.64150779754,0,2
0.022231032461982363,0.000544041679562703,-22096.787460124408,0,1
0.022239441321826953,0.000544041679562703,-22100.00843585404,0,1
0.022249529263638903,0.0005330041559867703,-22105.11676281822,0,1
0.022261299314525602,0.000560631720465331,-22113.291465345745,0,0
0.022284248019685645,0.0006191440312364366,-22133.693148678303,0,1
0.02229307238858602,0.0006424834760827439,-22135.77206149139,0,1
0.02229928679633747,0.0006657808737629893,-22127.079687505047,0,3
0.022302901313910987,0.0006793680196886305,-22093.9643160215,0,6
0.022333028976006974,0.0006793680196886305,-22145.995625945154,0,9
0.02233977217457782,0.0006793680196886305,-22135.598932825043,0,10
0.02235047692650671,0.0006793680196886305,-22150.639052796283,0,9
0.022365428012791778,0.0006793680196886305,-22177.109010397566,0,9
0.022379785054724214,0.0006793680196886305,-22203.444087160766,0,9
0.022395222992775923,0.0006793680196886305,-22231.76134569033,0,10
0.022411628705033236,0.0006793680196886305,-22262.262935289833,0,11
0.022429950776051484,0.0006793680196886305,-22283.992404789693,0,11
0.022446196483553643,0.0006793680196886305,-22302.888559231546,0,10
0.022460705858886553,0.0006073657552000614,-22319.123133481215,0,8
0.02247699363015805,0.0006073657552000614,-22340.362577546228,0,8
0.022489972038526023,0.0006073657552000614,-22353.213434516212,0,9
0.022503626679873427,0.0006073657552000614,-22368.88660146565,0,9
0.022516167413120687,0.0006073657552000614,-22383.614287152428,0,8
0.02252520999451413,0.0006073657552000614,-22389.189520689062,0,4
0.022534109959448507,0.0006073657552000614,-22393.434565279982,0,3
0.02254198750141562,0.0006073657552000614,-22395.910459698112,0,1
0.022550524528729587,0.0006073657552000614,-22399.167857874894,0,1
0.022559682651668557,0.0006073657552000614,-22403.3417867551,0,0
0.022571278383901588,0.0006073657552000614,-22411.225041323258,0,0
0.02259290619926742,0.0006073657552000614,-22430.375741736723,0,0
0.022600853990979712,0.0006073657552000614,-22430.304441246615,0,1
0.022607666965803866,0.0006073657552000614,-22423.944810602716,0,4
0.022614163641974747,0.0006073657552000614,-22416.671093435343,0,5
0.022631658548155048,0.0006073657552000614,-22444.252085059656,0,8
0.022639295628228546,0.0006073657552000614,-22434.700971558093,0,10
0.022653737910411694,0.0006073657552000614,-22457.890440948686,0,10
0.02266639406361096,0.0006210567667593666,-22478.785312696215,0,8
0.022680751353561377,0.0007096542684815017,-22505.565070165005,0,9
0.02269605365924767,0.0007096542684815017,-22534.669134370426,0,10
0.022712875226304694,0.0007096542684815017,-22566.18377324675,0,11
0.022727502405235852,0.0007096542684815017,-22583.26359104605,0,9
0.022742895068848974,0.0007096542684815017,-22601.16868510434,0,9
0.022758437735705548,0.0007096542684815017,-22618.61957937337,0,9
0.02277353406574165,0.0007096542684815017,-22635.91278641433,0,8
0.022784150544802453,0.0007096542684815017,-22645.853528633077,0,7
0.02279816208662817,0.0007096542684815017,-22661.39402194591,0,8
0.022808712786766286,0.0007096542684815017,-22671.209090044074,0,6
0.022816206914632323,0.0006879937971059568,-22675.022355247824,0,3
0.022821641758647485,0.0006657143906245014,-22676.06470925103,0,1
0.02282679590823761,0.0006432436709588033,-22677.161104661485,0,1
0.022830672874054544,0.0006197425007960124,-22677.332685355592,0,0
0.02283689707596866,0.0006197425007960124,-22679.127475051242,0,0
0.022847345004509925,0.0006197425007960124,-22684.552645990996,0,0
0.022864238700821174,0.0006197425007960124,-22698.65319557603,0,0
0.02287012728802774,0.0006197425007960124,-22690.693498404456,0,2
0.022880173032283888,0.0006197425007960124,-22695.93181753888,0,8
0.02289469807384637,0.0005852213939620606,-22711.943475137916,0,10
0.022921564534882956,0.0005448451771826826,-22749.477910087528,0,9
0.022930878585137093,0.0005448451771826826,-22749.491446494598,0,9
0.02294203729405824,0.0005437599117101354,-22762.16029775277,0,9
0.02295408901319256,0.0005437599117101354,-22779.345949576466,0,8
0.022967115955021794,0.0005437599117101354,-22797.98260774198,0,7
0.02298004594325722,0.0005437599117101354,-22816.11543565853,0,7
0.02299259154059314,0.0005437599117101354,-22836.407080525387,0,8
0.02300588094973075,0.0005437599117101354,-22851.06361472834,0,8
0.023019847880935043,0.0005437599117101354,-22865.527098224524,0,8
0.02303444546453391,0.0005437599117101354,-22881.726376880386,0,9
0.02304881245144527,0.0005675123864067078,-22897.74260638437,0,9
0.023061876548333922,0.0006359911717216406,-22911.75751153905,0,8
0.023075367561743422,0.0006359911717216406,-22925.93801549003,0,8
0.023085618920884097,0.0006359911717216406,-22933.450453779948,0,5
0.023092485846270824,0.0006359911717216406,-22937.193197485125,0,3
0.023097730372112348,0.0006359911717216406,-22938.367634939917,0,1
0.023101509753852976,0.0006359911717216406,-22938.215319922325,0,0
0.02310519748110406,0.0006359911717216406,-22938.44959876773,0,0
0.023111313083086612,0.0006359911717216406,-22940.312208262236,0,0
0.023121757931581274,0.0006359911717216406,-22945.661037122733,0,0
0.02313999417144086,0.0006359911717216406,-22960.967603035017,0,0
0.023145648222963933,0.0006359911717216406,-22952.202065867783,0,2
0.023154613900603433,0.0006359911717216406,-22955.145662585895,0,9
0.023168768642722572,0.0006359911717216406,-22970.950025393744,0,9
0.023195970990685176,0.0006359911717216406,-23008.184542718252,0,8
0.02320101952951156,0.0006209138585931378,-22994.045300359547,0,7
0.02321089547406075,0.0006110462548656135,-23004.056061577252,0,7
0.023224175433193647,0.0006003467906824467,-23024.829620975786,0,8
0.023239309585611597,0.0005650751887745403,-23051.69278382305,0,10
0.0232557386888375,0.0005650751887745403,-23079.13276456899,0,10
0.023270540527035182,0.0005650751887745403,-23104.10362330031,0,10
0.02328600012733866,0.0005650751887745403,-23120.846863166706,0,9
0.023300276876591103,0.0005406127941157731,-23136.26036655939,0,8
0.02331601137201381,0.0005168259396081673,-23152.756596607043,0,8
0.023331235635925332,0.0005133749201951666,-23169.3783203492,0,8
0.023344441498714074,0.0005133749201951666,-23182.331848379927,0,8
0.023355825452313322,0.0005133749201951666,-23193.68901956083,0,7
0.02336831414863675,0.0005133749201951666,-23206.58763034785,0,7
0.023378285028849578,0.0005133749201951666,-23212.22731495163,0,4
0.023386319088751426,0.0005133749201951666,-23215.1156964498,0,2
0.023393422791729762,0.0005133749201951666,-23217.278832248725,0,1
0.023399928522715073,0.0005133749201951666,-23218.979627031276,0,0
0.023408336496944883,0.0005133749201951666,-23222.688803650988,0,0
0.02341964667420662,0.0005133749201951666,-23230.296722914696,0,0
0.02344479681425688,0.0005459090913729969,-23252.538437681276,0,1
0.02345365334014795,0.0005695163375744795,-23253.86782781107,0,2
0.023462063808878934,0.0005896473610966255,-23252.394115875548,0,7
0.023468134901355457,0.0006036357802801126,-23239.585467114397,0,9
0.02349432468154754,0.0006480428728962889,-23285.753697586733,0,7
0.02350072529788534,0.0006595890141897479,-23270.677062112034,0,7
0.02350998817219696,0.0006870338182490703,-23279.691139855237,0,9
0.023524700649403926,0.0006870338182490703,-23306.37128606315,0,9
0.023538177076030845,0.0006870338182490703,-23329.857709816013,0,8
0.02355075845441473,0.0006870338182490703,-23352.219784368684,0,8
0.02356450251104606,0.0006870338182490703,-23378.082848455422,0,9
0.023578911104069056,0.0006870338182490703,-23395.652275778575,0,9
0.023595746644226347,0.0006870338182490703,-23415.069380998048,0,9
0.023610639121290064,0.0006606695303416857,-23433.164358053276,0,9
0.02362998029393537,0.0006109026758492777,-23459.65385891562,0,8
0.023639877120110255,0.0005955853329231341,-23465.232228398265,0,8
0.02364987809426898,0.0005840371479552345,-23473.7510051609,0,6
0.02366091007760879,0.00057533731282571,-23484.801086119434,0,6
0.023670260740792672,0.0005665637626348526,-23490.429511271916,0,4
0.02367579287658149,0.0005577953525133987,-23491.47764424348,0,1
0.0236813966418841,0.0005464738384843204,-23493.152140735827,0,1
0.023687170102015775,0.0005261069902658447,-23494.606928625515,0,0
0.023695330709625203,0.0005206190671504132,-23498.181996466363,0,0
0.023706696743468054,0.0005206190671504132,-23505.943267684335,0,0
0.023733571487835777,0.0005206190671504132,-23530.1451072841,0,1
0.023741483321273304,0.0005206190671504132,-23529.765550172462,0,2
0.0237478479390345,0.0005206190671504132,-23521.139287355698,0,7
0.02375468824396687,0.0005206190671504132,-23511.78165222489,0,10
0.023783587973971607,0.0005170712237632698,-23557.849283735773,0,8
0.02379031419666911,0.0005170712237632698,-23548.25336406259,0,7
0.023802416346950923,0.0005170712237632698,-23564.192266826165,0,9
0.023814702909980986,0.0005170712237632698,-23584.77746772903,0,9
0.023829885678952452,0.0005170712237632698,-23609.42710615213,0,9
0.023841973642989726,0.0005170712237632698,-23630.257713439656,0,8
0.023858029887412313,0.0005170712237632698,-23658.352041233517,0,10
0.023873289239970445,0.0005890690123772486,-23676.7993235228,0,10
0.023887319043766248,0.0005890690123772486,-23691.943298722388,0,8
0.02390105261243728,0.0005890690123772486,-23706.01272021507,0,7
0.0239172143185992,0.0005993035621058042,-23725.609949928337,0,8
0.023929389121260487,0.0005817582975915231,-23735.932411124788,0,8
0.023942574121760953,0.0005675431837567521,-23750.413803582196,0,8
0.023954793538668032,0.0005598708249916698,-23762.46174270369,0,7
0.023963379650219257,0.0005598708249916698,-23767.420531199463,0,4
0.02396875336608481,0.0005598708249916698,-23768.419942518598,0,1
0.023973218506275366,0.0005598708249916698,-23768.617184295537,0,0
0.02397867219710713,0.0005598708249916698,-23769.688799336098,0,0
0.02398643741062186,0.0005598708249916698,-23772.67224338214,0,0
0.02399767314733102,0.0005598708249916698,-23779.745223439677,0,0
0.02402227050843931,0.0005598708249916698,-23801.512705463007,0,0
0.024028398654954288,0.0005598708249916698,-23795.042726467735,0,4
0.024037676873333896,0.000535682587792103,-23796.20293344374,0,8
0.024045994149286647,0.000535682587792103,-23797.99888159518,0,10
0.024076707351107025,0.000535682587792103,-23843.236999359764,0,8
0.02408558638383038,0.000535682587792103,-23840.552395108498,0,10
0.024096031714072274,0.000530851398479889,-23850.80579072817,0,9
0.024110486744176884,0.000530851398479889,-23874.273100884224,0,9
0.024124218772182262,0.000530851398479889,-23897.870179214682,0,9
0.024138214512292363,0.0005173381106068007,-23919.4415902503,0,8
0.024153177527268192,0.0005088405635551966,-23945.61835265169,0,10
0.024167824892651475,0.0005000606814689503,-23962.676638020246,0,9
0.024183401725449163,0.0004878710015761488,-23980.853006536825,0,10
0.024199577089923714,0.0004878710015761488,-23998.449098684945,0,9
0.024214475332335228,0.0004878710015761488,-24014.44337607168,0,8
0.024227393738562922,0.0004878710015761488,-24027.24751436931,0,8
0.024240067737740404,0.0004958758404415315,-24041.48087211527,0,8
0.02425324536465184,0.0005772688957226963,-24055.67228035998,0,8
0.024263433037066327,0.0005772688957226963,-24061.83527818509,0,5
0.024269608335951518,0.0005772688957226963,-24062.960589197566,0,1
0.024275903570798982,0.0005772688957226963,-24064.600773111546,0,1
0.024282784455667023,0.0005772688957226963,-24066.845541793824,0,1
0.0242921359160521,0.0005772688957226963,-24070.677837001655,0,1
0.02430273055840429,0.0005908256340871554,-24076.697847010342,0,0
0.02432087636510339,0.0006373120354988695,-24091.88001710245,0,1
0.024327154127701683,0.0006559783708753456,-24085.775064526333,0,1
0.024334082995130995,0.0006770170698499634,-24082.47983399341,0,3
0.02434262670860257,0.00070767984188847,-24085.65477126055,0,6
0.024368188295060527,0.00070767984188847,-24122.81732618546,0,10
0.024377287990037133,0.00070767984188847,-24121.708318853656,0,10
0.024389294646483595,0.0006916003510838477,-24137.054247275835,0,9
0.024401369453011485,0.0006834917079763349,-24155.255479930685,0,8
0.02441483527567721,0.0006834917079763349,-24177.94936262887,0,8
0.024429677356476286,0.0006834917079763349,-24205.63727348832,0,10
0.024445656496992717,0.0006834917079763349,-24231.69952749867,0,10
0.02446257499481133,0.0006452276495290399,-24252.85846935166,0,11
0.024478661678073325,0.0006363357043498245,-24272.580721516708,0,11
0.02449179091998634,0.0006275798340829115,-24286.7618670499,0,8
0.024506438212513765,0.0006188150034195945,-24303.333659804928,0,8
0.02452014905803405,0.0006114922951452606,-24319.165143952447,0,9
0.02453490356350886,0.0006114922951452606,-24335.402599200163,0,9
0.024548486444046544,0.0006114922951452606,-24349.185861603833,0,8
0.024558384765562876,0.0006114922951452606,-24355.457207890486,0,5
0.024567108177793444,0.0006114922951452606,-24359.34065738883,0,3
0.024573817197974027,0.0006114922951452606,-24361.05641817522,0,1
0.024580627112160188,0.0006114922951452606,-24362.56843393468,0,0
0.024589323013309794,0.0006114922951452606,-24365.897408263285,0,0
0.024600457670720145,0.0006114922951452606,-24372.618512658504,0,0
0.02462004484587143,0.0006114922951452606,-24389.271728794338,0,0
0.024626727123193984,0.0006114922951452606,-24384.924377301875,0,1
0.02463295837795267,0.0006114922951452606,-24377.478203476632,0,4
0.02464063280743181,0.0006114922951452606,-24376.194269590214,0,5
0.024666519965445787,0.0006114922951452606,-24415.8852313447,0,8
0.024673674161182907,0.0006114922951452606,-24407.312371952085,0,10
0.02468789623710752,0.0006114922951452606,-24428.205592186896,0,10
0.024700341399635135,0.0006114922951452606,-24445.974727185065,0,8
0.02471466283063879,0.0006834888022358082,-24472.072279700522,0,10
0.024729742666087223,0.0006834888022358082,-24500.277384494122,0,10
0.024746643339940224,0.0006834888022358082,-24530.468561035774,0,11
0.024761059052022447,0.0006834888022358082,-24546.93289733085,0,9
0.024775857397688398,0.0006834888022358082,-24563.8492389028,0,9
0.024791161610718884,0.0006834888022358082,-24581.68372131709,0,9
0.024807110323954884,0.0006834888022358082,-24600.002440328313,0,8
0.024818363457827716,0.0006114896964711255,-24609.714429027157,0,7
0.024831662880885473,0.0006114896964711255,-24624.756229454128,0,8
0.02484194792166075,0.0006114896964711255,-24635.248433796773,0,6
0.024849812350616646,0.0006114896964711255,-24639.178018311337,0,3
0.024855033131235226,0.0006114896964711255,-24640.27677881728,0,1
0.024860313051005854,0.0006114896964711255,-24641.66788825995,0,1
0.024864639425040615,0.0006114896964711255,-24642.14288395911,0,0
0.024871642131844503,0.0006114896964711255,-24644.65836568299,0,0
0.024882362768999876,0.0006114896964711255,-24651.245898979658,0,0
0.024903345594142114,0.0006114896964711255,-24671.005811989897,0,1
0.02490929374150656,0.0006114896964711255,-24662.90913465332,0,2
0.024918049785287652,0.0006114896964711255,-24665.184401629274,0,9
0.024932928979650163,0.0006114896964711255,-24684.952099480022,0,10
0.024956273541168292,0.0006114896964711255,-24722.17129606016,0,9
0.024962604174360612,0.0006114896964711255,-24710.38857634242,0,8
0.024974177850262937,0.0006114896964711255,-24725.780431412113,0,9
0.02498666928396504,0.0006114896964711255,-24748.48367818118,0,8
0.02500043290578128,0.0006114896964711255,-24771.99866588311,0,8
0.025013536393557034,0.0006114896964711255,-24791.024379658913,0,7
0.025027275988569863,0.0006114896964711255,-24814.898000497593,0,9
0.025041108973235825,0.0006114896964711255,-24829.975193835613,0,8
0.02505418439712592,0.0006114896964711255,-24844.88355517437,0,8
0.02506932127103576,0.0006349365150600818,-24862.96509013788,0,9
0.025087747432918132,0.0006582080287209319,-24886.244084934508,0,9
0.02510065680627987,0.0006780365412579607,-24900.654843153487,0,9
0.02511318046245574,0.00075222027078293,-24912.645454385914,0,8
0.025123133366953248,0.00075222027078293,-24920.179008979067,0,5
0.025130818569040432,0.00075222027078293,-24924.319586425507,0,3
0.02513638864533671,0.00075222027078293,-24925.666334763322,0,1
0.025140239254309676,0.00075222027078293,-24925.366802701275,0,0
0.025143884425991726,0.00075222027078293,-24925.587645262174,0,0
0.025150233286166675,0.00075222027078293,-24927.825090100723,0,0
0.02516092980138174,0.00075222027078293,-24934.01834489999,0,0
0.025179946605072476,0.00075222027078293,-24951.74026485744,0,0
0.025185825683098774,0.00075222027078293,-24943.40909288396,0,2
0.025193897075005935,0.00075222027078293,-24944.3634458063,0,8
0.02520781813143357,0.00075222027078293,-24961.152112464224,0,10
0.02523428206234764,0.0007111743429715931,-25000.547180106936,0,8
0.025241284345795343,0.0006970560562812433,-24991.407207817887,0,7
0.025249836716477462,0.0006833035134831346,-24995.47023899278,0,7
0.02526241661619824,0.000669319379655053,-25015.847297526507,0,8
0.02527868827599845,0.0006135331001547954,-25043.255136830994,0,10
0.025294261908076963,0.0006135331001547954,-25069.92713499738,0,10
0.02530889272306929,0.0006135331001547954,-25095.419279177855,0,10
0.02532347930157827,0.0006135331001547954,-25111.838260486158,0,9
0.02533811712711827,0.0006135331001547954,-25127.977076210213,0,9
0.02535341179862114,0.0006135331001547954,-25144.506302766757,0,9
0.025367497337877187,0.0006135331001547954,-25159.84564915628,0,8
0.02538003437547586,0.0006135331001547954,-25172.923182898983,0,8
0.02539201473459442,0.0005952778660013938,-25185.214349282138,0,7
0.025404679355292115,0.0005843739904461648,-25197.376011358298,0,7
0.02541376955795404,0.0005843739904461648,-25202.498174643835,0,4
0.025420265269242768,0.0005843739904461648,-25204.72709456213,0,2
0.025425656086445276,0.0005843739904461648,-25206.07352220668,0,1
0.025431188146551355,0.0005843739904461648,-25207.192682221066,0,0
0.025439290587050297,0.0005843739904461648,-25210.244362426052,0,0
0.02545030212377638,0.0005843739904461648,-25217.017615475612,0,0
0.025472583384635518,0.0005843739904461648,-25236.577826987825,0,1
0.02547989421621206,0.0005843739904461648,-25233.31546321443,0,2
0.025486408378465632,0.0005843739904461648,-25227.70265148011,0,7
0.025495187224802807,0.0005843739904461648,-25230.89315392542,0,9
0.02552329404620627,0.0005843739904461648,-25271.884036725856,0,7
0.02553053306804132,0.0006563695973870501,-25263.17571374466,0,7
0.025541494896892225,0.0006563695973870501,-25273.486959324746,0,8
0.0255555675179907,0.0006563695973870501,-25298.273455803843,0,11
0.025569297203827772,0.0006563695973870501,-25319.301632068033,0,8
0.02558212633908078,0.0006563695973870501,-25340.431410025238,0,8
0.02559668777283346,0.0006563695973870501,-25364.08859073146,0,9
0.025610373403624532,0.0006563695973870501,-25379.43862393153,0,8
0.02562558214290248,0.0006563695973870501,-25396.284578342587,0,9
0.025641269639476348,0.0006396524605387106,-25412.497343712126,0,9
0.02565570907469038,0.0006261209524833952,-25427.989474673257,0,8
0.025668331050159837,0.0006162736624026608,-25441.3085231399,0,8
0.0256806020500375,0.0006075567931904039,-25453.316595208533,0,7
0.025693377703864956,0.0005987953317766637,-25467.65290516787,0,8
0.025702206997924613,0.0005867274225785369,-25472.520418469336,0,4
0.025707479051899542,0.0005693287573657392,-25473.276893669896,0,1
0.025712924320469205,0.0005473618221309707,-25474.711283644006,0,1
0.025718419615834567,0.0005222212187050914,-25475.782196934084,0,0
0.025726313617618873,0.0005162236761214918,-25478.617569158472,0,0
0.02573723952107847,0.0005162236761214918,-25485.207948572013,0,0
0.025759660047046513,0.0005162236761214918,-25504.575673813688,0,1
0.02576647594229468,0.0005162236761214918,-25500.527500160668,0,2
0.025775242356786257,0.0005162236761214918,-25499.8028606245,0,7
0.025785266618869478,0.0005162236761214918,-25505.626775201083,0,10
0.025813165456264876,0.0005162236761214918,-25545.89289150262,0,8
0.02582030115793288,0.0005162236761214918,-25537.27076404604,0,7
0.025830830520202422,0.0005162236761214918,-25546.965674531657,0,9
0.02584507573670581,0.0005341355286802567,-25569.174093096637,0,9
0.025858157979820186,0.0005341355286802567,-25590.918205132493,0,9
0.025870691120889317,0.0005341355286802567,-25612.13553380074,0,8
0.025884858940278685,0.0005341355286802567,-25635.544267313733,0,9
0.025901176776099245,0.0005882189788688056,-25654.851012265244,0,10
0.02591441701310572,0.0005882189788688056,-25668.807084736756,0,8
0.025927440024367893,0.0005882189788688056,-25681.97535821111,0,7
0.025944200226601974,0.0005882189788688056,-25701.736674370717,0,8
0.02595593492049759,0.0005882189788688056,-25713.31185134377,0,8
0.025967519171593564,0.0005882189788688056,-25726.426677457253,0,8
0.025979797602868525,0.0005882189788688056,-25739.02745488188,0,7
0.025990257969243948,0.0005882189788688056,-25745.505890219207,0,5
0.025997188504130644,0.0005706803752657595,-25747.674557293976,0,2
0.026001902810633127,0.0005584685850952968,-25747.707364323134,0,0
0.026008386686018584,0.0005489698542474154,-25749.81702704842,0,1
0.02601613791082429,0.0005390997631446419,-25752.461272638833,0,0
0.026027411039543424,0.0005390997631446419,-25759.182537996247,0,0
0.026052751395352805,0.0005390997631446419,-25780.697914790926,0,0
0.026058915194955755,0.0005390997631446419,-25774.579261256542,0,3
0.026065574068339238,0.0005390997631446419,-25767.776565298343,0,11
0.02607942202859804,0.0005390997631446419,-25782.635054224098,0,11
0.026110335346963876,0.0005390997631446419,-25827.362860068,0,8
0.026117579884795253,0.0005240605636668411,-25819.902569376674,0,10
0.026130075033878413,0.0005142374611477122,-25836.288215080418,0,9
0.026143276792810873,0.0005055230031102575,-25857.264402639605,0,9
0.02615769836372856,0.0004822346256694607,-25881.531538791794,0,9
0.026170673133143547,0.0004822346256694607,-25902.624647710938,0,8
0.02618580523523681,0.0004822346256694607,-25929.205472882895,0,10
0.026200778174840407,0.0004822346256694607,-25945.96931760371,0,9
0.026216930765396298,0.000515934693296028,-25964.35662651539,0,10
0.02623095246620998,0.000515934693296028,-25980.17822984312,0,9
0.026246067277138876,0.0005476808469529464,-25996.714719686966,0,8
0.026258911729833252,0.0005701501617774948,-26010.399131651822,0,8
0.026272640054690138,0.0005701501617774948,-26026.008313699138,0,9
0.02628592333854425,0.0005701501617774948,-26039.93806953298,0,8
0.02629605288776188,0.0005701501617774948,-26046.087352116807,0,5
0.02630344834795432,0.0005701501617774948,-26048.480257388463,0,2
0.026310058647254993,0.0005701501617774948,-26050.060444448904,0,1
0.026318009404407167,0.0005701501617774948,-26052.644151819204,0,1
0.026327314356874465,0.0005701501617774948,-26056.496307675898,0,1
0.02633796392507578,0.0005701501617774948,-26062.495705620437,0,0
0.02635640908315744,0.0005701501617774948,-26077.61113116939,0,1
0.026362612027258314,0.0005701501617774948,-26071.257547014946,0,1
0.02637024136685087,0.0005701501617774948,-26068.183540915452,0,3
0.026379157194307338,0.0005364332083058812,-26071.49998019082,0,6
0.02640426034832633,0.0005364332083058812,-26106.376232787803,0,10
0.02641511470077573,0.0005364332083058812,-26110.57519335323,0,10
0.02642671165829324,0.0005364332083058812,-26122.844113978597,0,9
0.026440168003133376,0.0005364332083058812,-26142.072668076224,0,9
0.02645406159673272,0.000530964953445563,-26164.54818327186,0,9
0.02646961432186232,0.000530964953445563,-26191.001524931038,0,10
0.02648418317474495,0.0005174559419737488,-26216.430312379245,0,10
0.026501008792383093,0.0005089707400605768,-26236.796206918913,0,11
0.026516334013284765,0.0004981531226259211,-26254.454077044396,0,10
0.026528726549892842,0.0004981531226259211,-26267.77082735393,0,8
0.02654428353275298,0.0004981531226259211,-26284.2976063637,0,8
0.026557153393203276,0.0004981531226259211,-26297.999948634897,0,8
0.026571569279436547,0.0005159325107271904,-26313.619014121377,0,9
0.0265850351941162,0.0005159325107271904,-26327.45328235646,0,8
0.026595818668546132,0.0005159325107271904,-26333.93680642923,0,5
0.026605538447540284,0.0005159325107271904,-26337.931608588256,0,3
0.02661254368905445,0.0005705418030460904,-26339.012886741148,0,1
0.02661913096834922,0.0005705418030460904,-26339.850838642134,0,0
0.026627332492300353,0.0005705418030460904,-26342.274157113003,0,0
0.026637916598248306,0.0005705418030460904,-26347.523152639646,0,0
0.026654498034828947,0.0005705418030460904,-26359.935313606384,0,0
0.02666047839799076,0.0005705418030460904,-26352.64902221644,0,1
0.02666741596635137,0.0005705418030460904,-26349.353853666344,0,4
0.026678926167002983,0.0005705418030460904,-26359.022646505022,0,5
0.026703346229512172,0.0006321282346946235,-26392.22427987815,0,8
0.026709428621045923,0.0006321282346946235,-26380.912422372814,0,10
0.026722648223139266,0.0006321282346946235,-26399.920741113434,0,10
0.026734893796877657,0.0006321282346946235,-26418.428699283028,0,8
0.026750542056041854,0.0006172748687649783,-26445.93507804511,0,10
0.026765181440843888,0.0006076176683858359,-26472.379706716983,0,10
0.026781609575659355,0.0005988993432690067,-26501.567792479666,0,11
0.026795434936318537,0.0005901439373315308,-26517.69321560248,0,9
0.026810718873801802,0.0005670360018277515,-26533.774770439435,0,9
0.02682503815720628,0.0005670360018277515,-26549.82312242005,0,9
0.026839295338695404,0.0005670360018277515,-26564.503279318727,0,8
0.026851826133194374,0.0005670360018277515,-26576.699211651972,0,7
0.026865093213616,0.0005670360018277515,-26590.719686091812,0,8
0.026876363001217575,0.0005535276207452478,-26600.124626773486,0,6
0.02688395114187525,0.0005450442380732487,-26603.819189731686,0,3
0.026889543727792935,0.0005362784260231153,-26604.843121520742,0,1
0.026894773811154293,0.0005275274482037938,-26605.93304585495,0,1
0.026898678385084508,0.0005183954975709241,-26606.20624483302,0,0
0.026904704781209935,0.0005090467850577279,-26607.86665695475,0,0
0.026914808755085423,0.0005090467850577279,-26612.85958558291,0,0
0.026934310174390973,0.0005090467850577279,-26628.908221271842,0,1
0.026940188262919326,0.0005090467850577279,-26621.204441452483,0,2
0.026948798498919815,0.0005090467850577279,-26623.83031444254,0,9
0.02696480589095584,0.0005017568283589741,-26642.661124673854,0,10
0.026993196896785074,0.0005017568283589741,-26681.541128798064,0,9
0.027000341761023155,0.0005017568283589741,-26673.902835256016,0,8
0.027011786728701956,0.0005017568283589741,-26686.64566480702,0,9
0.027024379979349193,0.0005017568283589741,-26702.59015945401,0,8
0.02703645244746468,0.0005737508917716243,-26719.66511952369,0,7
0.027047812303118576,0.0005737508917716243,-26737.505606395716,0,7
0.027061308015382313,0.0005737508917716243,-26761.290080494524,0,9
0.027075757112996972,0.0005737508917716243,-26776.230099148564,0,8
0.027089871171003584,0.0005737508917716243,-26791.69745440263,0,9
0.027105090696948105,0.0005737508917716243,-26808.305106018055,0,9
0.027120662721165322,0.0005737508917716243,-26825.568437912134,0,9
0.027134638284644103,0.0005737508917716243,-26841.109914355926,0,9
0.02714836632286146,0.0005737508917716243,-26854.573361163926,0,8
0.027157876246897788,0.0005574299805758479,-26862.052931280185,0,5
0.027167173250365044,0.0005353190737334186,-26867.31276861338,0,4
0.027172691084189717,0.0005104673281133698,-26868.14208167323,0,1
0.02717774480394278,0.0005032120672253856,-26869.32458947978,0,1
0.027181375667026893,0.0004918959348968782,-26869.525570842543,0,0
0.027187208388507623,0.0004918959348968782,-26871.187329536937,0,0
0.027197536964318297,0.0004918959348968782,-26876.230238053256,0,0
0.027215905484974295,0.0004918959348968782,-26891.125941695853,0,0
0.02722155298780685,0.0004918959348968782,-26882.44782056163,0,2
0.027230148791309083,0.0004890119543688223,-26885.009776191426,0,8
0.027244503629282237,0.0004890119543688223,-26900.507005997646,0,10
0.027272786147591203,0.0004890119543688223,-26938.62974802295,0,8
0.027278496246841154,0.0004890119543688223,-26926.205199103326,0,7
0.027287476229247605,0.0004890119543688223,-26933.82343905159,0,7
0.02730032269151164,0.0004890119543688223,-26953.258499369174,0,8
0.027315750323088004,0.0005135916215969645,-26978.359163823177,0,10
0.027331787549127615,0.0005135916215969645,-27004.816271467942,0,10
0.027347730421833808,0.00044159579845692273,-27029.349441836323,0,10
0.027363334754419964,0.0004434225125511289,-27045.131771054825,0,9
0.027378356747906195,0.0004434225125511289,-27060.922625516683,0,9
0.02739341590145137,0.0004434225125511289,-27076.30947623713,0,9
0.027407297332777476,0.0005129411582036682,-27090.86680719138,0,8
0.02742036815212726,0.0005129411582036682,-27104.325863575425,0,8
0.02743248594141473,0.0005129411582036682,-27116.004232531202,0,7
0.027444625193355752,0.0005129411582036682,-27127.41759948713,0,7
0.027453649334563106,0.0005129411582036682,-27132.21435584504,0,4
0.02746033177563629,0.0005129411582036682,-27134.268143917718,0,2
0.027466227422151844,0.0005129411582036682,-27135.636049448247,0,1
0.02747152141766371,0.0005129411582036682,-27136.294366138023,0,0
0.027479355912482586,0.0005129411582036682,-27138.904218191077,0,0
0.02749020818074817,0.0005129411582036682,-27144.96850161406,0,0
0.027512451020694873,0.0005129411582036682,-27163.13199544111,0,1
0.027518280937366156,0.0005129411582036682,-27155.681865690745,0,2
0.02752468380959193,0.0005129411582036682,-27150.41413452275,0,7
0.02753677589772315,0.0005447686682996558,-27162.092459289488,0,9
0.02756608383926087,0.0005499035535072355,-27202.854353263756,0,7
0.027571311562585236,0.0005635732462734147,-27188.609268956825,0,7
0.02758118310269951,0.0005635732462734147,-27197.121476948658,0,8
0.027596818061240366,0.0005635732462734147,-27225.06502876077,0,11
0.02760969057035708,0.0005635732462734147,-27245.181396256972,0,8
0.027622600562556245,0.0005635846588134061,-27266.5044074888,0,8
0.027636596687874136,0.0005635846588134061,-27290.713861181423,0,9
0.027650521396208595,0.0005635846588134061,-27306.015007961214,0,8
0.027664880533096844,0.0005635846588134061,-27322.58306797364,0,9
0.0276792424435973,0.0005635846588134061,-27338.43376369239,0,9
0.02769482694313689,0.0005635846588134061,-27355.504450357603,0,8
0.027710060905841653,0.000542086071129051,-27372.89797732576,0,8
0.027720022184532334,0.0005263887664909398,-27380.30839407374,0,7
0.027730306760164893,0.0005160162587741714,-27390.694030453556,0,6
0.02773870288883633,0.0005073267585947912,-27395.588843376558,0,4
0.027743522176442187,0.000498575534970652,-27396.363842852028,0,1
0.02774845402700856,0.0004898286429541407,-27397.639311624996,0,1
0.027752700123089318,0.0004776082597719812,-27398.16608312313,0,0
0.027760310971447516,0.00045343184275472366,-27400.788726765768,0,0
0.02777164110354292,0.0004210826650509486,-27407.200899898482,0,0
0.027792689255180067,0.00044798498255971996,-27424.499683199894,0,0
0.027798400247904562,0.0004659371107392822,-27416.307765740097,0,2
0.02780508153184813,0.0004854501379174063,-27412.106256257764,0,7
0.0278177252043874,0.0005284610249316754,-27425.48011948951,0,11
0.027846980174984114,0.0005284610249316754,-27466.55493302071,0,8
0.027855571183421225,0.0005284610249316754,-27463.717495612233,0,7
0.027866072457526217,0.0005284610249316754,-27472.84687271825,0,10
0.027878722603747127,0.0005284610249316754,-27492.888796577074,0,9
0.027892686343284553,0.0005284610249316754,-27517.69120827954,0,9
0.027905908259674563,0.0005284610249316754,-27539.052445147845,0,8
0.027920009959180925,0.0005284610249316754,-27563.59414928505,0,9
0.027936457516991375,0.0005284610249316754,-27583.24804575061,0,10
0.027949418122819487,0.0005284610249316754,-27597.49380192362,0,8
0.02796210323729918,0.0005284610249316754,-27610.5831335807,0,7
0.027978167755251596,0.0005284610249316754,-27628.403252263925,0,8
0.027992987360293133,0.0005284610249316754,-27643.992061618905,0,8
0.028004866065569428,0.0005284610249316754,-27655.42528835232,0,8
0.028017245207169396,0.0005149550205881378,-27667.835700498854,0,7
0.02802793529320588,0.0005064784956263397,-27673.98980311355,0,5
0.028034764090197593,0.0004977194950505029,-27675.934801093652,0,2
0.028039931867574502,0.0004889753336315877,-27676.818532381916,0,1
0.028045309072803015,0.00048009045165435093,-27678.469347379632,0,1
0.028052513246811104,0.0004794220764841689,-27680.91396306915,0,0
0.028063819137965046,0.0004794220764841689,-27687.500835144012,0,0
0.028089770320005963,0.0004794220764841689,-27709.080896964948,0,0
0.02809536383417693,0.0004794220764841689,-27700.813948223655,0,3
0.028101448483665928,0.0004794220764841689,-27694.2915986414,0,11
0.028116688001155635,0.00045040863318914496,-27712.595922695116,0,11
0.02814744425482189,0.00044343332261030107,-27757.10109362562,0,8
0.028153321976728582,0.00044343332261030107,-27745.914698920573,0,10
0.02816652209607442,0.00044343332261030107,-27764.81651524412,0,9
0.028178978775382394,0.0004957312308879908,-27786.106607373284,0,9
0.028193796478681574,0.0004957312308879908,-27813.94820574638,0,9
0.02820732195219196,0.0004957312308879908,-27838.187982518095,0,9
0.02822284427693035,0.0004957312308879908,-27866.5293514657,0,10
0.02823712557677724,0.0004957312308879908,-27883.66541518558,0,9
0.028251646237492958,0.0004957312308879908,-27902.33955518707,0,10
0.02826623798699372,0.0004957312308879908,-27919.400641155575,0,9
0.028281241543810894,0.0004957312308879908,-27936.11443029445,0,8
0.028297210388279523,0.0004957312308879908,-27955.78733525291,0,8
0.02831010118218616,0.0004957312308879908,-27967.648742585177,0,9
0.02832309499330244,0.0004957312308879908,-27981.198141034187,0,8
0.02833368655000908,0.0004957312308879908,-27987.485165602393,0,5
0.02834107896404877,0.0004957312308879908,-27989.66271670241,0,2
0.028347319000875486,0.0004957312308879908,-27991.31536639718,0,1
0.028354219996238973,0.0004957312308879908,-27993.586277652295,0,1
0.028363269697631283,0.0004957312308879908,-27997.377275158968,0,1
0.028373618249112185,0.0004957312308879908,-28002.88367978178,0,0
0.028391402397877383,0.000574453184801725,-28017.14931060505,0,1
0.0283976506180746,0.0005914447788895409,-28011.00272289009,0,1
0.028403862804101832,0.0005937594287190032,-28004.487417701133,0,3
0.028414614898210736,0.0005937594287190032,-28013.973040357756,0,6
0.02844031810091416,0.0005937594287190032,-28050.827695812925,0,10
0.028450309813528463,0.0005937594287190032,-28052.575391412633,0,10
0.028461614666228447,0.0005937594287190032,-28064.537714249385,0,9
0.02847455871307912,0.0005797952210041921,-28084.545032741713,0,9
0.028488717449721104,0.0006027600727752161,-28109.013335661642,0,9
0.028504547752769734,0.0005909266879739657,-28136.41216878662,0,10
0.02852034508867503,0.0005822929751995324,-28165.9365678873,0,11
0.028536725029062675,0.0005758867548551859,-28187.136641776837,0,11
0.02855134086353925,0.0005758867548551859,-28205.006488375282,0,10
0.028563994702940836,0.0005758867548551859,-28219.710968130417,0,8
0.02857983818526198,0.0005458090770471841,-28237.620664125207,0,8
0.028594976116292435,0.0005370008699640804,-28254.67145655298,0,9
0.028607395943087734,0.0005370008699640804,-28267.493192217014,0,8
0.02862078354562026,0.0005370008699640804,-28281.842197757178,0,8
0.02862996033298218,0.0005370008699640804,-28286.806879191132,0,4
0.028639433762848894,0.0005370008699640804,-28291.93782879316,0,4
0.02864601668305351,0.0005370008699640804,-28293.327703594965,0,1
0.028654337856687327,0.0005370008699640804,-28296.055807232868,0,1
0.02866351278073872,0.0005370008699640804,-28299.226911196554,0,0
0.028673933995745186,0.0005370008699640804,-28304.370368846616,0,0
0.028688232020901493,0.0005370008699640804,-28314.876957155186,0,0
0.028694639928814516,0.0005370008699640804,-28309.212806382726,0,0
0.02870010061005757,0.0005370008699640804,-28298.437387273312,0,2
0.028710862062340095,0.0005370008699640804,-28306.713320738832,0,5
0.028736328553454423,0.0005547476408952719,-28342.088321350642,0,9
0.028744241421587203,0.0005547476408952719,-28337.01696183916,0,10
0.028756636327640906,0.0005547476408952719,-28353.574082928208,0,10
0.02876875655436066,0.0005652313325618145,-28370.191257194718,0,7
0.0287838235236352,0.0005922890036619494,-28396.85470067577,0,10
0.028799033344261413,0.0005922890036619494,-28424.027248468497,0,10
0.028814996099292754,0.0005922890036619494,-28452.32089800815,0,11
0.02883120927535676,0.0005713150133578322,-28469.59993953231,0,9
0.028846039871035952,0.0005692401983995717,-28485.57391805314,0,9
0.0288599481510998,0.0005614942881835721,-28501.28030922442,0,9
0.02887452972859666,0.0005614942881835721,-28516.911098318764,0,8
0.02888767742289832,0.0005614942881835721,-28529.53896043784,0,7
0.028901423813720406,0.0005614942881835721,-28543.309345793445,0,8
0.02891250630613353,0.0005479899798026527,-28552.77328638205,0,6
0.028919840845459337,0.0005395183470079297,-28556.291226932346,0,3
0.028924773990043808,0.0005307642053856495,-28557.15942061098,0,1
0.02892806477378357,0.0005220249064545401,-28556.910484833108,0,0
0.028931349958719887,0.0005132847856407235,-28557.15151816864,0,0
0.028937764494024958,0.0004938907687103275,-28559.258924484773,0,0
0.02894844713454621,0.0004893391499454442,-28565.035365611096,0,0
0.02896710233832257,0.0004893391499454442,-28581.01672694031,0,1
0.02897310499454568,0.0004893391499454442,-28573.479049840615,0,1
0.02898198240633259,0.0004893391499454442,-28576.441904424344,0,9
0.028996774315740728,0.0005073301635276418,-28593.25058003479,0,10
0.029021270928626514,0.0005073301635276418,-28627.98960273639,0,9
0.029032672239082787,0.0005073301635276418,-28633.32982709317,0,8
0.02904055099201334,0.0005073301635276418,-28634.821204198957,0,8
0.02905320445351348,0.0005073301635276418,-28654.122701795826,0,8
0.029064872980752273,0.0005073301635276418,-28672.26860116572,0,7
0.02907794141815471,0.0005073301635276418,-28694.286528680223,0,8
0.02909193475455024,0.0005073301635276418,-28717.974436851335,0,9
0.029105290084779648,0.0005073301635276418,-28732.431273012284,0,8
0.029119219349581404,0.0005175694943899238,-28748.58142507678,0,9
0.02913373391069704,0.0005446270522785069,-28764.88196117342,0,9
0.02914913103296529,0.0005446270522785069,-28782.044060601685,0,8
0.029163442082131685,0.0005446270522785069,-28799.23671115002,0,9
0.0291754894486096,0.0005272580561563842,-28809.396716550218,0,7
0.029185026254570007,0.0005153446345063031,-28816.643041090603,0,5
0.029193182584461866,0.0005067179014292118,-28821.64068791027,0,4
0.029198474104888586,0.0004984069072200869,-28822.900357050767,0,1
0.02920397159029089,0.000475985056700244,-28824.09717914284,0,1
0.029208112169791498,0.00047288085147076115,-28824.314982889802,0,0
0.029214554204612202,0.00047288085147076115,-28826.216126000356,0,0
0.029224910223762748,0.00047288085147076115,-28831.32102860274,0,0
0.02924138646525672,0.0004907294530572201,-28844.65304121555,0,0
0.02924699303134819,0.000507784090671187,-28835.725680910055,0,1
0.029254831861743574,0.0005380900040171158,-28836.071152790086,0,7
0.029270138482160327,0.0005380900040171158,-28854.007230284424,0,10
0.029299056399821756,0.0005380900040171158,-28893.369046352404,0,7
0.029304034310665375,0.0005380900040171158,-28877.999523847593,0,7
0.029313305734200806,0.0005380900040171158,-28884.994309591762,0,7
0.029325700344616294,0.0005205735757199962,-28902.70862672319,0,8
0.029341757977862752,0.000508561384985887,-28929.808722543046,0,10
0.029357458613243837,0.0004999402316622803,-28956.33317143052,0,10
0.029371871397720448,0.000491195281586058,-28980.511215362756,0,10
0.029387857790641698,0.0004839647182718522,-28997.279337844386,0,9
0.029401803071209376,0.0004839647182718522,-29012.50691410874,0,9
0.02941554248037437,0.0004839647182718522,-29026.614322029935,0,8
0.02943245544187854,0.0004925939172966636,-29045.550532843616,0,9
0.029447313601420184,0.0004715676113330676,-29061.299665007504,0,8
0.02945798968672589,0.00046000079753448085,-29069.566129256873,0,7
0.029469854800058926,0.0004748896812876081,-29081.932701042253,0,7
0.029477899139244763,0.000456925187449114,-29086.45161206148,0,4
0.029485433582260172,0.0004470300631440771,-29089.94635703451,0,3
0.02949050765441505,0.0004467466219585278,-29091.06235877481,0,1
0.029495394289743893,0.0004467466219585278,-29091.77488332469,0,0
0.029502844136008125,0.0004467466219585278,-29094.29426949058,0,0
0.029513646217596824,0.0004467466219585278,-29100.58221604022,0,0
0.029536930539774693,0.0004641651557786933,-29120.341730611464,0,1
0.029543418097750088,0.00048335288195460336,-29114.96708373172,0,2
0.029550286826298226,0.0004999018869193281,-29107.95690321392,0,9
0.02956272868119768,0.0004956050688014995,-29120.425360693742,0,9
0.029592674563384123,0.0004956050688014995,-29164.273918251478,0,8
0.029599990849598475,0.0004956050688014995,-29157.020457465293,0,7
0.029608922502267772,0.0004956050688014995,-29161.883866512213,0,8
0.02962265974936963,0.0004956050688014995,-29184.814136965422,0,9
0.029636956759479662,0.0004956050688014995,-29210.030164220996,0,9
0.02964978015502148,0.0004890980260161014,-29230.356411647143,0,8
0.02966347927727526,0.0004890980260161014,-29254.746181324772,0,9
0.029676871766425195,0.0004890980260161014,-29270.596196885977,0,8
0.029690421936460366,0.0004890980260161014,-29287.954863230676,0,9
0.029704564620286845,0.0004890980260161014,-29305.124397432723,0,9
0.029720468169313705,0.00046876780138951636,-29324.33592758331,0,8
0.029735464255479332,0.00046162529393792924,-29341.687712474843,0,8
0.029746740153408887,0.00046162529393792924,-29350.179415192455,0,7
0.029759685940789878,0.00046162529393792924,-29364.447479391423,0,8
0.029769492891561486,0.00046162529393792924,-29369.661542429636,0,4
0.029775654599897224,0.0004597626378333402,-29370.693172948522,0,1
0.029781782701547858,0.0004597626378333402,-29372.430233185816,0,1
0.02978733216097461,0.0004364673942054753,-29373.403137131845,0,0
0.029795305991099877,0.0004357286442387327,-29376.388252999186,0,0
0.029806163574283277,0.0004357286442387327,-29382.714801065205,0,0
0.029828203801406637,0.0004357286442387327,-29401.350795908256,0,1
0.029835241865757683,0.00044537428654726834,-29398.056278519773,0,2
0.029840963138639796,0.00044537428654726834,-29388.128841982336,0,7
0.02985338888935687,0.00046842117161690234,-29401.027572958523,0,11
0.029878854595798997,0.0004497979676533866,-29438.144051780924,0,8
0.029888217204881454,0.0004497979676533866,-29437.788493986314,0,7
0.029900729834602322,0.0004497979676533866,-29452.792362175518,0,10
0.029913109001981086,0.0004497979676533866,-29470.920551258245,0,9
0.02992747617449626,0.0004891528048140632,-29495.976017910136,0,9
0.029939975109550276,0.0004891528048140632,-29516.249765938588,0,8
0.029953584957365897,0.0004891528048140632,-29541.333300893337,0,9
0.029969339637071997,0.0004891528048140632,-29560.641915297656,0,10
0.02998274009619356,0.0005452046316082372,-29574.881436213163,0,8
0.029995708168773352,0.0005452046316082372,-29589.759515253263,0,8
0.030010810242594416,0.0005452046316082372,-29606.57977523509,0,8
0.030025077123744612,0.0005452046316082372,-29622.378326879934,0,8
0.030038257109811513,0.0005452046316082372,-29635.268703612244,0,8
0.030050419378570576,0.0005452046316082372,-29647.384693918913,0,7
0.03005942891058136,0.0005452046316082372,-29652.31157603266,0,4
0.030066453743386644,0.0005452046316082372,-29654.574293155387,0,2
0.030070663155371536,0.0005452046316082372,-29654.254913928602,0,0
0.030076046512566627,0.0005452046316082372,-29655.97186995327,0,1
0.030083398141212254,0.0005452046316082372,-29658.64266511098,0,0
0.030094670857675518,0.0005452046316082372,-29665.39985925378,0,0
0.0301203118872917,0.0005452046316082372,-29687.263565315112,0,0
0.030126047821016112,0.0005452046316082372,-29679.391133138644,0,3
0.030132309526529767,0.0005319435595118197,-29672.860584594437,0,11
0.030148658698502504,0.000494545979051733,-29692.681275041792,0,11
0.030177228557726476,0.000494545979051733,-29734.245606973902,0,8
0.030185643389064654,0.000494545979051733,-29730.68883131656,0,10
0.030197408519754918,0.00048104434816744965,-29744.016647229957,0,9
0.03021057528369065,0.0004790581855795173,-29765.810183273916,0,9
0.030226445818198756,0.0004790581855795173,-29793.130153363392,0,10
0.03023914470091135,0.0004790581855795173,-29811.433275958607,0,7
0.03025355905082784,0.0004790581855795173,-29835.557727642896,0,9
0.030268878269997357,0.0004790581855795173,-29853.229616808832,0,9
0.030284512609570085,0.00048827905518136365,-29872.00570941912,0,10
0.030298532877351077,0.0004883358801788785,-29887.97079492489,0,9
0.03031180789703651,0.0004635745821879905,-29902.12712763779,0,7
0.030328568176259677,0.0004635745821879905,-29922.472998714442,0,9
0.030341774273925114,0.0005196261753127106,-29936.067784076466,0,9
0.03035688004668173,0.0005196261753127106,-29951.602137461196,0,9
0.030367058768106008,0.0005196261753127106,-29957.987803580603,0,5
0.030374402816923295,0.0005196261753127106,-29960.56222733023,0,2
0.030381601597280282,0.0005196261753127106,-29962.437687766975,0,1
0.03038992962819122,0.0005196261753127106,-29965.25713210867,0,1
0.030398654341255875,0.0005196261753127106,-29968.32311848089,0,0
0.030409417058929984,0.0005196261753127106,-29974.72844767967,0,0
0.03042806185264296,0.0005196261753127106,-29990.500221649872,0,1
0.030435008057799515,0.0005196261753127106,-29986.838105910647,0,1
0.030439985090831578,0.0005196261753127106,-29972.268120445027,0,3
0.030447857758668127,0.0005196261753127106,-29973.588974474962,0,5
0.030477066824015006,0.0005196261753127106,-30016.514715648646,0,10
0.030485334857928415,0.0005196261753127106,-30012.80987836783,0,10
0.030497891834101617,0.0005196261753127106,-30029.97211660839,0,9
0.03051249449447835,0.0005262868649089513,-30054.37978298848,0,9
0.030525849831828804,0.0005167379133154756,-30076.690298833077,0,9
0.0305401387329854,0.0005079687651065349,-30103.406713655637,0,10
0.03055756556305076,0.0004834402405715547,-30133.704265405144,0,11
0.03057415579703519,0.0004834402405715547,-30154.96624359309,0,11
0.03058863040015086,0.0004834402405715547,-30172.881756910356,0,10
0.03060251382399258,0.0004834402405715547,-30188.075124852618,0,8
0.030617484619403047,0.000496979999640147,-30204.75673818188,0,8
0.03063625041732426,0.000496979999640147,-30229.870538337727,0,10
0.03064604076590232,0.000496979999640147,-30236.420037285192,0,8
0.03066089450763323,0.000496979999640147,-30253.662882641634,0,9
0.030671973322581994,0.0004995817271994694,-30260.451826915825,0,5
0.030682152845972102,0.0004826738419549379,-30265.597572704803,0,4
0.030689732776729154,0.00046900365755928784,-30267.280360144076,0,1
0.030697801111263495,0.00045471620446995445,-30269.712564942445,0,1
0.03070658852056618,0.00045471620446995445,-30272.651818812454,0,0
0.030717118495919873,0.00045471620446995445,-30278.20388997547,0,0
0.030731433855393085,0.0004878859942490446,-30289.239547683886,0,0
0.03073780012861657,0.0005072859690321344,-30283.243819978026,0,0
0.030743526509924995,0.0005251628452547935,-30273.765650212634,0,2
0.030754410702526533,0.0005507246376548439,-30282.62408884931,0,5
0.03078017483001675,0.0006205547508638512,-30319.65547397893,0,9
0.03078651189102233,0.0006342518276087649,-30309.12831484695,0,10
0.030800452718923163,0.0006342518276087649,-30329.41405612246,0,10
0.030812819724063634,0.0006342518276087649,-30347.586074052717,0,7
0.03082839958003487,0.0006342518276087649,-30375.623663231272,0,10
0.030844097755444014,0.0006342518276087649,-30402.858142729245,0,10
0.030860093179629337,0.0006342518276087649,-30431.65508787084,0,11
0.030875094980727606,0.0006342518276087649,-30449.03430218054,0,9
0.030889757796751335,0.0006342518276087649,-30466.077616500115,0,9
0.03090468162308524,0.0006342518276087649,-30482.48924332496,0,9
0.030918858967541128,0.0006244448044924059,-30498.00996949993,0,8
0.0309327929562589,0.0006244448044924059,-30513.147475808117,0,7
0.030944308392320416,0.0006244448044924059,-30524.90062115703,0,8
0.03095637506777935,0.0006109442120762986,-30536.86992761946,0,7
0.030964121091855652,0.0005960504820810191,-30540.54016009846,0,3
0.030969507271523852,0.000574218416344073,-30541.449163808677,0,1
0.030973348015811055,0.0005503572770134199,-30541.211758736346,0,0
0.030976912819980246,0.0005383991220417543,-30541.351889305115,0,0
0.03098285501843734,0.0005383991220417543,-30543.173134053646,0,0
0.030993399350593125,0.0005383991220417543,-30548.799886311917,0,0
0.031011647439387294,0.0005383991220417543,-30564.486413429,0,0
0.031017307498662893,0.0005383991220417543,-30555.48062240056,0,2
0.031026427213245892,0.0005383991220417543,-30558.702559420766,0,9
0.031042697476588818,0.0005383991220417543,-30578.396834470288,0,10
0.031071123073287247,0.00046640811259617487,-30619.07844150395,0,9
0.03107728647252164,0.00046640811259617487,-30607.793141451577,0,8
0.031089945499387116,0.00046640811259617487,-30625.189064693433,0,9
0.031100726077284858,0.00046640811259617487,-30639.88393721208,0,8
0.031114112049394616,0.00046640811259617487,-30659.796397433765,0,7
0.031127277562115883,0.00046640811259617487,-30681.89846626703,0,8
0.03114085082502423,0.0005383968789090176,-30705.4013411319,0,9
0.031154777858636986,0.0005383968789090176,-30721.83313675161,0,8
0.031169302944446434,0.0005383968789090176,-30738.966876877934,0,9
0.031183091739080616,0.0005383968789090176,-30756.05973988799,0,9
0.03119941315097984,0.0005383968789090176,-30774.72338361329,0,8
0.031215862210980952,0.0005383968789090176,-30794.795721981733,0,9
0.031226819370765605,0.0005383968789090176,-30803.703316251547,0,8
0.031236426763815068,0.0005383968789090176,-30812.088213683506,0,5
0.03124409605384537,0.0005383968789090176,-30817.053693684753,0,4
0.03124896555170949,0.0005383968789090176,-30817.94311979729,0,1
0.03125225967681293,0.0005383968789090176,-30817.749996471695,0,0
0.03125542791729496,0.0005383968789090176,-30817.866106672976,0,0
0.031260891168439046,0.0005383968789090176,-30819.434788101004,0,0
0.03127152244278872,0.0005383968789090176,-30824.848163261224,0,0
0.03128927291446509,0.0005383968789090176,-30839.061570375077,0,0
0.031294778539963625,0.0005383968789090176,-30829.803722612323,0,1
0.03130241203592588,0.0005383968789090176,-30829.424142186126,0,7
0.03131718989975978,0.0005383968789090176,-30846.298341463425,0,10
0.03134533401889305,0.0005383968789090176,-30884.351373358673,0,7
0.03135235194054204,0.0005383968789090176,-30875.329722571052,0,7
0.031362108871695334,0.0005383968789090176,-30882.269141987414,0,7
0.03137405414258472,0.0005383968789090176,-30898.662694602335,0,8
0.031388294864163405,0.0005383968789090176,-30921.79488990188,0,9
0.03140281897619563,0.0005383968789090176,-30945.71702499676,0,9
0.03141608034479654,0.0005619197209659364,-30964.58689037691,0,8
0.03143095840185419,0.0005373839402660909,-30980.13438947693,0,8
0.031442920556291616,0.0005130997610817441,-30992.654327876513,0,7
0.03145663026015218,0.0004957006118280902,-31008.073890702202,0,8
0.03147167966576115,0.0004957006118280902,-31024.556757269256,0,7
0.03148538240427386,0.0004957006118280902,-31039.4494920049,0,6
0.03149588264689732,0.0004957006118280902,-31043.043591420406,0,6
0.03150668388636278,0.0005254641230068737,-31052.545885136173,0,6
0.03151758577297988,0.0005254641230068737,-31059.359000821136,0,5
0.03152420082210307,0.0005254641230068737,-31061.25241088938,0,2
0.03152967679813403,0.0005254641230068737,-31062.460591921583,0,1
0.03153500777472627,0.0005254641230068737,-31063.31194007131,0,0
0.03154318698416684,0.0005254641230068737,-31066.37197596724,0,0
0.031554312869814166,0.0005254641230068737,-31073.18633734182,0,0
0.031577058990244634,0.0005254641230068737,-31093.079227051614,0,1
0.031583911440446005,0.0005254641230068737,-31089.054192531108,0,2
0.03159226783313501,0.0005254641230068737,-31086.66246124812,0,9
0.0316039077445977,0.0005064458578091359,-31097.01861710079,0,10
0.03163103220594434,0.0005064458578091359,-31137.778584588912,0,7
0.03163751279089681,0.0005064458578091359,-31127.124620984978,0,7
0.031647346222067094,0.0005064458578091359,-31134.672299739665,0,7
0.03166033611803025,0.0005064458578091359,-31153.70785522936,0,8
0.03167327181069088,0.0005064458578091359,-31174.543989280835,0,8
0.03168486627931803,0.0005064458578091359,-31193.063826551523,0,7
0.03169760519870305,0.0005064458578091359,-31216.764142937784,0,8
0.031709590303486704,0.0005064458578091359,-31231.505622740668,0,7
0.03172359222981791,0.0004917599776418929,-31247.68111147075,0,8
0.031737527506360226,0.0004822713713407868,-31263.98289370239,0,8
0.03175157842625609,0.0004714981385042924,-31279.95621816926,0,7
0.03176671371476312,0.0004538630935229294,-31298.040560367932,0,7
0.0317751988991303,0.0004414123616692974,-31301.52520447933,0,6
0.031787330123052945,0.0004328212789392728,-31315.073059894166,0,7
0.03179575299856559,0.00046631315710062043,-31320.24259249314,0,4
0.03180084453460154,0.0004575899983142985,-31320.900071593376,0,1
0.03180638748718831,0.00043499624852724066,-31322.252805162072,0,1
0.03181150752533252,0.0004332583110315237,-31323.140679518,0,0
0.03181928237974842,0.0004332583110315237,-31325.892055215005,0,0
0.03183045954270436,0.0004332583110315237,-31332.441938053486,0,0
0.03185150300197546,0.00045768327094434353,-31350.143499193135,0,0
0.031857396895367526,0.0004748535143136854,-31342.501360232054,0,2
0.031864479195330205,0.0004905665067187749,-31337.82972886802,0,7
0.03187701625485074,0.0004949933887853811,-31350.780251693785,0,10
0.031904624411660566,0.0005618973513202278,-31391.170235444628,0,8
0.03191217134594149,0.0005618973513202278,-31384.439371098826,0,6
0.031922983608104104,0.0005618973513202278,-31394.35931209994,0,10
0.03193629686652472,0.0005618973513202278,-31416.016231584505,0,9
0.031949900211117585,0.0005618973513202278,-31439.39008080275,0,9
0.03196276210681305,0.0005618973513202278,-31460.843180734675,0,8
0.03197729528705943,0.0005618973513202278,-31485.24486041271,0,9
0.03199265271770798,0.0005618973513202278,-31503.188887831195,0,9
0.032005758531306126,0.0005618973513202278,-31517.619663376106,0,8
0.032018862991083544,0.0005425731353235805,-31532.64109996322,0,8
0.03203492123345746,0.0005425731353235805,-31550.25526231869,0,8
0.032050592718243884,0.0005425731353235805,-31568.45495517283,0,8
0.03206167620618665,0.0005425731353235805,-31577.790525293272,0,8
0.03207379828327824,0.0005425731353235805,-31590.36301488547,0,7
0.032084563927405156,0.0005242601509860178,-31596.814100932064,0,5
0.032091634198925405,0.0005083422297144965,-31599.211330314833,0,2
0.032097136769278715,0.0004975459765255412,-31600.148331395514,0,1
0.032101944054780195,0.0004899076267101716,-31600.57680635272,0,0
0.032109273290810265,0.0004899076267101716,-31603.1595284654,0,0
0.032120670561561766,0.0004899076267101716,-31610.276308912118,0,0
0.032146186202607625,0.0004899076267101716,-31632.63507978698,0,0
0.032152587109158956,0.0004899076267101716,-31627.252258248438,0,3
0.03215881962875282,0.0004899076267101716,-31618.13778936489,0,11
0.03217318466614625,0.0004954702827015773,-31634.551831762572,0,11
0.032205619688634585,0.0004954702827015773,-31681.514314886783,0,7
0.032212227920774696,0.0004954702827015773,-31671.889265772454,0,10
0.03222415685300201,0.0004954702827015773,-31686.697599957904,0,10
0.0322370882276353,0.0004954702827015773,-31708.69250269301,0,9
0.032252055254148544,0.0005062585826353624,-31734.573907606027,0,9
0.03226412120449031,0.0005173424012614828,-31753.226214199345,0,7
0.03227849615973355,0.0006059028208772532,-31777.754203951365,0,9
0.03229517924290893,0.0006059028208772532,-31797.740451793365,0,10
0.03231069405662798,0.0006059028208772532,-31816.416680551214,0,10
0.0323255369281356,0.0006059028208772532,-31832.51010967656,0,9
0.03234002308761131,0.0006059028208772532,-31849.063852652365,0,8
0.032357438243984175,0.0006059028208772532,-31870.596495777605,0,9
0.03236928739226622,0.0006059028208772532,-31881.45874392013,0,9
0.0323840377836851,0.0005924052323129375,-31898.3797166555,0,9
0.03239455953326918,0.0005803842983166422,-31904.74809374236,0,5
0.03240256304991269,0.0005606619972131804,-31907.505180400392,0,2
0.03240971822263812,0.0005369482452385882,-31909.237656978865,0,1
0.032418109492439125,0.0005277017988016657,-31912.136600303187,0,1
0.03242688968316496,0.0005277017988016657,-31915.685069190808,0,0
0.032437870084650024,0.0005277017988016657,-31922.660259863645,0,0
0.03245892174042937,0.0005277017988016657,-31941.044094074197,0,1
0.03246551094796036,0.0005277017988016657,-31935.943256937247,0,1
0.03247030006225919,0.0005277017988016657,-31919.01428844086,0,3
0.032478722851861555,0.0005277017988016657,-31921.20801795133,0,6
0.032505822539864476,0.0005623481637936767,-31963.001588023104,0,9
0.032512017747745495,0.0005623481637936767,-31951.73762640999,0,10
0.032524616100351865,0.0005623481637936767,-31970.977896758784,0,9
0.03253962429774495,0.0005402265379721192,-31996.533329600657,0,9
0.03255392035880622,0.000533057133896865,-32019.651786824015,0,8
0.03256925724826193,0.0005179017280207696,-32046.646103996864,0,10
0.03258560122098463,0.0005080005430416632,-32076.66753587337,0,11
0.03260230085135146,0.0004993269737516511,-32097.406111016528,0,11
0.03261721170466148,0.0004906049800503282,-32115.153819281008,0,10
0.03262987006828994,0.0004885310481894766,-32128.180559865512,0,7
0.03264669739082476,0.0005258715948699431,-32148.6716328267,0,9
0.03266674037984581,0.0005258715948699431,-32176.688291200495,0,8
0.032673271644781364,0.0005258715948699431,-32172.307153740407,0,8
0.032688014226296934,0.0005258715948699431,-32190.067241237128,0,9
0.032697906863039666,0.0005258715948699431,-32195.674433176497,0,4
0.03270774862175613,0.0005022436105249546,-32200.29933765233,0,3
0.032715847245497344,0.0004861589679595649,-32202.70317297732,0,1
0.03272397830498445,0.0004861589679595649,-32205.045700535662,0,0
0.032733502883023395,0.0004861589679595649,-32209.27535891211,0,0
0.03274498314557087,0.0004861589679595649,-32216.93128030306,0,0
0.032763051926697824,0.0004861589679595649,-32232.900718209545,0,0
0.0327703220654146,0.0004861589679595649,-32230.365723525298,0,0
0.032774543903145145,0.0004861589679595649,-32207.9300014351,0,2
0.032781009826182456,0.0004861589679595649,-32201.62318043629,0,5
0.032808839131179254,0.0005232779335353308,-32245.054098542187,0,9
0.0328161301273926,0.0005232779335353308,-32237.744727133544,0,10
0.0328292130916041,0.0005232779335353308,-32257.878212067546,0,10
0.03284055613809754,0.0005232779335353308,-32273.579025996747,0,7
0.032856000562664425,0.0005232779335353308,-32302.667392815812,0,10
0.032871278617927456,0.0005232779335353308,-32330.078981163577,0,10
0.03288711924505954,0.0005232779335353308,-32359.841307437477,0,11
0.03290233884985643,0.0005232779335353308,-32377.011295529148,0,9
0.03291693997243632,0.0005152359058665165,-32393.25585490895,0,9
0.032931441230223575,0.0005099230814566247,-32409.69120030108,0,9
0.03294571057744997,0.0004922444667175277,-32423.974248208975,0,7
0.03296096875568156,0.0004891564392799408,-32440.918229591218,0,7
0.03297147334962342,0.0004891564392799408,-32449.637020180413,0,8
0.03298253481652108,0.0004891564392799408,-32459.760856272274,0,6
0.03299054847460673,0.0004725560326792897,-32463.766092718684,0,3
0.03299569535269562,0.0004725560326792897,-32464.661902862874,0,1
0.032999414948817356,0.0004725560326792897,-32464.493448520207,0,0
0.03300314255697601,0.0004725560326792897,-32464.862675703254,0,0
0.03300959067533788,0.0004725560326792897,-32467.016128047682,0,0
0.033020001123519375,0.0004725560326792897,-32472.78966123767,0,0
0.03303910773195154,0.0004725560326792897,-32489.650413978285,0,1
0.033044817408914136,0.0004725560326792897,-32480.622504670064,0,2
0.03305482512511266,0.0004675902902384276,-32485.74572880073,0,9
0.03307035977831883,0.0004913911171052478,-32504.813591479673,0,11
0.03309392678496025,0.0004913911171052478,-32539.22908308552,0,9
0.03310053204914226,0.0004913911171052478,-32532.0266288954,0,8
0.0331113702084435,0.0004913911171052478,-32546.280356205367,0,8
0.03312400150064177,0.0004913911171052478,-32568.2903903553,0,8
0.03313510002814519,0.000518248143167516,-32586.96635777853,0,7
0.03314816801090945,0.000518248143167516,-32609.114282203944,0,8
0.03316249256834687,0.000518248143167516,-32632.86645440864,0,9
0.03317677681652003,0.000518248143167516,-32649.891972483696,0,9
0.033191660754782665,0.000518248143167516,-32665.98842000196,0,9
0.033205760149544475,0.000518248143167516,-32682.156084284034,0,9
0.03322006740939075,0.000518248143167516,-32697.52084085883,0,8
0.03323685530234623,0.000518248143167516,-32716.128348513128,0,9
0.033249756344152136,0.000518248143167516,-32727.894790983468,0,8
0.033260660421532515,0.0005047522872226512,-32737.234345194185,0,6
0.0332685713019162,0.000496305020385324,-32741.067652394308,0,3
0.03327365206383638,0.0004875750764959122,-32741.89579544383,0,1
0.03327720060657302,0.0004788599931927579,-32741.561364131183,0,0
0.033280547174115334,0.0004701440860793046,-32741.76472297107,0,0
0.03328659438840052,0.00046473871203470027,-32743.68638474876,0,0
0.033297157443774865,0.00046473871203470027,-32749.241295631204,0,0
0.03331489731013862,0.00046473871203470027,-32764.6378720436,0,0
0.033320562780117566,0.00046473871203470027,-32755.70345225129,0,1
0.033329134604545625,0.0004698880500292938,-32758.114031901456,0,9
0.033344166735517634,0.0004698880500292938,-32775.80754545167,0,10
0.03337190199693362,0.0004779002930038159,-32815.32712125386,0,7
0.033377845842761815,0.0004641842324149032,-32802.56918252119,0,7
0.033386807655235766,0.000476398075176946,-32808.05748868854,0,7
0.033399663282855666,0.000476398075176946,-32827.76885844714,0,8
0.033414354433834594,0.000476398075176946,-32852.01515731433,0,9
0.03342977995780029,0.000485890156064882,-32877.8760610134,0,10
0.033444840443447345,0.0004636415102825632,-32903.20769294093,0,10
0.033460510024444626,0.00043787987429920596,-32920.45829935042,0,9
0.033475000119528614,0.00043787987429920596,-32936.390637414486,0,9
0.033488094889360796,0.00043787987429920596,-32950.97494548632,0,8
0.033503765921504766,0.00046473678952142425,-32969.2249163326,0,9
0.033520482890683594,0.00046473678952142425,-32989.33593317125,0,9
0.03353069976569764,0.00046473678952142425,-32996.412657304,0,7
0.03354252720135752,0.00048018811213050366,-33009.173055523264,0,7
0.033552219259350695,0.00048018811213050366,-33015.57806253948,0,5
0.033559377580590626,0.00048018811213050366,-33018.149396634675,0,2
0.03356422385918046,0.00048018811213050366,-33018.390471318744,0,0
0.03356984693151581,0.00048018811213050366,-33019.68627391151,0,0
0.033577963672773076,0.00048018811213050366,-33023.018410846504,0,0
0.033589265814230704,0.00048018811213050366,-33030.461859807765,0,0
0.03361214937711673,0.00048018811213050366,-33050.94671105381,0,1
0.03362065573115825,0.0004968663469317317,-33051.82451589942,0,2
0.03362569005283384,0.0005105178062069011,-33037.65819531318,0,9
0.03363560239051208,0.0005105178062069011,-33044.51214537741,0,9
0.0336608444972074,0.0005105178062069011,-33084.21518312994,0,7
0.03366816385342017,0.0005105178062069011,-33076.94240254172,0,7
0.03367811389497039,0.0005105178062069011,-33085.2136929347,0,7
0.0336923775934144,0.0005105178062069011,-33110.12645997892,0,9
0.0337064010597574,0.0005105178062069011,-33135.75777191792,0,9
0.033718839766612746,0.0005105178062069011,-33157.243450034555,0,8
0.03373280379234159,0.000520554417562885,-33182.77762085396,0,9
0.03374600850628779,0.0005070593708125226,-33197.90310656614,0,8
0.03376133996584384,0.0005068384138513706,-33216.1824028478,0,9
0.033775727290315936,0.0005068384138513706,-33233.29893058982,0,9
0.03379107651313417,0.0005068384138513706,-33251.006585579125,0,8
0.0338070825273289,0.0004844801601378612,-33270.78119961919,0,8
0.03381674041100365,0.0004702167039563784,-33275.88013126414,0,7
0.03382773599521268,0.0005058849555452293,-33287.11792813288,0,6
0.03383620126155399,0.0004909178529119615,-33292.259719636415,0,4
0.033841216723403844,0.00046889277118884466,-33293.04059887232,0,1
0.033847300535584775,0.0004507522745006054,-33295.09147251607,0,1
0.033853430305632606,0.0004507522745006054,-33296.53235780743,0,0
0.03386176164699136,0.0004507522745006054,-33299.84625975384,0,0
0.03387323485300152,0.0004507522745006054,-33307.07584159573,0,0
0.033896596414365925,0.0004507522745006054,-33327.0946167971,0,0
0.03390437093783167,0.0004507522745006054,-33326.34029071038,0,2
0.03390946014433775,0.0004589823303420058,-33307.48568119508,0,7
0.033921751611649356,0.0004787838873555282,-33320.323258119904,0,11
0.03395037564729643,0.0004787838873555282,-33362.18338684844,0,8
0.03395736582585335,0.00047351271967675844,-33353.19801121059,0,6
0.03396631438139953,0.00047351271967675844,-33358.850796413586,0,9
0.0339805435646489,0.00047351271967675844,-33382.15485533333,0,9
0.03399576895899785,0.00047351271967675844,-33407.467651650215,0,9
0.034008923890509316,0.00047351271967675844,-33427.96205340609,0,8
0.034023049218315435,0.00047351271967675844,-33451.54648931333,0,9
0.03403968632633526,0.00047351271967675844,-33471.339787510275,0,10
0.03405278636364542,0.00047351271967675844,-33485.43988444715,0,8
0.03406547951786724,0.0004998517576546525,-33498.67498636254,0,7
0.03408178383621673,0.0004998517576546525,-33516.556750573785,0,8
0.03409724411298643,0.0004998517576546525,-33534.43790736332,0,7
0.03410608586005652,0.0004464209876981478,-33538.59567655518,0,7
0.03411861390804233,0.0004464209876981478,-33551.59908141395,0,7
0.034126780056733655,0.00045726903111941743,-33556.33005709516,0,4
0.03413339697200581,0.00045726903111941743,-33558.68975985096,0,2
0.03413930232561809,0.0004387125092512202,-33560.021697622484,0,1
0.03414475670178931,0.0004387125092512202,-33560.89558370347,0,0
0.03415247103782243,0.0004387125092512202,-33563.562649544685,0,0
0.03416366649426303,0.0004387125092512202,-33570.22224380359,0,0
0.03418701893683368,0.00046356073121108746,-33589.95007088766,0,0
0.03419345675080375,0.00048470731448825924,-33584.555953528026,0,3
0.034199413824808206,0.0004997803957385853,-33574.07043096008,0,8
0.03421287017718676,0.0004997803957385853,-33588.72854164657,0,11
0.034243984105517045,0.0005159309390843434,-33632.7356839973,0,7
0.03425130468624199,0.0005159309390843434,-33625.37659116094,0,9
0.034263793692382354,0.0005159309390843434,-33640.77597733455,0,10
0.034278887030970054,0.0005159309390843434,-33664.752754588575,0,10
0.03429278208718566,0.0005159309390843434,-33687.256920241176,0,9
0.03430469883904645,0.0005159309390843434,-33704.806513013325,0,7
0.03431824334894549,0.0005159309390843434,-33728.17639929369,0,9
0.03433433547364961,0.0005159309390843434,-33747.22797590917,0,10
0.0343498355712603,0.0005159309390843434,-33764.15843280696,0,9
0.03436476904039177,0.0005159309390843434,-33780.57292930728,0,9
0.034379427505175225,0.0005159309390843434,-33795.93104120217,0,8
0.03439659066654537,0.0005159309390843434,-33815.871622965686,0,9
0.034408584296468696,0.0005159309390843434,-33827.33290034784,0,9
0.03442187436051752,0.000540608341487348,-33841.32804611402,0,8
0.034432386585972564,0.000540608341487348,-33847.66364747444,0,5
0.034439916747416005,0.000540608341487348,-33850.00149297957,0,2
0.03444685102482392,0.000540608341487348,-33851.68372307464,0,1
0.03445498095592615,0.000540608341487348,-33854.329284733314,0,1
0.03446372299575885,0.000540608341487348,-33857.13327253096,0,0
0.034474216834217294,0.000540608341487348,-33862.382922135046,0,0
0.03448847610412497,0.000540608341487348,-33872.843383441694,0,0
0.034494776944727946,0.000540608341487348,-33866.755628607694,0,0
0.034500452188313276,0.000540608341487348,-33857.50005872588,0,2
0.034511219160893565,0.0005497994635660012,-33865.968465390746,0,5
0.034537712024393125,0.0005824339021248744,-33902.56499489355,0,9
0.03454404575930908,0.0005804705008976323,-33892.44924511765,0,10
0.03455784887668637,0.0005793667347811671,-33912.9560782782,0,9
0.03457069580244244,0.0006108207197212064,-33932.180060002785,0,9
0.03458441824973405,0.0005986275194645511,-33953.2772237561,0,8
0.03460007431893359,0.0005900426773665662,-33982.67372470717,0,11
0.03461411967916105,0.0005813248541099472,-34005.44923608953,0,9
0.034630760644719254,0.0005211386765965247,-34026.27537332405,0,11
0.03464613029062896,0.0005211386765965247,-34044.10215306496,0,10
0.034657507292941724,0.0005211386765965247,-34055.84603654051,0,7
0.0346719414712559,0.0005211386765965247,-34072.59836948709,0,9
0.03468647884431183,0.0005211386765965247,-34088.56085738985,0,8
0.03469846674694324,0.0005211386765965247,-34099.26183590244,0,7
0.03471208038070627,0.0005163766931497415,-34113.45445582805,0,8
0.03472166227882365,0.0005163766931497415,-34118.55709670889,0,4
0.03472858899737516,0.0005163766931497415,-34120.62930224604,0,2
0.03473667919744621,0.0005163766931497415,-34123.67509128561,0,2
0.034744594745285684,0.0005163766931497415,-34126.076751647546,0,1
0.034752980190487746,0.0005163766931497415,-34128.84376510968,0,0
0.0347635148915496,0.0005163766931497415,-34134.549865240464,0,0
0.03478169867201181,0.0005163766931497415,-34148.99952800011,0,1
0.03478809088389202,0.0005163766931497415,-34143.398617598876,0,1
0.034794067556024925,0.0005163766931497415,-34135.52683634129,0,3
0.03480418852564434,0.0005027124778390437,-34142.511063267826,0,6
0.03482905705782169,0.0005492846724548307,-34177.7342175203,0,7
0.03483593240833744,0.0005492846724548307,-34169.537207703484,0,10
0.03485015958793004,0.0005492846724548307,-34191.463858517694,0,11
0.034863741889077406,0.0005492846724548307,-34211.93944673596,0,9
0.034878650938259266,0.0005492846724548307,-34239.5849762856,0,10
0.03489312189247325,0.0005492846724548307,-34266.4447522936,0,10
0.03490635986532552,0.0005492846724548307,-34287.000040908395,0,8
0.034923774393096484,0.0005492846724548307,-34307.561497104616,0,10
0.03493853706340512,0.0005492846724548307,-34323.954404212236,0,9
0.03495319758062207,0.0006094737206888252,-34340.30079266661,0,9
0.03496568011574066,0.0006094737206888252,-34352.634975257184,0,7
0.034980638598093514,0.0006094737206888252,-34368.69146044138,0,8
0.034994379414341296,0.0005909469795011221,-34384.179549775035,0,9
0.03500713222574398,0.0005783127915425718,-34395.79442981095,0,7
0.035018193169237245,0.0005640214015055866,-34402.388366205145,0,5
0.03502615184659065,0.0005426174061926988,-34404.88188582637,0,2
0.035033086902625,0.0005186992701013986,-34406.54645486953,0,1
0.03504092213608225,0.0004935227052550333,-34408.965639280024,0,1
0.035048905048224006,0.0004932711460395938,-34411.2826435587,0,0
0.0350589815627681,0.0004932711460395938,-34415.94995738388,0,0
0.03507271158742778,0.0004932711460395938,-34425.63225014746,0,0
0.03507885027784677,0.0004932711460395938,-34418.865867721855,0,1
0.03508631660853141,0.0004932711460395938,-34417.74859341873,0,1
0.035097804090014194,0.0004932711460395938,-34427.58373728321,0,4
0.03511844015655322,0.0004932711460395938,-34455.74493246526,0,7
0.03512419685843165,0.0004932711460395938,-34442.35498234359,0,8
0.035134742453764106,0.0004932711460395938,-34452.35858614644,0,8
0.03514627956811132,0.0004932711460395938,-34467.40021632283,0,7
0.03516015731104215,0.0004932711460395938,-34491.15580518556,0,9
0.03517460070531329,0.0004932711460395938,-34514.802520057194,0,9
0.03518776415540248,0.0005050661397736005,-34538.08955672971,0,9
0.03520238522285963,0.0005050661397736005,-34555.000334460055,0,9
0.0352159778005427,0.0005050661397736005,-34569.53825459957,0,8
0.03523251055874446,0.0005050828901173696,-34588.216623152206,0,10
0.03524767136189924,0.0005050828901173696,-34604.61265307653,0,9
0.035264042457775896,0.0005050828901173696,-34622.97065879216,0,9
0.035274919920694946,0.0005050828901173696,-34631.86810127611,0,7
0.0352858892981061,0.0005050828901173696,-34641.98856756806,0,6
0.03529658405046937,0.0005050828901173696,-34648.47921415062,0,5
0.035303740450231186,0.0005050828901173696,-34650.51338116132,0,2
0.03530932346280223,0.0005050828901173696,-34651.438817449285,0,1
0.03531339385150687,0.0004846633171669248,-34651.496816236184,0,0
0.03531935910327535,0.0004612593527862117,-34653.02008909207,0,0
0.03532958182494628,0.0004488623700482248,-34657.78905449842,0,0
0.03534654794291815,0.0004525077589627828,-34670.67784981127,0,0
0.035353268951117116,0.0004913780984690134,-34665.6219289443,0,2
0.035362344567112326,0.0004913780984690134,-34668.21742816919,0,5
0.03537500043824736,0.0004913780984690134,-34680.09017196245,0,8
0.03540105684967657,0.0005399997733794164,-34714.611347701975,0,9
0.03540821921147086,0.0005551335885405508,-34707.1363183009,0,9
0.03541980759429927,0.0005551335885405508,-34720.27021185959,0,8
0.035432283757765706,0.0005551335885405508,-34738.44197174412,0,9
0.035445121057957156,0.0005328392861502679,-34757.1606077412,0,7
0.035457991125407214,0.00047953183149123464,-34777.67999981575,0,8
0.03547081242000004,0.00047953183149123464,-34797.81129522097,0,8
0.035484108236011155,0.00047953183149123464,-34813.258886597716,0,8
0.035498173036229264,0.00047953183149123464,-34828.46786256933,0,8
0.03551178806375996,0.00047953183149123464,-34843.02095003288,0,8
0.03552593523867669,0.00047953183149123464,-34858.7061741937,0,8
0.035542881228405876,0.00047953183149123464,-34879.19688200478,0,8
0.03555268125003508,0.00047953183149123464,-34881.937910085464,0,5
0.03556351309183242,0.00047953183149123464,-34891.40413213428,0,6
0.03557188055820508,0.00047953183149123464,-34896.24891947042,0,4
0.035576940649022615,0.00047953183149123464,-34897.24161416582,0,1
0.03558277504073546,0.00047953183149123464,-34898.766890953404,0,1
0.03558811704624345,0.00047953183149123464,-34899.52398720419,0,0
0.0355956622707608,0.00047953183149123464,-34901.91538505656,0,0
0.035606115980512276,0.00048588421176725934,-34907.50840085164,0,0
0.03562642835737373,0.0005634325788817583,-34924.041125229014,0,1
0.035632912197029146,0.0005802634261968264,-34918.79353635728,0,2
0.03564076223333802,0.0006011315418953945,-34918.01680963887,0,6
0.03565343465560004,0.0006011315418953945,-34930.30252240128,0,8
0.035678679647992526,0.0006011315418953945,-34965.66066981982,0,8
0.03568737421303874,0.0006011315418953945,-34963.70200253405,0,9
0.035698699417297274,0.0005896686331799975,-34975.2660200446,0,9
0.03571210654340819,0.0005896686331799975,-34996.58292727164,0,9
0.035726236073595354,0.0005896686331799975,-35020.061621558736,0,9
0.0357399567847174,0.0005896686331799975,-35042.95826490814,0,8
0.035755472166309164,0.0005896686331799975,-35070.18347804633,0,10
0.035769784419658945,0.0005824970449235865,-35089.5874500349,0,8
0.035782531684047596,0.0005824970449235865,-35107.66262454173,0,8
0.03579520074170124,0.0005824970449235865,-35122.46434797487,0,7
0.03580987332809302,0.0005824970449235865,-35139.93600870565,0,8
0.035826093389073985,0.0005824970449235865,-35160.400700621976,0,8
0.035837381595181315,0.0005624740567762978,-35168.632251858144,0,6
0.03584897497035083,0.0005444483107857722,-35181.33432762446,0,7
0.03585950409772787,0.0005181898904230801,-35187.943198657325,0,5
0.03586661578944657,0.0005176834001515952,-35190.28751085751,0,2
0.03587219864980639,0.0005176834001515952,-35191.792260651244,0,1
0.03587670954703354,0.0005176834001515952,-35192.44923852332,0,0
0.03588378173568657,0.0005176834001515952,-35194.82154963265,0,0
0.03589481255849607,0.0005176834001515952,-35200.95328095606,0,0
0.03591577255282553,0.0005176834001515952,-35218.18110594012,0,0
0.03592164865479352,0.0005176834001515952,-35210.50892473977,0,3
0.035930230777331366,0.000530877218313429,-35211.31471517947,0,7
0.035944213138016386,0.000530877218313429,-35225.907077732045,0,8
0.03596945176031284,0.000530877218313429,-35260.308758812585,0,7
0.035976995335301805,0.000530877218313429,-35254.447702189405,0,8
0.03598587749343124,0.000530877218313429,-35256.90844012285,0,9
0.03599982013107838,0.000530877218313429,-35279.067546524006,0,9
0.03601232674116763,0.000543119375007095,-35298.119716738816,0,7
0.03602501747128459,0.0006078180906942537,-35320.13086488172,0,8
0.03603943417768986,0.0006078180906942537,-35345.442812374386,0,9
0.03605365949285667,0.0006078180906942537,-35364.23351458895,0,8
0.03606739780696934,0.0006078180906942537,-35382.61571750508,0,9
0.036082476943655184,0.0006078180906942537,-35401.34510426534,0,9
0.036097040833515295,0.0006078180906942537,-35418.122964233306,0,8
0.03611349257024547,0.0006078180906942537,-35438.17366310776,0,8
0.03612431945067583,0.0006078180906942537,-35448.23876786085,0,8
0.03613529358514431,0.0005892472101683766,-35459.025409360205,0,6
0.03614439798169793,0.000563382047717079,-35464.234437556785,0,4
0.03614989397576573,0.0005464031967006689,-35465.16827826346,0,1
0.036154069941239465,0.0005464031967006689,-35465.17957639504,0,0
0.03615877097182091,0.0005464031967006689,-35465.832808459425,0,0
0.036166181274700414,0.0005464031967006689,-35468.20612646984,0,0
0.03617674858409424,0.0005464031967006689,-35473.89348287554,0,0
0.036195865042516005,0.0005464031967006689,-35489.75939077855,0,1
0.036201668494021254,0.0005464031967006689,-35481.79231896946,0,1
0.03620877096578672,0.0005464031967006689,-35479.653098854404,0,6
0.03622086992578757,0.0005132559820201402,-35491.537410423,0,9
0.036249837812250295,0.0004973224240002756,-35532.78615536584,0,9
0.036258363621734215,0.0004973224240002756,-35530.23280970807,0,8
0.03626821174461422,0.0004973224240002756,-35537.0481330167,0,7
0.03628090325047223,0.0004973224240002756,-35556.047569393886,0,8
0.036292284510585714,0.0004973224240002756,-35572.15578752968,0,7
0.036306812806588734,0.0004973224240002756,-35597.16839357835,0,8
0.036321039257831596,0.0004973224240002756,-35622.91958086542,0,10
0.03633660967311658,0.0005313030144127855,-35643.48014192502,0,9
0.03634911042201167,0.0005313030144127855,-35658.908942701244,0,8
0.036360135500422344,0.0005313030144127855,-35670.89803869932,0,6
0.0363741913496344,0.0005313030144127855,-35687.22817783196,0,8
0.036391210679819055,0.0005313030144127855,-35707.886200962406,0,9
0.03640380173698855,0.0005313030144127855,-35719.90108848217,0,8
0.0364166339461339,0.0005976702812350515,-35732.19428432184,0,7
0.03642611820264975,0.0005976702812350515,-35738.30890046968,0,5
0.0364326372370198,0.0005976702812350515,-35740.356001717155,0,2
0.03643763534717834,0.0005976702812350515,-35741.35581107908,0,1
0.03644191537987491,0.0005976702812350515,-35741.76110331732,0,0
0.03644900824874241,0.0005976702812350515,-35744.04553584056,0,0
0.03645997171514927,0.0005976702812350515,-35749.87158870893,0,0
0.036477577763921895,0.0005976702812350515,-35764.13479758486,0,0
0.03648332044841765,0.0005976702812350515,-35755.75765594182,0,1
0.03649060879013708,0.0005976702812350515,-35753.76018221327,0,6
0.036503330064534587,0.0005976702812350515,-35767.007721062255,0,8
0.03653128311833205,0.0004947206251382628,-35805.873911308445,0,9
0.03653827300412873,0.00047958692508675844,-35798.78104463085,0,8
0.03655090963035214,0.00047958692508675844,-35814.8845693253,0,9
0.03656490847703883,0.00047958692508675844,-35836.92217991958,0,10
0.03657949003117095,0.00047958692508675844,-35862.45653083926,0,9
0.036593439851816324,0.00047958692508675844,-35885.202676018576,0,8
0.0366082435062682,0.00047958692508675844,-35914.48060985103,0,11
0.03662524671497603,0.0004932133335138957,-35940.00527357358,0,11
0.036641247966822735,0.0004932133335138957,-35961.83127218338,0,10
0.036654391705798636,0.0004932133335138957,-35977.19624343031,0,8
0.036666553207926576,0.0004932133335138957,-35990.861892479224,0,7
0.03668127195883108,0.0004932133335138957,-36009.61310087111,0,8
0.03669151365001663,0.0004932133335138957,-36020.16802753693,0,7
0.036704834345134864,0.0004932133335138957,-36035.730586139056,0,8
0.036716415655784436,0.0004932133335138957,-36043.49084560263,0,6
0.03672344352111599,0.0004932133335138957,-36045.65175134626,0,2
0.036730759682395246,0.0004932133335138957,-36048.307789170314,0,2
0.0367375968173254,0.0004932133335138957,-36050.08324860334,0,1
0.03674615391772826,0.0004932133335138957,-36053.411278172345,0,1
0.036756257439729656,0.0004932133335138957,-36058.45232117907,0,0
0.03677283470404878,0.0004932133335138957,-36071.61891416431,0,1
0.036779633307755674,0.0004932133335138957,-36067.32120014685,0,1
0.03678828389876029,0.0004932133335138957,-36069.24793509949,0,3
0.036799553971017376,0.0004932133335138957,-36079.14383047333,0,7
0.03682299447687717,0.0005057252010911645,-36111.927224782194,0,8
0.03683259496365697,0.0005211130378510459,-36113.008559903195,0,10
0.036847417166580805,0.0005672608351584172,-36135.92971447675,0,11
0.036860269340298624,0.0005672608351584172,-36154.90863214915,0,9
0.03687535978614824,0.0005672608351584172,-36183.742774783685,0,10
0.03688910107127813,0.0005474947339209573,-36208.63883615513,0,9
0.03690127439023111,0.0005343338189127178,-36229.14515077397,0,9
0.036916294478085455,0.0005172930717962439,-36255.80742284784,0,9
0.03692945682362971,0.00046575743751843567,-36277.18081889428,0,9
0.0369434731800899,0.00046575743751843567,-36298.81349111826,0,9
0.03695583934991959,0.00046575743751843567,-36313.247670373734,0,7
0.03697185879866502,0.0004650854739485407,-36334.3031208532,0,8
0.03698478631893121,0.0004650854739485407,-36349.82494613333,0,9
0.036995982347627805,0.000455174732728284,-36360.435317344505,0,6
0.03700725666053293,0.000455174732728284,-36368.57660182065,0,6
0.0370143076478631,0.000455174732728284,-36370.932920347695,0,2
0.03702036270064845,0.0004451448726462498,-36372.383424266765,0,1
0.03702682960827371,0.0004451448726462498,-36374.17820906447,0,1
0.037033751610324545,0.0004451448726462498,-36375.97177492382,0,0
0.03704374601056618,0.0004451448726462498,-36380.50857482333,0,0
0.03705792514986365,0.0004451448726462498,-36390.47196055127,0,0
0.03706390918625529,0.0004620816026995068,-36383.40014514997,0,1
0.037072006303005056,0.0004920176918173902,-36383.47014550473,0,3
0.037083343674973915,0.0004920176918173902,-36392.93595871977,0,4
0.037109330016868294,0.0004924697078915809,-36427.68383074196,0,7
0.03711686619093175,0.0004924697078915809,-36421.45799440199,0,9
0.03712743203829949,0.0004924697078915809,-36430.59910298854,0,8
0.037140852771697576,0.0004924697078915809,-36450.436764447186,0,8
0.0371548073403155,0.0004924697078915809,-36474.33294237132,0,10
0.03716846266989733,0.0004924697078915809,-36497.96092923334,0,9
0.037181521950707355,0.0004837604501920628,-36521.00648265109,0,9
0.03719590973317136,0.0004837604501920628,-36542.78315944873,0,9
0.03720871749690284,0.0005084172847042837,-36561.315956542705,0,9
0.03722292387492247,0.0005084172847042837,-36580.94917072623,0,9
0.037237682256010686,0.0005084172847042837,-36599.38400606593,0,9
0.03725358396069195,0.0005084172847042837,-36619.47757186645,0,9
0.03726578829940633,0.0005084172847042837,-36632.412984773866,0,8
0.03727670114207564,0.0005084172847042837,-36642.93789788157,0,6
0.03728674033100314,0.0005084172847042837,-36649.32219589657,0,5
0.037293554313076877,0.00048599946659240223,-36651.607673777544,0,2
0.0372989185681374,0.0004629142347171861,-36652.637674394195,0,1
0.037302885170520265,0.0004387633275649207,-36652.73831359623,0,0
0.037308247864767656,0.0004380265069419978,-36653.95067258059,0,0
0.03731865905709639,0.0004380265069419978,-36658.98435921229,0,0
0.03733567711134099,0.0004542247609205164,-36671.56485068454,0,0
0.0373414984461866,0.00047162568390459836,-36664.00778849761,0,2
0.03735056340539094,0.0005042722262622223,-36666.90088913364,0,6
0.037364161283858915,0.0004907780128118137,-36680.50177683289,0,9
0.03738919163445014,0.0004750850125515827,-36713.87129367229,0,9
0.037399605551244705,0.0004750850125515827,-36717.38916802411,0,10
0.03741206155121622,0.0004750850125515827,-36733.72491261938,0,10
0.03742571238156257,0.0004750850125515827,-36754.660019820454,0,9
0.037438154281598766,0.0004750850125515827,-36772.83239488852,0,7
0.03745175201153617,0.0004750850125515827,-36795.65879790602,0,8
0.037463496762187055,0.0004750850125515827,-36814.28661089079,0,8
0.037478282770400585,0.00047510635078043924,-36833.22357906621,0,8
0.03749093610146403,0.00047510635078043924,-36847.9050256357,0,8
0.03750467782244362,0.00047510635078043924,-36864.22219885359,0,8
0.03751862183939501,0.00047587025154838454,-36880.74934489863,0,8
0.037535455709306845,0.00047587025154838454,-36901.56296411526,0,8
0.03754332668549448,0.00047587025154838454,-36903.55276004699,0,5
0.037554436364135614,0.00046733305019735973,-36915.20111288558,0,6
0.03756345074145941,0.0004570788944841492,-36920.51971268838,0,4
0.03756964384923509,0.00043802471789964096,-36921.87676527422,0,1
0.03757548481619737,0.00043802471789964096,-36923.18080873308,0,1
0.03758113115804349,0.00043802471789964096,-36924.1611159281,0,0
0.03758899771793598,0.00043802471789964096,-36926.77880924387,0,0
0.03760022762213219,0.00043802471789964096,-36933.37824680849,0,0
0.0376201459524499,0.000471411288823437,-36949.98056249052,0,0
0.03762672472167121,0.0004881787911253395,-36945.18448981543,0,2
0.037635144510723396,0.0005092250014934624,-36945.53727439225,0,6
0.03764665254972787,0.0005092250014934624,-36954.95373730273,0,8
0.0376714663211998,0.0005092250014934624,-36990.10928822282,0,8
0.03768417970121848,0.0005092250014934624,-37005.83698579595,0,9
0.037697159450350716,0.0005092250014934624,-37025.25829292244,0,10
0.03771287250438672,0.0005092250014934624,-37059.71229884011,0,9
0.0377299279678976,0.0005092250014934624,-37102.99540501775,0,9
0.03773933549335507,0.0004885445991083266,-37106.680980217236,0,8
0.03775028935142791,0.00047515395438670315,-37119.087160257775,0,10
0.03776410592150281,0.0004667074072980565,-37151.595799385665,0,8
0.03777632698413796,0.000458003443697864,-37179.209860247276,0,8
0.037788621559125914,0.00044931302244741926,-37202.41978024376,0,7
0.03780160521364357,0.0004387617985795286,-37226.084073951075,0,8
0.037818221852032895,0.0004387617985795286,-37251.77836570986,0,8
0.03782868408611332,0.0004395816865543504,-37261.304664865485,0,6
0.03783975554542522,0.0004395816865543504,-37274.748815393745,0,6
0.03785000745238431,0.0004395816865543504,-37281.75991332915,0,5
0.037855970428958795,0.0004395816865543504,-37283.58028849564,0,2
0.03786122656521512,0.00046253504548812393,-37284.827527457346,0,1
0.03786574268884829,0.00046253504548812393,-37285.31060518769,0,0
0.03787283631678178,0.00046253504548812393,-37287.46347309037,0,0
0.037883740267232645,0.00046253504548812393,-37293.36088817225,0,0
0.0379034204419859,0.00047022003146348013,-37309.683147095995,0,0
0.037909412900684426,0.00048402150794510336,-37302.40096756341,0,2
0.03791901552082545,0.00048402150794510336,-37306.73384957971,0,7
0.03793241309015326,0.0004551313825350664,-37321.204445213385,0,9
0.03795560046040827,0.00044453076501611247,-37352.727342131955,0,7
0.03796396015031745,0.0004582852870645032,-37348.9088816536,0,8
0.03797794669892173,0.0004768442260303448,-37367.24649402386,0,9
0.037992712331311254,0.0005054592415870888,-37390.12143335541,0,9
0.038004107157669574,0.0005054592415870888,-37403.70677460201,0,7
0.0380168140332003,0.0005054592415870888,-37423.550265769176,0,9
0.03802944850596354,0.0005169083069407265,-37446.01442647312,0,9
0.03804621430693789,0.0005169083069407265,-37469.16151218168,0,9
0.03806024499890958,0.0005169083069407265,-37487.243941743574,0,9
0.03807464682838794,0.0005169083069407265,-37506.426599269354,0,9
0.03808844124752332,0.0005169083069407265,-37522.1166019548,0,8
0.03810340722407476,0.0005169083069407265,-37538.78102904031,0,8
0.03811572145983627,0.0005169083069407265,-37552.447801345,0,8
0.038126584733738644,0.0005169083069407265,-37562.44736873088,0,6
0.038135207203354775,0.0005169083069407265,-37567.44562742452,0,4
0.03814143528420133,0.0005169083069407265,-37569.70167231784,0,2
0.03814539382030565,0.0005169083069407265,-37569.673600121045,0,0
0.03814991942051449,0.0005169083069407265,-37570.3297239722,0,0
0.03815745686719756,0.0005169083069407265,-37572.739409980066,0,0
0.03816830867093186,0.0005169083069407265,-37578.89474092515,0,0
0.038188589032267344,0.0005169083069407265,-37595.943522653586,0,1
0.03819466386677512,0.0005169083069407265,-37589.136304116175,0,1
0.038201942518326995,0.0005169083069407265,-37586.96900069143,0,7
0.038214764098186894,0.0005169083069407265,-37600.16439759992,0,9
0.03824242367950341,0.00045979392319958634,-37640.18202360089,0,9
0.038250165214870215,0.00045979392319958634,-37635.2747273339,0,8
0.03826010269439492,0.00045979392319958634,-37642.511206749456,0,8
0.038273863914449834,0.00045979392319958634,-37663.12604473644,0,8
0.038286415607797185,0.00045979392319958634,-37683.187891494934,0,8
0.038299703192993785,0.00045979392319958634,-37704.81396285068,0,8
0.03831452108649065,0.00041227325984076436,-37732.341190543935,0,10
0.03833063722053164,0.00041227325984076436,-37752.736904117344,0,10
0.0383444357047497,0.000472804400330467,-37767.982143229165,0,8
0.038355639459314736,0.000472804400330467,-37778.050689571515,0,6
0.03837015708939871,0.000472804400330467,-37794.57221912719,0,8
0.038387310044775025,0.000472804400330467,-37815.34815161548,0,9
0.03840066010621879,0.00048425341918298094,-37827.397577934054,0,8
0.038412645594574336,0.00048425341918298094,-37838.79196561256,0,7
0.038422499441249106,0.00048425341918298094,-37844.9479366633,0,5
0.038429355847772226,0.00048425341918298094,-37846.96272776503,0,2
0.0384346181171085,0.0004638359782438373,-37847.97564674816,0,1
0.038439102512340236,0.0004616714470800188,-37848.50358502664,0,0
0.038446531248270716,0.0004616714470800188,-37850.974929445416,0,0
0.03845785870632637,0.0004616714470800188,-37857.4613721877,0,0
0.03847975346622099,0.0005079526735400233,-37875.34293178558,0,0
0.03848534346276672,0.0005237949438512365,-37866.661825208896,0,3
0.03849383430389914,0.000543847417412025,-37867.451087518784,0,6
0.038506296851098305,0.000543847417412025,-37879.46824730553,0,9
0.03853240305925758,0.000543847417412025,-37916.16389282653,0,8
0.038540662561597175,0.000543847417412025,-37912.132576048425,0,8
0.03854948133432663,0.000543847417412025,-37916.06042629484,0,9
0.03856362038581702,0.000543847417412025,-37941.83392445778,0,10
0.03857849071416019,0.000543847417412025,-37968.214689075256,0,9
0.03859186003497739,0.0005419680214708762,-37990.03057862033,0,8
0.038608424053549126,0.0005419680214708762,-38019.85496807581,0,11
0.038625368166863565,0.0005419680214708762,-38040.512329380035,0,10
0.038640159481774385,0.0005419680214708762,-38059.43196608577,0,10
0.0386540038448483,0.0005419680214708762,-38076.56622114846,0,9
0.038665811602887686,0.0005419680214708762,-38089.509681988566,0,7
0.038682299417351934,0.0005199284095523451,-38109.52912364765,0,8
0.03869253474172399,0.0005028426012528854,-38118.11422794333,0,7
0.038706000375676945,0.0004912132626545694,-38133.37838859584,0,8
0.03871693246401544,0.000481834986640429,-38140.566012381234,0,6
0.03872332467606519,0.0004772746110898532,-38142.343577093074,0,2
0.03872970990102864,0.0004726754105853537,-38144.77785951582,0,2
0.038736028018286205,0.0004726754105853537,-38146.625952613686,0,1
0.03874487298777396,0.0004726754105853537,-38150.1754380369,0,1
0.038755407571780004,0.0004726754105853537,-38155.66383239588,0,0
0.038773245680163576,0.0004726754105853537,-38169.62663099748,0,1
0.03877915800141853,0.0004726754105853537,-38161.95609628434,0,1
0.038785512385970236,0.0004726754105853537,-38156.13413908472,0,3
0.038796940579556766,0.0004726754105853537,-38166.51476307016,0,7
0.03882566266418395,0.0004970310791589901,-38206.82691391286,0,8
0.038832007467295246,0.000500698194096779,-38196.67782917225,0,10
0.03884593133385477,0.000500698194096779,-38217.71079288933,0,11
0.038859972773224824,0.0005367730250153195,-38240.9982944169,0,9
0.038875912754164264,0.0005367730250153195,-38270.76226083434,0,10
0.03889095386751725,0.0005367730250153195,-38298.54475675246,0,9
0.03890310892402189,0.0005367730250153195,-38319.023572339145,0,9
0.038919874471853515,0.0005367730250153195,-38343.841763474695,0,9
0.03893304833864778,0.0005367730250153195,-38359.91552374018,0,9
0.038947115129651974,0.0005232879703099535,-38379.09853638071,0,9
0.038959945272797246,0.0005200486917867913,-38393.508646551956,0,7
0.03897671143700326,0.0005024299030539045,-38413.79194525333,0,9
0.038990330746934886,0.0005024299030539045,-38429.30262414726,0,9
0.03900127836536778,0.0004889450700356232,-38439.02833252577,0,6
0.03901185064010057,0.00048052953925069325,-38445.98798437417,0,5
0.03901967461152748,0.0004693458417961283,-38448.6238674368,0,2
0.039026337287136975,0.000454158487763203,-38450.027551298124,0,1
0.03903327141289459,0.00043395463121536623,-38451.85102483161,0,1
0.0390408741237661,0.00043076819098526346,-38453.884057665135,0,0
0.039050941219271475,0.00043076819098526346,-38458.49823486939,0,0
0.03906522621327414,0.00043076819098526346,-38468.79760200695,0,0
0.0390715279702573,0.00044225892621316276,-38462.83365468887,0,1
0.0390796725535134,0.00047421436125976113,-38464.031177962104,0,3
0.039091387761481695,0.00047421436125976113,-38474.32834172867,0,4
0.03911365638347979,0.00047421436125976113,-38503.816141768686,0,7
0.0391218722709748,0.00047421436125976113,-38499.26956254935,0,9
0.0391333332125203,0.0004752063362395704,-38510.264465014116,0,8
0.039145230263083544,0.0004752063362395704,-38524.92624034892,0,8
0.039159714844546514,0.0004752063362395704,-38549.856265403294,0,10
0.03917436600929999,0.0004752063362395704,-38576.3886009145,0,9
0.039189412437296636,0.0004752063362395704,-38602.43943155451,0,10
0.03920753279337434,0.0004969160565848617,-38628.21515946004,0,8
0.03922064480638411,0.0004969160565848617,-38640.80793036423,0,9
0.03923419716382282,0.0005329906829107507,-38658.87613875469,0,9
0.039249406008067436,0.0005329906829107507,-38677.16271275232,0,9
0.03926481230934301,0.0005329906829107507,-38696.6352405574,0,9
0.03927761129187666,0.0005329906829107507,-38711.12667399403,0,8
0.0392885500509546,0.0005329906829107507,-38721.316454187625,0,6
0.03929918834701026,0.0005329906829107507,-38727.99094170036,0,5
0.039306416001967145,0.0005329906829107507,-38730.19998174454,0,2
0.039311557091551416,0.0005329906829107507,-38730.983512443134,0,1
0.03931545519550424,0.0005329906829107507,-38731.14920719115,0,0
0.03932070976689715,0.0005329906829107507,-38732.37182286166,0,0
0.03933062829957585,0.0005329906829107507,-38736.971056483555,0,0
0.039347571080009545,0.0005329906829107507,-38749.79255424593,0,0
0.03935336204299393,0.0005329906829107507,-38742.05590591184,0,2
0.03936240844857769,0.0005329906829107507,-38745.683225580906,0,5
0.03937589411623464,0.0005638083493665006,-38760.004808814636,0,8
0.039401376906409255,0.0005923421228727024,-38794.94079841139,0,9
0.03940934980403422,0.0005676340229107897,-38791.05146390074,0,9
0.039422067837923076,0.0005013312625402062,-38807.73277842755,0,8
0.03943452712612873,0.0005013312625402062,-38825.11003496539,0,8
0.03944662267332683,0.0005013312625402062,-38842.39967633822,0,7
0.03945917916943738,0.0005013312625402062,-38863.2289397997,0,8
0.03947122255026076,0.0005013312625402062,-38885.20604281389,0,8
0.03948633627556795,0.0005091395392705135,-38906.22177829048,0,8
0.039497911407429344,0.0005091395392705135,-38920.72488127884,0,7
0.039511245582413125,0.0005091395392705135,-38939.694807212836,0,8
0.03952581401340649,0.0005091395392705135,-38958.129056879494,0,8
0.039543939779746906,0.0005091395392705135,-38982.96092432617,0,8
0.03955123071727771,0.0005091395392705135,-38982.458034839656,0,5
0.039563035216816936,0.0005091395392705135,-38995.06380521704,0,6
0.03957080453786776,0.0005091395392705135,-38998.912236498814,0,3
0.039575857561772725,0.0005091395392705135,-38999.96793952846,0,1
0.03958088961910522,0.0005091395392705135,-39001.316100017044,0,1
0.0395854904393411,0.0005091395392705135,-39001.977740540766,0,0
0.03959269980705142,0.0005091395392705135,-39004.17111435934,0,0
0.03960323825612844,0.0005137427341597534,-39009.715992124016,0,0
0.039622378204015915,0.0006176618281551089,-39025.46681160085,0,1
0.039628966737395716,0.0006314762769473812,-39020.06016296324,0,2
0.039636808711449596,0.0006314762769473812,-39020.32190540077,0,6
0.03964980993906988,0.0006314762769473812,-39033.62806018859,0,8
0.03967432543545766,0.0006314762769473812,-39068.5848772324,0,8
0.03968516437104161,0.0006314762769473812,-39074.72451269651,0,9
0.03969732317252104,0.0006314762769473812,-39088.93839033353,0,9
0.03970912850800372,0.0006314762769473812,-39105.89482922727,0,9
0.03972436635140584,0.0006314762769473812,-39135.362984227955,0,9
0.03973974229340264,0.0006314762769473812,-39167.47278550471,0,10
0.03975159665606636,0.0006314762769473812,-39186.78899389221,0,10
0.03976513924324651,0.0006314762769473812,-39208.204809608185,0,8
0.03977737213161855,0.0006314762769473812,-39227.391733798235,0,8
0.03979008823323743,0.0006147258716127124,-39243.988485974136,0,7
0.03980405718971662,0.0005971906398879402,-39261.64856164066,0,8
0.03981884332000956,0.0005780724439977757,-39279.600758901084,0,8
0.03982923299181629,0.0005629830968815101,-39288.944768439,0,6
0.03983982175503352,0.0005527452409735089,-39300.3841316115,0,6
0.039848221814279744,0.0005441202381573196,-39305.34232627815,0,4
0.03985471346284751,0.0005322794797103867,-39307.73920422695,0,2
0.039860395553479845,0.000514583272239409,-39309.10984458219,0,1
0.03986540494394293,0.0004912355627102595,-39309.75813950652,0,0
0.03987295869546353,0.00046427693718533944,-39312.22587398243,0,0
0.03988383765594791,0.0004460978300710771,-39318.057339748135,0,0
0.0399022970835464,0.0004460978300710771,-39333.34636095497,0,0
0.039908406142614074,0.0004563207139245348,-39326.44103810617,0,2
0.039917255375187005,0.0004563207139245348,-39329.6913587064,0,6
0.03992861641012211,0.00045133604453798424,-39339.815341762376,0,9
0.03995368775729654,0.00045133604453798424,-39375.12736656975,0,7
0.0399615311367803,0.00045133604453798424,-39370.404606887736,0,8
0.03997207834157757,0.00045133604453798424,-39379.968065695204,0,10
0.039986095694235384,0.00045133604453798424,-39403.41925593928,0,9
0.039999147618855015,0.0004685436300464763,-39424.63490060237,0,7
0.04001318168817926,0.0005291209821260654,-39450.60699827721,0,9
0.04002583377603895,0.0005291209821260654,-39473.50846355768,0,9
0.04004080644872433,0.0005208519209736331,-39495.1787098836,0,9
0.04005489163725546,0.0005208519209736331,-39514.925910806305,0,9
0.04006861290423022,0.0005208519209736331,-39534.58718927183,0,9
0.04008197833651678,0.0005208519209736331,-39550.504583285256,0,8
0.04009828846362448,0.0005208519209736331,-39570.05612418769,0,8
0.040111319329467286,0.0005208519209736331,-39583.29145292599,0,8
0.04012236780472413,0.0005124561997580797,-39593.14184322988,0,6
0.04013159467804222,0.0005124561997580797,-39598.3706423528,0,4
0.04013845846275903,0.0005124561997580797,-39600.65192188649,0,2
0.04014243625674752,0.0005124561997580797,-39600.48366780552,0,0
0.04014650326907114,0.0005124561997580797,-39600.87984707126,0,0
0.040153187214689405,0.0005124561997580797,-39602.958165796575,0,0
0.04016398707749993,0.0005124561997580797,-39608.62784270664,0,0
0.040183502850905176,0.0005124561997580797,-39623.97628528859,0,1
0.040189118842922075,0.0005124561997580797,-39615.47466613001,0,2
0.040196580704051965,0.0005124561997580797,-39614.81738654043,0,6
0.040209819650948296,0.0005124561997580797,-39628.270058899085,0,9
0.04023655257982784,0.0005124561997580797,-39665.19507445299,0,9
0.04024469548605003,0.0004404764195738835,-39661.09235419832,0,8
0.04025427976811857,0.0004404764195738835,-39668.07755087759,0,7
0.04026655757386625,0.0004404764195738835,-39686.388428176564,0,8
0.04028089548319413,0.0004645075522131632,-39709.22816917919,0,8
0.04029394545670907,0.0004645075522131632,-39729.46637210265,0,8
0.04030964403813767,0.0004677069387238127,-39755.08294236692,0,10
0.04032519311393302,0.0004677069387238127,-39774.71480474535,0,10
0.04033682681230095,0.0004677069387238127,-39786.714705347316,0,7
0.04034767525386391,0.0004677069387238127,-39797.51301726144,0,6
0.040360420001757276,0.0004677069387238127,-39812.302514534254,0,8
0.04037619304721956,0.0004677069387238127,-39830.4079282864,0,9
0.04038986948950487,0.0005415414820006908,-39844.320716148024,0,8
0.04040211512786388,0.0005415414820006908,-39855.61292754187,0,7
0.04041212179496309,0.0005415414820006908,-39861.65440154796,0,5
0.040418741749566056,0.0005415414820006908,-39863.6009495228,0,2
0.04042301789979017,0.0005415414820006908,-39863.280562032116,0,0
0.04042765797272304,0.0005415414820006908,-39863.78808731322,0,0
0.040435406801844674,0.0005415414820006908,-39866.30623668213,0,0
0.0404468294131005,0.0005415414820006908,-39872.58551356969,0,0
0.04046461051468216,0.0005660117201923153,-39886.66554891431,0,0
0.04047109101327392,0.0005816441671862951,-39881.2456322121,0,1
0.04047941831682946,0.0006041031809467501,-39881.81891625803,0,6
0.04049172392878903,0.0006041031809467501,-39893.34483467565,0,8
0.040511933007826156,0.0006041031809467501,-39919.904309614154,0,9
0.04052216698768157,0.0006041031809467501,-39921.90721552602,0,8
0.04053491714249098,0.0006041031809467501,-39936.23835018182,0,9
0.04054867934768331,0.0006041031809467501,-39957.38819691753,0,10
0.04056344663638507,0.0006041031809467501,-39981.36470340249,0,9
0.04057749644260345,0.0006041031809467501,-40003.134783754154,0,8
0.040592557561930954,0.0006041031809467501,-40028.40673233479,0,10
0.04060802511466407,0.0005873796061353564,-40045.69677459389,0,9
0.04062245354815864,0.000575987464291322,-40061.61969694917,0,9
0.04063551301875631,0.0005674057828395501,-40075.82697567447,0,8
0.04064782619930557,0.0005587231818188209,-40088.15039822375,0,7
0.040661928359998045,0.0005423969584164001,-40103.200592147565,0,8
0.04067369768584438,0.0005253344257290769,-40115.353210074216,0,7
0.04068736079169841,0.0005138036959775975,-40129.41328818384,0,8
0.040698099382344574,0.0005040062293892008,-40136.489806951424,0,6
0.040705151106881866,0.0004876219796501097,-40138.53554930979,0,2
0.04071132239289129,0.00046504307066585923,-40139.855657291875,0,1
0.04071771474142513,0.0004397370622612701,-40141.658926938944,0,1
0.04072631074478759,0.0004245203383842855,-40145.1068603748,0,1
0.04073698737701978,0.0004245203383842855,-40150.551998143994,0,0
0.04075422196116913,0.0004245203383842855,-40163.49370767394,0,1
0.04076005995416041,0.0004245203383842855,-40155.68138682352,0,1
0.04076745500983031,0.0004245203383842855,-40154.41236968771,0,3
0.040779663890897655,0.0004245203383842855,-40165.45563339339,0,7
0.040804063281335075,0.0004228966503878855,-40198.38996799344,0,8
0.04081230194130069,0.00043231225082929556,-40194.581850607705,0,10
0.0408232957844206,0.00043231225082929556,-40207.154907239244,0,11
0.04083788829074527,0.0004948736977440051,-40231.07399828823,0,9
0.040855058778159675,0.0004948736977440051,-40262.459107215625,0,11
0.04086990218104921,0.0004948736977440051,-40287.48865653698,0,10
0.040883827861904004,0.00048139288640173947,-40310.00339769464,0,9
0.04089954491999286,0.0004770915972547309,-40327.33724785583,0,9
0.040914507275644725,0.0004770915972547309,-40343.917852270366,0,9
0.04092836907163683,0.0004770915972547309,-40359.49841080719,0,9
0.04094154926031723,0.0004770915972547309,-40372.56729378182,0,7
0.04095673705404033,0.0004560937917822291,-40388.34873716303,0,8
0.04097028658540368,0.00044621329013827207,-40401.74875139122,0,8
0.04098139016314714,0.00044621329013827207,-40410.75200435968,0,6
0.04099134831031217,0.00044621329013827207,-40416.822311638985,0,5
0.04099844401268307,0.00044621329013827207,-40419.15326841972,0,2
0.04100506931505185,0.00044621329013827207,-40420.74817137154,0,1
0.04101212855651633,0.00044621329013827207,-40422.67793612897,0,1
0.04101991632948597,0.00044621329013827207,-40424.9326165281,0,0
0.0410305610367973,0.00044621329013827207,-40429.80372594472,0,0
0.041045531375266196,0.00044621329013827207,-40439.81919062488,0,0
0.041051453792622185,0.00044621329013827207,-40432.48822809063,0,1
0.04105908405136473,0.00044621329013827207,-40431.8592380387,0,3
0.041070422865491105,0.00044621329013827207,-40440.202741785375,0,4
0.04109340142370232,0.00044621329013827207,-40469.486116662534,0,7
0.04110041152600145,0.00044621329013827207,-40460.65914791226,0,8
0.041110334552095056,0.00044621329013827207,-40468.40199418964,0,8
0.04112271753038499,0.00044621329013827207,-40485.47588545994,0,8
0.04113644886316315,0.0004245186247813212,-40508.7932482311,0,10
0.04115028407223392,0.0004245186247813212,-40531.824062710526,0,9
0.04116588034320056,0.0004110382677948163,-40557.34747169424,0,10
0.041180083680223106,0.000402635610986347,-40573.39338552122,0,9
0.04119382998689724,0.00039940520491660737,-40588.76024210518,0,9
0.04120947653382032,0.00044908243950346477,-40605.05590099792,0,9
0.04122382919462042,0.0004895070000925927,-40620.329490866854,0,9
0.04123905375606408,0.0004895070000925927,-40636.21734524376,0,9
0.04125213062325419,0.0004895070000925927,-40649.05080116369,0,8
0.041262912194630116,0.00047602684890974713,-40658.12001859205,0,6
0.041271996256825094,0.0004710898442376532,-40662.746434353496,0,4
0.041278387457123485,0.0004710898442376532,-40664.533354148465,0,2
0.04128328448871868,0.0004710898442376532,-40665.64774528636,0,1
0.041286962324964545,0.0004710898442376532,-40665.78891442699,0,0
0.04129255541619622,0.0004710898442376532,-40667.0543999684,0,0
0.041302716499797866,0.0004710898442376532,-40671.11568136069,0,0
0.041320000668241576,0.0005084528329054844,-40682.25662346318,0,0
0.041325834076839214,0.0005222769947931525,-40675.43805548933,0,2
0.04133443188453976,0.0005222769947931525,-40677.647153133,0,5
0.04134776507642407,0.0005222769947931525,-40690.26733680534,0,8
0.0413724289493152,0.0005222769947931525,-40721.478261874545,0,9
0.041381704583314,0.0005222769947931525,-40720.78838801257,0,10
0.04139456755062438,0.0005222769947931525,-40736.19187066696,0,9
0.04140675059651219,0.0005222769947931525,-40751.3658906094,0,8
0.0414182950569773,0.0005222769947931525,-40767.830266950026,0,7
0.041432707752521024,0.0005222769947931525,-40787.692259699164,0,7
0.041445016201233774,0.0005222769947931525,-40805.846676408444,0,8
0.04145865209395783,0.0005222769947931525,-40821.01953129155,0,8
0.04147155499750973,0.0005222769947931525,-40833.65917170395,0,7
0.04148560503938841,0.00045356109864119385,-40849.76865905087,0,9
0.04149960307771559,0.00045356109864119385,-40864.24136799608,0,8
0.04151348487146793,0.00045356109864119385,-40878.636044373365,0,8
0.041524728376566455,0.00045356109864119385,-40886.9099290194,0,5
0.04153448916032457,0.00045356109864119385,-40894.15072416743,0,5
0.04154164967314381,0.00045356109864119385,-40897.6109481666,0,3
0.041546664786898564,0.00045356109864119385,-40898.57809473892,0,1
0.04155106059714673,0.00045356109864119385,-40899.67372785552,0,1
0.041554444080685406,0.00045356109864119385,-40899.83002245008,0,0
0.041559117111299886,0.00045356109864119385,-40900.74657364574,0,0
0.04156959278383495,0.00045356109864119385,-40905.346908521635,0,0
0.041590611906515335,0.0004639698571403657,-40919.167833468695,0,1
0.04159642989683486,0.0004798377141129362,-40912.152789656466,0,2
0.0416047411291541,0.0005072247738835783,-40913.62054464417,0,6
0.04161654855492759,0.0005039624034179574,-40923.97569784791,0,8
0.04164297338481254,0.0005039624034179574,-40957.49729714597,0,8
0.04165038427704999,0.000517100315769762,-40951.018191663956,0,9
0.04166161352754349,0.0005403592878382595,-40961.67789902229,0,8
0.04167570727208051,0.0005403592878382595,-40982.98662211229,0,9
0.04168926784049524,0.0005403592878382595,-41004.7784427412,0,9
0.04170532733358749,0.0005403592878382595,-41031.01540582729,0,10
0.04171957139279891,0.0005403592878382595,-41054.95169685312,0,10
0.04173464338989914,0.0005403592878382595,-41072.61515572916,0,9
0.04174746938937246,0.0005722906709335747,-41086.38955231714,0,8
0.04175881910236764,0.0005722906709335747,-41098.78008345145,0,7
0.04177313924759902,0.0005722906709335747,-41114.39322408227,0,8
0.04178773728372412,0.0005722906709335747,-41130.264499848745,0,8
0.04179849956007235,0.0005722906709335747,-41139.21888805336,0,6
0.04180955499520153,0.0005722906709335747,-41149.26975818132,0,6
0.04181787852960812,0.0005722906709335747,-41153.91148066447,0,4
0.04182352619952909,0.0005722906709335747,-41155.7523071274,0,2
0.041828280496129196,0.0005722906709335747,-41156.77742761125,0,1
0.041831960987840006,0.0005722906709335747,-41156.94233676764,0,0
0.041838694054637304,0.0005722906709335747,-41159.16375831093,0,0
0.04185018371626939,0.0005722906709335747,-41165.19103832818,0,0
0.041873204387173645,0.0005722906709335747,-41182.159001041626,0,0
0.04187861956472445,0.0005722906709335747,-41173.07646625809,0,3
0.04188565582826199,0.0005722906709335747,-41170.587375517454,0,7
0.04189924759187969,0.0005338775436838448,-41185.14830987638,0,9
0.0419247881294228,0.00048402169833011336,-41219.94240154812,0,7
0.04193373178963263,0.00048702643497130696,-41218.86355041,0,8
0.04194496176697722,0.00048702643497130696,-41229.36668316601,0,9
0.04195843226184989,0.00048702643497130696,-41249.34845277862,0,9
0.04197272008084379,0.0004876693776753574,-41273.382808066526,0,8
0.041987247498728834,0.0004876693776753574,-41300.01118521393,0,10
0.0420005205995891,0.000474190380437187,-41319.289333399494,0,9
0.04201904982779895,0.00046339295686837894,-41348.63163934908,0,9
0.04203184304796666,0.000466058452293356,-41365.6598666119,0,9
0.04204479918163467,0.0005298474098697293,-41384.8608932548,0,9
0.04205778142758255,0.0005298474098697293,-41401.456032581256,0,8
0.04207155632495024,0.0005298474098697293,-41418.18006636644,0,8
0.04208573030314353,0.0005298474098697293,-41433.601787483225,0,8
0.04209625367453859,0.0005298474098697293,-41443.20508614731,0,6
0.04210476155139546,0.0005298474098697293,-41448.140872523945,0,4
0.04211151860206311,0.0005125318462179259,-41450.399986032484,0,2
0.04211535045488686,0.0005006947967122479,-41450.2486784612,0,0
0.04211914012472035,0.0004904519246283446,-41450.409378283955,0,0
0.04212590784156272,0.0004696857006483155,-41452.63444388506,0,0
0.042136851654486135,0.0004696857006483155,-41458.43852026734,0,0
0.04215723123006782,0.0004696857006483155,-41474.03694867807,0,1
0.04216426788388195,0.0004696857006483155,-41469.26918989612,0,2
0.04217239690684273,0.0004724038471214859,-41469.44709382868,0,6
0.04218550862639672,0.0004724038471214859,-41482.02293418172,0,9
0.042209504574585575,0.0004724038471214859,-41514.7294624091,0,9
0.04221776799808055,0.0004724038471214859,-41512.53485880558,0,8
0.042229120884432834,0.0004724038471214859,-41524.76060526422,0,8
0.04224248206012533,0.0004724038471214859,-41546.033850172455,0,8
0.04225588788015591,0.0004724038471214859,-41568.90425274849,0,8
0.04226939299771911,0.0004724038471214859,-41593.036626783265,0,8
0.0422817404695738,0.0004724038471214859,-41614.48678212168,0,10
0.04229914271146583,0.0005194859886451513,-41642.99700479102,0,10
0.042310193926386956,0.0005194859886451513,-41656.599106271984,0,7
0.04232105686528903,0.0005194859886451513,-41670.83867402099,0,6
0.042333507651364406,0.0005194859886451513,-41688.05218120352,0,8
0.04234860840887134,0.0005194859886451513,-41704.992474443636,0,8
0.042362124232781496,0.0005194859886451513,-41720.050435299345,0,8
0.04237407247954349,0.0005194859886451513,-41732.06302471532,0,7
0.04238457218124706,0.0004989652495712474,-41738.50937660925,0,5
0.042391328096218345,0.00047878230901732076,-41740.42687392276,0,2
0.04239523985985913,0.00045838351098698925,-41740.104841056396,0,0
0.042399164247990645,0.00043583465101284125,-41740.46462270336,0,0
0.04240599568303449,0.00042240761292109514,-41742.6026772275,0,0
0.04241763433709245,0.00042240761292109514,-41748.64623916762,0,0
0.04243822165479491,0.0004515462436365978,-41763.4915656893,0,0
0.04244379948144988,0.00046537652587688445,-41754.82311725013,0,1
0.042450900824430926,0.00046537652587688445,-41752.10387909684,0,6
0.042463087992233944,0.00046537652587688445,-41762.78907229266,0,8
0.04248933705548993,0.00045996526851948015,-41798.63401384646,0,8
0.04249491492769332,0.0004737055096158391,-41786.28487623102,0,9
0.04250883527338424,0.0004737055096158391,-41805.00236339597,0,8
0.0425246281435725,0.0004737055096158391,-41830.650753871894,0,10
0.04253915318746038,0.0004737055096158391,-41854.34219097323,0,8
0.04255179447182125,0.0004737055096158391,-41874.300548824736,0,8
0.04256573299731795,0.0004737055096158391,-41900.80117787948,0,11
0.0425823193514379,0.0004737055096158391,-41925.38052162684,0,10
0.04259730483673875,0.0004737055096158391,-41946.75750056306,0,10
0.04261012155034588,0.0004737055096158391,-41963.2145173585,0,8
0.042622783817977426,0.0004737055096158391,-41976.90858098355,0,7
0.04263628094672933,0.0004737055096158391,-41992.04808927123,0,8
0.042649216364598,0.00045798904823657723,-42005.35198178597,0,7
0.04266242442995376,0.0004475275589198223,-42019.21410977929,0,8
0.042673315191277886,0.00043892787301177873,-42026.38373630434,0,6
0.04268018736389573,0.00043025986489146444,-42028.317150147894,0,2
0.042685236504446306,0.00042159663622329485,-42029.11851470269,0,1
0.04269080707374216,0.0004024530757970728,-42030.97781981215,0,1
0.04269919299542111,0.0004019646913150205,-42034.329238892926,0,1
0.04271021675267801,0.0004019646913150205,-42039.9622281554,0,0
0.042729142742350255,0.0004569109248637727,-42053.45290347614,0,1
0.04273539605736245,0.0004712426457723375,-42047.46108880464,0,1
0.04274290970547792,0.0004934705869639586,-42046.31556756763,0,4
0.04275640346662774,0.0004934705869639586,-42059.7995778275,0,7
0.04277824814059705,0.0004934705869639586,-42088.64961090288,0,8
0.04278910967290302,0.0004934705869639586,-42092.5797710971,0,10
0.04280066164698232,0.0004934705869639586,-42103.64933869471,0,11
0.04281534223643145,0.0004934705869639586,-42126.575336375376,0,10
0.042832444014216486,0.0004934705869639586,-42157.523426392785,0,11
0.04284691555704458,0.0004755030261338211,-42182.34379991691,0,10
0.042860891415995916,0.00046401761286976394,-42208.14998949613,0,10
0.04287676056597204,0.00046401761286976394,-42228.63751343278,0,9
0.04289003570682901,0.00046401761286976394,-42245.70044116213,0,9
0.0429049507443541,0.00046401761286976394,-42263.919217672825,0,9
0.042917826747463424,0.00046401761286976394,-42276.9088805439,0,7
0.042933107704113946,0.00046401761286976394,-42294.54415548147,0,9
0.04294738544820975,0.00046401761286976394,-42310.35845825813,0,9
0.04295920397206623,0.00046401761286976394,-42321.79698204184,0,7
0.04296871199952633,0.00046401761286976394,-42327.90666289178,0,5
0.04297710842559175,0.00044531123659627463,-42331.49322125689,0,3
0.04298281901471807,0.00042357117877749257,-42332.53683798886,0,1
0.04298875117324982,0.0004063477122530588,-42334.070262202215,0,1
0.042995919588844786,0.0004063477122530588,-42336.1468755598,0,0
0.04300636942549123,0.0004063477122530588,-42340.82811591713,0,0
0.043020484575219196,0.0004063477122530588,-42350.37786905013,0,0
0.043026972936419224,0.0004063477122530588,-42345.42896015038,0,0
0.04303526370206511,0.00042064240074814825,-42346.81900150539,0,3
0.04304572709546259,0.0004638425399437385,-42354.30000279417,0,4
0.04306726721836467,0.0004638425399437385,-42382.482664195435,0,7
0.04307369262495903,0.0004638425399437385,-42372.32988731153,0,9
0.043085037020255484,0.0004638425399437385,-42383.53682875338,0,8
0.04309763420623898,0.0004783221820417861,-42399.36156361356,0,7
0.04311073165372915,0.0004783221820417861,-42419.18010284517,0,8
0.04312438563766509,0.0004783221820417861,-42442.691255649195,0,9
0.043139604691171875,0.00047395290899450616,-42468.78463601756,0,10
0.04315652410491556,0.00047395290899450616,-42488.38076162977,0,9
0.043170289945028195,0.00047395290899450616,-42504.295591807815,0,9
0.04318365873313466,0.00047395290899450616,-42518.90171132847,0,8
0.043198036186676995,0.00046047638176688853,-42536.22888619408,0,9
0.043212140280336084,0.00045208473416933525,-42551.4299182089,0,8
0.04322580595454158,0.00044747914968510993,-42565.98534613336,0,8
0.04323638541717936,0.0004387305587834038,-42575.4022155888,0,6
0.0432451742043472,0.0004300758812005245,-42580.303320621344,0,4
0.043251424625124824,0.000421415066343632,-42582.244640465164,0,2
0.04325584523208375,0.00041275483892971615,-42583.02319116895,0,1
0.04325903574914891,0.0004059483739197125,-42583.01059260929,0,0
0.04326363344705053,0.0004059483739197125,-42583.951129554596,0,0
0.04327359459362023,0.0004059483739197125,-42588.3122974311,0,0
0.04329159867044288,0.0004059483739197125,-42601.00932253192,0,0
0.043297382771611666,0.0004059483739197125,-42593.691394946654,0,2
0.04330695551798435,0.0004059483739197125,-42598.46219347329,0,7
0.043321005209349284,0.0004059483739197125,-42613.027490464054,0,8
0.04334441187420741,0.0004059483739197125,-42643.525844147836,0,9
0.043353908081611006,0.0004059483739197125,-42644.09913780695,0,10
0.04336395849209378,0.0003873221296949665,-42652.85178341469,0,8
0.043376293430366156,0.0003873221296949665,-42671.008361587796,0,8
0.043389172138838646,0.0003873221296949665,-42691.03444611142,0,7
0.04340265025366757,0.0004404006659121184,-42711.786185995,0,8
0.04341494301637365,0.0004404006659121184,-42731.38418363595,0,8
0.04342747073239363,0.0004404006659121184,-42744.733622016654,0,7
0.04344186263339239,0.0004404006659121184,-42759.940809861495,0,8
0.043456086511854036,0.0004548802501533647,-42776.189402495715,0,9
0.04347086479395471,0.0004548802501533647,-42791.14597880914,0,8
0.04348516659392212,0.0004548802501533647,-42805.69971017883,0,8
0.04349672644358959,0.0004548802501533647,-42815.67588669701,0,6
0.04350731824619299,0.0004548802501533647,-42824.92759667524,0,6
0.04351430020595683,0.0004548802501533647,-42828.34717780349,0,3
0.043519474914726505,0.0004548802501533647,-42829.3012035905,0,1
0.043524512402081245,0.0004548802501533647,-42830.59154444114,0,1
0.04352849279120181,0.0004548802501533647,-42831.09830552446,0,0
0.04353539425901705,0.0004548802501533647,-42833.41606479521,0,0
0.04354626490190969,0.0004548802501533647,-42838.99595946456,0,0
0.04356624595781242,0.0004548802501533647,-42853.99935464142,0,1
0.043571934066323884,0.0004667238196942777,-42845.49023297452,0,2
0.043580248802310706,0.0004906088964055294,-42845.88145269095,0,6
0.043593662151393785,0.0005005667541916424,-42859.81570875031,0,8
0.04361833587531464,0.00042738658020454134,-42893.30803212904,0,8
0.04362626544376095,0.00042738658020454134,-42887.51559050987,0,9
0.04363777668746357,0.00044212404312315106,-42899.54797247421,0,8
0.0436513440203212,0.00044212404312315106,-42920.51611513624,0,9
0.04366644455714915,0.00045664851732920127,-42944.076358113285,0,9
0.04368186508886609,0.00045664851732920127,-42970.27529119046,0,10
0.04369625572784386,0.00045664851732920127,-42994.63900131493,0,10
0.04371150646640597,0.0004647031280130274,-43012.181851664376,0,9
0.04372463456649044,0.0004647031280130274,-43026.46115507363,0,8
0.04373710013278749,0.0004647031280130274,-43039.31578190626,0,7
0.043750642070924065,0.0004448990713268362,-43054.44082621901,0,8
0.043763978065712375,0.0004317088564598952,-43069.000982396195,0,8
0.04377508558117521,0.00042320538549899255,-43079.10936803869,0,6
0.0437869756276593,0.0004198050777160572,-43091.16039452141,0,7
0.04379553498848569,0.0004198050777160572,-43095.87033922825,0,4
0.04380198055892632,0.0004198050777160572,-43097.94381162083,0,2
0.04380688077480011,0.0004198050777160572,-43098.94872543229,0,1
0.043810762351797726,0.0004198050777160572,-43099.23918083795,0,0
0.043817771287033035,0.0004198050777160572,-43101.53171265119,0,0
0.043829295717085236,0.0004198050777160572,-43107.66125878773,0,0
0.04384867134044976,0.0004896733421820311,-43122.32670991668,0,0
0.043854265723747794,0.0005038988928154182,-43113.44749560091,0,2
0.04386189006538048,0.000527684860606388,-43112.689392591325,0,6
0.043875396253713075,0.000527684860606388,-43126.73639429874,0,9
0.043901986063131344,0.000527684860606388,-43162.33782422591,0,7
0.04390823035508223,0.000527684860606388,-43151.721622040044,0,8
0.043917506874650306,0.000527684860606388,-43158.16098038847,0,9
0.04393266608017691,0.000527684860606388,-43181.84097099691,0,9
0.04394497422982727,0.000527684860606388,-43199.43538870782,0,7
0.04395961731556046,0.000527684860606388,-43224.82174478489,0,9
0.04397222857469254,0.000527684860606388,-43243.72125383268,0,8
0.043987705429656396,0.0005142096845910254,-43261.33362967731,0,9
0.04400175396542167,0.0005058219199418358,-43277.34087074595,0,9
0.04401577505362695,0.0004651671129141814,-43293.784712557834,0,9
0.04402861150267662,0.0004651671129141814,-43308.01093016582,0,8
0.04404243091506495,0.0004651671129141814,-43323.019924010405,0,8
0.044055059965215825,0.0004505273980736217,-43335.13370871589,0,7
0.04406596403140094,0.0004505273980736217,-43344.660578198636,0,6
0.04407368150755412,0.0004505273980736217,-43348.09046713642,0,3
0.0440799349443505,0.0004505273980736217,-43350.11393373845,0,2
0.044083388656680336,0.0004505273980736217,-43350.02771959839,0,0
0.0440873355660172,0.0004505273980736217,-43350.47893743357,0,0
0.04409463217344191,0.0004505273980736217,-43352.78520423746,0,0
0.04410566008492649,0.0004505273980736217,-43358.325548224995,0,0
0.04412712826700059,0.0004505273980736217,-43373.62874376422,0,1
0.044133296275794306,0.0004505273980736217,-43367.643052596395,0,2
0.044141142744296265,0.0004505273980736217,-43366.79021132254,0,6
0.044152842955202005,0.00041951859139854127,-43376.648595822306,0,9
0.04417663389726866,0.000417455403470673,-43408.77328951355,0,9
0.04418694241328516,0.000417455403470673,-43411.43745260287,0,8
0.044198538489512586,0.000417455403470673,-43422.05771312281,0,8
0.04421075637569277,0.00044176558417218073,-43437.0084022107,0,8
0.044224766778921024,0.0004894285368885112,-43459.01455973552,0,9
0.04423892114847861,0.0004894285368885112,-43480.182575594044,0,8
0.044253259837051195,0.0004894285368885112,-43504.996427139115,0,10
0.044268820750025084,0.0004894285368885112,-43523.802293972185,0,10
0.0442807257297758,0.0004894285368885112,-43535.97113848039,0,7
0.044291910325710754,0.0004894285368885112,-43546.43218599766,0,6
0.04430559582458682,0.0004894285368885112,-43561.44280643347,0,8
0.04431941212121337,0.0004894285368885112,-43576.21669134961,0,8
0.044332511662467225,0.0004894285368885112,-43590.072758299786,0,8
0.044344511607540174,0.0004894285368885112,-43601.81080071657,0,7
0.04435433712793665,0.0004894285368885112,-43607.62118679836,0,5
0.044360511475883234,0.0004894285368885112,-43609.549725834644,0,2
0.04436439101281069,0.0004669668474796054,-43609.42012549228,0,0
0.04436823167669199,0.00044319902163951366,-43609.780845409165,0,0
0.044375131158724226,0.00041901678319648073,-43611.97409604653,0,0
0.044386411457098235,0.00041901678319648073,-43617.78353944834,0,0
0.04440412920991071,0.00041901678319648073,-43631.23807778593,0,0
0.04440956579101388,0.00041901678319648073,-43621.64806605327,0,1
0.04441703205806563,0.00041901678319648073,-43620.42014079868,0,6
0.04442972943770854,0.0003863127470372812,-43632.82783460144,0,8
0.04445781473398719,0.0003821305813125844,-43670.55039717659,0,8
0.04446601437610849,0.0003821305813125844,-43666.42730355923,0,9
0.044477166356743265,0.0003821305813125844,-43677.15518180232,0,8
0.044489124391333804,0.0003821305813125844,-43695.17923501642,0,10
0.04450265516432487,0.0003821305813125844,-43716.99305882457,0,8
0.0445159988732313,0.0004252359978628719,-43738.1872558125,0,8
0.04453215570620431,0.00041642772188763894,-43767.38281786849,0,11
0.04454691221119169,0.0004050046569622645,-43784.49216667782,0,9
0.04456209386276095,0.00038780009619382655,-43802.962905017455,0,10
0.04457498910933615,0.00037907213374325865,-43817.719770509444,0,8
0.04458744248222003,0.00037295504157353965,-43830.41477161907,0,7
0.04460142607803121,0.00037295504157353965,-43845.28054694746,0,8
0.044613904503593343,0.00037179355530903344,-43857.603954095546,0,7
0.04462636833415083,0.0004219860710029945,-43869.38195213304,0,7
0.04463751887552125,0.0004219860710029945,-43876.545586892884,0,6
0.044644626727484094,0.0004135303425489744,-43878.75128566657,0,2
0.04465064151963409,0.0004135303425489744,-43879.81762372565,0,1
0.04465695101480648,0.0004135303425489744,-43881.40711119477,0,1
0.04466554900560947,0.0004135303425489744,-43884.46750141796,0,1
0.044676467767890665,0.0004135303425489744,-43889.84277800012,0,0
0.04469523365595737,0.00042674395387276803,-43903.00007065331,0,1
0.044701002918595086,0.0004409689102388784,-43895.36850604413,0,1
0.04470804043857744,0.00046338372311038276,-43892.96286736246,0,4
0.0447205374779973,0.00046338372311038276,-43904.22629263991,0,7
0.04474622065378475,0.00046338372311038276,-43938.52824343475,0,8
0.044752571846885136,0.00044196729946077023,-43928.535544091224,0,10
0.04476622829473466,0.00044196729946077023,-43948.367236295686,0,11
0.044782079087727425,0.00044196729946077023,-43974.44251078893,0,10
0.04479924435022589,0.00044196729946077023,-44003.62562588201,0,11
0.04481456874522319,0.00044196729946077023,-44029.78166845651,0,10
0.04482878034494847,0.0004340932930701331,-44054.54207188091,0,10
0.044844216303316094,0.0004340932930701331,-44072.220592957274,0,9
0.044858491696466316,0.0004340932930701331,-44088.31358824232,0,9
0.04487232626905979,0.0004340932930701331,-44105.07177904722,0,9
0.044886076066547154,0.0004340932930701331,-44119.85185924104,0,8
0.044900769716423504,0.0004340932930701331,-44136.186419525504,0,9
0.04491540382488673,0.00041486265565449196,-44152.22810520102,0,9
0.044926662087157586,0.0004102465095064092,-44163.36851952004,0,7
0.044936259800107674,0.0004102465095064092,-44169.30695173867,0,5
0.044942993728004435,0.0003934888513984064,-44171.270993880185,0,2
0.04494833995550998,0.0003914097108535095,-44172.32973907662,0,1
0.04495431040789028,0.0003914097108535095,-44173.88291620593,0,1
0.044960783391730874,0.0003914097108535095,-44175.453277531094,0,0
0.04497153565134622,0.0003914097108535095,-44180.20033196472,0,0
0.044986124578054225,0.0003914097108535095,-44189.52976801163,0,0
0.04499279170024087,0.0003914097108535095,-44185.420291988725,0,0
0.04500149285263868,0.0004018934060549964,-44187.68319594722,0,3
0.0450113875625236,0.0004018934060549964,-44193.56774574188,0,4
0.0450336076538397,0.00040780748060548406,-44221.34052860595,0,7
0.04504164620846821,0.0004135286949025105,-44216.09802551573,0,9
0.0450507724127572,0.0004341490127264836,-44219.71384853499,0,8
0.04506139889572212,0.0004341490127264836,-44231.92528985152,0,7
0.0450743488211298,0.0004341490127264836,-44252.8206343312,0,8
0.04508892397601575,0.0004341490127264836,-44278.26115531927,0,9
0.04510401071109342,0.0004341490127264836,-44303.07316599275,0,10
0.045118582294405296,0.00042532648134473253,-44319.90110804397,0,9
0.04513267638539425,0.000502458559131428,-44335.84024857643,0,9
0.04514693997527656,0.0004936852697420994,-44352.09803033448,0,9
0.045162367728426994,0.0004850436576816415,-44368.69717893684,0,9
0.045175945238416955,0.0004796950031289047,-44382.79625030454,0,8
0.045189349805182855,0.00046325093353114893,-44397.054323157165,0,8
0.04520068152303963,0.00045481550086505263,-44406.20936544965,0,6
0.045208011082221514,0.00045481550086505263,-44409.60132482038,0,3
0.04521288436554267,0.00045481550086505263,-44410.265438446746,0,1
0.04521746671963489,0.00045481550086505263,-44411.35534927362,0,1
0.04522078194747935,0.00045481550086505263,-44411.466287692696,0,0
0.045224955598675586,0.00045481550086505263,-44412.08988637547,0,0
0.04523423405762167,0.00045481550086505263,-44415.532437929694,0,0
0.045250144252412104,0.00045481550086505263,-44424.966160091346,0,0
0.04525602248001505,0.00045481550086505263,-44418.759596568474,0,1
0.045265162587675975,0.00045481550086505263,-44422.129577411106,0,5
0.045279297589125564,0.00045481550086505263,-44435.661754161105,0,8
0.045304397705343426,0.0004741712257921508,-44466.47110483462,0,9
0.045313590534898265,0.0004741712257921508,-44465.73704313701,0,10
0.04532511285681978,0.0004741712257921508,-44476.884720272494,0,9
0.04533800367330012,0.0004741712257921508,-44496.027591644866,0,8
0.045350737431240795,0.0004563452875824495,-44515.37121736578,0,8
0.04536348717585989,0.0004441918884360747,-44535.46655817113,0,8
0.045377227234319535,0.00043566852027839497,-44557.81761476427,0,9
0.04538874184196476,0.00042546946035694797,-44570.23411561045,0,7
0.04540076720304224,0.0003994287094419759,-44583.16927200894,0,7
0.04541560662435309,0.0003994287094419759,-44600.15584940272,0,9
0.04542958091996574,0.0003994287094419759,-44614.36861428545,0,8
0.04544404478619728,0.0003994287094419759,-44629.32596642711,0,8
0.04545591305870609,0.0004197989386839775,-44639.523095886376,0,6
0.04546674940004797,0.0004197989386839775,-44648.54855195276,0,6
0.04547468343211657,0.0004197989386839775,-44652.210455214816,0,3
0.04547987089658979,0.0004197989386839775,-44652.96186613521,0,1
0.04548478668111058,0.0004197989386839775,-44653.8303282995,0,1
0.04548796459042927,0.0004197989386839775,-44653.85970054877,0,0
0.04549417238779921,0.0004197989386839775,-44655.84430760275,0,0
0.045506136435863535,0.0004470979147778149,-44662.16932914593,0,0
0.045527318535878,0.0005438942977613933,-44677.83045840525,0,1
0.04553284306219878,0.0005475755473709655,-44669.089982521386,0,2
0.04554049018542161,0.0005475755473709655,-44668.3189311541,0,7
0.045553405674562716,0.0005475755473709655,-44681.629146926985,0,8
0.045579594788073254,0.0005475755473709655,-44717.16814617235,0,8
0.045587791501690386,0.0005475755473709655,-44712.896784788514,0,9
0.045598631850241614,0.0005475755473709655,-44723.27804012309,0,8
0.04561038455265322,0.0005475755473709655,-44739.7215709701,0,9
0.045626910841467076,0.0005475755473709655,-44769.70514969985,0,10
0.045642435227878496,0.0005475755473709655,-44797.593934863304,0,10
0.04565594111153802,0.0005475755473709655,-44820.81178174151,0,10
0.0456722007942082,0.0005312390334601574,-44841.71003486934,0,9
0.0456844904799195,0.0005312390334601574,-44855.54693911168,0,8
0.04569658990426124,0.0005107544559038437,-44869.53933660995,0,7
0.04571031600777885,0.0005021009233917057,-44885.562407306985,0,8
0.045724322947177216,0.0004964548324183256,-44901.188354227525,0,8
0.0457369223173898,0.0004964548324183256,-44913.750131741755,0,7
0.04574869785390629,0.0004964548324183256,-44925.83642901157,0,7
0.04575624940269755,0.0004964548324183256,-44930.2563186434,0,4
0.04576223551099707,0.0004777562367991885,-44932.39897262591,0,2
0.045767316266381926,0.00046136767942994955,-44933.661342524276,0,1
0.04577151884471043,0.00046136767942994955,-44934.04939321786,0,0
0.04577814838484992,0.00046136767942994955,-44936.10004232602,0,0
0.045789500708397865,0.00046136767942994955,-44942.25684404101,0,0
0.045807168797598385,0.00046136767942994955,-44956.18139742774,0,0
0.045812826503424005,0.00046136767942994955,-44947.49577380995,0,2
0.04582142079346912,0.00046136767942994955,-44948.92727382808,0,7
0.04583497521565581,0.00045926599075398774,-44962.89063710447,0,9
0.04586179903350184,0.00045926599075398774,-44998.864873605664,0,7
0.045870154058281744,0.00045926599075398774,-44995.08585245457,0,8
0.04588232251914341,0.00045926599075398774,-45008.253579243166,0,9
0.045894977810789266,0.00047986811294560436,-45025.64848105871,0,9
0.045909026193019155,0.0005065549725511758,-45048.258719194826,0,8
0.045923950706099254,0.0005718015984707964,-45075.36652680854,0,10
0.045937567758308526,0.0005718015984707964,-45097.060154669576,0,9
0.04595274833119157,0.0005718015984707964,-45118.06163860784,0,9
0.04596579989250145,0.0005718015984707964,-45136.30915106101,0,9
0.04598038883794242,0.0005718015984707964,-45154.66452578192,0,9
0.045993924419064657,0.0005718015984707964,-45170.543297972436,0,8
0.046007778352558176,0.0005718015984707964,-45185.91501528108,0,8
0.046020112360053426,0.0005718015984707964,-45198.394396889315,0,7
0.04603093579819285,0.0005718015984707964,-45208.32836779918,0,6
0.04604025256973489,0.0005718015984707964,-45213.495338912966,0,4
0.04604705994929058,0.0005718015984707964,-45215.682290286684,0,2
0.04605094167820983,0.0005521880786741406,-45215.35697531761,0,0
0.0460544779256499,0.0005325541924306675,-45215.49899692516,0,0
0.04606066800096165,0.0005276847467970732,-45217.34589972227,0,0
0.046071767268740356,0.0005276847467970732,-45223.060451567464,0,0
0.046090565135527686,0.0005276847467970732,-45237.46940309518,0,1
0.04609606337314976,0.0005276847467970732,-45228.5406329324,0,1
0.04610308608135008,0.0005276847467970732,-45226.64944035792,0,6
0.046115572307078495,0.0005276847467970732,-45239.1582381667,0,9
0.046143653568073054,0.0005019305226108302,-45276.85136507252,0,9
0.04615600584958976,0.0005019305226108302,-45287.21247728277,0,8
0.046166358865489324,0.0005019305226108302,-45293.652436438955,0,8
0.04617692271972294,0.0005152782372434156,-45305.68706133542,0,8
0.046191028716556774,0.0004958426058746444,-45329.94754045533,0,9
0.04620485725079265,0.0004795935890554079,-45353.63795110333,0,8
0.04621794541160374,0.0004688260453423883,-45377.46835006569,0,10
0.04623565525017265,0.0004610542008479477,-45403.86862798071,0,10
0.04624687450390786,0.0004610542008479477,-45416.21477929959,0,7
0.04625836558274902,0.0004610542008479477,-45431.82603806262,0,7
0.046272666629829616,0.0004610542008479477,-45449.13374276085,0,8
0.04628646419291249,0.0005173560182715528,-45464.745195725445,0,8
0.046300263702054784,0.0005173560182715528,-45479.94225435514,0,8
0.04631229660710993,0.0005173560182715528,-45492.152479691606,0,7
0.046322697482890245,0.0005173560182715528,-45498.58893924732,0,5
0.04632993543365321,0.0005173560182715528,-45500.75146335512,0,2
0.04633421483531398,0.0005173560182715528,-45500.36288387619,0,0
0.04633829567749576,0.0005173560182715528,-45500.60909837685,0,0
0.04634469766298772,0.0005173560182715528,-45502.51236135174,0,0
0.04635552431092226,0.0005173560182715528,-45507.92860417343,0,0
0.046373448681664604,0.0005173560182715528,-45521.600055328236,0,0
0.046379079034223517,0.0005302924362319115,-45512.969956855966,0,1
0.04638656254708497,0.0005475273552453887,-45511.78990488882,0,6
0.04640010630520914,0.0005701751034081819,-45525.58077211515,0,8
0.046427729399372494,0.0005880019490861491,-45563.301236137566,0,8
0.04643426118146246,0.0005880019490861491,-45553.86400281895,0,9
0.04644642205965508,0.0005880019490861491,-45568.88793565768,0,9
0.046461664349148495,0.0005880019490861491,-45595.43985072448,0,9
0.0464769736305246,0.0005880019490861491,-45623.91666320722,0,8
0.04648904861479093,0.0005880019490861491,-45643.169477176074,0,8
0.0465025822099077,0.0005834162910473198,-45667.44883988401,0,11
0.046519475758594726,0.0005697956375564643,-45696.50112854348,0,9
0.04653236874799919,0.0005697956375564643,-45716.79360469866,0,10
0.04654583573179177,0.0005697956375564643,-45735.27197978728,0,8
0.046557765613026346,0.0005697956375564643,-45749.63897639815,0,7
0.04657224284853986,0.0005697956375564643,-45766.95263188443,0,8
0.04658560129518973,0.0005697956375564643,-45782.13618301106,0,8
0.04659805353713795,0.0005697956375564643,-45794.67166460246,0,7
0.04660936836955609,0.0005697956375564643,-45802.402642445915,0,6
0.04661660209441106,0.0005697956375564643,-45804.695544867805,0,2
0.04662226150765803,0.0005697956375564643,-45805.84029967391,0,1
0.04662792397430835,0.0005697956375564643,-45807.43889979887,0,1
0.04663552613755751,0.0005697956375564643,-45810.35079022608,0,1
0.04664561405530964,0.0005697956375564643,-45815.16703183775,0,0
0.0466625245803744,0.0005697956375564643,-45828.07624941522,0,1
0.046668381646693693,0.0005697956375564643,-45820.26718308307,0,1
0.04667578558872382,0.0005697956375564643,-45819.04727081805,0,4
0.04668781022274595,0.0005697956375564643,-45830.15355613435,0,6
0.04671538390839456,0.0005994662903399015,-45867.959200104524,0,8
0.04672339429614777,0.0006132403142996857,-45864.21198670256,0,9
0.04673637404898406,0.0006132403142996857,-45882.18603766852,0,11
0.046754104567297596,0.0006132403142996857,-45919.14347256953,0,9
0.04676999195819936,0.0006132403142996857,-45952.813842627125,0,10
0.04678381778001063,0.0005594745859765252,-45978.062919195734,0,10
0.04679449248716717,0.000599181842486035,-45990.07437915489,0,10
0.04681036574398909,0.000599181842486035,-46019.31578068243,0,10
0.046824475382096914,0.000599181842486035,-46043.5133848652,0,9
0.04683966111395534,0.000599181842486035,-46064.56811739317,0,9
0.046852826089087925,0.000599181842486035,-46080.664130077144,0,8
0.046867591678781594,0.0005945962026588341,-46098.70576098003,0,9
0.046883199820999984,0.0005809756032559314,-46116.13841226066,0,9
0.04689541620903064,0.0005809756032559314,-46127.06335301457,0,7
0.046905696189894035,0.0005809756032559314,-46133.629292249956,0,5
0.04691324096969951,0.0005809756032559314,-46136.12459000937,0,2
0.04691991817129514,0.0005809756032559314,-46137.461360278205,0,1
0.046926626478819206,0.0005809756032559314,-46139.3038142387,0,1
0.04693357571353887,0.0005809756032559314,-46141.03908220345,0,0
0.04694328659121567,0.0005809756032559314,-46145.21181855406,0,0
0.04695644053557206,0.0005809756032559314,-46154.298496156574,0,0
0.046962581860142356,0.0005809756032559314,-46148.0124022396,0,0
0.04697036957561609,0.0005809756032559314,-46148.217779836064,0,3
0.04698170722450886,0.0005809756032559314,-46157.68159332874,0,4
0.047007470224025266,0.0005809756032559314,-46191.74436233229,0,7
0.04701385516166231,0.0005809756032559314,-46181.338875812835,0,10
0.047025666147568784,0.0005809756032559314,-46194.499383544186,0,9
0.04703712461256727,0.0005809756032559314,-46209.00073048434,0,7
0.04705139710891541,0.0005809756032559314,-46230.051784032294,0,8
0.04706721791761266,0.0005809756032559314,-46256.04246290699,0,9
0.04708269940019103,0.0005809756032559314,-46283.14885960732,0,11
0.04709807097736189,0.0006434772473048989,-46301.64410016869,0,9
0.047111366687658064,0.0006434772473048989,-46317.58314864826,0,9
0.04712652867659562,0.0006434772473048989,-46335.14678660308,0,9
0.047141262008518446,0.0005897117324063313,-46351.94634983296,0,9
0.04715540937557975,0.0005991794727029115,-46366.78468232784,0,8
0.04716941768066221,0.0005991794727029115,-46381.34757104402,0,8
0.047179875581110954,0.0005991794727029115,-46390.329762192625,0,6
0.04718681925392427,0.0005991794727029115,-46393.8818102674,0,3
0.04719312822935766,0.0005991794727029115,-46396.118883431925,0,2
0.047198069493332204,0.0005991794727029115,-46397.245348086515,0,1
0.047202955695525066,0.0005991794727029115,-46398.560729658755,0,1
0.047207134938169575,0.0005991794727029115,-46399.07362528849,0,0
0.04721635868409482,0.0005991794727029115,-46403.2236028847,0,0
0.047231584491989255,0.0005991794727029115,-46414.078783855846,0,0
0.047237293136218786,0.0005991794727029115,-46406.39210968562,0,1
0.04724798864540167,0.0005991794727029115,-46413.38402022179,0,7
0.04726165113165757,0.0005991794727029115,-46427.2665937105,0,8
0.04728871686203165,0.0005809733057139069,-46462.923496149015,0,9
0.04729702300511714,0.0005809733057139069,-46459.842732701836,0,10
0.04730780362297019,0.0005809733057139069,-46470.99380261282,0,9
0.047321190791124824,0.0005809733057139069,-46491.98145612964,0,8
0.04733419645064701,0.0005809733057139069,-46512.28661833484,0,8
0.047346717850016665,0.0005809733057139069,-46530.92367964521,0,7
0.04736066680805328,0.0005809733057139069,-46551.66111472295,0,8
0.04737391570056917,0.0005809733057139069,-46565.41537686101,0,7
0.047385941262584906,0.0005809733057139069,-46578.318043625295,0,7
0.04740001663458877,0.0005809733057139069,-46595.40791047049,0,9
0.04741364496385161,0.0005809733057139069,-46610.64582024652,0,8
0.047427649180367265,0.0005809733057139069,-46625.491886448704,0,8
0.04744076163481455,0.0005809733057139069,-46638.114983561114,0,7
0.04745122810785783,0.0006434747034850751,-46647.23251524016,0,6
0.04745861353036958,0.0006434747034850751,-46650.77226714348,0,3
0.047463673538995894,0.0006434747034850751,-46651.5578974592,0,1
0.04746863436303574,0.0006434747034850751,-46652.93621846676,0,1
0.047473161710526124,0.0006434747034850751,-46653.53480648689,0,0
0.047480107398890664,0.0006434747034850751,-46655.78461470833,0,0
0.04749079850202691,0.0006434747034850751,-46661.412154934085,0,0
0.047510197515021155,0.0006434747034850751,-46676.87449455747,0,1
0.047515948035002635,0.0006434747034850751,-46668.3422754271,0,2
0.047524306276084095,0.0006434747034850751,-46669.9594204185,0,8
0.047538667533895795,0.0006434747034850751,-46685.34980703611,0,8
0.04756536559014453,0.0005715033070320386,-46721.47062342048,0,8
0.04757293809927378,0.000580971010037635,-46715.636240812644,0,8
0.04758137016945131,0.000580971010037635,-46718.18954328276,0,7
0.047596268384234974,0.000580971010037635,-46742.49742409621,0,9
0.04761225471313498,0.000580971010037635,-46772.32391426284,0,10
0.0476261700015325,0.000580971010037635,-46796.63404815017,0,8
0.04763908891478617,0.000580971010037635,-46818.62000182534,0,10
0.04765398620051125,0.000580971010037635,-46839.629702691665,0,9
0.04766636949327092,0.000580971010037635,-46856.20450056675,0,8
0.04767790263333537,0.000580971010037635,-46870.920800885724,0,7
0.04769295832366754,0.000580971010037635,-46889.46917076486,0,9
0.047707485538353474,0.000580971010037635,-46906.127287762916,0,8
0.047719480459786044,0.000580971010037635,-46918.20624587675,0,7
0.047731320978999944,0.000580971010037635,-46930.56619693667,0,7
0.04774220182819786,0.000580971010037635,-46937.17632408122,0,5
0.047749503197247224,0.000580971010037635,-46939.24715262044,0,2
0.04775513740611826,0.000580971010037635,-46940.24136242469,0,1
0.04775943049561827,0.000580971010037635,-46940.54884695597,0,0
0.04776573456498723,0.000580971010037635,-46942.289156451945,0,0
0.04777637639515891,0.000580971010037635,-46947.73550707871,0,0
0.04779457841396766,0.000580971010037635,-46962.34666794898,0,0
0.04780025627547106,0.000580971010037635,-46953.73698380966,0,2
0.04780870250513686,0.000580971010037635,-46955.674566782756,0,7
0.0478232856141539,0.000581760937077697,-46972.00291298648,0,9
0.04785059142598364,0.0005999798985003035,-47009.40606061233,0,7
0.047858035932864015,0.0006112394675781434,-47002.61629099248,0,8
0.04786810658372022,0.0006334416504010016,-47010.50564574161,0,10
0.047882641032148905,0.0006334416504010016,-47035.66651058938,0,10
0.04789632004180792,0.0006848880633629378,-47058.74902445346,0,8
0.04791213647923966,0.0006677667598667468,-47086.725061930425,0,10
0.047924160909912174,0.000656084524235826,-47105.13015371063,0,8
0.047939562807237684,0.0005674739607173764,-47126.64641215947,0,9
0.047953464574834,0.0005674739607173764,-47144.3572485957,0,9
0.04796836320404303,0.0005674739607173764,-47162.902437307894,0,9
0.047983276528200544,0.00058046478058705,-47179.012706564405,0,8
0.04799587103152047,0.00058046478058705,-47191.88833737012,0,7
0.04800835099574214,0.0006082978372210883,-47204.51579865877,0,7
0.048019085056757,0.0006082978372210883,-47214.2638840941,0,6
0.04802703992415561,0.0006082978372210883,-47218.13167711994,0,3
0.048033367301279044,0.0006082978372210883,-47220.46515686394,0,2
0.04803743404724071,0.0006082978372210883,-47220.37383144119,0,0
0.04804143234903456,0.0006082978372210883,-47220.63757839722,0,0
0.0480477562144918,0.0006082978372210883,-47222.575207361806,0,0
0.04805825999858285,0.0006082978372210883,-47227.94161495936,0,0
0.048076334468019795,0.0006082978372210883,-47242.09895980842,0,1
0.04808201202670891,0.0006082978372210883,-47233.6881658075,0,2
0.048090735093064184,0.0006082978372210883,-47235.84611955288,0,6
0.04810402605692793,0.0006082978372210883,-47249.668497674465,0,9
0.048131444851414816,0.0006082978372210883,-47286.56334720718,0,8
0.04813905370429655,0.0006082978372210883,-47281.11647207149,0,7
0.04815001867088347,0.0006082978372210883,-47291.50920127268,0,8
0.0481615763919446,0.0006082978372210883,-47306.62316200119,0,9
0.04817650390848164,0.0006082978372210883,-47332.90070032196,0,9
0.04818965551425567,0.0006082978372210883,-47355.216727901534,0,8
0.04820374548048983,0.0006082978372210883,-47380.55267935627,0,10
0.04821973452887131,0.0006082978372210883,-47402.1877798991,0,10
0.04823091176719516,0.0006082978372210883,-47414.60205363943,0,7
0.048242927698228355,0.0006082978372210883,-47428.76365831493,0,7
0.048255739920579105,0.0006082978372210883,-47442.23308910764,0,7
0.04826938995699341,0.0006493962532492561,-47457.82116247894,0,8
0.04828298384176435,0.0006776633360319488,-47472.699535651685,0,8
0.04829481475569069,0.000664195620743462,-47484.235056569116,0,7
0.04830485211812238,0.0006486391664810795,-47490.381254307795,0,5
0.048311402961020045,0.0006274453453788447,-47492.38789546032,0,2
0.04831553785563383,0.0006040850922326033,-47492.1640701983,0,0
0.04831951661502082,0.0005792245678354591,-47492.43538168959,0,0
0.04832598368083005,0.0005526473753826244,-47494.35865877706,0,0
0.048336758702689095,0.0005319392087064001,-47499.6919187161,0,0
0.04835373810462792,0.0005319392087064001,-47512.68509233237,0,0
0.04835929132322539,0.0005319392087064001,-47503.65315206719,0,1
0.04836697841496805,0.0005319392087064001,-47503.291849797795,0,6
0.048380526753841385,0.0005319392087064001,-47517.100118823095,0,9
0.04841084369850869,0.0005738276353422755,-47557.38183880872,0,8
0.048416623817476884,0.0005738276353422755,-47546.25767817463,0,9
0.04842988964469499,0.0005756897985078101,-47563.5206435177,0,9
0.04844236349888335,0.0005756897985078101,-47581.85681939189,0,9
0.04845754348215953,0.0005756897985078101,-47608.214050266324,0,9
0.0484721860027215,0.0005756897985078101,-47634.679040183786,0,9
0.04848660367021573,0.0005756897985078101,-47661.861321062745,0,11
0.04850264378767214,0.0005842800126397437,-47682.17849633481,0,9
0.048517112060386114,0.0005842800126397437,-47701.67558895213,0,10
0.048530102857930794,0.0005842800126397437,-47716.887391661025,0,8
0.04854162870069644,0.0005842800126397437,-47730.41992105254,0,7
0.04855546768935251,0.0005634177160047514,-47746.31898925215,0,8
0.04856817047684919,0.0005500227600670453,-47760.801297441,0,8
0.04858033868693577,0.0005416390859074397,-47773.05791623078,0,7
0.048591888707815035,0.0005285392981017987,-47780.72853177587,0,6
0.04859946171895958,0.0005096421489852112,-47783.017564003174,0,2
0.04860556998995519,0.00048700912837367204,-47784.29858411064,0,1
0.04861169027507248,0.00046205731232479725,-47786.04720560122,0,1
0.04861987270317138,0.00045864694381624825,-47789.24725604496,0,1
0.04863023593062244,0.00045864694381624825,-47794.29092176566,0,0
0.048647645694287193,0.00045864694381624825,-47807.27638133654,0,1
0.04865356768627284,0.00045864694381624825,-47799.83875951606,0,1
0.048661056519557905,0.00045864694381624825,-47798.73382126021,0,4
0.04867355710033313,0.00046551586613260385,-47810.4987389955,0,7
0.04869970346440419,0.0005181542630767233,-47845.527220822885,0,8
0.048706262721154615,0.000531941797946951,-47836.299028201975,0,9
0.04872053982947127,0.000531941797946951,-47857.11649550625,0,11
0.0487355946005803,0.000531941797946951,-47882.149356323855,0,10
0.048751462912933245,0.000531941797946951,-47909.428103112514,0,10
0.048766101769569796,0.0005191140546193349,-47935.44461974284,0,10
0.04878089849023394,0.00047577925306047206,-47963.36781558586,0,11
0.04879618914901564,0.00046880708243987357,-47983.414183568624,0,10
0.04880998582480938,0.00046880708243987357,-48000.91655360788,0,9
0.04882327328974948,0.00046880708243987357,-48016.38829332081,0,8
0.048836824721183426,0.00046880708243987357,-48031.33909526172,0,8
0.04885182131219781,0.00046880708243987357,-48048.289722106994,0,9
0.04886712122649246,0.00046880708243987357,-48064.86399962054,0,9
0.04887898813219852,0.00046144551046334905,-48075.78312316189,0,7
0.048889619907880606,0.00046144551046334905,-48082.35549446007,0,5
0.04889758304392564,0.00046144551046334905,-48084.83172005748,0,2
0.04890437051236497,0.00046144551046334905,-48086.13957445568,0,1
0.048911290617820014,0.00046144551046334905,-48087.521852436636,0,1
0.04891801090782213,0.00046144551046334905,-48088.8669853911,0,0
0.04892801011361527,0.00046144551046334905,-48093.159992340916,0,0
0.04894168948240731,0.00046144551046334905,-48102.33896090725,0,0
0.04894802269678627,0.00046144551046334905,-48096.90901853239,0,0
0.04895675152032016,0.00046144551046334905,-48099.59073103158,0,3
0.04896893073319248,0.0004824094083402563,-48110.18623468439,0,4
0.048989332611519255,0.0004824094083402563,-48136.533003161734,0,7
0.04899782134868914,0.0004824094083402563,-48133.42772490898,0,10
0.04900992022992643,0.0004824094083402563,-48146.366260829214,0,10
0.04902223244842183,0.0004824094083402563,-48161.887184342435,0,7
0.04903469689370249,0.0004824094083402563,-48181.15099351438,0,8
0.04905061279119076,0.0005048472305390833,-48209.75762303597,0,10
0.04906514705736327,0.0005129892080221851,-48236.79011485764,0,11
0.04908180370559145,0.0005129892080221851,-48256.90665890581,0,9
0.04909495079279889,0.0005217408394520098,-48272.26114467365,0,9
0.04911023061608376,0.0005217408394520098,-48290.42954600802,0,9
0.04912389103566613,0.0005306405154624806,-48304.96682874306,0,8
0.049138695535427025,0.0005104148402907101,-48322.43282538179,0,9
0.04915290893749267,0.0005255381525971077,-48336.870312751285,0,8
0.049164243096033095,0.0005137497687493482,-48346.23104231709,0,6
0.049171488792729645,0.0005027277095349616,-48349.81788123209,0,3
0.04917759079941766,0.0004823670304535501,-48352.025297187356,0,2
0.0491826512273262,0.00047679183988289696,-48352.93591070823,0,1
0.049187549491730646,0.00046902566457263095,-48354.18978735704,0,1
0.04919153116277197,0.00046902566457263095,-48354.567566279715,0,0
0.049200386955102315,0.00046902566457263095,-48358.34366658557,0,0
0.04921747833334035,0.00046902566457263095,-48370.44249910146,0,0
0.049223135913531606,0.00046902566457263095,-48362.720074225246,0,2
0.0492337549208329,0.0004357371269655769,-48369.838642922994,0,7
0.04924770904217108,0.0004315013365950521,-48384.08224682867,0,8
0.04927398082116604,0.0004315013365950521,-48418.16659171064,0,9
0.049280997808009284,0.0004270932034085569,-48411.61397751987,0,9
0.04929265510192393,0.0004270932034085569,-48424.15906616404,0,9
0.04930650971294077,0.0004270932034085569,-48447.03225806491,0,9
0.04931917520626919,0.0004270932034085569,-48466.65647624306,0,7
0.04933171877755482,0.00040837285162517506,-48485.77986864868,0,7
0.049343418030025156,0.0003956789255358912,-48505.47458658874,0,8
0.04935864204351937,0.0003871999560285308,-48525.24170488448,0,8
0.04937037091032899,0.0003785640715847757,-48539.062581788545,0,8
0.04938540369143843,0.0004273496252350029,-48558.453251099294,0,9
0.04939932592185924,0.0004273496252350029,-48576.506589343175,0,9
0.04941486082837267,0.0004273496252350029,-48595.11983346533,0,9
0.04942813290798369,0.0004273496252350029,-48608.80407676755,0,7
0.049437900041147675,0.0004273496252350029,-48615.65110460288,0,5
0.04944411119801149,0.0004273496252350029,-48619.23581290196,0,3
0.04944872217442716,0.0004273496252350029,-48620.1797736913,0,1
0.04945312233629238,0.0004273496252350029,-48621.33466048746,0,1
0.04945632462540137,0.0004273496252350029,-48621.436415279575,0,0
0.04946218472265241,0.0004273496252350029,-48623.15151203277,0,0
0.04947273504428078,0.0004273496252350029,-48628.57606366903,0,0
0.04949204030431493,0.00045425705307398,-48644.171113860124,0,1
0.04949768487973443,0.00047167202961564963,-48635.8599500752,0,2
0.04950642866187197,0.0004930701707700992,-48638.030533010715,0,8
0.0495193806331668,0.0005413855869665456,-48651.25253504421,0,8
0.049548932062286305,0.0005413855869665456,-48692.381697393255,0,8
0.049555988802137164,0.0005413855869665456,-48685.67052705947,0,9
0.049568615614296624,0.000515154921163058,-48701.66555238748,0,8
0.04958246893174228,0.0004892671688315269,-48723.97866365244,0,9
0.049599027726562765,0.00047388522166509015,-48757.98274208458,0,10
0.049614294532986714,0.00047388522166509015,-48788.32547639093,0,8
0.04962558881070941,0.00047388522166509015,-48797.37345381747,0,10
0.049644215396862146,0.00047388522166509015,-48832.541099970134,0,9
0.049653192800854305,0.0004622366517157439,-48839.58054199839,0,7
0.04966539115595116,0.0004622366517157439,-48858.79540433607,0,7
0.04968043991991309,0.0004622366517157439,-48880.55303122369,0,9
0.04969486472058781,0.00045372728364416703,-48897.964349991045,0,8
0.049707695720534774,0.00045372728364416703,-48911.48127593802,0,7
0.049719443626337886,0.00045372728364416703,-48924.41826017466,0,7
0.04973003829101332,0.00043629513156313843,-48930.94182447045,0,5
0.04973635560012161,0.0004335186133961701,-48932.854453343585,0,2
0.04974144224788899,0.0004335186133961701,-48933.9643301544,0,1
0.04974524795855329,0.0004335186133961701,-48934.20501146929,0,0
0.04975148413378637,0.0004335186133961701,-48936.0749651888,0,0
0.04976218352968655,0.0004335186133961701,-48941.570035366465,0,0
0.049780409004067626,0.0004683783388482758,-48956.331616547686,0,0
0.049786088043072434,0.00048519390901043905,-48947.73987296988,0,2
0.049794281380704214,0.0005149077492912402,-48949.006476727925,0,7
0.04980793399519529,0.0005149077492912402,-48963.607368771314,0,9
0.049837591234599014,0.0005149077492912402,-49004.47425776109,0,7
0.04984359819330139,0.0005149077492912402,-48993.72184841417,0,8
0.04985813263250508,0.0005149077492912402,-49015.91521169073,0,10
0.049874107687745826,0.0005149077492912402,-49045.28350625948,0,10
0.04988823913503654,0.0005149077492912402,-49070.891329582206,0,8
0.04990159954306629,0.0005149077492912402,-49094.41641183827,0,9
0.04991437489462499,0.0005149077492912402,-49107.49119743589,0,9
0.04993218119430575,0.0005149077492912402,-49141.705492719026,0,9
0.04994514297300689,0.0005149077492912402,-49159.672089014435,0,9
0.04995973055753243,0.0004992092210245595,-49182.21020529733,0,9
0.04997358324242177,0.000488788151274658,-49199.30139320373,0,8
0.049986181289996094,0.0004796535799302874,-49213.4371709967,0,7
0.050000186334326305,0.00047086185517592106,-49229.074954877404,0,8
0.050011529552930103,0.00046225027054294356,-49239.246688824685,0,6
0.050017002683510156,0.0004548316632366417,-49241.341770212406,0,2
0.050023287710989704,0.0004529650654978314,-49243.793366522135,0,2
0.05002715418914991,0.00044172420256306187,-49243.996778150715,0,0
0.050031033061340546,0.00044172420256306187,-49244.43303720875,0,0
0.05003711804897736,0.00044172420256306187,-49246.26481398614,0,0
0.05004803739157438,0.00044172420256306187,-49251.917467900465,0,0
0.05006634036690924,0.00044172420256306187,-49266.244615302865,0,0
0.05007195496373107,0.00044172420256306187,-49257.44281739438,0,2
0.050079999230569446,0.00044172420256306187,-49258.208698997056,0,7
0.05009424845954753,0.00044172420256306187,-49273.26110075607,0,9
0.05012012802098628,0.00044172420256306187,-49307.50784350069,0,8
0.05012685597542622,0.00044172420256306187,-49299.55097038997,0,7
0.05013872612528808,0.00044172420256306187,-49312.4892793782,0,8
0.05015279010227907,0.0003838372651931598,-49333.04222154062,0,9
0.050167246785256435,0.00045580323494494643,-49356.41181510333,0,9
0.05018140832416641,0.0004506250741991873,-49379.05724280007,0,8
0.05019495195446466,0.0004506250741991873,-49403.5703402932,0,10
0.05021210976502703,0.0004506250741991873,-49427.509986916455,0,10
0.05022295595290031,0.0004506250741991873,-49438.56606604137,0,7
0.05023440136332826,0.0004506250741991873,-49452.97809867259,0,7
0.05024684552761393,0.0004506250741991873,-49466.87400967573,0,7
0.05026009599263997,0.0004506250741991873,-49482.399592869086,0,8
0.05027388831342336,0.000458908435417668,-49497.56278007288,0,8
0.050286184904515904,0.000458908435417668,-49509.250606587106,0,7
0.0502956667728757,0.000458908435417668,-49515.18898463539,0,5
0.05030258571327039,0.000458908435417668,-49517.22469084466,0,2
0.050306548157543256,0.000458908435417668,-49516.92865869503,0,0
0.050310109798329034,0.000458908435417668,-49517.118888171644,0,0
0.050316150155471494,0.000458908435417668,-49518.961749532165,0,0
0.050327587999605704,0.000458908435417668,-49525.002142777346,0,0
0.050347053105503844,0.00047926292601761366,-49539.777482845,0,0
0.05035240637271678,0.0004931386221739199,-49530.04351767968,0,3
0.05035981197361652,0.0004931386221739199,-49528.80482604814,0,6
0.05037376880451548,0.0004931386221739199,-49542.99683600577,0,9
0.0504023409824285,0.0004916134277240905,-49580.436240948264,0,8
0.05040838246216348,0.0004916134277240905,-49570.97788258445,0,10
0.05042007838360912,0.0004916134277240905,-49586.08881928932,0,8
0.050433795203033246,0.0004916134277240905,-49608.92633667966,0,9
0.050449008634283296,0.0004916134277240905,-49633.802249839566,0,9
0.05046426318879645,0.0004916134277240905,-49660.680618291386,0,9
0.050478463965977126,0.0004916134277240905,-49686.852260644984,0,11
0.05049413787099814,0.0004916134277240905,-49706.486762766945,0,9
0.050509576248162186,0.00047815101927726924,-49725.39624281013,0,10
0.05052353644668715,0.0004897025383283424,-49742.332186794876,0,9
0.05053678032741903,0.00047497271759154976,-49755.72064923335,0,7
0.050550258719473024,0.00045757087395909154,-49770.17502970109,0,8
0.050563162901993836,0.0004429700393546201,-49782.900809103376,0,7
0.05057630342445824,0.00043180976404757115,-49796.72974545167,0,8
0.0505879675185528,0.00042241083977654807,-49804.126061113304,0,6
0.05059547572674296,0.0004105437861642297,-49806.073486346126,0,2
0.05060132407730551,0.0003999681282447823,-49807.094859421515,0,1
0.050607133902018,0.0003999681282447823,-49808.60181705291,0,1
0.050615267055699215,0.0003999681282447823,-49811.70897887642,0,1
0.05062577890754847,0.0003999681282447823,-49816.940834838344,0,0
0.05064104264738199,0.0003999681282447823,-49828.18347801903,0,1
0.05064715445195209,0.0003999681282447823,-49821.56204145768,0,1
0.05065569427434531,0.0003999681282447823,-49823.006674979784,0,4
0.05066843709722281,0.0003999681282447823,-49835.07029001772,0,6
0.050693675968510626,0.0004139638262406195,-49868.39790851799,0,8
0.05070377445206182,0.0004139638262406195,-49870.18471462504,0,10
0.05071110418472287,0.0004139638262406195,-49869.12583240968,0,9
0.0507250683306839,0.0004139638262406195,-49893.35794313085,0,9
0.05074129154237402,0.00042102729425654766,-49921.55494544305,0,10
0.05075643747152575,0.0004989826424954567,-49947.649497617414,0,10
0.05077081223359494,0.0004989826424954567,-49973.383037067055,0,10
0.050786932178692956,0.0004989826424954567,-49992.6742006014,0,10
0.05080064367890963,0.0004989826424954567,-50009.010918301115,0,9
0.050814513343356515,0.0004848931335743553,-50023.77301215681,0,8
0.050827124523913754,0.00047612755203137256,-50038.045785879185,0,8
0.05084166350207774,0.0004675189128516869,-50054.61243227146,0,9
0.05085616659111156,0.0004588999022400519,-50070.88242545085,0,9
0.050869231879563104,0.00045028176354381684,-50083.593708458306,0,8
0.050878915389205755,0.0004416637395430959,-50089.35120872978,0,5
0.05088600115231852,0.0004330458812174406,-50091.616195703886,0,2
0.050891511470958294,0.0004244281851315963,-50092.578360823936,0,1
0.05089727304983247,0.0004101213466801656,-50094.20818572736,0,1
0.05090383246732025,0.00040656647223908667,-50095.85644459731,0,0
0.0509141548843268,0.00040656647223908667,-50100.282786889125,0,0
0.050928260465989784,0.00040656647223908667,-50109.467613354485,0,0
0.0509345773505748,0.00040656647223908667,-50104.118140012586,0,0
0.05094301059180707,0.00040656647223908667,-50105.894303139954,0,4
0.050955283195109745,0.00040656647223908667,-50116.76438919015,0,5
0.05097473491072717,0.00040656647223908667,-50140.29521466568,0,7
0.05098570832020356,0.00040656647223908667,-50143.68014605642,0,10
0.05099613979679811,0.00040656647223908667,-50152.16403005205,0,10
0.05100738426075187,0.00040656647223908667,-50166.97375201592,0,7
0.05102004636282154,0.00040656647223908667,-50187.6955314241,0,8
0.051035709482394706,0.00040656647223908667,-50214.81437940153,0,10
0.051051408962406376,0.0004164467963140512,-50241.85012322009,0,11
0.05106601610672238,0.0004164467963140512,-50257.52069691684,0,9
0.051080169518712304,0.0004164467963140512,-50273.02905173973,0,9
0.0510951756696526,0.0004164467963140512,-50288.82306778698,0,9
0.05110845614189449,0.00043346440381255923,-50302.00618092676,0,8
0.05112173875132601,0.00043346440381255923,-50316.04484040475,0,8
0.0511358828587115,0.0005170652334480944,-50329.68830807595,0,8
0.05114863615160221,0.0005170652334480944,-50340.64912815377,0,7
0.051155525468686465,0.0005036041696586072,-50343.63893472962,0,3
0.0511618694446841,0.00046646084097091837,-50345.844788873546,0,2
0.051166885096909406,0.00046646084097091837,-50346.81118067502,0,1
0.05117136452324817,0.0004424611815895433,-50347.84706615495,0,1
0.05117522365548348,0.00043574567984047235,-50348.132937345064,0,0
0.051184329400491335,0.00043574567984047235,-50351.76545526722,0,0
0.051201174913498286,0.00043574567984047235,-50362.476228950945,0,0
0.05120712057293334,0.00043574567984047235,-50356.43054011005,0,2
0.05121787017286941,0.00043574567984047235,-50363.38932590369,0,7
0.05123077837594082,0.00043574567984047235,-50375.04787556674,0,8
0.05125654637002521,0.00043574567984047235,-50406.86483343409,0,9
0.05126347180012623,0.00041810785724869117,-50400.56276140756,0,11
0.05127850232497945,0.00041475792986831974,-50422.75710316765,0,10
0.05129124767370048,0.00041475792986831974,-50440.962977475865,0,8
0.05130428263253147,0.00041475792986831974,-50461.214192105814,0,8
0.051316860871504714,0.00041475792986831974,-50480.03103945963,0,7
0.05133093549117815,0.00041475792986831974,-50502.26952106482,0,9
0.05134293599580304,0.00041475792986831974,-50514.65531656073,0,7
0.051357091820370133,0.00041475792986831974,-50529.164171930184,0,8
0.0513726117006436,0.00041475792986831974,-50545.46488140733,0,9
0.05138741072225821,0.00041475792986831974,-50561.42819720216,0,9
0.05140120997322925,0.00041612741833813537,-50575.034029240705,0,8
0.051413936320632354,0.0004484557692606433,-50586.994650167224,0,7
0.051423070332039945,0.0004484557692606433,-50593.91844028789,0,5
0.05143200425785718,0.0004484557692606433,-50598.65739530994,0,4
0.05143805214518061,0.0004484557692606433,-50600.52415088165,0,2
0.05144252668799532,0.0004484557692606433,-50601.482397559645,0,1
0.051446238740318936,0.0004484557692606433,-50601.75610681627,0,0
0.05145329459936074,0.0004484557692606433,-50603.93127118759,0,0
0.05146543721764456,0.0004484557692606433,-50610.24083021608,0,0
0.05148626175017034,0.0004484557692606433,-50625.25691885758,0,1
0.051492196461779875,0.0004484557692606433,-50618.62131435685,0,2
0.051499378004018145,0.0004484557692606433,-50616.30150121706,0,8
0.05151201988590335,0.00046564216381700835,-50627.85027110936,0,9
0.0515394376008332,0.0004929806987218887,-50663.75256521999,0,8
0.05154887064547234,0.0005067196074363783,-50663.61483019601,0,7
0.05156060131738313,0.0005067196074363783,-50673.95023070637,0,8
0.05157384078766473,0.0004905217616372149,-50691.066661080935,0,9
0.05158815344619894,0.0004796226131199346,-50712.534864117595,0,10
0.051600896721447714,0.000463329375441189,-50730.55902681857,0,8
0.051615480132279845,0.0004111675740294914,-50756.2489615727,0,10
0.05163231430299531,0.0004111675740294914,-50775.8269237649,0,10
0.05164425844726571,0.0004111675740294914,-50787.63523657063,0,7
0.05165661329806445,0.00039448007838178224,-50800.7814358198,0,7
0.05167086844925966,0.00039448007838178224,-50817.27911706204,0,9
0.05168356337832452,0.00039448007838178224,-50831.335746280594,0,8
0.05169592161528536,0.00039448007838178224,-50843.84393224216,0,7
0.0517079799378839,0.00039448007838178224,-50855.48681147229,0,7
0.051717397350369974,0.00039448007838178224,-50861.27643094259,0,5
0.05172371181803304,0.00039448007838178224,-50863.11710834047,0,2
