cf_avg,cf_std,cumulative_profit,num_soc_violate,num_swap
1.3239604577537865e-5,2.314757568984991e-5,20.23468384008785,0,2
1.9157558072636273e-5,7.866322787397375e-5,23.132245742404,0,1
2.237941584009269e-5,7.866322787397375e-5,23.141606953143317,0,0
2.5615045998550202e-5,7.866322787397375e-5,23.089952723788706,0,0
3.0227084780363e-5,0.0001268098009020168,21.688387543714356,0,1
3.491987322548002e-5,0.00013570847721165822,19.8893714449191,0,1
4.236133250535623e-5,0.00014461232211190623,13.963538629849747,0,3
5.336671370037296e-5,0.00015353569052895842,2.4420961194739927,0,6
6.599107468993134e-5,0.00016243017058784832,-10.278061560132027,0,7
8.173144032025879e-5,0.0001713244811683178,-38.07654306395202,0,10
9.835773043883493e-5,0.00018021070563981132,-67.49916628584667,0,11
0.0001126854388856461,0.00018910467950702568,-90.26246092648877,0,9
0.00012859385126198176,0.00019799037477322468,-116.9584653942491,0,10
0.00014459876278667794,0.00019799037477322468,-143.1059549541909,0,10
0.00015744866308736654,0.00019799037477322468,-163.0966338331945,0,8
0.0001729027992084924,0.00019799037477322468,-181.00523099421036,0,10
0.00018789134480415046,0.00019799037477322468,-196.4398991016729,0,9
0.000201690059420813,0.00019799037477322468,-212.6621851080662,0,9
0.00021273324076103995,0.00019799037477322468,-224.65500667634058,0,7
0.0002253529504819901,0.00019799037477322468,-239.30428683740902,0,8
0.0002397986599998491,0.00019799037477322468,-255.74488916523111,0,9
0.00025156430776661234,0.00019799037477322468,-267.55609520387577,0,7
0.00026077484240265693,0.00019799037477322468,-273.0202547616483,0,5
0.0002664265160053929,0.00019799037477322468,-274.79952845300113,0,2
0.0002708228710005513,0.00019799037477322468,-275.8008435837713,0,1
0.0002755116604543778,0.00019799037477322468,-276.9822571857554,0,1
0.000278823259402716,0.00019799037477322468,-276.86036888380403,0,0
0.0002820540724710949,0.00019799037477322468,-276.92000971468303,0,0
0.0002852894650493173,0.00019799037477322468,-276.97373184353523,0,0
0.0002899012387431026,0.00019799037477322468,-279.0448838545424,0,1
0.00029459375780057815,0.00019952109940827534,-280.8625629683735,0,1
0.00030341166865582343,0.00019952109940827534,-288.93887100321854,0,4
0.00031587437541279255,0.000270665250072481,-302.2500321720019,0,7
0.0003284957418918985,0.000270665250072481,-323.8236579915276,0,8
0.00034156671120782344,0.000270665250072481,-345.0101560824247,0,8
0.00035252361392425257,0.000270665250072481,-363.03886777834646,0,7
0.00036652681723760576,0.00024847966695222665,-387.5989485086935,0,9
0.00038106587951826766,0.00023957068603374035,-411.21921224426916,0,9
0.0003959655415961726,0.0002306764440639267,-434.8620023906902,0,9
0.00041013311905403814,0.00022178139143967448,-450.56907556409254,0,9
0.0004229122892230338,0.00021288657292810507,-464.33069220382055,0,8
0.00043836457787575274,0.0002039919183216687,-482.9820035378518,0,10
0.0004526058273764939,0.00020092994518963077,-498.8789586126698,0,9
0.0004667671567135238,0.00022762701257470635,-514.9233542659506,0,9
0.00047853405856292846,0.00022762701257470635,-526.8271426973232,0,7
0.0004891214662949098,0.00022762701257470635,-537.1637939355155,0,6
0.0004982557430293955,0.00022762701257470635,-542.8204794366757,0,5
0.0005039113153652412,0.00022762701257470635,-544.5968135128247,0,2
0.0005086708745497278,0.00027210856159659666,-545.6400336529488,0,1
0.0005119777982151488,0.00027210856159659666,-545.5174222978727,0,0
0.0005152082787963278,0.00027210856159659666,-545.5768499170027,0,0
0.000518443121670564,0.00027210856159659666,-545.6305771538623,0,0
0.0005216776815852429,0.00027210856159659666,-545.6846956816637,0,0
0.0005276656751907636,0.00030766525111663935,-549.7782252139046,0,2
0.0005372174408981828,0.00030766525111663935,-559.4086232814253,0,5
0.0005511417298774261,0.00030766525111663935,-574.4464592198806,0,8
0.0005648514842268138,0.00030766525111663935,-590.8184835893348,0,9
0.0005797444511963272,0.00030766525111663935,-614.7616802590089,0,9
0.0005928772890711934,0.00030766525111663935,-635.735360254077,0,8
0.0006076771813210605,0.00030766525111663935,-660.1760854576371,0,9
0.0006198134988371282,0.0003076652511166385,-677.8235972742307,0,7
0.0006327857534376232,0.0003076652511166385,-699.3648175103988,0,8
0.0006458634764289581,0.0003076652511166385,-720.3331685278762,0,8
0.0006589355592589539,0.0003076652511166361,-734.3160666011103,0,8
0.000671269149031969,0.00030766525111663496,-748.3743201557116,0,8
0.0006854320634595271,0.0003076652511166346,-762.786389734571,0,8
0.0006984908207354859,0.0002854814690773086,-777.1351407003398,0,8
0.0007111999340636498,0.000276573820298283,-791.3531423236219,0,8
0.0007205003122723551,0.0002676809113115454,-799.2973267350017,0,5
0.0007312902249862292,0.00025878719158196445,-810.1251963492584,0,6
0.0007397915318600002,0.0002498937059415795,-814.3328009456977,0,4
0.0007447075732124779,0.00024100038417814815,-814.9690635714724,0,1
0.0007493818644038257,0.0002356360677926856,-816.146922400287,0,1
0.0007526932627227013,0.0002356360677926856,-816.0361352042484,0,0
0.0007559231069163019,0.0002356360677926856,-816.0950814471447,0,0
0.0007591575804598061,0.0002356360677926856,-816.148810318418,0,0
0.0007637685236145375,0.0002356360677926856,-817.3173511033987,0,1
0.0007694729843709401,0.00028454854859920326,-820.724578683894,0,2
0.0007807651064948559,0.00028454854859920326,-831.422836159365,0,6
0.0007944122708447419,0.00028550586443645934,-845.2632282981498,0,8
0.0008067450431395902,0.00028550586443645934,-858.6816174636311,0,8
0.000822284915508137,0.00028550586443645934,-882.2145529713698,0,9
0.0008364364079710105,0.00028550586443645934,-905.3643903676406,0,9
0.0008506033274712188,0.00028550586443645934,-928.5186903125333,0,9
0.0008651329183775423,0.00028550586443645934,-951.6729275623997,0,9
0.0008775422938206013,0.00028550586443645934,-971.7429276295745,0,8
0.0008933735973327486,0.00034623498040371324,-998.2804483338441,0,10
0.0009062322694966858,0.0003462349804037079,-1011.2978703220024,0,8
0.0009185611385887232,0.0003462349804037079,-1024.988996149512,0,8
0.0009306199103274315,0.0003462349804037071,-1036.9901941883463,0,7
0.000943970250153844,0.00034623498040370517,-1051.3798801304208,0,8
0.0009566683075649917,0.00034623498040370517,-1065.405431984989,0,8
0.0009666169206248908,0.00034623498040370517,-1075.3023873310835,0,6
0.000978872434459901,0.00034623498040370517,-1087.7886624112728,0,7
0.0009884505624782073,0.00034623498040370517,-1093.12496622728,0,5
0.0009940964402691652,0.00034623498040370517,-1094.840939989954,0,2
0.0009984919594327908,0.0003462349804037009,-1095.8081483788894,0,1
0.0010018028902249912,0.0003462349804037009,-1095.6893411651197,0,0
0.0010050324893897732,0.0003462349804037009,-1095.7488615970144,0,0
0.001008266701349346,0.0003462349804037009,-1095.8025517523477,0,0
0.00101150061351625,0.0003462349804037009,-1095.8566475698033,0,0
0.0010188647488151516,0.0003462349804037009,-1101.95908924513,0,3
0.001031250359749058,0.0003462349804036981,-1115.6468746737035,0,7
0.0010446142145937364,0.0003462349804036981,-1130.4089599623394,0,8
0.001055570050483562,0.0003095301810191869,-1142.612290363003,0,7
0.0010700162744443178,0.0003009058514024776,-1164.499023243974,0,8
0.0010844507159396707,0.000291999962875119,-1189.1016706330834,0,9
0.0010986179148767638,0.00028310881521915977,-1213.1110117810574,0,9
0.0011100189088919504,0.00027421685670334263,-1230.8308063157142,0,7
0.001123374598897444,0.0003148110158852703,-1252.5083971924153,0,8
0.0011370848058239273,0.0003148110158852703,-1276.7388725416909,0,9
0.001150237064533666,0.0003148110158852703,-1290.5765080374176,0,8
0.001164670273759056,0.0003148110158852703,-1307.0765138885808,0,9
0.0011795651402803586,0.0003148110158852699,-1325.3128887818734,0,9
0.0011923341794533911,0.0003148110158852699,-1340.8655617399108,0,8
0.0012046786691823697,0.0003148110158852699,-1356.4868243181033,0,8
0.0012184877099936822,0.0003462339330479844,-1371.95432698702,0,8
0.001228796141536169,0.0003462339330479844,-1382.5244681395236,0,6
0.001237281866475909,0.0003462339330479844,-1386.988329106737,0,4
0.00124183361213664,0.00034623393304798413,-1387.6483601380348,0,1
0.0012451349578966083,0.00034623393304798413,-1387.5239406080402,0,0
0.0012483644639213161,0.00034623393304798413,-1387.5832023097114,0,0
0.001251598095912064,0.00034623393304798413,-1387.636908132133,0,0
0.001254831460832572,0.00034623393304798413,-1387.6909949711417,0,0
0.001259441545964014,0.00034623393304798413,-1389.1408789569557,0,1
0.0012641324155698934,0.00034623393304798413,-1390.993171415253,0,1
0.0012753385474402817,0.00034623393304798413,-1404.3807096376268,0,6
0.0012899920056369289,0.00034623393304798413,-1422.9583439634678,0,9
0.0013041505041637366,0.0003462339330479789,-1440.181623704786,0,9
0.0013169281030957266,0.0003462339330479789,-1461.7601866353,0,8
0.001328612284252513,0.0003462339330479789,-1480.5954956384119,0,7
0.0013419564393971225,0.0003535582979247626,-1503.0141301488,0,8
0.0013540057618969445,0.0003535582979247621,-1521.5919924309467,0,7
0.0013666281583637307,0.0003535582979247621,-1543.6407251262262,0,8
0.0013824628596740942,0.0003400015385380268,-1571.3537270821462,0,10
0.0013967083217463544,0.0003313781180811167,-1587.3130763994511,0,9
0.0014098560488536563,0.0003224731335770409,-1601.5960382468584,0,8
0.0014197947249371236,0.00031358289049946244,-1612.782982744007,0,6
0.001433791519137531,0.00030469183650184034,-1629.0790571180355,0,8
0.001448599702495264,0.00029580101654645105,-1646.436777941599,0,9
0.0014613835890317222,0.0003504540799319547,-1661.1006846608923,0,8
0.001473078473651265,0.000345072957575888,-1673.515366288722,0,7
0.0014822923764912044,0.000345072957575888,-1679.2014043745903,0,5
0.0014879419697714751,0.000345072957575888,-1681.046180958288,0,2
0.0014923362131354359,0.000345072957575888,-1682.109330950453,0,1
0.0014956460678781402,0.000345072957575888,-1681.9723203444526,0,0
0.0014988745401817362,0.000345072957575888,-1682.032435150352,0,0
0.0015021076266975534,0.000345072957575888,-1682.086065436059,0,0
0.0015053404133375725,0.000345072957575888,-1682.1401393420022,0,0
0.001509949985290864,0.000345072957575888,-1684.3178274803313,0,1
0.0015211603937800614,0.000345072957575888,-1698.4800789769881,0,6
0.0015344366065758355,0.000345072957575888,-1716.4377251502199,0,8
0.0015485140261943691,0.000345072957575888,-1735.5808605263674,0,9
0.0015616708189639698,0.000345072957575888,-1758.3040795751988,0,8
0.0015764997159536576,0.000345072957575888,-1785.5936535510577,0,9
0.0015916724432321944,0.000345072957575888,-1814.6954957484531,0,10
0.001606277852876714,0.00038479942727265347,-1839.6733104361895,0,9
0.0016194211309521341,0.00038479942727265347,-1861.3103727015325,0,8
0.001636640784754067,0.000384799427272644,-1892.8023281704013,0,11
0.0016529823339348992,0.000384799427272644,-1913.3942781222852,0,11
0.0016687075813538684,0.0003545351984749366,-1932.2257747221247,0,10
0.0016815666631496398,0.0003545351984749366,-1949.611434056792,0,8
0.0016940066698611703,0.0003409790944025925,-1967.103479903534,0,7
0.0017073407492741264,0.0003323575765111114,-1988.2800017923078,0,8
0.0017193896519107463,0.0003234544838037014,-2004.367536431844,0,7
0.0017327510954410835,0.00031456613368645986,-2022.4340902598121,0,8
0.0017434328028287374,0.0003127705636665057,-2030.4623756197097,0,6
0.0017491580519369983,0.0003127705636665057,-2032.2698894177365,0,2
0.0017545603099250312,0.0003127705636665057,-2034.8819490238202,0,2
0.0017589682719121194,0.0003127705636665057,-2035.9780019797736,0,1
0.0017636537970943456,0.0003127705636665057,-2037.3162457918384,0,1
0.00176696276152691,0.0003127705636665057,-2037.1641259664561,0,0
0.0017715676463641635,0.0003127705636665057,-2038.783559936267,0,1
0.0017762579701377562,0.0003127705636665057,-2040.9574160298985,0,1
0.0017833329841392687,0.0003127705636665057,-2048.9682721735185,0,3
0.0017953537914025782,0.0003127705636665057,-2070.1997347272363,0,7
0.001808710585392278,0.00033784756406704086,-2090.8635078411294,0,8
0.001824545554087379,0.00033784756406704086,-2123.939759434461,0,10
0.0018411803479412992,0.00033784756406704086,-2157.747560214174,0,11
0.0018547675749134038,0.00033784756406704086,-2183.5174755660005,0,9
0.0018703101623252522,0.0003626364955073868,-2212.42862308788,0,10
0.0018849093398227088,0.00041025497383084965,-2237.1597998101297,0,9
0.0018986906050154073,0.00041025497383084965,-2262.0845976631613,0,9
0.0019132144681728795,0.00041025497383084965,-2279.1041316352052,0,9
0.0019281247804779987,0.00041025497383084965,-2296.7101007790748,0,9
0.0019422689310787035,0.00041025497383084965,-2316.766533913614,0,9
0.001954399438659526,0.000423362478426712,-2331.828428492102,0,7
0.001967734713022074,0.000423362478426712,-2349.524159909195,0,8
0.0019821729167434467,0.000423362478426712,-2368.3657685955054,0,9
0.0019925603546642693,0.000409806641920914,-2379.348569524849,0,6
0.0020030647796612463,0.0004011859008088624,-2386.9915524425082,0,6
0.0020091634914171826,0.0003922835804767073,-2388.6932173018836,0,2
0.0020139114684630957,0.0003833960032104601,-2389.810164091145,0,1
0.0020185932141222143,0.0003745076148464286,-2391.0991290665734,0,1
0.0020219019404207205,0.0003656194604776921,-2390.9591148591953,0,0
0.0020251295336474805,0.00035673146987309816,-2391.019261974516,0,0
0.0020283617220895186,0.0003545219862784632,-2391.0728595528694,0,0
0.002032970543627122,0.0003545219862784632,-2393.3208048672327,0,1
0.0020400498553074767,0.0003545219862784632,-2400.442365350467,0,3
0.002048667743225521,0.0003545219862784632,-2410.3195476062824,0,4
0.0020607596424789625,0.0003545219862784632,-2427.252621158163,0,7
0.0020751356748773425,0.0003545219862784632,-2455.972959211163,0,9
0.002088280572579466,0.00035133385211058934,-2479.820458176426,0,8
0.0021017004346529037,0.00036897054916605214,-2503.1391498000207,0,8
0.0021171468441408916,0.00036897054916605214,-2532.1635396872475,0,10
0.0021317617819784553,0.00036897054916605214,-2556.489719336268,0,9
0.002145905828501458,0.00036897054916605214,-2581.2478983090414,0,9
0.0021607995984814156,0.00036897054916605214,-2598.066119604464,0,9
0.0021753187858023233,0.00036897054916605214,-2615.132607873519,0,9
0.002189114847367789,0.00036897054916605214,-2637.45083960421,0,9
0.0022040122240943355,0.00040302467087068435,-2659.211907258679,0,9
0.0022185203163683164,0.00041025332213544876,-2679.725412464524,0,9
0.0022316793014708325,0.00041025332213544876,-2697.368364654723,0,8
0.0022416165675688635,0.00041025332213544876,-2709.0465293793795,0,6
0.002251117846866413,0.00041025332213544876,-2715.9123597185085,0,5
0.0022567659795245643,0.00041025332213544876,-2717.897113268933,0,2
0.0022611589216466905,0.00041025332213544876,-2719.036576448865,0,1
0.002264467439311543,0.00041025332213544876,-2718.8869274661693,0,0
0.0022676945417197266,0.00041025332213544876,-2718.947365752669,0,0
0.002270926258569791,0.00041025332213544876,-2719.000935906173,0,0
0.0022741576755459817,0.00041025332213544876,-2719.0549773046705,0,0
0.0022801428381958354,0.00042967051750269456,-2723.479926524736,0,2
0.0022910690890460376,0.00042967051750269456,-2736.529017772874,0,6
0.002305721337800782,0.0003608302761913545,-2755.8824221296873,0,9
0.0023198788108568,0.0003608302761913545,-2775.608191735963,0,9
0.002335044934161975,0.0003608302761913545,-2806.599601552988,0,10
0.002350662044298502,0.0003608302761913545,-2836.0477898326862,0,10
0.0023656305132247523,0.0003608302761913545,-2861.311746668258,0,9
0.0023770270058600298,0.0003608302761913545,-2879.862034796499,0,7
0.0023900067729265336,0.0003608302761913545,-2902.154464808497,0,8
0.0024027068586081877,0.0003608302761913545,-2923.7506195468177,0,8
0.002416499709385733,0.0003853519177250588,-2938.394644184352,0,8
0.002430290156014083,0.0003853519177250588,-2953.5513708016565,0,8
0.002442976797116602,0.0003853519177250588,-2970.24676804874,0,8
0.002456406855798122,0.0003853519177250588,-2986.4119899438997,0,8
0.0024690976878042397,0.0003853519177250588,-3002.896141525311,0,8
0.00247839634210531,0.0003853519177250588,-3012.028893244344,0,5
0.0024888193895207813,0.0003853519177250588,-3024.145923619586,0,6
0.002496947577246848,0.0003853519177250478,-3029.122954013805,0,4
0.002501865570168099,0.0003853519177250478,-3029.832855233375,0,1
0.0025065367329728263,0.0003853519177250478,-3031.1375431491224,0,1
0.0025098450723472663,0.0003853519177250478,-3030.9955757296498,0,0
0.002513071714091014,0.0003853519177250478,-3031.0557581803946,0,0
0.002516302987404429,0.0003853519177250478,-3031.1093268161485,0,0
0.0025195339596908927,0.0003853519177250478,-3031.1633444087574,0,0
0.0025255187205160336,0.0003853519177250478,-3035.3788390493755,0,2
0.002536444655240355,0.0003853519177250478,-3047.352298682783,0,6
0.002550083835734932,0.0003853519177250478,-3062.6116533094196,0,8
0.0025635067723382794,0.0004030230022303514,-3077.2285523752093,0,8
0.002577575532523112,0.0004030230022303514,-3101.921587351382,0,9
0.002592747435485826,0.0004030230022303514,-3129.0630999941745,0,10
0.002606996684262107,0.0004030230022303514,-3152.555981669841,0,9
0.002620781108950863,0.00042966873314451094,-3176.40754543051,0,9
0.002633926383541889,0.0004161138196021173,-3197.107416016616,0,8
0.0026501216989870914,0.00045324624576817895,-3224.4210671498417,0,10
0.0026637245750240055,0.0004443465894956293,-3237.982269557136,0,8
0.002676405866617873,0.0004354616779335902,-3252.2211894422053,0,8
0.0026881048198872785,0.00042657595509546187,-3264.6643116850223,0,7
0.002701093889574075,0.00041769046620573024,-3279.6639445511514,0,8
0.0027148861207074372,0.0004088051410236897,-3294.262334882529,0,8
0.0027259213927673903,0.00039991998426539384,-3304.587625076557,0,6
0.002736420928027764,0.0003910349956102092,-3315.3711368886457,0,6
0.0027455570858158067,0.00038215017507591757,-3321.1718115088106,0,5
0.002751209044008227,0.00037326552265756774,-3322.982599442212,0,2
0.0027559758127137803,0.0003643810383517811,-3324.0592745551703,0,1
0.0027592784524345364,0.00035549672215500047,-3323.9294491173778,0,0
0.002762504766967604,0.0003470761324147346,-3323.9889821173538,0,0
0.0027657354277535705,0.0003470761324147346,-3324.0425711921903,0,0
0.0027689658066990166,0.0003470761324147346,-3324.0965673382134,0,0
0.002774950030069983,0.0003762975126301811,-3328.338712063878,0,2
0.0027872524281686143,0.0003762975126301811,-3343.0776784927425,0,7
0.0028016209590787083,0.0003762975126301811,-3361.630423457905,0,9
0.0028126599265731102,0.0003762975126301811,-3374.4420460333,0,7
0.0028263824057413295,0.0003762975126301811,-3397.6526227528566,0,8
0.002840824410166954,0.0003762975126301811,-3423.656470726741,0,9
0.002855727904765119,0.0003762975126301811,-3449.0903525367607,0,9
0.002867128086919551,0.0003762975126301811,-3467.5747225024625,0,7
0.0028811204921945417,0.0003762975126301811,-3493.2489357178533,0,9
0.002896012116299533,0.0003762975126301811,-3517.898545748235,0,9
0.002910530313626799,0.0003762975126301811,-3534.7134857820374,0,9
0.002925783862384118,0.0003762975126301811,-3551.6764474894867,0,9
0.0029399348569512673,0.0003762975126301811,-3569.8739598880147,0,9
0.002953086929927216,0.00036274342144902624,-3585.665696087736,0,8
0.0029657772569388523,0.00035412774661181673,-3601.530051883877,0,8
0.002978477795363748,0.00038803514759634856,-3617.026731259433,0,8
0.0029884234070454018,0.000379152610884554,-3627.6591506402788,0,6
0.002996545822600999,0.00037163680867983404,-3632.268163675637,0,4
0.003002111901287562,0.00037163680867983404,-3634.33438927766,0,2
0.003005495384427072,0.00037163680867983404,-3634.0066488944685,0,0
0.0030087167241621294,0.00037163680867983404,-3634.072556004383,0,0
0.0030119473079475902,0.00037163680867983404,-3634.125693177565,0,0
0.0030151773562250212,0.00037163680867983404,-3634.1797082790486,0,0
0.0030197843354159855,0.00037163680867983404,-3635.6312337753902,0,1
0.0030244721782329564,0.00037163680867983404,-3637.5039513283164,0,1
0.0030370528984765967,0.00037163680867983404,-3653.224858934606,0,7
0.003051785523748362,0.00037163680867983404,-3671.894961101612,0,9
0.003066301745221296,0.0003580830216523991,-3689.9018412682117,0,9
0.0030794485346449,0.0003494682295919138,-3712.381857871875,0,8
0.003092868158682765,0.0003213408782379531,-3735.3994950588194,0,8
0.0031059346209421313,0.0003505621299651913,-3758.3047856658486,0,8
0.003118640740708748,0.0003505621299651913,-3780.875411003956,0,8
0.0031317148626491607,0.0003407256344667884,-3803.2648327155052,0,8
0.0031471744782153653,0.0003407256344667884,-3832.0862629371873,0,10
0.0031631546664007064,0.0003407256344667884,-3851.2155656099794,0,10
0.0031760023710325864,0.0003407256344667884,-3866.1363165399785,0,8
0.003186303708956882,0.0003407256344667884,-3878.706286446075,0,6
0.003199941199235324,0.0003407256344667884,-3897.4270410714994,0,8
0.003214388716696025,0.0003407256344667884,-3917.108767393832,0,9
0.0032271749849470195,0.0003407256344667884,-3933.0256875169093,0,8
0.0032388674886813366,0.0003407256344667884,-3946.5835951554304,0,7
0.003247714210354064,0.0003407256344667884,-3952.8465265185005,0,5
0.003253729772505316,0.0003407256344667884,-3954.831875174648,0,2
0.003258480197148021,0.0003407256344667884,-3955.993706990392,0,1
0.003261782381545914,0.0003407256344667884,-3955.852040322538,0,0
0.003265007693542879,0.0003407256344667884,-3955.911924689413,0,0
0.003268237386118755,0.0003407256344667884,-3955.965464641327,0,0
0.003271466794552789,0.0003407256344667884,-3956.019440904844,0,0
0.0032788271358466393,0.00038139988566745234,-3962.655480719022,0,3
0.0032901970486165803,0.00038139988566745234,-3976.397332638703,0,6
0.0033048497818023194,0.00038139988566745234,-3999.347491373083,0,9
0.0033172652568362925,0.00033094056615830096,-4015.7696832669035,0,8
0.0033299652321501973,0.00033307081021315057,-4038.9913232123586,0,8
0.0033444057493911385,0.00033307081021315057,-4065.702366422858,0,9
0.0033599673395139657,0.00033307081021315057,-4094.9961457279237,0,10
0.0033745857381775072,0.00033985632945274707,-4119.9835718418235,0,9
0.00338808028469729,0.0003518648785915483,-4141.858841087969,0,8
0.003405669699768155,0.00035820331549574143,-4173.770340312285,0,11
0.003421013398339384,0.000336635530626939,-4192.392510028041,0,10
0.0034362655227095514,0.0003407241480609496,-4211.666426418307,0,10
0.003450135239163186,0.0003407241480609496,-4230.952674520007,0,9
0.0034611694201653713,0.0003407241480609496,-4245.947168509432,0,7
0.003475245299607928,0.0003407241480609496,-4263.1597723008945,0,8
0.003487656622481496,0.00035082962016417884,-4277.061093583376,0,7
0.003500272465894178,0.00035685629594374684,-4293.169762307484,0,8
0.003510222412914859,0.00035685629594374684,-4300.523476918743,0,6
0.0035159538403663087,0.00035685629594374684,-4302.280726510915,0,2
0.0035217166357434456,0.000367348636826387,-4304.8982514148365,0,2
0.00352648097391875,0.000367348636826387,-4306.008528668193,0,1
0.003531158962514676,0.0003798276312133244,-4307.330337197833,0,1
0.0035344648156211728,0.0003798276312133244,-4307.184546577265,0,0
0.0035390663740980086,0.0003798276312133244,-4308.723095765881,0,1
0.0035437534905360616,0.0003798276312133244,-4310.693602095224,0,1
0.003551189684203511,0.0003798276312133244,-4318.65775606575,0,3
0.0035635676330069365,0.0003798276312133244,-4337.346018341829,0,7
0.0035769180473348206,0.0003798276312133244,-4354.802916726937,0,8
0.003592741458099248,0.0003798276312133244,-4386.560216962947,0,10
0.0036093971971595503,0.00038139821939582065,-4419.930392521819,0,11
0.003623346292272515,0.00038139821939582065,-4445.026693107502,0,9
0.0036388820978690787,0.00036784527928601516,-4473.484857392989,0,10
0.0036531373802279475,0.0003592329451469448,-4497.95135062944,0,9
0.003668023715447152,0.00035033898383589855,-4522.777730240298,0,9
0.0036825530795965254,0.00034145977076867676,-4539.669105137545,0,9
0.003696712018614335,0.0003325797460423002,-4556.81814737386,0,9
0.0037112506154583576,0.0003518633364051607,-4576.063495065685,0,9
0.003722279475252017,0.00035820174522962345,-4590.114368640161,0,7
0.0037373895361465636,0.00040708983253495717,-4609.309007937621,0,9
0.003751558094368033,0.0003647521690721668,-4627.348241192832,0,9
0.0037619432703713384,0.0003647521690721668,-4637.935924363564,0,6
0.0037710688357771418,0.0003647521690721668,-4644.058459675056,0,5
0.003777084526991592,0.0003647521690721668,-4645.925267759557,0,2
0.003781834256480706,0.0003647521690721668,-4647.002989932045,0,1
0.003786512713121488,0.0003647521690721668,-4648.254604790817,0,1
0.0037898182254773394,0.0003647521690721668,-4648.11979827259,0,0
0.003793042495274279,0.0003647521690721668,-4648.179674585578,0,0
0.00379627136220994,0.0003647521690721668,-4648.233177060836,0,0
0.003800876941466127,0.0003647521690721668,-4650.38879699374,0,1
0.003808317536577398,0.0003647521690721668,-4656.953228727064,0,3
0.003816199779829909,0.0003647521690721668,-4665.842214238248,0,4
0.00382866308112972,0.0003647521690721668,-4680.693634396102,0,7
0.003843407082017708,0.0003647521690721668,-4707.395170119918,0,9
0.0038558171192463386,0.0003647521690721668,-4729.583829237119,0,8
0.0038681520300760035,0.0003647521690721668,-4752.1343608270145,0,8
0.003883984673570991,0.00037512961154200717,-4780.864886401092,0,10
0.003897852534874695,0.00037512961154200717,-4805.050759781425,0,9
0.003913757041252692,0.000361577266147168,-4832.701361643438,0,10
0.003926983686177904,0.00035296665783366186,-4846.817887709662,0,8
0.00394104644104484,0.00038563535802261416,-4863.716678257733,0,9
0.0039548403108221955,0.00038563535802261416,-4881.291031504728,0,9
0.003968996550506302,0.00038563535802261416,-4899.205932453601,0,9
0.003982783937620122,0.00038563535802261416,-4916.7801486481685,0,9
0.003995939053386725,0.00038563535802261416,-4932.092950683478,0,8
0.004006602208917246,0.00038563535802261416,-4942.955895479622,0,6
0.004016102115163711,0.00038563535802261416,-4949.00166965696,0,5
0.004022111889271472,0.00038563535802261416,-4950.8871148524395,0,2
0.004026496988710254,0.00038563535802261416,-4951.969239123235,0,1
0.004029802398533973,0.00038563535802261416,-4951.830407911706,0,0
0.0040330260102363295,0.00038563535802261416,-4951.890413363471,0,0
0.00403625425452706,0.00038563535802261416,-4951.943892033646,0,0
0.00403948219775188,0.00038563535802261416,-4951.9978142710215,0,0
0.004045464259108427,0.0004295633927976978,-4956.2392833804,0,2
0.004055010984651369,0.0004295633927976978,-4966.402558175216,0,5
0.004067839031394237,0.0004295633927976978,-4982.138438882491,0,8
0.004082651411728742,0.0004295633927976978,-4999.395029233027,0,9
0.00409717278664338,0.00038303281582584953,-5024.3148853204775,0,9
0.0041106826413873955,0.0003908187325527024,-5046.008788586232,0,8
0.004123367535817443,0.00042427223531083994,-5067.606111248937,0,8
0.004135054027265808,0.00042427223531083994,-5085.785632513549,0,7
0.00414878142347192,0.00042427223531083994,-5107.453258713914,0,8
0.004162209740720358,0.00042427223531083994,-5128.593437442075,0,8
0.0041756386090807725,0.00042427223531083994,-5142.707823390762,0,8
0.004187314927277574,0.00041072037841890314,-5154.8636195563395,0,7
0.004200656932554444,0.00040211118761493924,-5170.0428987136365,0,8
0.004212997170570561,0.00039877655098020996,-5185.07173208942,0,8
0.004226064683131903,0.00039877655098020996,-5199.788273569632,0,8
0.004235355115841898,0.00039877655098020996,-5208.0125446217,0,5
0.0042461511301818645,0.00039877655098020996,-5219.110121576955,0,6
0.004253259065895068,0.00039877655098020996,-5222.113615125825,0,3
0.0042577245615397245,0.00039877655098020996,-5222.961204733934,0,1
0.004262402107341175,0.00039877655098020996,-5224.184983384932,0,1
0.0042657066947302345,0.00039877655098020996,-5224.055888155553,0,0
0.004268930011857617,0.00039877655098020996,-5224.115500906734,0,0
0.004272157926389796,0.00039877655098020996,-5224.168987238231,0,0
0.004276762618676206,0.00039877655098020996,-5225.548906009979,0,1
0.004282825385818626,0.00039877655098020996,-5229.341802388964,0,2
0.004294119382627601,0.00039877655098020996,-5240.923933352868,0,6
0.004307023639997571,0.00039877655098020996,-5255.401599799971,0,8
0.004320090775773427,0.00039877655098020996,-5269.363906098255,0,8
0.004334525682656504,0.00039877655098020996,-5293.499626813362,0,9
0.004349042521135731,0.00039877655098020996,-5317.17099596183,0,9
0.004362825621065258,0.00039877655098020996,-5340.781528921874,0,9
0.00437735813560056,0.00039877655098020996,-5364.400223244683,0,9
0.004393267421681096,0.0004295614914936172,-5391.117005854319,0,10
0.004408883307389452,0.0004295614914936172,-5417.338226864529,0,10
0.004422099848486575,0.0004295614914936172,-5430.75737915965,0,8
0.004435159770204843,0.00035753554638130573,-5444.851999748257,0,8
0.00444611181873529,0.00039877478208358974,-5457.137243399508,0,7
0.004459462344524434,0.00039877478208358974,-5471.904625157096,0,8
0.004472895159478109,0.0004127127898512878,-5486.271770381115,0,8
0.004483193665629105,0.0004127127898512878,-5496.4151433532015,0,6
0.004494063773743684,0.0004127127898512878,-5507.0757817742915,0,6
0.004502179903416442,0.0004127127898512878,-5511.389737691631,0,4
0.004508108380347339,0.0004127127898512878,-5513.385819494355,0,2
0.004512497159231329,0.0004127127898512878,-5514.400704246897,0,1
0.00451580130357412,0.0004127127898512878,-5514.2728405172775,0,0
0.0045190238969749115,0.0004127127898512878,-5514.332420602935,0,0
0.004522251105967301,0.0004127127898512878,-5514.385883794097,0,0
0.004525478015056669,0.0004127127898512878,-5514.439766893308,0,0
0.004531459099908364,0.0004127127898512878,-5518.565387094795,0,2
0.004542746338762976,0.0004127127898512878,-5530.41510868893,0,6
0.004557755795481825,0.0004127127898512878,-5547.436248369493,0,9
0.004568788005992698,0.0004127127898512878,-5559.396183614764,0,7
0.004582133337945442,0.0004127127898512878,-5581.350227268392,0,8
0.004597945248058379,0.0004127127898512878,-5609.095507994195,0,10
0.004611823969345954,0.0004127127898512878,-5632.50192787966,0,9
0.004623584826391861,0.0004127127898512878,-5650.12941369625,0,7
0.004638694560112243,0.0004127127898512878,-5674.863309554917,0,9
0.004652851342457331,0.0004127127898512878,-5698.6100353082475,0,9
0.004667742446326949,0.00043670118986027925,-5714.506151239875,0,9
0.004681884112722229,0.00043670118986027925,-5730.507574224084,0,9
0.004696422718581295,0.00043670118986027925,-5747.0833476057005,0,9
0.004708462942259513,0.00043670118986027925,-5761.865885774219,0,8
0.004721165940655017,0.00043670118986027925,-5776.632075770116,0,8
0.004734591637339167,0.00043670118986027925,-5791.293948543853,0,8
0.004744889806327067,0.00043670118986027925,-5801.445504571602,0,6
0.004753005921281987,0.0004231499580371818,-5805.796276454007,0,4
0.004758933565593322,0.0004145425808965152,-5807.7969785203,0,2
0.004762309211298623,0.0004056535480712456,-5807.492090341039,0,0
0.004765527379919721,0.00039677926656075935,-5807.556983962805,0,0
0.004768754540831329,0.0003879041730575204,-5807.610074906762,0,0
0.004771981183137788,0.0003790293133160672,-5807.663973797353,0,0
0.0047765849128822745,0.00037015461705707973,-5809.055455549769,0,1
0.004782282444396803,0.0003612800889993756,-5812.8936543058135,0,2
0.004793205177613674,0.0003865031760388202,-5824.713344511749,0,6
0.0048074905768994034,0.00037762898375987675,-5842.485458147326,0,9
0.004821650108848428,0.00036875495937427013,-5858.99213654885,0,9
0.004834059125628217,0.0003598811028785835,-5880.119539618799,0,8
0.004846119345341754,0.00035100741426930383,-5898.541682454135,0,7
0.004858736728932134,0.0003456688897353599,-5920.245375885102,0,8
0.00487180411524605,0.0003377023936282319,-5941.370050157284,0,8
0.004885600639241218,0.0004038909865981248,-5962.580603635657,0,8
0.004901060344372255,0.0004038909865981248,-5989.986508125932,0,10
0.004915591901191892,0.0004038909865981248,-6007.620561276079,0,10
0.004927078378452569,0.0004038909865981248,-6019.169729859064,0,7
0.0049376701158266425,0.0004038909865981248,-6029.967017438122,0,6
0.004950929416001322,0.0004038909865981248,-6045.505620387082,0,8
0.004965004507418395,0.0004038909865981248,-6062.496769941825,0,9
0.004977429193796175,0.0004038909865981248,-6076.856321802902,0,8
0.004989478111323364,0.00040088876327682885,-6089.191074072724,0,7
0.0049986930293856304,0.00040088876327682885,-6094.754403465155,0,5
0.0050047014821466,0.00040088876327682885,-6096.562581944516,0,2
0.005008072094543303,0.00040088876327682885,-6096.262331703696,0,0
0.005011290068984636,0.00040088876327682885,-6096.326777168307,0,0
0.005014516783276123,0.00040088876327682885,-6096.379881542944,0,0
0.005017742995917159,0.00040088876327682885,-6096.433766287847,0,0
0.005020969177129729,0.00040088876327682885,-6096.48759706386,0,0
0.005025572431849842,0.00040088876327682885,-6098.592911494525,0,1
0.005037142440384571,0.0004536144562187448,-6111.231278395117,0,6
0.0050511387408542305,0.00044006412244015073,-6127.386650418808,0,8
0.005065589240536944,0.0003937408297966002,-6144.590018239443,0,9
0.0050783625630478725,0.0003937408297966002,-6166.068090960298,0,8
0.005092797017072643,0.0003937408297966002,-6191.189949764981,0,9
0.005108325961506566,0.0003937408297966002,-6218.667767441105,0,10
0.00512219323901939,0.0003937408297966002,-6242.26199202375,0,9
0.005135706625426641,0.00035132808331205694,-6263.169579973642,0,8
0.0051511654631672755,0.00035132808331205694,-6290.620801587855,0,10
0.005165766670180975,0.00035132808331205694,-6306.342085805853,0,9
0.005179543883768862,0.00035132808331205694,-6322.521897546356,0,9
0.005192687228376758,0.00035132808331205694,-6337.540678330957,0,8
0.005204362256399761,0.00037062561045561647,-6350.757236874362,0,7
0.005216974792679384,0.00037062561045561647,-6366.009785269644,0,8
0.0052290280137648444,0.00037062561045561647,-6378.73240789368,0,7
0.005242362939192939,0.00037062561045561647,-6393.4162432642215,0,8
0.005252301199225047,0.00037062561045561647,-6400.1109909769175,0,6
0.005258394721176302,0.00037062561045561647,-6401.7244451552415,0,2
0.005262772606654191,0.00037062561045561647,-6402.75949897938,0,1
0.005267088698214117,0.00037062561045561647,-6403.956167153446,0,1
0.0052717727914176945,0.00037062561045561647,-6405.162445094881,0,1
0.005275074790582337,0.00037062561045561647,-6405.033869838817,0,0
0.005279673658631138,0.00037062561045561647,-6406.43842527578,0,1
0.005283993288473189,0.00037062561045561647,-6408.236932092713,0,1
0.005291067000577513,0.0003713279480621814,-6414.4346487386165,0,3
0.005303447147590243,0.0003713279480621814,-6429.17217647822,0,7
0.005316066729453886,0.0003713279480621814,-6444.218181305896,0,8
0.005331886359910063,0.0003906388063138641,-6472.087970548932,0,10
0.005348528933172911,0.0003906388063138641,-6502.167654580793,0,11
0.00536285172801147,0.00042335106786541834,-6525.336281362409,0,9
0.005380530287446973,0.00042335106786541834,-6555.605880204565,0,11
0.005396606803212971,0.0004098013898031237,-6581.792514625908,0,10
0.0054101062796320445,0.0004011985203536449,-6605.213820840229,0,9
0.005424637630205449,0.00039373907357948527,-6621.215746749784,0,9
0.0054388045661897975,0.00039373907357948527,-6637.31929724855,0,9
0.00545260177895054,0.0003745735626343537,-6654.460430687627,0,9
0.005463637872357308,0.0003657031869221999,-6667.133517608331,0,7
0.005476617655399981,0.00035683297459740925,-6682.631253304026,0,8
0.005489314253127082,0.0003479629303800058,-6697.571694884772,0,8
0.005499985209141831,0.0003446478149734595,-6707.973977594963,0,6
0.005509107470314982,0.0003446478149734595,-6713.761612117024,0,5
0.005514755555162373,0.0003446478149734595,-6715.561694679673,0,2
0.00551914237701751,0.00036394525590083824,-6716.5872264225445,0,1
0.005523457631380018,0.00036394525590083824,-6717.783124029674,0,1
0.00552676416201743,0.00036394525590083824,-6717.64862187379,0,0
0.005529984705374065,0.00036394525590083824,-6717.708574592318,0,0
0.005533210083576796,0.00036394525590083824,-6717.761949866921,0,0
0.005537812344886344,0.00036394525590083824,-6719.876345177077,0,1
0.005544885703705916,0.00036394525590083824,-6726.12805167567,0,3
0.005553498410157348,0.00036394525590083824,-6734.572885256801,0,4
0.0055655857270483925,0.0003410120943118181,-6748.508777091311,0,7
0.0055785806959215666,0.0003461475824728296,-6770.639612661209,0,8
0.005591276373826932,0.0003461475824728296,-6792.277263714262,0,8
0.005604712073403782,0.0003461475824728296,-6813.740838794511,0,8
0.005620539019879547,0.0003461475824728296,-6841.263421190263,0,10
0.005635145502937756,0.0003461475824728296,-6864.665934495872,0,9
0.005650675083643614,0.0003802591388543934,-6891.536469389523,0,10
0.005664907536534697,0.00040460314091556775,-6907.098167357786,0,9
0.005679063721271781,0.00040460314091556775,-6923.038452251131,0,9
0.005692850376922587,0.00040460314091556775,-6939.411221397148,0,9
0.0057070056827591975,0.0004084036793083742,-6955.764749032967,0,9
0.00572190592273001,0.0004084036793083742,-6972.162729455601,0,9
0.005735419425019352,0.0004084036793083742,-6986.264216387691,0,8
0.005746441218101301,0.0004084036793083742,-6996.386672797309,0,6
0.0057541819301943735,0.0004084036793083742,-7000.724819137951,0,4
0.005760113589509563,0.0004084036793083742,-7002.70072805151,0,2
0.005764864358521729,0.0004084036793083742,-7003.756512355962,0,1
0.005768161703297005,0.0004084036793083742,-7003.6305575121205,0,0
0.005771382283643391,0.0004084036793083742,-7003.689794173742,0,0
0.005774607228862705,0.0004084036793083742,-7003.743209598875,0,0
0.005777831891046269,0.0004084036793083742,-7003.797023561188,0,0
0.005783810964318628,0.0004084036793083742,-7007.937335660649,0,2
0.0057937194635322,0.0004084036793083742,-7017.689701228824,0,5
0.005807269482780803,0.000394854652841241,-7032.93203920194,0,8
0.005821342525459434,0.00038625367350687167,-7049.833627390176,0,9
0.005836521141113233,0.0003773710014099878,-7077.843708729761,0,10
0.005850391950456416,0.00036850308462616085,-7102.139601245767,0,9
0.005864279153367673,0.0003713998698483735,-7123.625428088818,0,8
0.005875954203964097,0.0003713998698483735,-7141.907970147063,0,7
0.005887917089527369,0.0003322388035791404,-7160.487051422274,0,7
0.005901256706793838,0.0003322388035791404,-7182.055821792613,0,8
0.005914688294926869,0.00034122777246497566,-7196.166102683493,0,8
0.0059267377297324815,0.00034122777246497566,-7208.309249523011,0,7
0.005941085586565753,0.00034122777246497566,-7225.534702900962,0,9
0.005954227995665314,0.00034122777246497566,-7239.835680488086,0,8
0.005967654757440965,0.00036654376240096136,-7254.281654449203,0,8
0.005976949504689981,0.0003550824406425788,-7262.359745426551,0,5
0.005986355098337229,0.000346483102499843,-7271.256762061387,0,5
0.005993379606011618,0.0003611917249754701,-7274.426361116365,0,3
0.005998211052201619,0.00035797796702004796,-7275.276122141096,0,1
0.006002881110349261,0.00035797796702004796,-7276.512157907758,0,1
0.00600618263450276,0.00035797796702004796,-7276.381304983749,0,0
0.0060094025010721365,0.00035797796702004796,-7276.440891413455,0,0
0.0060126269851749955,0.00035797796702004796,-7276.494265763223,0,0
0.006017228433844685,0.00035797796702004796,-7277.892054606365,0,1
0.006022923772079338,0.00035797796702004796,-7281.7118564177035,0,2
0.006033844725306691,0.00035797796702004796,-7293.378728776597,0,6
0.006047115769237766,0.00035797796702004796,-7307.990828894673,0,8
0.006060186174950407,0.00035931103456096896,-7322.150895527314,0,8
0.0060749938523016155,0.00035931103456096896,-7346.501370615858,0,9
0.006087782955017635,0.00035931103456096896,-7367.281118010391,0,8
0.006102591476817611,0.0003772698022798109,-7391.612024475996,0,9
0.006117111443090482,0.0003772698022798109,-7415.413328962293,0,9
0.00613264436959965,0.0003772698022798109,-7442.217641718907,0,10
0.006147898653081476,0.0003772698022798109,-7468.498527175775,0,10
0.006161765203804882,0.0003772698022798109,-7483.988354898462,0,9
0.006174913239780003,0.0003772698022798109,-7497.858357779111,0,8
0.0061869521110697046,0.0003772698022798109,-7510.599024786378,0,7
0.00620029851278716,0.00039361886727795874,-7525.994706328153,0,8
0.006212989720886556,0.0003643076344303162,-7540.959697394,0,8
0.006223295531478344,0.0003554273339882817,-7551.371896562199,0,6
0.006233444984023656,0.00035228061030934577,-7562.233928266582,0,6
0.0062415672173453795,0.0003434142540903718,-7566.64175283752,0,4
0.006247127527335785,0.00033454813148016974,-7568.64473690425,0,2
0.006251882873918024,0.0003471701746313189,-7569.678899253243,0,1
0.006255178961910592,0.0003471701746313189,-7569.555941151735,0,0
0.006258398499888406,0.0003471701746313189,-7569.6150326839015,0,0
0.006261622385852796,0.0003471701746313189,-7569.668420162381,0,0
0.0062648459899236975,0.0003471701746313189,-7569.722200208922,0,0
0.006272201392842089,0.0003471701746313189,-7575.948297828383,0,3
0.006284580385391938,0.0003471701746313189,-7589.9292965502555,0,7
0.0062993049655689325,0.0003471701746313189,-7607.899530588203,0,9
0.006310699334706503,0.0003471701746313189,-7620.720579281666,0,7
0.006324403007804934,0.00036741972493917907,-7643.810909238741,0,8
0.006339228547854618,0.00037840139536452004,-7669.499161606021,0,9
0.006353372717054178,0.00037222058612865325,-7694.351900496817,0,9
0.0063665105035413845,0.00037222058612865325,-7715.7452152438555,0,8
0.0063823378983518045,0.00037222058612865325,-7743.7991886187765,0,10
0.006396932515269157,0.00039199607077318184,-7767.660902130031,0,9
0.006411073555482967,0.00039199607077318184,-7784.041527476579,0,9
0.006425245421522971,0.00039199607077318184,-7800.715039043004,0,9
0.006439758617748905,0.0004008721801433786,-7818.931399887956,0,9
0.006452901181067881,0.0004008721801433786,-7835.401772508466,0,8
0.00646631725107139,0.0004158084020403128,-7851.2970325469605,0,8
0.0064797439499219575,0.0004219449240633214,-7866.881879393761,0,8
0.006490780201349395,0.0004219449240633214,-7877.550459140603,0,6
0.0064988836572019,0.0004219449240633214,-7882.086605933644,0,4
0.006504444488822705,0.0004219449240633214,-7884.114706902273,0,2
0.006507821487015313,0.0004219449240633214,-7883.79077722474,0,0
0.00651103596525735,0.0004219449240633214,-7883.856365619798,0,0
0.006514259687748147,0.0004219449240633214,-7883.909295522845,0,0
0.006517482874704281,0.0004219449240633214,-7883.963096746616,0,0
0.006522083355938777,0.0004366547901093816,-7885.406967362062,0,1
0.006527777757818911,0.0004366547901093816,-7889.317093161303,0,2
0.006538698020109286,0.0004473759104705028,-7901.680004008936,0,6
0.00655407469033814,0.0004473759104705028,-7920.567099466924,0,9
0.00656859376534798,0.00038153345491898864,-7937.652263111168,0,9
0.0065817361880323765,0.00038153345491898864,-7959.737474187637,0,8
0.0065951624728832325,0.00038153345491898864,-7982.722251346391,0,8
0.006608953694768209,0.00038173196236463536,-8005.317066560036,0,8
0.006622385528439582,0.00038173196236463536,-8027.226033832482,0,8
0.006635447132099303,0.00038173196236463536,-8049.011521033824,0,8
0.006650903567103989,0.00038173196236463536,-8076.913050812551,0,10
0.006666537039627904,0.0003976780804018454,-8094.994392177279,0,10
0.0066780071058686885,0.0003914972987721716,-8106.858749067182,0,7
0.006687857392099039,0.0003914972987721716,-8118.627028875693,0,6
0.006701125104484928,0.00041779162076759936,-8136.837989920591,0,8
0.0067134553012233615,0.00043177574978375827,-8153.125032368217,0,8
0.006726519402896287,0.00043177574978375827,-8168.928349853336,0,8
0.00673892614169109,0.00043177574978375827,-8181.720990306826,0,7
0.00674775886623878,0.00043177574978375827,-8187.50971508155,0,5
0.0067534050966702374,0.00043177574978375827,-8189.352392929949,0,2
0.006756776739757348,0.00043177574978375827,-8189.030515352081,0,0
0.006759990954115475,0.00043177574978375827,-8189.095805659464,0,0
0.006763214143346723,0.00043177574978375827,-8189.148741404114,0,0
0.006766436815138807,0.00043177574978375827,-8189.202526866321,0,0
0.0067696594566436655,0.00043177574978375827,-8189.25625409889,0,0
0.006774259375336279,0.00043177574978375827,-8191.441302887272,0,1
0.006785462580903662,0.0004715650428400018,-8205.901764982673,0,6
0.00679873278793136,0.0004715650428400018,-8225.270941394261,0,8
0.006811427068903476,0.0004715650428400018,-8241.443113284606,0,8
0.006825521331083963,0.0004715650428400018,-8266.96288005869,0,9
0.0068382967886341925,0.0004715650428400018,-8288.284918611018,0,8
0.006853742116925827,0.0004715650428400018,-8316.188108253578,0,10
0.006866599412103364,0.0004715650428400018,-8336.768069185679,0,8
0.006879296165199723,0.00047763375591091523,-8358.147495744885,0,8
0.006896509817697828,0.0004963576380098262,-8388.793820096922,0,11
0.006911833184281704,0.0004828103117186143,-8406.327425888234,0,10
0.006927457563698167,0.00047421426344819076,-8424.328706349415,0,10
0.006940680711845683,0.0004653364936299253,-8438.931661167364,0,8
0.0069527349922520396,0.0004564734822268343,-8452.186864011755,0,7
0.006966080437316438,0.0004476096580614606,-8467.629723216665,0,8
0.006977758460025582,0.00043874606746059647,-8480.34346657362,0,7
0.006990743404372219,0.00042988264010309355,-8495.269413876304,0,8
0.007001047851544171,0.0004210193807107889,-8502.150926582368,0,6
0.00700713400124229,0.00041215628896267074,-8503.804921169347,0,2
0.007011873584957304,0.00040329336487655577,-8504.879623078476,0,1
0.007016181793522239,0.0003944306084474988,-8506.105345017255,0,1
0.007020863066398812,0.00038556801967205953,-8507.33568821647,0,1
0.007024161791601191,0.00037670559854675146,-8507.202800177718,0,0
0.007028756899508749,0.0003678433450680633,-8508.644521435044,0,1
0.007033073254061023,0.0003589812592324709,-8510.46134530637,0,1
0.0070418859013167455,0.0003997911081579196,-8519.565470943095,0,4
0.007054340416388156,0.0003909293575980191,-8535.406006576864,0,7
0.007067318392927504,0.0003904595261800099,-8550.63534837328,0,8
0.007083143874771312,0.0003904595261800099,-8578.639745501438,0,10
0.007099763267031584,0.0003904595261800099,-8608.901095243365,0,11
0.0071151091341473795,0.0003904595261800099,-8635.24258471697,0,10
0.007131724375420329,0.0003904595261800099,-8664.92373554806,0,11
0.0071477892315499805,0.00044230582035011226,-8690.970171960169,0,10
0.0071630284413300395,0.0003981607788757679,-8717.413405012594,0,10
0.0071772597711885515,0.0003981607788757679,-8733.019095961934,0,9
0.007191779547614066,0.0003981607788757679,-8749.009897716205,0,9
0.007206299815166637,0.0003981607788757679,-8765.249733675917,0,9
0.007217699735459382,0.0003981607788757679,-8777.445710402295,0,7
0.007232414943647725,0.00037028360006792466,-8794.461582043794,0,9
0.00724730387440916,0.00037028360006792466,-8810.657426621117,0,9
0.0072586886361406784,0.00037028360006792466,-8822.525149263958,0,7
0.007267530261170174,0.00037028360006792466,-8828.040289014423,0,5
0.007274187895853902,0.00037028360006792466,-8831.157729554749,0,3
0.0072786572356193045,0.00037028360006792466,-8831.976728581616,0,1
0.007283328728879705,0.00041125170161858377,-8833.186840846349,0,1
0.007286627429029644,0.00041125170161858377,-8833.059421942831,0,0
0.007289844657708884,0.00041125170161858377,-8833.118853841717,0,0
0.00729306648749795,0.00041125170161858377,-8833.172146374007,0,0
0.007296288018416086,0.00041125170161858377,-8833.225948440255,0,0
0.007303641648297653,0.00041125170161858377,-8839.54894778352,0,3
0.007312251678886138,0.00041125170161858377,-8847.4336909499,0,4
0.0073239721337617315,0.00041125170161858377,-8861.41103183715,0,7
0.007339430328814445,0.000430996023396035,-8886.986868970622,0,9
0.007353306523290391,0.000430996023396035,-8908.801741277042,0,8
0.0073649803217048695,0.000430996023396035,-8927.615556403684,0,7
0.0073775893316685714,0.000430996023396035,-8949.670182405793,0,8
0.007392042158802763,0.000430996023396035,-8974.348643297253,0,9
0.007407213381066553,0.000430996023396035,-9001.594118598048,0,10
0.007421094021635854,0.000430996023396035,-9017.469617872279,0,9
0.007435241692635486,0.000430996023396035,-9033.76067669779,0,9
0.007448742139239154,0.000430996023396035,-9049.198610826457,0,8
0.0074631764149032075,0.000430996023396035,-9068.585419096931,0,9
0.007475582987106067,0.0004423038448977401,-9084.489737923866,0,8
0.007488641823693135,0.0004287579781380246,-9100.17517214058,0,8
0.0074989410471657855,0.0004201661621504691,-9110.792813427195,0,6
0.007506687860106818,0.0004112925997642731,-9115.357357436933,0,4
0.00751225115109595,0.0004024337984700304,-9117.37427611711,0,2
0.00751700346437523,0.0003981590006909864,-9118.471564020207,0,1
0.007520297130991629,0.0003981590006909864,-9118.335879439283,0,0
0.00752351417513242,0.0003981590006909864,-9118.395220676035,0,0
0.00752673556795379,0.0003981590006909864,-9118.44851849306,0,0
0.00752995667886323,0.0003981590006909864,-9118.50222839691,0,0
0.007535932582658228,0.00042146442323083235,-9122.787767708089,0,2
0.007548228757661801,0.00042146442323083235,-9137.33473338676,0,7
0.007561579237669654,0.00042146442323083235,-9152.941906616348,0,8
0.007576374412982312,0.00040791883959511544,-9170.588230568754,0,9
0.007592281919799677,0.00038822580157759186,-9198.957504238275,0,10
0.007605880199744888,0.00038822580157759186,-9220.09671319241,0,8
0.007618555550363077,0.00038822580157759186,-9241.90950375563,0,8
0.007630237998012886,0.00038822580157759186,-9260.211886998577,0,7
0.0076432213535604235,0.00043614767652410145,-9281.95857491921,0,8
0.0076559151492383735,0.0004105029428550028,-9303.065521318063,0,8
0.007667231549377508,0.000392148359591726,-9315.107858594452,0,7
0.007680573167339375,0.000392148359591726,-9329.575837407861,0,8
0.0076953800849990485,0.000392148359591726,-9346.494445848577,0,9
0.0077081461646012865,0.000392148359591726,-9360.927667064016,0,8
0.0077208362821972664,0.000392148359591726,-9375.566830782469,0,8
0.00773150505643497,0.000392148359591726,-9385.917671573088,0,6
0.007742365940013995,0.000392148359591726,-9396.846128811427,0,6
0.0077494642850387905,0.000392148359591726,-9399.92598207661,0,3
0.007753923849116647,0.000392148359591726,-9400.78327224247,0,1
0.007758595059322288,0.000392148359591726,-9402.061862369474,0,1
0.007761892967512694,0.000392148359591726,-9401.923917092668,0,0
0.007765109395859927,0.000392148359591726,-9401.983581934908,0,0
0.0077683304234945835,0.000392148359591726,-9402.036840939565,0,0
0.007772928583629412,0.000392148359591726,-9403.487182878396,0,1
0.007778985351882418,0.000392148359591726,-9407.414450111983,0,2
0.007789899138112036,0.000392148359591726,-9419.426985281947,0,6
0.007802439190779501,0.000392148359591726,-9434.46745067522,0,8
0.007815506127882935,0.00038903851389941225,-9449.029237009805,0,8
0.00783105181823722,0.00037753981133427936,-9473.854641758076,0,9
0.007844559087650069,0.00039815651883716744,-9495.045860917948,0,8
0.007858992525006592,0.00039815651883716744,-9519.634094258576,0,9
0.007873516456719328,0.00039815651883716744,-9543.671122862486,0,9
0.00788978808887572,0.00039815651883716744,-9570.812650937534,0,10
0.00790505278273011,0.00039815651883716744,-9597.338469876353,0,10
0.007919656771376295,0.00039815651883716744,-9612.968436720854,0,9
0.00793241807648443,0.0003951780738886095,-9627.018337389902,0,8
0.007943730760428489,0.0003951780738886095,-9639.645205487677,0,7
0.007956343307027006,0.0003951780738886095,-9654.658540583398,0,8
0.007969405949741904,0.00043614572972662833,-9669.270730830895,0,8
0.007979715000136582,0.0004105011106251707,-9679.543817694566,0,6
0.007991228419881332,0.0004105011106251707,-9692.433350381953,0,7
0.007999805393212387,0.0004167004856112473,-9696.67705421307,0,4
0.008005353151369977,0.00040811192475542985,-9698.688336834855,0,2
0.00801010529299159,0.00040557520179831756,-9699.707031312017,0,1
0.008013397886854186,0.00040557520179831756,-9699.586897898458,0,0
0.008016613892966812,0.00040557520179831756,-9699.645764285158,0,0
0.008019834244237842,0.00040557520179831756,-9699.699046595206,0,0
0.008023054313849332,0.00040557520179831756,-9699.752714028837,0,0
0.008029029288609255,0.0004418149650201454,-9703.867378779225,0,2
0.008040311937011563,0.0004418149650201454,-9715.981561817835,0,6
0.008054588881423526,0.0004418149650201454,-9734.163101977043,0,9
0.008067084158444338,0.0004418149650201454,-9746.975775634106,0,7
0.008080428141491375,0.0004418149650201454,-9770.006365769534,0,8
0.008094516283653095,0.00044524157082786504,-9795.746858369004,0,9
0.008108667892107756,0.00044524157082786504,-9821.020928456053,0,9
0.008120060770793627,0.00044524157082786504,-9839.490277064959,0,7
0.008134775514022655,0.00044524157082786504,-9865.137594304313,0,9
0.008147545586861848,0.00043169698504312185,-9886.44721389455,0,8
0.008161977003122385,0.00044125541765314654,-9903.36743463548,0,9
0.008176135339678916,0.00044125541765314654,-9921.191903813526,0,9
0.008190293389963051,0.00044125541765314654,-9940.195304808247,0,9
0.008203428903292804,0.00044125541765314654,-9959.489240432382,0,8
0.00821647812697416,0.00044125541765314654,-9978.272977788562,0,8
0.008227424977819189,0.00044125541765314654,-9993.496913721054,0,7
0.00823801660028117,0.00044125541765314654,-10005.270858723137,0,6
0.008244748919086055,0.00044125541765314654,-10008.658211245849,0,3
0.008250589809572694,0.00044125541765314654,-10010.982076255952,0,2
0.00825396374790026,0.00044125541765314654,-10010.65714066115,0,0
0.00825717488918903,0.00044125541765314654,-10010.72267774519,0,0
0.008260395278999933,0.00044125541765314654,-10010.775504032072,0,0
0.008263615132966095,0.00044125541765314654,-10010.82920247989,0,0
0.008268212459649692,0.0004486631297990537,-10012.277279483054,0,1
0.008273903870685828,0.0004506679248052475,-10016.274834685253,0,2
0.008285186456656511,0.0004555073445347959,-10030.044713031662,0,6
0.00829982787537227,0.0004555073445347959,-10052.233877641933,0,9
0.008314354864472547,0.00045553084876153187,-10070.504612219689,0,9
0.00832785969509255,0.0004419864022104471,-10092.301879045712,0,8
0.008341279743347509,0.0004333987037387877,-10114.658853605271,0,8
0.008354704638435356,0.0004248862004760999,-10136.768518643685,0,8
0.008369872247659687,0.0004522710967769003,-10161.995922454027,0,9
0.008382654341829793,0.0004434155779741911,-10183.696179457862,0,8
0.008399213792687304,0.00043456029259102293,-10211.687320276864,0,10
0.008415217761110996,0.00041564676472312633,-10229.847014605839,0,10
0.008426692202126378,0.00041907335526683787,-10241.566638980703,0,7
0.008437269740679489,0.00041907335526683787,-10252.561765697734,0,6
0.008451256488894172,0.00041907335526683787,-10268.960198177807,0,8
0.00846468144955564,0.00041907335526683787,-10284.506842691748,0,8
0.008478105854199697,0.00041907335526683787,-10299.823730943775,0,8
0.008489412075065358,0.00041907335526683787,-10312.243293485863,0,7
0.008498631656025936,0.0004232497512223417,-10317.88258090141,0,5
0.008504269373804529,0.0004146634749163823,-10319.678686874866,0,2
0.00850763809401242,0.00040579541948214783,-10319.370980459149,0,0
0.008510848818858049,0.0003969421286634761,-10319.435695515604,0,0
0.008514068542229893,0.00039165339871309097,-10319.488553004412,0,0
0.00851728774655338,0.00039165339871309097,-10319.542221883361,0,0
0.008520506920776844,0.00039165339871309097,-10319.595835194956,0,0
0.0085251035339094,0.00039165339871309097,-10321.704279968737,0,1
0.008536668869631246,0.00039165339871309097,-10334.245931575078,0,6
0.008549932404332009,0.0003999927492796586,-10349.866531568632,0,8
0.008561895515156763,0.00039303118246918783,-10364.586026792178,0,8
0.00857670473137533,0.00045382086194979335,-10389.547723849097,0,9
0.008590584420913223,0.00045382086194979335,-10410.885478327144,0,8
0.008606765509614403,0.00045382086194979335,-10438.702298656804,0,10
0.008619623217586235,0.00045382086194979335,-10459.145949632264,0,8
0.008633047921053062,0.0004402772402146124,-10480.471908148924,0,8
0.008650250861716611,0.0004364566455901269,-10510.947711817114,0,11
0.008664571490934577,0.0004364566455901269,-10526.217525484064,0,9
0.008680452145376856,0.0004364566455901269,-10544.301754327293,0,10
0.008693299245551227,0.0004364566455901269,-10558.184857419743,0,8
0.008704605491217097,0.0004364566455901269,-10570.915856355823,0,7
0.008716852563198336,0.0004364566455901269,-10585.982250487,0,8
0.008727812159007057,0.0004364566455901269,-10598.338243569318,0,7
0.008740508637783603,0.00043814922109313705,-10610.949207546124,0,7
0.00875035072319536,0.0003904546378907143,-10617.797896766539,0,6
0.00875644472340687,0.0003904546378907143,-10619.391333996786,0,2
0.008760815919916122,0.0003904546378907143,-10620.429204015385,0,1
0.008765490124263966,0.00042127497198984345,-10621.641046127925,0,1
0.008770163218300549,0.00042127497198984345,-10622.854261241751,0,1
0.008773458803764034,0.00042127497198984345,-10622.724034068975,0,0
0.00877805056091752,0.00042127497198984345,-10624.14442815397,0,1
0.008782728198054831,0.00042127497198984345,-10625.973516590688,0,1
0.008791168833006102,0.00042127497198984345,-10634.337389550366,0,4
0.008803261464227292,0.00042127497198984345,-10648.772546187678,0,7
0.008815876662445567,0.00042127497198984345,-10664.51626220729,0,8
0.008831693586649704,0.00042127497198984345,-10694.067515611348,0,10
0.008848687457631737,0.00042127497198984345,-10725.935091300478,0,11
0.008863650755923833,0.00042191046323243733,-10753.945757260424,0,10
0.00887991626940435,0.00042191046323243733,-10785.481393821085,0,11
0.008895618748088516,0.0004083672588563653,-10812.959063591843,0,10
0.008910860568341844,0.00043865307319929103,-10840.655006675743,0,10
0.008925089376286749,0.0004364547006759,-10857.233141015191,0,9
0.008938866717908483,0.0004364547006759,-10874.323651613162,0,9
0.008953393958644081,0.0004364547006759,-10892.465068367965,0,9
0.00896615861630425,0.0004364547006759,-10909.811931162722,0,8
0.00898097579891108,0.0004364547006759,-10929.781024202723,0,9
0.00899512819824954,0.0004364547006759,-10949.428217105255,0,9
0.009006520375255553,0.0004364547006759,-10962.566471939477,0,7
0.009015358922634532,0.0004364547006759,-10968.653705140281,0,5
0.009021365600238102,0.0004364547006759,-10970.55000444835,0,2
0.009026106592287704,0.0004364547006759,-10971.646747209836,0,1
0.009030410812814908,0.0004364547006759,-10972.90286351632,0,1
0.009033710881324963,0.0004364547006759,-10972.758115386214,0,0
0.00903692449332787,0.0004364547006759,-10972.818202397499,0,0
0.009040142958223158,0.0004364547006759,-10972.871347219876,0,0
0.009043361107349043,0.0004364547006759,-10972.925059501802,0,0
0.00905071187698649,0.0004364547006759,-10980.696083860208,0,3
0.00905895469205217,0.0004364547006759,-10990.254486669439,0,4
0.009071771489562879,0.0004980090793789685,-11004.814454729672,0,7
0.009085765660932787,0.0004980090793789685,-11030.303627563348,0,9
0.009098543668889314,0.00044554203229012993,-11051.596326822275,0,8
0.009110958117428214,0.00044554203229012993,-11070.151197934505,0,7
0.009124670512781414,0.0004467590508504985,-11092.252368930087,0,8
0.009138741660180014,0.0004467590508504985,-11116.87379468962,0,9
0.009154270710378064,0.0004467590508504985,-11143.96411788382,0,10
0.009168144317765773,0.000433216339131819,-11159.698889342031,0,9
0.009182301870347118,0.0004272061614299232,-11175.849415170245,0,9
0.009196813341275107,0.0004272061614299232,-11192.166794961551,0,9
0.009210965960526537,0.0004272061614299232,-11208.63961956913,0,9
0.00922447615091003,0.0004361072315466985,-11222.929624608814,0,8
0.009237530673850289,0.0004364527567231775,-11237.468890324883,0,8
0.009247838753684635,0.0004364527567231775,-11247.691785861403,0,6
0.009254934863956586,0.0004364527567231775,-11250.73746033419,0,3
0.009259756433696408,0.0004364527567231775,-11251.597764847334,0,1
0.009264420211366255,0.0004364527567231775,-11252.838189934078,0,1
0.009267715388833093,0.0004364527567231775,-11252.707721159739,0,0
0.009270928718739262,0.0004364527567231775,-11252.767091791004,0,0
0.009274146665958763,0.0004364527567231775,-11252.820262905358,0,0
0.009277364313243087,0.0004364527567231775,-11252.87385961223,0,0
0.009281959460461443,0.0004364527567231775,-11254.980728962622,0,1
0.009291781510398061,0.0004466017865172801,-11265.185911493825,0,5
0.009304967454883104,0.0004637363488192805,-11280.37526835582,0,8
0.009319405647215794,0.0004839779470524731,-11296.918411948718,0,9
0.009334940334079257,0.0004839779470524731,-11324.08080484469,0,10
0.009349178489132857,0.0004839779470524731,-11347.544556853965,0,9
0.009361212914116368,0.0004839779470524731,-11368.112044693122,0,8
0.00937354562048568,0.0004839779470524731,-11388.926294890973,0,8
0.009386606549048443,0.0004890041959453479,-11409.73557123056,0,8
0.009400306276563287,0.0004980068617668101,-11433.527085576348,0,9
0.009411707195753252,0.0004980068617668101,-11444.981626983461,0,7
0.009423675455988356,0.0004659761023214892,-11457.084651727682,0,7
0.009438399663477563,0.00045739413990076173,-11473.411176379788,0,9
0.009451908892246903,0.0004588708620490613,-11487.434930095,0,8
0.009464952443576865,0.00045002186222871035,-11501.659888976406,0,8
0.009474885051396395,0.0004411720486751776,-11511.605417247058,0,6
0.009485023888152954,0.0004745394570405979,-11522.04404058466,0,6
0.009491763811061558,0.0004745394570405979,-11524.920325049032,0,3
0.009496589233875318,0.0004745394570405979,-11525.751204707927,0,1
0.00950125246431939,0.0004745394570405979,-11526.928774225913,0,1
0.009504547322050047,0.0004745394570405979,-11526.808046967717,0,0
0.009507760355053893,0.0004745394570405979,-11526.86706899766,0,0
0.00951097800601527,0.0004745394570405979,-11526.920248922415,0,0
0.009515572968279247,0.0004745394570405979,-11528.231607285443,0,1
0.009521262070017238,0.0004745394570405979,-11531.896766100797,0,2
0.009533920334456669,0.0004745394570405979,-11545.139957871748,0,7
0.009547639564737616,0.0004745394570405979,-11558.961386093426,0,8
0.009561072363728806,0.0004745394570405979,-11572.695914037782,0,8
0.009575507800043423,0.0004874836594838945,-11596.498590335977,0,9
0.009588641542678059,0.0004874836594838945,-11616.803743053095,0,8
0.00960271250141103,0.0004874836594838945,-11640.488788667288,0,9
0.009618241150450612,0.0004874836594838945,-11666.711826478499,0,10
0.00963349235827042,0.0004874836594838945,-11692.521039447638,0,10
0.009649462059474008,0.0004874836594838945,-11718.285508183348,0,10
0.009664056527382255,0.0004874836594838945,-11733.330156220198,0,9
0.009677181672567904,0.000518804994628236,-11746.742742357097,0,8
0.009689227326295657,0.000518804994628236,-11758.625333795264,0,7
0.009702558969756735,0.000518804994628236,-11772.912872802894,0,8
0.00971562239571858,0.000518804994628236,-11786.83351413176,0,8
0.009728037712384254,0.000518804994628236,-11798.720746065284,0,7
0.009739642669862127,0.0005282629750466973,-11810.81707217728,0,7
0.009747472088584229,0.0005147208508377597,-11814.785441565022,0,4
0.00975302694199157,0.0005061398838027745,-11816.67298377915,0,2
0.009757775868903919,0.0004972771060554968,-11817.641279706302,0,1
0.009761065525999844,0.0004884290963220999,-11817.532307022035,0,0
0.009764278440716168,0.00047958027278632306,-11817.590806660868,0,0
0.009767495704001901,0.0004707316825534563,-11817.644005212318,0,0
0.009770712685420985,0.00046188325524514203,-11817.6975699742,0,0
0.00977668486834992,0.00045303499558739453,-11821.73502333945,0,2
0.00978934299349826,0.00044773359601028097,-11835.563322604858,0,7
0.00980406417229271,0.00044773359601028097,-11852.140730024346,0,9
0.009815089543245874,0.00044773359601028097,-11864.005223683755,0,7
0.00982879445727742,0.00044773359601028097,-11885.850776080853,0,8
0.009843240378399154,0.00046602726126096543,-11910.397150036295,0,9
0.009858137505934292,0.00046602726126096543,-11934.461093962213,0,9
0.009870906657758085,0.00046602726126096543,-11955.525779923353,0,8
0.009887089638995926,0.00046602726126096543,-11983.35239634262,0,10
0.009900958368976188,0.0004574885374734398,-12006.987145145145,0,9
0.009915115894013572,0.0004574885374734398,-12022.996593616297,0,9
0.00992963730126195,0.0004574885374734398,-12039.031406445476,0,9
0.009944164869532104,0.0004574885374734398,-12055.248277295059,0,9
0.00995803308411993,0.0004574885374734398,-12070.06488026096,0,8
0.00997109208666966,0.0004574885374734398,-12085.1589642021,0,8
0.009982036476098842,0.0004574885374734398,-12097.604566360944,0,7
0.009993001448630757,0.0004503951237280479,-12108.137208535025,0,6
0.010001103764288453,0.0004418160535376277,-12112.492405511783,0,4
0.010006658455655371,0.00043295516129962736,-12114.464449067817,0,2
0.010010029006225432,0.0004241090382946661,-12114.146896952281,0,0
0.01001323657669425,0.00041526210135524647,-12114.2120159281,0,0
0.010016453396159426,0.00041489762880341625,-12114.264747647561,0,0
0.010019669679747671,0.00042373662501066765,-12114.318330129174,0,0
0.010024263586922894,0.0004325754584975772,-12115.730275534974,0,1
0.010028938813155846,0.0004414141245353578,-12117.562249741808,0,1
0.010040497684871419,0.0005297946976816854,-12130.479310011708,0,6
0.01005440790251026,0.0005297946976816854,-12149.117739579204,0,9
0.01006893205008403,0.0005297946976816854,-12166.589488987393,0,9
0.010081694403464181,0.0005297946976816854,-12188.685797496082,0,8
0.010095477103665264,0.0005297946976816854,-12211.217904437162,0,8
0.010108884428955814,0.0005297946976816854,-12233.328534393759,0,8
0.010123321070878901,0.0005297946976816854,-12258.24646234237,0,9
0.010136819014717365,0.0005297946976816854,-12279.466229450421,0,8
0.010152283821714183,0.0005297946976816854,-12307.325993925688,0,10
0.010167538612317175,0.0005297946976816854,-12325.377617260414,0,10
0.010179009556975729,0.0005297946976816854,-12337.158442416929,0,7
0.010191337381603282,0.0005297946976816854,-12350.556655561357,0,7
0.01020468992852792,0.0005297946976816854,-12367.439822136676,0,8
0.010217376569446737,0.0005297946976816854,-12382.994613544744,0,8
0.010231173285769413,0.0005174866203719818,-12398.57474348155,0,8
0.010242107407854955,0.000508908489854944,-12411.149689085005,0,7
0.01025204889620452,0.0005000485316649492,-12416.847182415004,0,5
0.010258039450986925,0.0004912033433129555,-12418.70003816316,0,2
0.010261400927263454,0.00048235734096096686,-12418.38747333383,0,0
0.010264608571472173,0.00047351157186281174,-12418.452004534516,0,0
0.010267824996928967,0.0004646659656291811,-12418.50475909558,0,0
0.010271040917925817,0.0004558205269869256,-12418.558331390288,0,0
0.010274256807917046,0.0004469752556146425,-12418.611848767194,0,0
0.010278850268891438,0.0004381301515301853,-12420.770807313656,0,1
0.010290048654865862,0.0004292852147285869,-12434.324242195775,0,6
0.01030331488341403,0.0004864103117260587,-12451.97865845752,0,8
0.010316380621279146,0.0004775657094798589,-12467.74405407342,0,8
0.010331174054246375,0.00046872127450608384,-12493.967396088326,0,9
0.010345679839693724,0.0004622787887211471,-12519.063520037604,0,9
0.010360186505154722,0.0004622787887211471,-12543.699743583698,0,9
0.010373336445701547,0.0004622787887211471,-12564.940616282705,0,8
0.010386403967487088,0.0004973499981965169,-12586.57642225657,0,8
0.01040397458411225,0.0004973499981965169,-12617.598789231468,0,11
0.010417547626027764,0.0004973499981965169,-12633.254377110616,0,9
0.010433092710009438,0.0004973499981965169,-12651.740514811434,0,10
0.010446305812256678,0.0004973499981965169,-12665.874075048074,0,8
0.010458335507298609,0.0004973499981965169,-12678.865168020282,0,7
0.010471677435436432,0.0004973499981965169,-12694.254667641246,0,8
0.010484363435137216,0.0004973499981965169,-12709.12561259867,0,8
0.010496770810117009,0.0004973499981965169,-12721.655275634575,0,7
0.01050770563204988,0.0004973499981965169,-12728.782894310973,0,6
0.010513417930185147,0.0004973499981965169,-12730.427235170153,0,2
0.010517791503130217,0.0004973499981965169,-12731.509411682964,0,1
0.010522097604576487,0.0004973499981965169,-12732.767351556007,0,1
0.010526407581307002,0.0004973499981965169,-12734.014621825176,0,1
0.01052970444368372,0.0004973499981965169,-12733.86996383178,0,0
0.010534292916448246,0.0004973499981965169,-12735.349066786632,0,1
0.010538967616407628,0.0004973499981965169,-12737.224449743968,0,1
0.010547405626178608,0.0004973499981965169,-12745.862228707367,0,4
0.010557753556808545,0.0004973499981965169,-12758.046611926406,0,6
0.010571384168169265,0.0004973499981965169,-12774.400088101602,0,8
0.0105858117697661,0.0004973499981965169,-12800.919245934983,0,9
0.010602713077368937,0.0004838097172716228,-12833.27455024011,0,11
0.010617031996661143,0.0004752340917044568,-12857.818839066673,0,9
0.010632931958197733,0.0004422892270091469,-12886.392072891886,0,10
0.010648553374112125,0.0004911938059421625,-12914.167541818886,0,10
0.010664163829397276,0.0004881127782959588,-12941.832792940399,0,10
0.010679784772706242,0.0004881127782959588,-12960.641303545182,0,10
0.010694017478746853,0.0004881127782959588,-12977.309711577242,0,9
0.01070853331228081,0.0004898144372592176,-12994.41018198222,0,9
0.010720931063202271,0.0004762746668492665,-13011.34376303098,0,8
0.010735375616827043,0.0004619560164523159,-13031.524390195464,0,9
0.010749155174564444,0.0004588242285652909,-13050.98654858213,0,9
0.010760924930011245,0.0004588242285652909,-13064.52436323454,0,7
0.010769755868407232,0.0004588242285652909,-13070.605043608573,0,5
0.010775760765018816,0.0004588242285652909,-13072.562065173572,0,2
0.010780498188068765,0.0004588242285652909,-13073.678049439595,0,1
0.010784799101357077,0.0004588242285652909,-13074.960867616086,0,1
0.010788095888228622,0.0004588242285652909,-13074.810786768767,0,0
0.010791306154121192,0.0004588242285652909,-13074.87092652593,0,0
0.010794521273645427,0.0004588242285652909,-13074.923957924773,0,0
0.010797736077399998,0.0004588242285652909,-13074.977575300105,0,0
0.010805084032312234,0.0004588242285652909,-13082.581591891894,0,3
0.010813324218371324,0.0004588242285652909,-13093.08677033429,0,4
0.010825044573199034,0.0004588242285652909,-13110.009389999794,0,7
0.010841512016916617,0.0004588242285652909,-13141.714800153146,0,10
0.010855754161920203,0.0004588242285652909,-13167.721284867295,0,9
0.010867503792856219,0.0004588242285652909,-13186.884661898583,0,7
0.010880843893404721,0.0004588242285652909,-13209.907784387346,0,8
0.010895283662332313,0.0004588242285652909,-13235.266763906357,0,9
0.010911464456255354,0.0004588242285652909,-13266.339091742524,0,11
0.010926146298460932,0.0004588242285652909,-13282.464707629579,0,9
0.010939557606220111,0.0004588242285652909,-13299.271797450116,0,9
0.010953712978433876,0.00041765738290012284,-13316.59356812494,0,9
0.01096787859569812,0.00046621291580187664,-13336.135781028695,0,9
0.010981009647639907,0.00046621291580187664,-13351.731694061908,0,8
0.010993326015025496,0.00046621291580187664,-13367.266767949266,0,8
0.011003630249791028,0.00046621291580187664,-13377.878745155062,0,6
0.011010723078162024,0.00046621291580187664,-13381.095420152884,0,3
0.011016189799947644,0.0004702910825089741,-13383.441496282123,0,2
0.011020941200746258,0.0004791237584898458,-13384.510067845364,0,1
0.011025605780295145,0.00048795626715098233,-13385.78415465751,0,1
0.011028897526335488,0.0004967886088140719,-13385.646852524918,0,0
0.011032107541527579,0.0005056207834612436,-13385.706317496055,0,0
0.011035322161325507,0.0005144527910974337,-13385.759377076825,0,0
0.011039914256010476,0.0005232846317260583,-13387.891203592253,0,1
0.01105248938364926,0.0005321163053506422,-13402.408656618321,0,7
0.011065836064663952,0.0005274085046512703,-13417.418274025282,0,8
0.011080263047309328,0.0005276670395152859,-13434.53092200186,0,9
0.01109580737047993,0.0006073091895702654,-13462.326176277169,0,10
0.011109678730507843,0.0006073091895702654,-13486.309244222479,0,9
0.011122455987319228,0.0006073091895702654,-13507.37890234924,0,8
0.011135870704083532,0.0006073091895702654,-13528.891604473918,0,8
0.011147903763426604,0.0006073091895702654,-13547.171006452592,0,7
0.011161254979730457,0.0006073091895702654,-13568.96724821346,0,8
0.01117330273192922,0.0006073091895702654,-13581.218118111437,0,7
0.011185275242331084,0.0006073091895702654,-13593.805181733342,0,7
0.011199621389568695,0.0006073091895702654,-13610.97691753919,0,9
0.011213122788267362,0.0006073091895702654,-13626.307176452381,0,8
0.011225809676799403,0.0006073091895702654,-13641.569728910468,0,8
0.011237863089433565,0.0006073091895702654,-13654.322045697432,0,7
0.011248812182247405,0.0006073091895702654,-13665.15975260533,0,6
0.011255900600950308,0.0006073091895702654,-13668.338781311746,0,3
0.011260354254067828,0.0006073091895702654,-13669.219030530065,0,1
0.011265019282835055,0.0006073091895702654,-13670.478302967496,0,1
0.011268310664558386,0.0006073091895702654,-13670.34050789096,0,0
0.011271520350436754,0.0006073091895702654,-13670.400021789532,0,0
0.011274734637584214,0.0006073091895702654,-13670.453070870133,0,0
0.01127932639691912,0.0006073091895702654,-13671.915750217628,0,1
0.011285012444606004,0.0006073091895702654,-13675.891033370113,0,2
0.011299046491680698,0.0006073091895702654,-13692.83317159639,0,8
0.011312469872593559,0.0005638958741148207,-13708.170879222977,0,8
0.011325150318397738,0.0005638958741148207,-13723.850897951686,0,8
0.011338581903259594,0.0005638958741148207,-13746.726638239625,0,8
0.011350635476785014,0.0005503570434236524,-13766.46435687239,0,7
0.011364977899101616,0.0005417856194761408,-13793.068477900993,0,9
0.011380505200482385,0.0005360236200266408,-13822.089118897775,0,10
0.011392987836557749,0.0005360236200266408,-13843.715677907569,0,8
0.011408815237236202,0.0005360236200266408,-13872.423898950956,0,10
0.01142267553267535,0.0005352919853846603,-13889.307182853749,0,9
0.011435807253140647,0.0005488271961566189,-13904.287215396558,0,8
0.011447475020116506,0.0005573881358039795,-13918.18459593396,0,7
0.011461833095539529,0.0005662310072111737,-13939.483403800255,0,9
0.011475333540046723,0.0005750590975976075,-13957.722008360446,0,8
0.011487371747627411,0.0006634403575916975,-13973.233367057814,0,7
0.011499710410559966,0.0006634403575916975,-13987.682874767406,0,7
0.011508905440213166,0.0006634403575916975,-13994.504951625458,0,5
0.011514904594089787,0.0006634403575916975,-13996.535241579633,0,2
0.011519276152456941,0.0006634403575916975,-13997.71415947085,0,1
0.011522567516402137,0.0006634403575916975,-13997.5547178342,0,0
0.011525776626217711,0.0006634403575916975,-13997.614982151987,0,0
0.011528990372765327,0.0006634403575916975,-13997.667977125086,0,0
0.01153220381811167,0.0006634403575916975,-13997.721472467625,0,0
0.01153817283774839,0.0006634403575916975,-14002.401019845258,0,2
0.0115511935581474,0.0006634403575916975,-14019.437135051887,0,7
0.011565554104092267,0.0006634403575916975,-14043.311918217663,0,9
0.011577311492799868,0.0006634403575916975,-14059.757690230343,0,7
0.011590275271733595,0.0006634403575916975,-14085.37823351103,0,8
0.011606827470644034,0.0006634403575916975,-14118.792640277794,0,10
0.011622807747140614,0.0006634403575916975,-14150.321990722341,0,10
0.0116356675000894,0.0005921551045019287,-14173.160828771546,0,8
0.011651113660531155,0.0005921551045019287,-14203.5558534211,0,10
0.01166470686969556,0.0005921551045019287,-14225.63920901733,0,8
0.01167913051088208,0.0005921551045019287,-14243.760529917145,0,9
0.01169327537604714,0.0005921551045019287,-14261.29713962353,0,9
0.011707419781051347,0.0005921551045019287,-14280.570461504689,0,9
0.011720197134576229,0.0005921551045019287,-14300.36160076726,0,8
0.011731869112706548,0.0005921551045019287,-14317.44638594902,0,7
0.011743459940805829,0.0005921551045019287,-14333.117141945333,0,7
0.011754041898481275,0.0005914234731068782,-14345.50171676959,0,6
0.011761133973828962,0.0005914234731068782,-14349.29292338253,0,3
0.01176659941109598,0.0005914234731068782,-14351.761442454228,0,2
0.011769971777635155,0.0005914234731068782,-14351.405774892095,0,0
0.011773175831930455,0.0005914234731068782,-14351.47204951619,0,0
0.011776389408081933,0.0005914234731068782,-14351.52458919632,0,0
0.011779602430021963,0.0005914234731068782,-14351.578089704954,0,0
0.01178419326120989,0.0005914234731068782,-14353.13896914351,0,1
0.011790243345618439,0.0005914234731068782,-14357.402919203802,0,2
0.011801151632079501,0.0005914234731068782,-14371.497613003192,0,6
0.011816159116387495,0.0005914234731068782,-14393.043891862371,0,9
0.011829289112057433,0.0005914234731068782,-14411.02988472897,0,8
0.011840591438602738,0.0006634374218658006,-14432.49414948265,0,7
0.011853940360723294,0.0006634374218658006,-14458.144547382966,0,8
0.011868001951231628,0.0006634374218658006,-14485.55219460417,0,9
0.011882150693132617,0.0006634374218658006,-14512.330797140103,0,9
0.011896011499509349,0.0006634374218658006,-14534.71543685123,0,8
0.011911458987680706,0.0006634374218658006,-14563.878316769998,0,10
0.011926347560658145,0.0006634374218658006,-14583.036156820046,0,10
0.011938185971408475,0.0006634374218658006,-14595.634058604379,0,7
0.011950142509686002,0.0006634374218658006,-14609.79409239706,0,7
0.011961368185899513,0.0005921524850369639,-14626.226359434677,0,7
0.01197545140999769,0.0005921524850369639,-14645.185704865853,0,8
0.011988501433308794,0.0005921524850369639,-14662.11926341284,0,8
0.012000548799423161,0.0005921524850369639,-14675.984903646178,0,7
0.012010119285095126,0.0005921524850369639,-14682.245188946752,0,5
0.012015747215707015,0.0005921524850369639,-14684.160076857312,0,2
0.012019109827041359,0.0005921524850369639,-14683.797010617855,0,0
0.01202231383902792,0.0005921524850369639,-14683.86290683999,0,0
0.012025526867215386,0.0005921524850369639,-14683.915473881289,0,0
0.012028739375161085,0.0005921524850369639,-14683.968964411408,0,0
0.01203195185323953,0.0005921524850369639,-14684.022391895134,0,0
0.012036542129898076,0.0005921524850369639,-14686.472648399998,0,1
0.012047738130038748,0.0005921524850369639,-14702.656393369452,0,6
0.012062015146205106,0.0005921524850369639,-14725.709513400387,0,9
0.012075519104953364,0.0005921524850369639,-14744.658594330462,0,8
0.012089946932656928,0.0005921524850369639,-14773.895413190383,0,9
0.01210336117479059,0.0005914208568868373,-14802.152840805966,0,9
0.012118244805413238,0.0005914208568868373,-14829.575190190368,0,9
0.012132013486479158,0.0005914208568868373,-14856.027906199508,0,9
0.012146548484658093,0.0005914208568868373,-14882.211466253866,0,9
0.012163442069474333,0.0006049547823844872,-14914.797086870562,0,11
0.012177749480717379,0.0006135120006646002,-14932.180428884009,0,9
0.012193282717492935,0.0006223511735304895,-14953.00335473226,0,10
0.012206871349449777,0.0007107347679874912,-14969.699530608661,0,8
0.012218163634601995,0.0007107347679874912,-14991.156128339986,0,7
0.01223187809677581,0.0007107347679874912,-15016.003808563759,0,8
0.012245652348269704,0.0007107347679874912,-15038.483097768354,0,8
0.012257690645334534,0.0007107347679874912,-15054.066118188362,0,7
0.0122679086603239,0.0007107347679874912,-15063.588108733486,0,6
0.012273626859645163,0.0007107347679874912,-15065.693110472706,0,2
0.012277996735801083,0.0006971970453901657,-15067.079489176987,0,1
0.012282299570655289,0.0006886288312990182,-15068.680962397297,0,1
0.012286971270084442,0.0006797787297651604,-15070.31140196033,0,1
0.012290260240926396,0.0006709434044931987,-15070.110015007735,0,0
0.01229484581056196,0.0006621072645254,-15072.080016622547,0,1
0.012299517458298558,0.0006532713576402018,-15075.321494609572,0,1
0.012307963549815192,0.0006444356134095612,-15091.806642493038,0,4
0.012319686655610658,0.0006394501472235835,-15127.95403637572,0,7
0.012332302142110476,0.0006394501472235835,-15164.221970399565,0,8
0.012347102292012559,0.0006394501472235835,-15210.329946316828,0,9
0.012363642387004225,0.0006394501472235835,-15273.684682653497,0,11
0.012379330892049869,0.0006394501472235835,-15326.147751847619,0,10
0.012394193709360336,0.0006394501472235835,-15370.69269564974,0,10
0.012410188290880215,0.0006394501472235835,-15413.4207787812,0,10
0.012427190922126987,0.000567434217418677,-15458.913855568124,0,11
0.01244250530802602,0.000567434217418677,-15490.802483544956,0,10
0.012456736520587108,0.000567434217418677,-15523.163276065921,0,9
0.012468766739094923,0.000567434217418677,-15553.732931098044,0,8
0.012482190271193534,0.000567434217418677,-15604.479940196838,0,8
0.01249662233416769,0.000567434217418677,-15659.06034704581,0,9
0.012510765313709643,0.000567434217418677,-15703.933418510569,0,9
0.012521787477146296,0.000567434217418677,-15730.461803213257,0,7
0.01253136678964921,0.000580967376698864,-15744.265748362704,0,5
0.012536993245382511,0.0005895223767687532,-15748.13444263823,0,2
0.012541733314317809,0.0006779494552105191,-15749.708492991984,0,1
0.012546395668047293,0.0006779494552105191,-15751.553537336045,0,1
0.012549684532367258,0.0006779494552105191,-15751.324725860963,0,0
0.012552891616311797,0.0006779494552105191,-15751.38715954305,0,0
0.012556103303281208,0.0006779494552105191,-15751.43997446242,0,0
0.012559314691348107,0.0006779494552105191,-15751.493568992024,0,0
0.012566659766104615,0.0006779494552105191,-15766.0093476906,0,3
0.012574897256156434,0.0006779494552105191,-15785.99924950663,0,4
0.012587345169688681,0.0006779494552105191,-15816.889230387747,0,7
0.01260344769039298,0.0006779494552105191,-15858.44558195696,0,10
0.012619049966014843,0.0006779494552105191,-15896.82514306144,0,10
0.012630148793980549,0.0006779494552105191,-15921.054095110365,0,7
0.012644233547782768,0.0006779494552105191,-15948.68316247049,0,8
0.012660038662848061,0.0006779494552105191,-15981.167581105668,0,10
0.012677041545146883,0.0006779494552105191,-16014.465585435642,0,11
0.012690612118064224,0.0006779494552105191,-16032.187507910745,0,9
0.012705131395500648,0.0006779494552105191,-16051.085741437048,0,9
0.012719655763524988,0.0006779494552105191,-16070.68220073648,0,9
0.012732781103089518,0.0006779494552105191,-16090.052878108268,0,8
0.012747224951584413,0.0006779494552105191,-16114.563042574677,0,9
0.012760365374242204,0.0006644126525047389,-16132.214056776329,0,8
0.012770288011707185,0.0006558471027582163,-16144.152205672035,0,6
0.012777018667889545,0.0006469996493837632,-16147.879725126952,0,3
0.01278285173341658,0.0006381669740096319,-16150.380587986008,0,2
0.012787595306347457,0.0006293334837513749,-16152.159230556877,0,1
0.012792267832862138,0.000620500226529821,-16153.892225721745,0,1
0.012795556044359049,0.000611667131906308,-16153.681717923293,0,0
0.01279876270906021,0.0006028342046113256,-16153.74306869513,0,0
0.012801973960914346,0.0005940014443232167,-16153.79592942351,0,0
0.012807940720917512,0.000585168851059816,-16159.12788254055,0,2
0.012820595034452691,0.0005763364248161961,-16177.463114322407,0,7
0.012833935207055287,0.000567504165588953,-16197.240938215551,0,8
0.012848725836879165,0.0005586720733745761,-16223.037481999196,0,9
0.01286288593912768,0.0005498401481695461,-16256.166490681011,0,9
0.012877404612338952,0.0005419826159200503,-16287.206134017975,0,9
0.012891553100145798,0.0006139952349201365,-16316.009891872342,0,9
0.012903315609924512,0.0006139952349201365,-16336.432716730404,0,7
0.012914910173975211,0.0006139952349201365,-16357.315722871517,0,7
0.012928247562694506,0.0006139952349201365,-16380.732256399904,0,8
0.012941660427022978,0.0006139952349201365,-16396.58670307393,0,8
0.012954715181750993,0.0006139952349201365,-16412.595813480923,0,8
0.012969517382447789,0.0006139952349201365,-16431.837541960504,0,9
0.012984396338809956,0.0006139952349201365,-16452.804303807214,0,9
0.012998530400202704,0.0006139952349201365,-16471.900064481826,0,9
0.013010283501469733,0.0006139952349201365,-16485.366815969417,0,7
0.013019841524235274,0.0006139952349201365,-16494.366107108825,0,5
0.013026845866185799,0.0006139952349201365,-16497.845212791675,0,3
0.013031300958370722,0.0006139952349201365,-16498.71874377434,0,1
0.01303596254556935,0.0006139952349201365,-16500.0033517881,0,1
0.013039250564775305,0.0006139952349201365,-16499.86459444949,0,0
0.013042456781943547,0.0006139952349201365,-16499.923953969144,0,0
0.013045667602321549,0.0006139952349201365,-16499.976899454166,0,0
0.013050256063168248,0.0006139952349201365,-16501.405672475947,0,1
0.013055938921488278,0.0006139952349201365,-16505.29683508473,0,2
0.013069605948484206,0.0006139952349201365,-16521.407818529304,0,8
0.013082302103208479,0.0006139952349201365,-16535.680509069796,0,8
0.013095364776005338,0.0006139952349201365,-16550.267446480244,0,8
0.013110177308183655,0.0006139952349201365,-16575.24897084563,0,9
0.013122571681379536,0.0005419802255606798,-16596.489567673052,0,8
0.013136637399815377,0.0005419802255606798,-16621.381168580727,0,9
0.013152528202117455,0.0005419802255606798,-16649.06490981205,0,10
0.01316574613359316,0.0005419802255606798,-16669.835561382937,0,8
0.013181187338857784,0.0005419802255606798,-16697.75183465575,0,10
0.013195061694324394,0.0005419802255606798,-16713.727009134247,0,9
0.013206082342675805,0.0005419802255606798,-16725.884781829976,0,7
0.013218040833949502,0.0005555122125511124,-16738.921005857614,0,7
0.013232761273645111,0.000644248856553288,-16760.528964840127,0,9
0.013244795260911671,0.000644248856553288,-16779.683582145088,0,8
0.013255744267838937,0.000644248856553288,-16793.989272019884,0,7
0.013267706435389834,0.000644248856553288,-16807.594026354676,0,7
0.013276538333611086,0.000644248856553288,-16813.58523384902,0,5
0.013282173573015983,0.000644248856553288,-16815.501518218134,0,2
0.013286911433904078,0.000644248856553288,-16816.71512621314,0,1
0.013290194639674312,0.000644248856553288,-16816.566322766063,0,0
0.013293400602191516,0.000644248856553288,-16816.62596787447,0,0
0.013296610933438882,0.000644248856553288,-16816.67887415257,0,0
0.01329982098152767,0.000644248856553288,-16816.732285746566,0,0
0.013305786918101904,0.000644248856553288,-16822.500592741937,0,2
0.013318440727624494,0.000644248856553288,-16845.828165718714,0,7
0.013332793357923822,0.000644248856553288,-16878.25927697157,0,9
0.013343818698282297,0.000644248856553288,-16901.16776237321,0,7
0.01335753017551766,0.000644248856553288,-16937.307249256653,0,8
0.013373328674636354,0.000644248856553288,-16988.94434897474,0,10
0.013389317098890498,0.000644248856553288,-17035.250886489735,0,10
0.013401787719932572,0.000644248856553288,-17069.42472816389,0,8
0.013415849557627623,0.000644248856553288,-17108.253735574504,0,9
0.01343036224588497,0.000644248856553288,-17144.13362669975,0,9
0.013444864960745581,0.0006307133891092411,-17172.47352519478,0,9
0.013459389740358233,0.0005419768992739001,-17200.615872427836,0,9
0.013473537629997027,0.0005419768992739001,-17229.66592661042,0,9
0.01348630165224025,0.0005419768992739001,-17269.336920650396,0,8
0.013497616851800821,0.0005419768992739001,-17302.726912273138,0,7
0.013510587756078673,0.0005419768992739001,-17337.912691755697,0,8
0.013520883778399035,0.0005419768992739001,-17355.595104254986,0,6
0.013526595328355439,0.0005419768992739001,-17358.71710611937,0,2
0.013532341289850924,0.0005419768992739001,-17362.951398161065,0,2
0.013535710474865452,0.0005419768992739001,-17362.48763220489,0,0
0.013538911046101863,0.0005419768992739001,-17362.557012947338,0,0
0.013542121142006622,0.0005419768992739001,-17362.60928279569,0,0
0.013545330683465933,0.0005419768992739001,-17362.66272477028,0,0
0.013548540197425242,0.0005419768992739001,-17362.716093119565,0,0
0.013554505674256439,0.0005419768992739001,-17368.171048083637,0,2
0.013567159139227052,0.0005419768992739001,-17389.326520801806,0,7
0.013581876416127825,0.0005555082293774809,-17415.928442947115,0,9
0.013593909384472563,0.0005640579348210199,-17437.29267338347,0,8
0.013606319120688149,0.0005728896412521476,-17460.89537813696,0,7
0.013618909869917635,0.0005817065592356893,-17488.905136202342,0,8
0.013633355684458101,0.0006700885615442517,-17518.670158678586,0,9
0.013648248401090367,0.0006700885615442517,-17545.985346822272,0,9
0.013661013604519092,0.0006700885615442517,-17569.192588384078,0,8
0.013676849275611976,0.0006700885615442517,-17598.85628621925,0,10
0.013691730259000025,0.0006700885615442517,-17618.652358436975,0,10
0.013702836675801633,0.0006700885615442517,-17631.679888597864,0,7
0.013715176207356374,0.0006700885615442517,-17646.047862313542,0,7
0.01372712424140677,0.0006700885615442517,-17662.012999976494,0,7
0.013740101356762466,0.0006700885615442517,-17681.7799837486,0,8
0.013753539584649706,0.0006700885615442517,-17700.057323583984,0,8
0.013764473153385184,0.0006700885615442517,-17714.416773820638,0,7
0.013774045060813247,0.0006565537507648611,-17720.826171730274,0,5
0.013779669629118712,0.0006479939693154963,-17722.831456363096,0,2
0.013783029008804279,0.0006391522490134145,-17722.47104903805,0,0
0.01378622949602557,0.000630325310493431,-17722.536852342237,0,0
0.013789439004068624,0.000621497556679775,-17722.589291936183,0,0
0.013792647991534325,0.00061267003580354,-17722.642665852927,0,0
0.013795856949236109,0.0006038426774030515,-17722.695979266802,0,0
0.013803199973628815,0.0005950154862104732,-17729.69786157043,0,3
0.01381419156885469,0.000586188461904013,-17743.868110834257,0,6
0.013828461979536246,0.0005773616045015578,-17767.820360260343,0,9
0.013840869173629167,0.0005685349139981762,-17787.249613437976,0,8
0.013857063641181002,0.0005597083903904422,-17821.608951909733,0,10
0.01387063364962222,0.0005508820336748456,-17847.06871045052,0,8
0.013885077958941719,0.0005420558438479002,-17877.07639798435,0,9
0.0138992306742668,0.0005414388355779978,-17905.728637255037,0,9
0.013913747747742226,0.00048508986091820453,-17932.543515352638,0,9
0.013930651198378542,0.00048508986091820453,-17965.935078746,0,11
0.013945343532960649,0.00048508986091820453,-17983.830492415305,0,9
0.01396123518424056,0.0005571011515667043,-18005.2383039161,0,10
0.013975830811212564,0.0005523844906579086,-18025.631266465567,0,9
0.013986841731598159,0.0005523844906579086,-18044.322229078363,0,7
0.014000199429418374,0.0005523844906579086,-18065.508959653525,0,8
0.014011867656159178,0.0005419565090365557,-18083.32351109358,0,7
0.014025198646891512,0.0005419565090365557,-18102.31559306874,0,8
0.014035489487611248,0.0005419565090365557,-18110.212214423867,0,6
0.014041200312872924,0.0005419565090365557,-18112.01567122161,0,2
0.01404593226457922,0.0005419565090365557,-18113.20015203456,0,1
0.014050592742760435,0.0005419565090365557,-18114.561599479475,0,1
0.014055256807382378,0.0005419565090365557,-18115.910317358168,0,1
0.01405854259042018,0.0005419565090365557,-18115.75739296429,0,0
0.01406312481969302,0.0005419565090365557,-18117.33739260751,0,1
0.014067428113495612,0.0005419565090365557,-18119.34806412113,0,1
0.014076230444281235,0.0005419565090365557,-18129.55107656839,0,4
0.014086568458448755,0.0005419565090365557,-18144.571489687307,0,6
0.014099830579992409,0.0005419565090365557,-18165.37137872149,0,8
0.014114906933932619,0.0005419565090365557,-18199.69991716853,0,10
0.014128043319011288,0.0005419565090365557,-18228.697306660833,0,9
0.014143299592319998,0.0005419565090365557,-18257.689316399243,0,9
0.014158804225857307,0.0005419565090365557,-18289.24182796706,0,10
0.014174418257653204,0.0005414364544293035,-18319.771361456624,0,10
0.014190411935962169,0.0005414364544293035,-18349.139178018406,0,10
0.01420602520109606,0.0005414364544293035,-18369.492758852182,0,10
0.01422063059330536,0.0005414364544293035,-18388.844175568836,0,9
0.014233029781256451,0.0005414364544293035,-18407.472202726367,0,8
0.014246082365710138,0.00047554856257528156,-18428.201874545935,0,8
0.014260507338139564,0.00046942310004209885,-18454.600486140058,0,9
0.014275035738140839,0.00046942310004209885,-18476.557743803325,0,9
0.014287428467834444,0.0005414340749311672,-18494.64774473827,0,8
0.01429707659877004,0.0005414340749311672,-18502.529586917837,0,5
0.014302695895389522,0.0005414340749311672,-18504.761835062076,0,2
0.01430743263864289,0.0005414340749311672,-18505.95708371844,0,1
0.014311726716852548,0.0005414340749311672,-18507.311117364086,0,1
0.014315016914884383,0.0005414340749311672,-18507.151248560614,0,0
0.014318220322431761,0.0005414340749311672,-18507.211579366092,0,0
0.014321428587476757,0.0005414340749311672,-18507.26436242395,0,0
0.014324636536544304,0.0005414340749311672,-18507.317795006056,0,0
0.014333356762607562,0.0005414340749311672,-18520.107808026027,0,4
0.01434232088154572,0.0005414340749311672,-18534.62139497601,0,5
0.0143544878291182,0.0005414340749311672,-18555.081897350243,0,7
0.01437021263151169,0.0005414340749311672,-18591.23149973601,0,10
0.014385818257912311,0.0005414340749311672,-18624.30643397899,0,10
0.01439691468619856,0.0005414340749311672,-18645.074613870227,0,7
0.014409880278632744,0.0005414340749311672,-18671.347988325084,0,8
0.01442569878132045,0.0005414340749311672,-18704.37654964196,0,10
0.014442688421386206,0.0005414340749311672,-18737.56946947031,0,11
0.01445699964697599,0.0005414340749311672,-18755.336901650884,0,9
0.014471873405996516,0.0005414340749311672,-18774.935539603164,0,9
0.014486392502610624,0.0005414340749311672,-18794.69007263194,0,9
0.014499172197498885,0.0005414340749311672,-18815.922756064887,0,8
0.014512594406514326,0.0005753733271893057,-18839.319148554237,0,8
0.014525647317381683,0.0005753733271893057,-18860.494978084225,0,8
0.0145376917102457,0.0005753733271893057,-18877.190731132836,0,7
0.01454449163017914,0.0005753733271893057,-18881.776589053185,0,3
0.014550318399932474,0.0005753733271893057,-18885.002498161353,0,2
0.014555059346895535,0.0005753733271893057,-18886.695328540773,0,1
0.014559352973929794,0.0005753733271893057,-18888.403658834435,0,1
0.014562642954668028,0.0005753733271893057,-18888.212863603898,0,0
0.014565846121433279,0.0005753733271893057,-18888.274167832453,0,0
0.01456905414683775,0.0005753733271893057,-18888.326933325505,0,0
0.014575018005682259,0.0005753733271893057,-18893.094706106993,0,2
0.014588035413961914,0.0005618402674290755,-18909.668248575053,0,7
0.014601003980657876,0.0005532855554551254,-18927.43791230571,0,8
0.014615432709948589,0.0005444488734632369,-18950.463907431305,0,9
0.014632351566016968,0.0005356269765975163,-18988.831664428853,0,11
0.014648043921077176,0.0005648756711702055,-19020.30055378587,0,10
0.014661255103656162,0.0005560531914989737,-19044.052661550264,0,8
0.014674690178463184,0.0005472308741959654,-19067.887666854425,0,8
0.014686739968648239,0.0005384087239948043,-19087.050885973375,0,7
0.014700712559843523,0.0005298380192179286,-19112.6912808296,0,9
0.01471247182905905,0.0005298380192179286,-19125.10170269207,0,7
0.014725431269451368,0.0005298380192179286,-19140.534825788156,0,8
0.01474023756519133,0.0005298380192179286,-19158.88006909792,0,9
0.0147543947529635,0.0005298380192179286,-19179.152647753555,0,9
0.014767533052599712,0.0005298380192179286,-19196.62621950073,0,8
0.01477846579780161,0.0005034486826692118,-19210.843805544486,0,7
0.01478803587019788,0.0005034486826692118,-19220.143990702392,0,5
0.01479606057027887,0.0005034486826692118,-19225.300308081667,0,4
0.014801611643197175,0.0005034486826692118,-19227.479918443994,0,2
0.01480635139989954,0.0005034486826692118,-19228.639586451955,0,1
0.014809631326550476,0.0005034486826692118,-19228.499974362414,0,0
0.014812834231661676,0.0005034486826692118,-19228.558986954213,0,0
0.014816041488611001,0.0005034486826692118,-19228.61184253896,0,0
0.01482062664083543,0.0005322339748332685,-19230.054565740473,0,1
0.014826306352317166,0.0005322339748332685,-19233.98039302385,0,2
0.01484033627329615,0.0005322339748332685,-19250.159655152635,0,8
0.01485440369771628,0.0005322339748332685,-19266.500873345885,0,9
0.014867180974724505,0.000537387786289682,-19280.824556036307,0,8
0.014879213537410587,0.0004917644536314058,-19299.627585724247,0,7
0.014892173706552842,0.0004917644536314058,-19321.959155272405,0,8
0.01490660320485726,0.0004917644536314058,-19346.772773842913,0,9
0.014922498090709647,0.0004917644536314058,-19374.1074933335,0,10
0.014935348376737378,0.0004917644536314058,-19394.52707237055,0,8
0.014950436902692002,0.0004917644536314058,-19421.89619980104,0,10
0.014965315597269544,0.0004917644536314058,-19439.531800348712,0,10
0.014977161465704521,0.0005298356940497994,-19451.11869225168,0,7
0.014989124425478381,0.0005298356940497994,-19463.8088440562,0,7
0.015003843156122767,0.0005298356940497994,-19481.365929433618,0,9
0.015016970848407196,0.0005298356940497994,-19495.9345670749,0,8
0.015028633734300538,0.0005298356940497994,-19508.317362624748,0,7
0.015040596481885304,0.0005298356940497994,-19520.823173859237,0,7
0.015049425883162684,0.0005298356940497994,-19526.275286762306,0,5
0.015055434052390841,0.0005298356940497994,-19528.06003878862,0,2
0.015060163727798432,0.0005298356940497994,-19529.099046779305,0,1
0.015063443609585862,0.0005298356940497994,-19528.97606535692,0,0
0.015066645895563087,0.0005298356940497994,-19529.034588000748,0,0
0.015069852569096686,0.0005298356940497994,-19529.087440535204,0,0
0.015074437123558562,0.0005298356940497994,-19530.47614531544,0,1
0.015080481452710442,0.0005298356940497994,-19534.335031900293,0,2
0.015092126135175736,0.0005298356940497994,-19546.3405169558,0,6
0.015106390372130215,0.0005298356940497994,-19564.144638592763,0,9
0.015118513775477445,0.0005298356940497994,-19576.679685247884,0,7
0.015131102858371983,0.0005034464735904057,-19599.826295287257,0,8
0.015146279222310348,0.0005034464735904057,-19626.77183564245,0,9
0.015161432920810167,0.0005322316397743292,-19656.055211414507,0,10
0.015173916725892689,0.0005322316397743292,-19677.730924925276,0,8
0.015187975910489397,0.0005322316397743292,-19703.169037945878,0,9
0.015202121120416974,0.0005322316397743292,-19727.678445393405,0,9
0.015217023757159737,0.0005186997489811265,-19744.280847180387,0,9
0.015231164768813142,0.0005625728779056491,-19760.730259031494,0,9
0.015245672054683974,0.0005537395587245132,-19777.75895556549,0,9
0.015258075010557209,0.0005449210269123072,-19795.97743207205,0,8
0.01526938191300607,0.0005390329649260636,-19812.01661316033,0,7
0.015282350822348157,0.0005390329649260636,-19831.343305713082,0,8
0.015292279332492971,0.0005390329649260636,-19843.29193342309,0,6
0.015297992679703377,0.0005390329649260636,-19845.11257318192,0,2
0.015303370033555072,0.0005390329649260636,-19847.55808001576,0,2
0.015308118820690495,0.0005390329649260636,-19848.656613703555,0,1
0.01531139741403366,0.0005390329649260636,-19848.521688896424,0,0
0.015314599469183999,0.0005390329649260636,-19848.58052094639,0,0
0.015317805840286365,0.0005390329649260636,-19848.63335483237,0,0
0.015321011931830004,0.0005390329649260636,-19848.686598679775,0,0
0.015326974301874801,0.0005390329649260636,-19853.062009407917,0,2
0.015339260378551205,0.0005390329649260636,-19869.307619682422,0,7
0.015355358802065195,0.0005390329649260636,-19891.127640724,0,10
0.015369214392917628,0.0005390329649260636,-19908.892295644077,0,9
0.015380232634464397,0.0005390329649260636,-19928.028169535686,0,7
0.015393576945901731,0.0005390329649260636,-19951.597274811273,0,8
0.015408000338136052,0.0005390329649260636,-19978.036665271746,0,9
0.015421409528481065,0.0005390329649260636,-20003.59384997916,0,9
0.015434546196533484,0.0005390329649260636,-20025.737603019392,0,8
0.015449717078347134,0.0005255013671744512,-20051.485401767273,0,9
0.015465225684066932,0.0005169508870889566,-20071.056168743144,0,10
0.015476326230854424,0.0005081184108201521,-20083.66242602481,0,7
0.015488653536637758,0.00054914155514101,-20097.456441141367,0,7
0.015500610193666598,0.0005403230508450044,-20111.52922022732,0,7
0.015513585159053772,0.0005315047793266778,-20127.875400201763,0,8
0.015526645610946712,0.0005226866700867289,-20143.680067533085,0,8
0.015538312289686804,0.0005138687278600817,-20157.02617938906,0,7
0.015546128358190971,0.0005050509523247432,-20161.677612134423,0,4
0.015551673428234705,0.0005184021847158154,-20163.875662405502,0,2
0.01555503391501345,0.0005095847425939723,-20163.5595376289,0,0
0.01555960897919006,0.0005007674671729772,-20164.95810902994,0,1
0.01556289680457259,0.0004919503584493129,-20164.823934136446,0,0
0.015566097743476401,0.00048522812395381784,-20164.88321965534,0,0
0.015569303541694963,0.00048522812395381784,-20164.93599045019,0,0
0.015576643564679226,0.00048522812395381784,-20171.100360305798,0,3
0.01559038912632747,0.00048522812395381784,-20187.201965615302,0,8
0.015607212025943049,0.00048522812395381784,-20208.633434455634,0,11
0.01562014107603525,0.00047169733436783635,-20222.683736898492,0,8
0.015634942121660805,0.00044130014714426275,-20248.39876121593,0,9
0.015648064748965997,0.00042776963974465855,-20270.61096206004,0,8
0.015662505600887944,0.0004454903735291911,-20296.457835942936,0,9
0.015676666478480303,0.0004454903735291911,-20321.1552039556,0,9
0.015690805641971436,0.0004454903735291911,-20345.688404274675,0,9
0.015706700577936404,0.0004454903735291911,-20373.196441953518,0,10
0.01572093839667934,0.0004454903735291911,-20389.285515745385,0,9
0.015736827771176364,0.0004454903735291911,-20408.0440128161,0,10
0.01575067961856187,0.0004454903735291911,-20425.303598290764,0,9
0.01576418370108426,0.0004454903735291911,-20442.531218920627,0,8
0.015777219158613128,0.0004454903735291911,-20459.875589805528,0,8
0.01578953395748148,0.0004454903735291911,-20476.536011358145,0,8
0.015803319993358867,0.0004454903735291911,-20492.292627743045,0,8
0.015812220673340843,0.0004742752300454272,-20497.90760480189,0,5
0.015817847649491356,0.0004742752300454272,-20499.740332438207,0,2
0.01582221599195186,0.0004742752300454272,-20500.827223349424,0,1
0.015826511912086765,0.0004742752300454272,-20502.07964927433,0,1
0.01583081195482742,0.0004742752300454272,-20503.326652135016,0,1
0.015834098815034458,0.0004742752300454272,-20503.180496759698,0,0
0.01583867749413923,0.0004742752300454272,-20504.694758332287,0,1
0.01584297743152167,0.0004742752300454272,-20506.63971467057,0,1
0.015851777078835,0.0004742752300454272,-20517.46488375766,0,4
0.015862477751472995,0.0004742752300454272,-20533.65317101888,0,6
0.015875733816870543,0.0005154689307537233,-20556.25360455693,0,8
0.015891184710430398,0.0005154689307537233,-20595.14040962108,0,10
0.01590855377618867,0.0005019386665219665,-20640.81379796841,0,11
0.015922868166583618,0.0004949823159673268,-20674.509210568296,0,9
0.01593911888483683,0.0004949823159673268,-20713.056788590635,0,10
0.015955086936691176,0.00048145218334465554,-20749.937863006693,0,10
0.015970688758982013,0.00047290594339741403,-20785.371682429257,0,10
0.015987308482490362,0.00046444508117676097,-20813.213473126565,0,11
0.016003012159633973,0.00046444508117676097,-20837.96899023911,0,10
0.016015856022616234,0.00046444508117676097,-20859.448953714775,0,8
0.016028907723557927,0.00046444508117676097,-20886.803922370236,0,8
0.016043342536723727,0.00046444508117676097,-20920.28582508155,0,9
0.01605749239350068,0.00046444508117676097,-20948.13687187027,0,9
0.01606988787373896,0.00046444508117676097,-20971.22553102705,0,8
0.016078802396599434,0.00046444508117676097,-20980.748665794916,0,5
0.016085806800294616,0.00046444508117676097,-20985.902296921508,0,3
0.01609025631327342,0.00046444508117676097,-20987.19908397452,0,1
0.01609454700198423,0.00046444508117676097,-20988.906034200932,0,1
0.01609783376734915,0.00046444508117676097,-20988.675592501408,0,0
0.016101033638791163,0.00046444508117676097,-20988.738332321245,0,0
0.01610423836867111,0.00046444508117676097,-20988.790868044678,0,0
0.016108821072503294,0.000486776679655956,-20992.05961759455,0,1
0.016117254900675816,0.000486776679655956,-21009.267587084953,0,4
0.016127312181302894,0.000486776679655956,-21030.721704274645,0,5
0.016139839198930854,0.0004908071842701849,-21056.830628548676,0,7
0.016155945550599796,0.0004908071842701849,-21098.668158975543,0,10
0.0161719207198718,0.0004908071842701849,-21136.42945854102,0,10
0.01618310387099611,0.0004908071842701849,-21155.37550856501,0,6
0.01619533050823609,0.0004908071842701849,-21178.6803289885,0,7
0.016210049184198154,0.00042535740291565496,-21208.254577455933,0,9
0.016225566229217087,0.0004298784091270499,-21239.68898308933,0,10
0.016240163693233636,0.0005182633574519046,-21258.52613814177,0,9
0.016253938672646396,0.0005182633574519046,-21278.075928071714,0,9
0.016268083722160168,0.0005154471642580399,-21298.558899031512,0,9
0.01628048971649648,0.0005117022376733747,-21319.98912838511,0,8
0.01629353910722988,0.0005117022376733747,-21341.491703794483,0,8
0.01630696000042437,0.0005117022376733747,-21361.45470798624,0,8
0.016317890727479245,0.0005117022376733747,-21377.17536344711,0,7
0.0163247024014815,0.0005117022376733747,-21380.851711480173,0,3
0.016329146509998078,0.0005117022376733747,-21381.83833620539,0,1
0.01633380249543648,0.0005117022376733747,-21382.686772658795,0,1
0.01633846259173253,0.0005117022376733747,-21383.53175987969,0,1
0.016341744170353834,0.0005117022376733747,-21383.462856206264,0,0
0.016344943973739832,0.0005117022376733747,-21383.519771986943,0,0
0.01634814836644129,0.0005117022376733747,-21383.57261726651,0,0
0.016354108979860657,0.0005117022376733747,-21386.8209937615,0,2
0.016366393755629264,0.0005117022376733747,-21397.56918283827,0,7
0.016380747701641673,0.0005117022376733747,-21410.32731826788,0,9
0.016394890476170505,0.0005117022376733747,-21422.62963489952,0,9
0.016409405719925593,0.0005117022376733747,-21442.8177154682,0,9
0.01642491855002254,0.0005117022376733747,-21465.618673118533,0,10
0.016437761654456363,0.0005117022376733747,-21482.782493074752,0,8
0.016451167547864926,0.0005117022376733747,-21500.75782851594,0,8
0.016463205499907114,0.0005117022376733747,-21516.110147241143,0,7
0.016477176584839506,0.0005117022376733747,-21537.042667565194,0,9
0.016489664869339858,0.0005117022376733747,-21546.19302474555,0,7
0.016503343991639555,0.0005117022376733747,-21557.432467267376,0,8
0.016517763492477473,0.0005117022376733747,-21569.990507885388,0,9
0.016531903090947195,0.0005080004226596324,-21582.29830085469,0,9
0.0165442982251746,0.0004994560890846432,-21592.991401241183,0,8
0.016556334558752318,0.0004906297210805975,-21602.35866617975,0,7
0.016565522497619622,0.0004855166720415944,-21608.772465933187,0,5
0.016572160806516023,0.0004852391010566703,-21610.905480483667,0,3
0.01657762702959473,0.00048524385692887465,-21612.387068317094,0,2
0.01658099003703745,0.0004859327829052692,-21612.056719950127,0,0
0.016584184619313866,0.0004947357171439044,-21612.12197348284,0,0
0.016587388695330794,0.0005035384188727664,-21612.1745191989,0,0
0.01659059221898633,0.0005123409586560187,-21612.22770865799,0,0
0.016595174016286438,0.0005211433317539349,-21613.640757843736,0,1
0.016601215951331915,0.0006095263320076459,-21617.508825026947,0,2
0.01661523941139551,0.0006095263320076459,-21633.49789643415,0,8
0.016629670513297737,0.0005959972786965016,-21649.786955211766,0,9
0.016642065140309813,0.0005874541618161921,-21663.789308529278,0,8
0.01665373551071865,0.0005786290029020182,-21682.08280448437,0,7
0.016667064075072336,0.000569818636834975,-21703.870462996092,0,8
0.016680484871681032,0.0005610074542762594,-21725.14191468804,0,8
0.016696646998883253,0.0005549230578348331,-21752.56260106628,0,10
0.01671226383829384,0.0005549230578348331,-21778.948655464043,0,10
0.01672713765328247,0.0005475590448311381,-21805.21068568643,0,10
0.016741363238095882,0.0005475590448311381,-21820.64248039641,0,9
0.016754484438772605,0.00048355868348716675,-21834.39869769466,0,8
0.01676579083668778,0.00048355868348716675,-21846.487180768865,0,7
0.016776742382133402,0.00048355868348716675,-21857.034994763282,0,6
0.016787884542206307,0.00048355868348716675,-21871.45090809829,0,7
0.016799847560930347,0.00048355868348716675,-21886.32010691327,0,7
0.016810052271052138,0.00048355868348716675,-21897.025747553853,0,6
0.01682054598422878,0.00048355868348716675,-21904.24533168773,0,6
0.01682625687324243,0.00048355868348716675,-21905.8715414892,0,2
0.016830984395997436,0.00048355868348716675,-21906.924645598938,0,1
0.01683426101239914,0.00048355868348716675,-21906.798241178527,0,0
0.01683745993753383,0.00048355868348716675,-21906.85682075439,0,0
0.01684066325092416,0.00048355868348716675,-21906.909562773577,0,0
0.016845244576710574,0.00048355868348716675,-21908.332878967023,0,1
0.01685128598916545,0.00048355868348716675,-21912.244586043773,0,2
0.016863565303247497,0.00048355868348716675,-21927.23962190754,0,7
0.016879662496598072,0.00048355868348716675,-21949.994907684944,0,10
0.016892514277574516,0.00048355868348716675,-21966.09240121176,0,8
0.01690380925364033,0.00048355868348716675,-21986.629782553275,0,7
0.01691816496673488,0.00048355868348716675,-22015.291263621097,0,9
0.016934427810881312,0.0004970838198158565,-22044.437595173775,0,10
0.01694902481549724,0.0005858208203861766,-22069.077553487772,0,9
0.016962141281272422,0.0005851751345508304,-22090.585087514624,0,8
0.016976194123117194,0.0005851751345508304,-22115.5435515369,0,9
0.016991715734610637,0.0005851751345508304,-22134.24382071075,0,10
0.017003555138017847,0.0005851751345508304,-22145.94488615791,0,7
0.01701449250298853,0.0005851751345508304,-22156.56537042496,0,6
0.017026367226185782,0.0005851751345508304,-22169.800070996727,0,7
0.017037955598410422,0.0005851751345508304,-22183.987536700995,0,7
0.017049909035525942,0.00057781115375894,-22197.998786391017,0,7
0.017060114113873027,0.00057781115375894,-22208.838607838057,0,6
0.01706785100080925,0.00057781115375894,-22213.30455054828,0,4
0.017073764137661367,0.0005642829612825537,-22215.33727171972,0,2
0.017078130272719247,0.0005557423349856043,-22216.352516266325,0,1
0.017081411170321442,0.0005469196510525142,-22216.22407335532,0,0
0.01708460974298249,0.000538111761638142,-22216.282905332828,0,0
0.01708781293922958,0.0005293030555511387,-22216.33562327448,0,0
0.017092394200090913,0.0005204945820730594,-22217.721185932394,0,1
0.017098070173069607,0.0005131653892554818,-22221.53729359546,0,2
0.017110719518246307,0.0005131653892554818,-22236.475531136497,0,7
0.017126446439136186,0.0005131653892554818,-22257.875932918185,0,10
0.017138926800280944,0.0005131653892554818,-22272.533726988215,0,8
0.017150978684228716,0.0005131653892554818,-22291.533254149876,0,7
0.01716531395298649,0.0005131653892554818,-22317.537127821994,0,9
0.01718083573658036,0.0005131653892554818,-22345.4066003516,0,10
0.017195442706406765,0.0005131653892554818,-22369.365884322095,0,9
0.017209592459305253,0.0005131653892554818,-22393.560318970085,0,9
0.017222362898016933,0.0005131653892554818,-22414.43228985558,0,8
0.017236784779345555,0.0005131653892554818,-22430.81220249533,0,9
0.017252301107183118,0.0005131653892554818,-22449.069942553506,0,10
0.017265153814674198,0.0005131653892554818,-22462.92038738848,0,8
0.01727681484979276,0.0005266898682598196,-22475.423705579302,0,7
0.017289421860532162,0.0006154269067396503,-22491.322649427508,0,8
0.01730284003089987,0.0006154269067396503,-22506.57751297645,0,8
0.01731587809577224,0.0006154269067396503,-22520.83726628458,0,8
0.017327177118012335,0.0006154269067396503,-22528.8109305153,0,7
0.01733296927931565,0.0006154269067396503,-22530.193059071007,0,2
0.01733732534273176,0.0006154269067396503,-22531.203576608994,0,1
0.017340605971660313,0.0006154269067396503,-22531.07969293219,0,0
0.01734380378293165,0.0006154269067396503,-22531.138349418197,0,0
0.01734700625184775,0.0006154269067396503,-22531.19105038307,0,0
0.017350208418290373,0.0006154269067396503,-22531.24416045254,0,0
0.017357545706897477,0.0006154269067396503,-22537.337825576895,0,3
0.017371289342356242,0.0006154269067396503,-22553.68588830479,0,8
0.017385719408645518,0.0006154269067396503,-22571.52539546554,0,9
0.017397747659162962,0.0005434174761072833,-22585.979983324476,0,8
0.017412179015152008,0.0005434174761072833,-22611.004435866027,0,9
0.01742530348094342,0.0005434174761072833,-22632.37299054593,0,8
0.01743973164271604,0.0005434174761072833,-22657.309784320565,0,9
0.017453890930978655,0.0005434174761072833,-22681.435802394742,0,9
0.017468404906347622,0.0005434174761072833,-22705.40600474498,0,9
0.017483926306690437,0.0005434174761072833,-22732.334019836682,0,10
0.01749815718300314,0.0005434174761072833,-22747.884873642084,0,9
0.017514034250301153,0.0005434174761072833,-22765.852533839872,0,10
0.01752825952132178,0.0005434174761072833,-22781.52540738805,0,9
0.01754139042297886,0.0005434174761072833,-22795.636012110946,0,8
0.017554064329055232,0.0005434174761072833,-22810.948816559325,0,8
0.017567476934769986,0.0005434174761072833,-22826.027302315382,0,8
0.017580547384773493,0.0005434174761072833,-22840.365054698217,0,8
0.017589454780079377,0.0005434174761072833,-22845.603933413277,0,5
0.01759507848795914,0.0005434174761072833,-22847.360497829453,0,2
0.017599443718730564,0.0006154242266554205,-22848.369307742236,0,1
0.017603736401350583,0.0006154242266554205,-22849.541482880693,0,1
0.01760839869450839,0.0006154242266554205,-22850.72184989594,0,1
0.01761167772432697,0.0006154242266554205,-22850.596240478597,0,0
0.017616253505396952,0.0006154242266554205,-22851.983813837334,0,1
0.017620915664160516,0.0006154242266554205,-22853.795780350512,0,1
0.01762970797283731,0.0006154242266554205,-22863.010010514678,0,4
0.01764004100014919,0.0006154242266554205,-22876.92860072735,0,6
0.0176529335610452,0.0006154242266554205,-22893.3369500735,0,8
0.017668376272553635,0.0006154242266554205,-22922.321517634857,0,10
0.01768259970915101,0.0006154242266554205,-22946.84179114229,0,9
0.0176953646502336,0.0006154242266554205,-22968.178285164184,0,8
0.017709420198163947,0.0006154242266554205,-22992.880653621607,0,9
0.01772495256686351,0.0005434151104609234,-23020.05359969759,0,10
0.017741208039828465,0.0005434151104609234,-23049.662999078806,0,11
0.017757905352431203,0.0005434151104609234,-23069.096511393924,0,11
0.017773235318506546,0.0005434151104609234,-23086.53058910866,0,10
0.017786071789527257,0.0005434151104609234,-23100.215794191845,0,8
0.017801867270676973,0.0005434151104609234,-23118.93377387142,0,10
0.01781647310215774,0.0005434151104609234,-23136.409383015263,0,9
0.017830987778206533,0.0005434151104609234,-23153.65978436987,0,9
0.017844776671301642,0.0005434151104609234,-23170.036838659496,0,9
0.0178541465296279,0.0005434151104609234,-23175.217375491644,0,5
0.01786077279876512,0.0005434151104609234,-23178.364576386644,0,3
0.017865589273534828,0.0005434151104609234,-23179.20453228363,0,1
0.01786987181425212,0.0005434151104609234,-23180.40506265908,0,1
0.0178731555738766,0.0005434151104609234,-23180.26916480582,0,0
0.01787635205594706,0.0005434151104609234,-23180.32842542916,0,0
0.01787955341587842,0.0005434151104609234,-23180.381049974334,0,0
0.01788413289018825,0.0005434151104609234,-23182.52157065479,0,1
0.01789292942495206,0.0005434151104609234,-23192.117762299462,0,4
0.01790188331838148,0.0005434151104609234,-23204.16809371678,0,5
0.017914046219172933,0.0005434151104609234,-23218.78410171323,0,7
0.017930143801755248,0.0005434151104609234,-23248.57850265244,0,10
0.017946493726458602,0.000556938469191291,-23276.49715719898,0,10
0.017959706862681956,0.0005654651154357591,-23297.640914776523,0,8
0.017972373449750376,0.0006538252308053858,-23319.50070113883,0,8
0.017988542499619998,0.0006538252308053858,-23347.465192336374,0,10
0.01800554592507193,0.0006538252308053858,-23377.38291020366,0,11
0.018019863214825568,0.0006538252308053858,-23392.818297349575,0,9
0.018034366492173076,0.0006402983792018127,-23408.883565109307,0,9
0.018049250583096733,0.0006317616318039824,-23424.94845781161,0,9
0.01806275248296146,0.0006229428023763943,-23438.984133319795,0,8
0.018075796596676318,0.0006141387700801135,-23454.16950887944,0,8
0.018088473324762183,0.0006053339208284128,-23468.96584613512,0,8
0.01809839814121042,0.0005965293041193859,-23479.126675307143,0,6
0.01810512019573406,0.0005877248493969239,-23482.098655717076,0,3
0.018109566173571345,0.0005789205614001542,-23482.923131052383,0,1
0.018113853308597674,0.0005701164398067813,-23484.118539131472,0,1
0.01811713650542058,0.0005613124846347288,-23483.983509258724,0,0
0.01812033270772363,0.0005525086958790531,-23484.042584776944,0,0
0.018123533769455847,0.00054370507353634,-23484.095217380538,0,0
0.018126734515156367,0.0005349016176030949,-23484.148285327083,0,0
0.018132692098083655,0.0005260983280758076,-23488.177168429607,0,2
0.01814635296553184,0.0005172952049509587,-23503.678277806903,0,8
0.018160786853309005,0.0005084922482250687,-23519.675390362194,0,9
0.018175664941728665,0.0004996894578946182,-23535.69509178523,0,9
0.018189437743020984,0.00048536750006113936,-23559.79300934347,0,9
0.018204956837162202,0.00048536750006113936,-23586.961061744536,0,10
0.018217442323140483,0.00048536750006113936,-23607.342135143594,0,8
0.018230495080881676,0.00048536750006113936,-23628.50223661419,0,8
0.018242523440111506,0.00048536750006113936,-23646.452818814647,0,7
0.01825547840017041,0.00048536750006113936,-23667.81213981656,0,8
0.018267145656149474,0.00045358712529571763,-23679.61985192485,0,7
0.01828011585862231,0.00045358712529571763,-23693.762962448844,0,8
0.018294917135061727,0.00045358712529571763,-23709.684243947137,0,9
0.018309048870378507,0.000524189665940642,-23725.414061849715,0,9
0.01832144206631988,0.000524189665940642,-23739.29671544881,0,8
0.018335229936235965,0.000524189665940642,-23753.51916024058,0,8
0.01834412677884617,0.0005141586476076561,-23761.446783827323,0,5
0.01835112739214996,0.0005141586476076561,-23764.56878510681,0,3
0.018356951470245377,0.0005141586476076561,-23766.667769630443,0,2
0.018361319881605317,0.0005141586476076561,-23767.658545523856,0,1
0.018364597865259045,0.0005141586476076561,-23767.5364594925,0,0
0.018367793713690142,0.0005141586476076561,-23767.594899807675,0,0
0.018370994168427402,0.0005141586476076561,-23767.64754517675,0,0
0.01837419432414812,0.0005141586476076561,-23767.700591978984,0,0
0.018380151388017213,0.0005141586476076561,-23771.735289088425,0,2
0.018395555846540484,0.0005141586476076561,-23789.240831649837,0,9
0.018410066719649416,0.0005141586476076561,-23804.853356625412,0,9
0.018422830759779726,0.0005141586476076561,-23818.548951317633,0,8
0.01843487001500194,0.0005141586476076561,-23836.65041827261,0,7
0.018446457662235925,0.0005006331564032833,-23855.20185144752,0,7
0.018459787407446873,0.0004921003437188915,-23876.729422292217,0,8
0.018474855147152615,0.00048536539158993314,-23903.844969468595,0,10
0.018490096068911603,0.00048536539158993314,-23929.921693860004,0,10
0.018505337987263334,0.00048536539158993314,-23955.97915358154,0,10
0.018519201642388163,0.00048536539158993314,-23971.262045401138,0,9
0.01853306642485032,0.00048536539158993314,-23984.935785363097,0,8
0.018545739511282272,0.00048536539158993314,-23998.968913118948,0,8
0.01855878587227368,0.00048536539158993314,-24013.26799176562,0,8
0.018571095758210664,0.00048536539158993314,-24029.115969831248,0,8
0.01858313332686181,0.00048536539158993314,-24041.898829939968,0,7
0.01859507461039462,0.0004718400854522826,-24054.469142601072,0,7
0.01860325140027199,0.00046330780798825057,-24058.588163681125,0,4
0.018609152466383824,0.0004544934202413045,-24060.582689948216,0,2
0.018613881652549808,0.00044569383265042787,-24061.61076911101,0,1
0.018617154800501724,0.00043689342777679716,-24061.488543984782,0,0
0.018620350431619765,0.00042809325536951465,-24061.546802891782,0,0
0.018623550431734814,0.0004192932448537425,-24061.59945092903,0,0
0.018628128653254705,0.00041049340096998736,-24062.982890884097,0,1
0.01863380169558885,0.00040169372339583553,-24066.823880746724,0,2
0.018646083345439674,0.00044814193137109347,-24082.19075126768,0,7
0.018660800330178938,0.00044814193137109347,-24102.174873275755,0,9
0.018671813536825642,0.0004420671533117322,-24115.25515382626,0,7
0.01868515357700123,0.0004420671533117322,-24138.622229437722,0,8
0.018699583875236094,0.0004420671533117322,-24164.40851425365,0,9
0.018713354398107215,0.0004420671533117322,-24189.3173939733,0,9
0.018725751232250863,0.0004420671533117322,-24210.630761458087,0,8
0.018740551407153513,0.0004420671533117322,-24235.373994741407,0,9
0.018753680545826035,0.0004420671533117322,-24256.320038565944,0,8
0.0187680947148433,0.0004420671533117322,-24272.660531162113,0,9
0.018782230131093376,0.0004420671533117322,-24288.70468130205,0,9
0.018796742200313684,0.0004420671533117322,-24304.721165012314,0,9
0.018809882385607424,0.0004420671533117322,-24318.82019663968,0,8
0.018822187977665022,0.0004420671533117322,-24334.109782491894,0,8
0.018832482012791876,0.00042854258831859346,-24344.691679667976,0,6
0.018842978585569065,0.0004200124541484836,-24355.41626103633,0,6
0.018850712341245635,0.00041120019609407324,-24359.65549073611,0,4
0.01885625640470313,0.00040240273965142404,-24361.594751711178,0,2
0.018860623695594686,0.00039360446576849006,-24362.55405309342,0,1
0.01886390071310635,0.00038531622982776513,-24362.43736709798,0,0
0.01886709553877451,0.00038531622982776513,-24362.495649230394,0,0
0.018870294972183285,0.00038531622982776513,-24362.54827108402,0,0
0.018874872630451744,0.00038531622982776513,-24363.868128595965,0,1
0.018880910689969912,0.00038531622982776513,-24367.662910853414,0,2
0.01889355299321122,0.00038531622982776513,-24382.23010346851,0,7
0.018909643729428827,0.00038531622982776513,-24402.06005440338,0,10
0.018922482822442653,0.00038531622982776513,-24416.190185736636,0,8
0.01893452746524421,0.00038531622982776513,-24434.812300611728,0,7
0.01894887066495666,0.00038531622982776513,-24460.422017296634,0,9
0.01896365886115919,0.00038531622982776513,-24488.201295186584,0,10
0.018978251513948382,0.0003896563750416909,-24512.251685478153,0,9
0.01899101013871843,0.0003981782922692223,-24533.406584337285,0,8
0.019006453308790167,0.0004758089020649806,-24560.997250773074,0,10
0.019021699475389578,0.0004758089020649806,-24578.8344872675,0,10
0.019034914096477215,0.0004758089020649806,-24592.711909269685,0,8
0.01904694294024631,0.0004758089020649806,-24605.262935464558,0,7
0.019060274089363904,0.0004758089020649806,-24620.5588439593,0,8
0.019073700938033223,0.0004758089020649806,-24637.30734636242,0,8
0.019087123419485503,0.0004758089020649806,-24653.825145252464,0,8
0.019098791952739967,0.0004758089020649806,-24666.822853016805,0,7
0.01910696753470211,0.0004758089020649806,-24671.039679324218,0,4
0.019112867455998817,0.0004758089020649806,-24673.07889884324,0,2
0.019117594858743026,0.0004758089020649806,-24674.14755053175,0,1
0.019120866836360238,0.0004758089020649806,-24674.018571139193,0,0
0.019124061251930377,0.0004758089020649806,-24674.077032333877,0,0
0.019127260037921968,0.0004758089020649806,-24674.129633265387,0,0
0.019130458540763503,0.0004758089020649806,-24674.18263977058,0,0
0.019137792652195482,0.0004758089020649806,-24680.791012107744,0,3
0.019151899597819558,0.0004758089020649806,-24702.88857702744,0,8
0.019165957494111298,0.0004758089020649806,-24728.685834166135,0,9
0.019179095703362826,0.00046228482987087165,-24746.87681243074,0,8
0.0191937921220852,0.00045375612070041324,-24778.516019736093,0,10
0.019208389087098373,0.0004449452785831018,-24804.814930721033,0,9
0.0192221709334496,0.0004361492390472696,-24831.228608052574,0,9
0.019236687170322078,0.00041453182878410373,-24856.889989567902,0,9
0.019250192154967347,0.00041453182878410373,-24878.62013255937,0,8
0.019266367242358667,0.00041453182878410373,-24906.735338633927,0,10
0.01928060203280327,0.00041453182878410373,-24922.829240994175,0,9
0.019295756833982963,0.00041453182878410373,-24941.36104331137,0,10
0.019309988685092157,0.00041453182878410373,-24957.620473481595,0,9
0.019322751652088042,0.0004100332445786241,-24972.625111387148,0,8
0.019336168266139618,0.00041855310973876197,-24990.384201885397,0,8
0.019347825184755578,0.0005031235418944434,-25005.13650092968,0,7
0.019360783813743884,0.0005031235418944434,-25021.2283537022,0,8
0.01937005928637829,0.0005031235418944434,-25026.8621672695,0,5
0.019375674964818047,0.0005031235418944434,-25028.743784203572,0,2
0.019380402638675364,0.0005031235418944434,-25029.80799307494,0,1
0.019385052748637024,0.0005031235418944434,-25031.05225135865,0,1
0.019389341649808097,0.0005031235418944434,-25032.270320161206,0,1
0.01939262197361359,0.0005031235418944434,-25032.128928367594,0,0
0.019397194044613285,0.0005031235418944434,-25033.578174495142,0,1
0.019401487292251763,0.0005031235418944434,-25035.45151650128,0,1
0.019408902978826845,0.0005031235418944434,-25043.616600650814,0,3
0.019419882315639125,0.0005031235418944434,-25062.277738973615,0,6
0.019434145883377583,0.0004980879797293243,-25083.947351173185,0,9
0.019448937714086834,0.0004774213647370141,-25115.243004453638,0,10
0.01946279783620534,0.0004774213647370141,-25142.11408511923,0,9
0.019477297818385822,0.0004774213647370141,-25168.473798616495,0,9
0.019491815817254683,0.0004638980031004299,-25194.23044865276,0,9
0.019507335802758038,0.0004599092352062231,-25222.880754919373,0,10
0.01952432000828985,0.0004599092352062231,-25253.742854920674,0,11
0.019540651259889196,0.0004599092352062231,-25274.27581590269,0,11
0.01955635098886517,0.00045466860948313744,-25292.324937357964,0,10
0.019569556655061184,0.00045466860948313744,-25306.595866693002,0,8
0.019582244220350008,0.00045466860948313744,-25321.850277644935,0,8
0.019597043312988612,0.00045466860948313744,-25341.58274528122,0,9
0.019611571117259034,0.00045466860948313744,-25360.458952528064,0,9
0.019624699439636458,0.00045466860948313744,-25375.98071701463,0,8
0.019632586808871443,0.00045466860948313744,-25380.159072649112,0,4
0.019639133753994772,0.0004411453941211919,-25383.614695521246,0,3
0.019643952451235312,0.00043664909044914573,-25384.491987177455,0,1
0.019648597204425196,0.00043664909044914573,-25385.770756251164,0,1
0.01965187314350447,0.00043664909044914573,-25385.631096965713,0,0
0.01965506656148576,0.00043664909044914573,-25385.690120383915,0,0
0.01965826460611507,0.00043664909044914573,-25385.742663253266,0,0
0.019662840945780528,0.00043664909044914573,-25387.93382498298,0,1
0.019671269320569392,0.00043664909044914573,-25397.704844745993,0,4
0.019681322060542298,0.00043664909044914573,-25409.812218820854,0,5
0.01969448169694247,0.0005031213641193886,-25428.87734912737,0,8
0.01971066512593853,0.0005031213641193886,-25461.596735090163,0,10
0.019726642852151144,0.0005031213641193886,-25492.43633904146,0,10
0.01973984850942338,0.0005031213641193886,-25515.454836616835,0,8
0.019754278776670436,0.0005031213641193886,-25542.243297774694,0,9
0.019770167851399255,0.0004895982889717146,-25571.526013420837,0,10
0.01978753481914409,0.0005130675523875944,-25603.356106243107,0,11
0.0198018452113724,0.0004901604581703619,-25620.29192506455,0,9
0.01981635784331116,0.0004901604581703619,-25637.037169729007,0,9
0.019830510044613902,0.0004901604581703619,-25653.6674698622,0,9
0.019843632132988925,0.0004901604581703619,-25668.324397725606,0,8
0.019856029928865628,0.0004901604581703619,-25681.843532856197,0,7
0.01987011829353673,0.0004901604581703619,-25697.69479104968,0,8
0.019880025897989886,0.00046690041429366374,-25708.15301112918,0,6
0.019886745605480267,0.00046690041429366374,-25711.20728007758,0,3
0.01989155378761192,0.00046690041429366374,-25712.068236907708,0,1
0.01989583261838088,0.00046690041429366374,-25713.31101245171,0,1
0.01989911235888719,0.00046690041429366374,-25713.169688063615,0,0
0.019902304719753117,0.00046690041429366374,-25713.22891681683,0,0
0.019905501958459124,0.00046690041429366374,-25713.28141535503,0,0
0.019908698879926155,0.00046690041429366374,-25713.33437300602,0,0
0.019914652995000736,0.00046690041429366374,-25717.511227549137,0,2
0.019928677217215737,0.000491216903852502,-25733.598866752767,0,8
0.019944117472057602,0.000491216903852502,-25752.34825739108,0,10
0.019958714372624396,0.000491216903852502,-25768.600421492054,0,9
0.019973216066390326,0.000491216903852502,-25793.322065295775,0,9
0.019987368350920687,0.000491216903852502,-25817.825325141028,0,9
0.02000050100750411,0.000491216903852502,-25838.84304393038,0,8
0.020012157679397062,0.0004776942672774697,-25857.04384223791,0,7
0.02002411404659262,0.00048486220013507097,-25875.59964143801,0,7
0.02003707137936614,0.00047605548232445416,-25897.064342963055,0,8
0.020051222651924928,0.0004678297280198618,-25911.0633670484,0,8
0.02006463551746388,0.0004678297280198618,-25925.04967777374,0,8
0.02007869364353976,0.0004678297280198618,-25941.05919777263,0,9
0.020092466343814806,0.0004678297280198618,-25956.91628269564,0,9
0.020105592778211348,0.0004998246797599111,-25971.07720927766,0,8
0.020117896641567698,0.0004901583388800918,-25985.62512696236,0,8
0.02012754104738187,0.0004901583388800918,-25993.70888651555,0,5
0.020134163612525513,0.0004901583388800918,-25996.90784072162,0,3
0.020138976905947317,0.0004901583388800918,-25997.74637422186,0,1
0.02014224215718224,0.0004901583388800918,-25997.62832698778,0,0
0.02014543498360993,0.0004901583388800918,-25997.68614385692,0,0
0.020148631907690003,0.0004901583388800918,-25997.73872517506,0,0
0.02015182856697972,0.0004901583388800918,-25997.791665151763,0,0
0.020155025179594558,0.0004901583388800918,-25997.84457924731,0,0
0.020160979025244986,0.0004901583388800918,-26001.9510408659,0,2
0.020176381668137497,0.0004901583388800918,-26019.945988964042,0,9
0.02018979382001239,0.0004901583388800918,-26035.901445342522,0,9
0.020201827537358066,0.0004901583388800918,-26049.9432265654,0,8
0.020213874038374744,0.0004901583388800918,-26068.392144802932,0,7
0.020225813661839887,0.0005294985300451713,-26087.333150592174,0,7
0.020238782684259177,0.0005159762068791296,-26109.274588120214,0,8
0.020254959402843872,0.00046715908922162524,-26136.84534586826,0,10
0.020271324060950575,0.00046715908922162524,-26163.453625487826,0,10
0.020286937139144343,0.00046715908922162524,-26189.965717576124,0,10
0.020300417950540675,0.00046715908922162524,-26205.547651183802,0,9
0.020313543432063607,0.00046715908922162524,-26219.419249556337,0,8
0.020326964957856263,0.00046715908922162524,-26233.712365422816,0,8
0.020340010643977228,0.00046715908922162524,-26248.268586273014,0,8
0.02035378057460638,0.0004678277063304774,-26264.858027269333,0,8
0.020364701103554234,0.0004678277063304774,-26279.26149640547,0,7
0.02037665522624098,0.0004678277063304774,-26292.945395665625,0,7
0.02038446368499556,0.0004678277063304774,-26297.278544007844,0,4
0.020390366462857207,0.0004678277063304774,-26299.347406966583,0,2
0.020394726578733133,0.0004678277063304774,-26300.396955010634,0,1
0.020398000999710297,0.0004678277063304774,-26300.26035634031,0,0
0.020401192895215376,0.0004678277063304774,-26300.31919373016,0,0
0.020404389415402787,0.0004678277063304774,-26300.371692685956,0,0
0.02040896433647868,0.0004678277063304774,-26301.822515272375,0,1
0.020414999881601156,0.0004678277063304774,-26305.952293317747,0,2
0.02042764023863929,0.0004678277063304774,-26324.303233227038,0,7
0.020441253964855428,0.0004678277063304774,-26349.937112635478,0,9
0.02045301035521024,0.0004678277063304774,-26365.79585229106,0,7
0.02046458394533814,0.0004678277063304774,-26388.070917248475,0,7
0.020479666644419234,0.0005165535151300367,-26416.680977053482,0,9
0.020494182607412793,0.0005080310215220356,-26443.770136613337,0,9
0.02050767511243339,0.0004992263552560379,-26466.894323648143,0,8
0.020520349887969448,0.0004904364958192869,-26490.36602609144,0,8
0.020534771840660132,0.0004901553877828394,-26516.54828344535,0,9
0.020548906266964803,0.0004992424921201449,-26534.032242262478,0,9
0.02056341597296604,0.0004992424921201449,-26550.70448504803,0,9
0.020577921538281894,0.00048572082645817217,-26567.779677336683,0,9
0.020591048653211992,0.00047719907484537847,-26582.684144227984,0,8
0.020604448008876862,0.00046839514581420796,-26600.59767984213,0,8
0.02061546674669014,0.0004640437217170622,-26613.44194604751,0,6
0.02062631663901497,0.0004640437217170622,-26625.53832377279,0,6
0.020634774413248725,0.0004640437217170622,-26630.33413068199,0,4
0.020639293585539318,0.0004640437217170622,-26631.01507784728,0,1
0.020643936736204745,0.0004640437217170622,-26632.297901216734,0,1
0.020647210883281336,0.0004640437217170622,-26632.15888735657,0,0
0.020650402525666432,0.0004640437217170622,-26632.217804875378,0,0
0.020653598792509574,0.0004640437217170622,-26632.270292286532,0,0
0.020658173463651317,0.0004640437217170622,-26633.72611836265,0,1
0.020664208736985667,0.0004640437217170622,-26637.833581839328,0,2
0.020676494117612836,0.0004640437217170622,-26656.25143839145,0,7
0.02069149083488854,0.0004640437217170622,-26684.219814336324,0,10
0.02070434188086829,0.0004647123359455045,-26700.398517709164,0,8
0.020715997320322282,0.0004647123359455045,-26720.322447879676,0,7
0.020730720842061453,0.0004647123359455045,-26747.296270627194,0,9
0.020745241908794836,0.0004647123359455045,-26772.640779860412,0,9
0.0207597475338625,0.0004647123359455045,-26797.60661438184,0,9
0.0207735951009875,0.0004647123359455045,-26819.183165900387,0,8
0.020789044094371288,0.0004647123359455045,-26847.19475083212,0,10
0.020804276758887744,0.0005134383596804524,-26865.31949760515,0,10
0.020817479920067054,0.0005049172623051007,-26879.199542530318,0,8
0.02082950703353397,0.000496113983310453,-26891.625021311564,0,7
0.02084247004049107,0.00048732551210323714,-26906.549647908138,0,8
0.02085514829537215,0.00047853622278752,-26923.214189922255,0,8
0.020868557183351483,0.0004697471657478128,-26938.944423485784,0,8
0.02088021294334844,0.0004700453355785094,-26951.53242980619,0,7
0.020888387168916157,0.0004612566065897996,-26955.80737942977,0,4
0.02089327156494019,0.00045246804367595644,-26956.486882598037,0,1
0.020896531326359557,0.00044367964685493154,-26956.369540394833,0,0
0.020899722944658753,0.0004407760639348919,-26956.427062850824,0,0
0.02090291844400729,0.0004407760639348919,-26956.47962052755,0,0
0.020906113693130383,0.0004407760639348919,-26956.53251897214,0,0
0.02090930889463164,0.0004407760639348919,-26956.58539310317,0,0
0.020918018881494863,0.0004407760639348919,-26965.046112487416,0,4
0.020931474631140087,0.0004407760639348919,-26982.041279727913,0,8
0.020947290508571664,0.0004407760639348919,-27003.595954735694,0,10
0.020960137981853304,0.0004407760639348919,-27018.523951883617,0,8
0.020975573876476982,0.0004407760639348919,-27047.444379314984,0,10
0.020990170952214466,0.0004407760639348919,-27071.976007352452,0,9
0.021004681786252886,0.0005247646738838256,-27096.610284311937,0,9
0.021018444841519955,0.0005247646738838256,-27121.160766599554,0,9
0.021031936558946786,0.0005247646738838256,-27142.41526691273,0,8
0.021048099421397647,0.0005247646738838256,-27170.35314061615,0,10
0.021062331961775604,0.0005247646738838256,-27186.39189478816,0,9
0.021078226462114755,0.0005247646738838256,-27204.90992320466,0,10
0.021092458473848906,0.0005247646738838256,-27220.920451087033,0,9
0.02110593966059486,0.0005247646738838256,-27235.183172977675,0,8
0.021118603811340432,0.00048446372001769713,-27250.382488122814,0,8
0.0211320231094492,0.00048446372001769713,-27265.59066867504,0,8
0.021144690456852563,0.00048446372001769713,-27280.134211541077,0,8
0.021153963150678922,0.0005017736460415212,-27285.50318380656,0,5
0.0211589287234548,0.0004882530784956853,-27285.980948030643,0,1
0.02116319623909197,0.00047973450095594025,-27287.204599798693,0,1
0.021167487176852674,0.0004709337255860943,-27288.38766081791,0,1
0.02117177685214593,0.0004700698668961119,-27289.565160424416,0,1
0.021175053566453612,0.0004700698668961119,-27289.43150159635,0,0
0.021179622327532788,0.0004700698668961119,-27290.835149701667,0,1
0.02118391219459992,0.0004700698668961119,-27292.64151880689,0,1
0.021191325020518997,0.0004700698668961119,-27298.948442408662,0,3
0.021201936201437267,0.0004700698668961119,-27311.771790754847,0,6
0.021217215370713007,0.0004700698668961119,-27332.24512205195,0,10
0.021233188878863572,0.0004700698668961119,-27360.37213665979,0,10
0.021247028852498354,0.0004700698668961119,-27385.20583074464,0,9
0.021260148816849837,0.0004700698668961119,-27406.900057336818,0,8
0.021273558036671792,0.0004700698668961119,-27428.904413274344,0,8
0.02128934831339337,0.0004700698668961119,-27457.218941076746,0,10
0.021305329760621113,0.0004700698668961119,-27484.271902939472,0,10
0.021322680606462772,0.0004700698668961119,-27504.63865821463,0,11
0.021340123325827624,0.0005247624124003422,-27524.672361088902,0,11
0.021353049650058492,0.0005247624124003422,-27538.237526561985,0,8
0.02136572357140731,0.0005247624124003422,-27552.75100287132,0,8
0.021380511066318424,0.0005247624124003422,-27570.23337172488,0,9
0.021395037953114992,0.0005247624124003422,-27587.309805495654,0,9
0.021408540864954712,0.0005247624124003422,-27601.69538898658,0,8
0.021417799526915676,0.0005247624124003422,-27607.060748529228,0,5
0.021424425625202095,0.0005247624124003422,-27610.208013145897,0,3
0.02142887072633779,0.0005112420487353692,-27611.036589722582,0,1
0.021432138338748144,0.000502724060458702,-27610.91127344306,0,0
0.021435328524318075,0.0004939238705539743,-27610.96945514435,0,0
0.02143852306349603,0.00048513849057571425,-27611.021931420244,0,0
0.021441717320694265,0.00047635229225751824,-27611.074801156312,0,0
0.021446290326776373,0.00046756632616251186,-27613.20934791653,0,1
0.02145471586346358,0.00045878052165475503,-27622.187352089375,0,4
0.021464034742738784,0.0004499948834792644,-27632.973150807007,0,5
0.021476835754179323,0.00044120941131332484,-27649.972519443658,0,8
0.02149301033114853,0.00038005838026375783,-27679.89230250068,0,10
0.02150859932088973,0.00038005838026375783,-27709.118609637102,0,10
0.02152143103708258,0.00038005838026375783,-27731.368603339382,0,8
0.02153687768229161,0.00038005838026375783,-27760.920474387352,0,10
0.021552486559982906,0.0004421125210360537,-27788.910338290734,0,10
0.02156946521823712,0.0004421125210360537,-27819.73873063855,0,11
0.021583768230853853,0.00042859310380153714,-27835.72522729999,0,9
0.021598279020137258,0.0004204521949014007,-27852.18222443807,0,9
0.021612042106018345,0.0004204521949014007,-27868.605657380136,0,9
0.02162481177571136,0.0004204521949014007,-27883.064487762487,0,8
0.021636847486835052,0.0004204521949014007,-27897.113162958824,0,7
0.02165016481228512,0.0004204521949014007,-27913.67802670028,0,8
0.02166044519616308,0.00042794189233231783,-27924.690018830326,0,6
0.021667522892739002,0.00042794189233231783,-27927.94392875277,0,3
0.021672323883117416,0.00042794189233231783,-27928.836922072052,0,1
0.021676965599546065,0.00042794189233231783,-27930.152245179255,0,1
0.021680237525650233,0.00042794189233231783,-27930.005821933904,0,0
0.02168342687938786,0.00042794189233231783,-27930.064847878966,0,0
0.021686620857261606,0.00042794189233231783,-27930.117258782302,0,0
0.021691193363510605,0.00042794189233231783,-27931.607391928417,0,1
0.021696860897074476,0.00042794189233231783,-27935.642491643932,0,2
0.02171189621183387,0.00042794189233231783,-27955.01220978522,0,9
0.021727421539126993,0.0004248274245592407,-27974.78621834305,0,10
0.02174240004766081,0.0004248274245592407,-27993.511378734667,0,9
0.02175513981969062,0.0004248274245592407,-28017.423705394685,0,8
0.021769556157294537,0.00044109335349524803,-28045.425949255907,0,9
0.0217826872278069,0.00044109335349524803,-28068.448228662626,0,8
0.0217957199204368,0.00044109335349524803,-28090.66290197637,0,8
0.021807013806572257,0.00044109335349524803,-28109.236633421475,0,7
0.02182135272040906,0.0003832169928247074,-28134.52979789485,0,9
0.021834110867989646,0.0003832169928247074,-28148.729869253693,0,8
0.0218475247218818,0.0003995131813625445,-28163.314139263464,0,8
0.021862323409171432,0.0003995131813625445,-28180.10054802327,0,9
0.021876095975049942,0.0003995131813625445,-28196.606338976733,0,9
0.02189024385550625,0.0003862846806908006,-28215.07668755365,0,9
0.021903739444843716,0.0004566130415457578,-28231.88998188277,0,8
0.02191263164245564,0.0004566130415457578,-28240.69072080986,0,5
0.021919626725667135,0.0004566130415457578,-28244.17143148777,0,3
0.0219240660419322,0.0004566130415457578,-28245.055539967725,0,1
0.02192733286224968,0.0004566130415457578,-28244.90952994269,0,0
0.021930521972540484,0.0004566130415457578,-28244.968281776662,0,0
0.02193371545458099,0.0004566130415457578,-28245.02070393327,0,0
0.021936908653440775,0.0004566130415457578,-28245.073551838268,0,0
0.02194010180694096,0.0004566130415457578,-28245.126369271264,0,0
0.021946052530177642,0.0004566130415457578,-28249.448481342497,0,2
0.02196007444380085,0.0004566130415457578,-28266.408762144412,0,8
0.021975523432848608,0.0004566130415457578,-28285.999201748193,0,10
0.021989116741901772,0.0004566130415457578,-28300.872737594735,0,8
0.022000761184111952,0.0004566130415457578,-28319.794554659413,0,7
0.0220127148178276,0.00045571422265536574,-28338.954152218168,0,7
0.022026422866861694,0.00045571422265536574,-28360.980157708364,0,8
0.022041858125827055,0.00045571422265536574,-28388.667806502646,0,10
0.022057090690773634,0.00045571422265536574,-28415.280956767383,0,10
0.02207306016906314,0.00045571422265536574,-28441.793634606744,0,10
0.022087276443053257,0.00045571422265536574,-28457.336155380144,0,9
0.022102157462274397,0.0004591412924007853,-28473.21057407397,0,9
0.022116302375299508,0.0004591412924007853,-28489.15549610281,0,9
0.022129055826209214,0.0004794692877968366,-28503.077824360764,0,8
0.022142103762767228,0.0004794692877968366,-28517.956115062512,0,8
0.02215449357045034,0.00046595049301589213,-28530.82208480025,0,7
0.022166791605187922,0.00045743703866828097,-28543.596359115774,0,7
0.022174593841898814,0.00044864135338093026,-28547.80948643452,0,4
0.022180128139453404,0.00043986048115242707,-28549.830518268,0,2
0.022184854861159006,0.00044737459380172193,-28550.87772834023,0,1
0.022188121156432226,0.0004385931350407239,-28550.75195068804,0,0
0.02219130997600888,0.0004298118377702926,-28550.810110543815,0,0
0.02219450315142124,0.00042103070673695176,-28550.86254378758,0,0
0.022199074903625195,0.0004122497416178802,-28552.28155435978,0,1
0.022204741655382162,0.00040966535311332794,-28556.16562937365,0,2
0.02221738462114713,0.00040966535311332794,-28571.424859153107,0,7
0.02223172769622522,0.00040966535311332794,-28590.474990164745,0,9
0.02224274117932788,0.00040966535311332794,-28603.20739663811,0,7
0.022255053372873847,0.00040966535311332794,-28622.779828020663,0,7
0.022267638246445235,0.00040966535311332794,-28645.38308208299,0,8
0.022284820524151545,0.00040966535311332794,-28677.00148820795,0,11
0.022298113885720387,0.00040966535311332794,-28697.325225901295,0,8
0.02231152394695297,0.0004179683264080839,-28718.959618996963,0,8
0.022326312040305215,0.0004933115603725665,-28743.487703597082,0,9
0.022339813910926508,0.0004933115603725665,-28757.486135321713,0,8
0.02235386582967897,0.0004933115603725665,-28773.797465818567,0,9
0.022367271059988463,0.0004933115603725665,-28789.746409560525,0,9
0.022380032659049278,0.0004933115603725665,-28803.67956721603,0,8
0.022392349060663754,0.0004933115603725665,-28818.740461175592,0,8
0.02240366195339164,0.0004433147565932982,-28831.695126971586,0,7
0.02241625562051889,0.0004345360706014085,-28846.568950436296,0,8
0.022424152816084928,0.00042575656576580276,-28850.540353127155,0,4
0.02242903352503158,0.0004213086171894466,-28851.21103344004,0,1
0.022433669395658516,0.0004213086171894466,-28852.439437878584,0,1
0.022436940254254845,0.0004213086171894466,-28852.30976507557,0,0
0.02244012824202878,0.0004213086171894466,-28852.368287140864,0,0
0.022443320871244482,0.0004213086171894466,-28852.420675964913,0,0
0.022447892114510624,0.0004213086171894466,-28853.814219431748,0,1
0.02245355837962293,0.0004213086171894466,-28857.682179123476,0,2
0.022466200915319777,0.0004213086171894466,-28873.075364111584,0,7
0.022482288362909043,0.0004213086171894466,-28894.180659633137,0,10
0.02249475704878293,0.0004213086171894466,-28908.703735467163,0,8
0.022506415637829923,0.0004213086171894466,-28927.685670568233,0,7
0.022520394782239456,0.0004213086171894466,-28953.631377635862,0,9
0.022534535572497925,0.0004213086171894466,-28978.369119048613,0,9
0.022548301693290453,0.0004213086171894466,-29002.85775362742,0,9
0.022561060044229104,0.0004213086171894466,-29023.967255297146,0,8
0.022574744307883452,0.0004213086171894466,-29048.51765226226,0,9
0.022590641612643358,0.0004213086171894466,-29066.76464435121,0,10
0.022603848618663186,0.0004213086171894466,-29080.52462988639,0,8
0.02261587303520574,0.0004213086171894466,-29092.849040853864,0,7
0.022629188252563246,0.0004213086171894466,-29107.611290641787,0,8
0.02264223503432397,0.0004213086171894466,-29123.521499761035,0,8
0.022654916205494174,0.00043482360056952584,-29139.96323277852,0,8
0.022666213085816785,0.0004433260440892487,-29152.404773356415,0,7
0.022675035953520165,0.0004521107903939944,-29157.94869478253,0,5
0.022680655559278756,0.00046088071596776315,-29159.73591492148,0,2
0.022683998124632856,0.00046965146105010225,-29159.43095401423,0,0
0.022688560272195492,0.000558036887862349,-29160.814312189486,0,1
0.022691834642496373,0.000558036887862349,-29160.681215162414,0,0
0.02269502171452239,0.000558036887862349,-29160.74005748767,0,0
0.022698213649187133,0.000558036887862349,-29160.79239707471,0,0
0.02270554196660878,0.000558036887862349,-29167.065671605513,0,3
0.02272305002202879,0.000558036887862349,-29191.444548407948,0,11
0.022739751574410483,0.000558036887862349,-29213.476021343147,0,11
0.022752297946716328,0.000544519193939617,-29227.664394074152,0,8
0.022768829507040872,0.00046825735148398615,-29256.205677000922,0,10
0.022782313554964594,0.00046825735148398615,-29280.45984703382,0,9
0.02279645000041794,0.00046825735148398615,-29305.15825359445,0,9
0.02281133530400938,0.00046825735148398615,-29329.557934875833,0,9
0.022824821410850994,0.00045578172639850953,-29350.749948256554,0,8
0.022840261324012966,0.00045578172639850953,-29378.484521727336,0,10
0.022854855363262313,0.00045578172639850953,-29394.297943565747,0,9
0.02287110992804726,0.00045578172639850953,-29412.454287255398,0,10
0.02288532496715424,0.00045578172639850953,-29428.251828763467,0,9
0.022898073910632456,0.00045578172639850953,-29442.253686827622,0,8
0.022911110487659498,0.00045578172639850953,-29457.334331946768,0,8
0.022925170470702493,0.00045578172639850953,-29474.88673084396,0,9
0.022938670699911224,0.00045578172639850953,-29489.092314190613,0,8
0.022947561157142592,0.00045578172639850953,-29494.46859845318,0,5
0.02295317648972095,0.00045578172639850953,-29496.239668922797,0,2
0.022957897788630093,0.00045578172639850953,-29497.25172458801,0,1
0.022962175659343678,0.00045578172639850953,-29498.417641681244,0,1
0.022966828550228916,0.00045578172639850953,-29499.583099960008,0,1
0.02297009731361756,0.00045578172639850953,-29499.460021807037,0,0
0.022974663076906363,0.00045578172639850953,-29500.83587232507,0,1
0.022978949639839482,0.00045578172639850953,-29502.63721314609,0,1
0.022985993768336783,0.00045578172639850953,-29509.07604706724,0,3
0.02299697299587462,0.00045578172639850953,-29521.87578640825,0,6
0.023013354420914508,0.00045578172639850953,-29541.559118547895,0,10
0.023028225542444224,0.000527781967395831,-29568.437126619443,0,10
0.023042443212799704,0.000527781967395831,-29592.22270098126,0,9
0.023057322779991053,0.000527781967395831,-29616.402315814517,0,9
0.02307182031567889,0.000527781967395831,-29640.48040662955,0,9
0.023086981549816466,0.00048156628754386286,-29667.584818495776,0,10
0.023102588913626345,0.0004557797733419709,-29694.108254691368,0,10
0.023119565722507666,0.0004557797733419709,-29713.87661823486,0,11
0.023135256896267355,0.0004557797733419709,-29731.22059351232,0,10
0.023147350569666415,0.0004557797733419709,-29744.76137772078,0,8
0.02316002506035643,0.0004557797733419709,-29758.844662957083,0,8
0.023173066230684016,0.0004557797733419709,-29773.592952082618,0,8
0.02318748096306832,0.0004557797733419709,-29790.726173030685,0,9
0.023200255366634365,0.0004557797733419709,-29804.70177175839,0,8
0.023209154730818353,0.0004557797733419709,-29809.933649709215,0,5
0.023216148211548847,0.0004557797733419709,-29812.99536304447,0,3
0.02322095133312043,0.0004557797733419709,-29813.804262124486,0,1
0.023224211183917518,0.0004557797733419709,-29813.694990315103,0,0
0.02322739812906338,0.0004557797733419709,-29813.75228793781,0,0
0.023230589192878678,0.0004557797733419709,-29813.80470109338,0,0
0.023233779990543893,0.0004557797733419709,-29813.857449891613,0,0
0.02323834967625187,0.0004557797733419709,-29815.892302806176,0,1
0.023247138286182478,0.0004557797733419709,-29823.90919010617,0,4
0.02325681576381429,0.0004557797733419709,-29833.17728605125,0,5
0.023270341117677992,0.0004557797733419709,-29848.53309218604,0,8
0.023286881815700298,0.0004557797733419709,-29876.343863595182,0,10
0.02330212030622516,0.0004557797733419709,-29903.269284101094,0,10
0.02331495504211294,0.0004557797733419709,-29924.010588661313,0,8
0.023330754732806196,0.0004557797733419709,-29951.84185903087,0,10
0.02334598078094491,0.0004557797733419709,-29978.63374040658,0,10
0.02336295024839419,0.0005277797066521874,-30008.47598304383,0,11
0.02337725226771723,0.0005277797066521874,-30023.89755814674,0,9
0.023391383814509274,0.0005277797066521874,-30039.873668512242,0,9
0.02340553721185798,0.0005277797066521874,-30055.725591861166,0,9
0.023418289357029977,0.00045577782174240403,-30069.48741039744,0,8
0.023429580893670088,0.00045577782174240403,-30081.722614759306,0,7
0.023442915851844135,0.00045577782174240403,-30096.49745634732,0,8
0.023453193885754585,0.00045577782174240403,-30106.47946880518,0,6
0.02346026901509768,0.00045577782174240403,-30109.40719037684,0,3
0.023464701020819535,0.00045577782174240403,-30110.219482580804,0,1
0.023469344206589894,0.00045577782174240403,-30111.411355813765,0,1
0.02347261253657805,0.00045577782174240403,-30111.288795274915,0,0
0.023475798423724926,0.00045577782174240403,-30111.347011687463,0,0
0.023478988919175624,0.00045577782174240403,-30111.399346320293,0,0
0.023483558094700246,0.00045577782174240403,-30112.732517766428,0,1
0.023489222414991365,0.00045577782174240403,-30116.42668352796,0,2
0.023504255712084345,0.00045577782174240403,-30133.91365464688,0,9
0.023519047376717953,0.00045577782174240403,-30151.490904096863,0,10
0.023534012242182,0.00045577782174240403,-30167.232605901412,0,9
0.023546018162701347,0.00045577782174240403,-30188.20513440778,0,8
0.02356007595978371,0.00045577782174240403,-30212.70903730012,0,9
0.02357283244156108,0.00045577782174240403,-30233.556309144566,0,8
0.023585220587736298,0.00045577782174240403,-30251.666948259288,0,7
0.023596054322298946,0.00045577782174240403,-30270.04818698919,0,7
0.023610034310390285,0.0004660185960576163,-30294.407002762222,0,9
0.023623527215662826,0.0004660185960576163,-30308.01937675623,0,8
0.023638309295959517,0.0004660185960576163,-30323.982123434802,0,9
0.023652080985131895,0.0004660185960576163,-30339.635049023214,0,9
0.023666592956950738,0.0004660185960576163,-30355.331903518996,0,9
0.02368035317690981,0.0005277774475959266,-30371.936960047653,0,9
0.023694217604272292,0.0005277774475959266,-30386.659715180795,0,8
0.0237034791103529,0.0005277774475959266,-30394.935652593158,0,5
0.023711479867211595,0.0005277774475959266,-30399.490421740313,0,4
0.02371636846569214,0.0005277774475959266,-30400.14221288901,0,1
0.02372100146037301,0.0005277774475959266,-30401.34123935298,0,1
0.023724269903295486,0.0005277774475959266,-30401.215247296142,0,0
0.023727455354495462,0.0005277774475959266,-30401.27351221695,0,0
0.023730645450518683,0.0005277774475959266,-30401.325830092286,0,0
0.023733835245029016,0.0005277774475959266,-30401.378554588115,0,0
0.023739783036428288,0.0005277774475959266,-30405.379759629115,0,2
0.023753437068443836,0.0005277774475959266,-30420.761599046225,0,8
0.02376851227319388,0.0004815621645063496,-30438.582418943803,0,10
0.023781731946212213,0.0004680463521728684,-30452.047842822736,0,8
0.023793012958423353,0.0004595415143284562,-30470.066276335463,0,7
0.023804603687013554,0.00045577587160025254,-30488.390514049694,0,7
0.023817926772074092,0.00045577587160025254,-30509.6550769331,0,8
0.0238333651629896,0.00045577587160025254,-30536.471410097918,0,10
0.023848982680901857,0.00045577587160025254,-30562.25210326708,0,10
0.023864601833065567,0.00045577587160025254,-30587.975033092287,0,10
0.023878443191320556,0.00045577587160025254,-30602.96407908799,0,9
0.023892208473756185,0.00045577587160025254,-30618.22209726346,0,9
0.023906344124966675,0.000492732145693588,-30633.547034805884,0,9
0.023919472665746566,0.000492732145693588,-30646.95661250503,0,8
0.0239325036195617,0.000492732145693588,-30661.01750974063,0,8
0.023944160767786396,0.000492732145693588,-30673.174202006794,0,7
0.023955735440347726,0.000492732145693588,-30685.43691423115,0,7
0.02396390970240834,0.000492732145693588,-30689.46665178538,0,4
0.023969801821025052,0.000492732145693588,-30691.3934192903,0,2
0.023974521721657246,0.000492732145693588,-30692.385854275657,0,1
0.02397778469217486,0.000492732145693588,-30692.270510176688,0,0
0.02398096985096827,0.000492732145693588,-30692.328195207807,0,0
0.02398415938119401,0.000492732145693588,-30692.380530019615,0,0
0.023988727669929336,0.000492732145693588,-30693.721544181553,0,1
0.023994757136700323,0.000492732145693588,-30697.522117668042,0,2
0.024007027223328006,0.000492732145693588,-30712.052623546126,0,7
0.024021739171530797,0.000492732145693588,-30729.41827526875,0,9
0.024033122021579638,0.0005277751902275572,-30741.60431817161,0,7
0.02404396419503795,0.0005277751902275572,-30760.598270650633,0,7
0.024057296871405124,0.0005277751902275572,-30782.993571245766,0,8
0.024074124329561367,0.0005277751902275572,-30814.514899767088,0,11
0.02408704398272948,0.0005142595438042189,-30835.01777551796,0,8
0.024099704177025127,0.000505755185190045,-30856.905931578614,0,8
0.024114499306601728,0.0004343664778296904,-30881.791529047867,0,9
0.024127622798529518,0.0004343664778296904,-30896.0090344094,0,8
0.024141677563737408,0.00042085143242658903,-30912.594193540648,0,9
0.024156177779576463,0.0004346782544337034,-30928.772106649267,0,9
0.024168935615355797,0.0004346782544337034,-30942.753885163038,0,8
0.02418123863391243,0.0004346782544337034,-30957.444912255185,0,8
0.02419290387725375,0.0004346782544337034,-30971.373969073786,0,7
0.02420384173291695,0.0004346782544337034,-30982.026493497648,0,6
0.024211558128101454,0.0004346782544337034,-30986.325120435828,0,4
0.02421644680745267,0.0004346782544337034,-30986.965003011806,0,1
0.024221089719808683,0.0004346782544337034,-30988.148275569813,0,1
0.024224357024281544,0.0004346782544337034,-30988.025391592986,0,0
0.024227541553953427,0.0004346782544337034,-30988.08345347746,0,0
0.02423073071179322,0.0004346782544337034,-30988.13575119881,0,0
0.02423391956924609,0.0004394301901316611,-30988.188447284374,0,0
0.024239866528600468,0.0005278161105926958,-30992.25561707485,0,2
0.024252140957736007,0.0005278161105926958,-31006.50480015864,0,7
0.024269244444115778,0.0005278161105926958,-31027.856504611915,0,11
0.02428217511927051,0.0005278161105926958,-31041.57658802594,0,8
0.02429383239702432,0.0005278161105926958,-31060.565592352727,0,7
0.024309907656297595,0.0005278161105926958,-31090.291427149157,0,10
0.024323387588383583,0.0005278161105926958,-31115.111379344467,0,9
0.024337521981668095,0.0005278161105926958,-31140.468560920384,0,9
0.024351026841091996,0.0005278161105926958,-31162.572616097208,0,8
0.024365442184535534,0.0005278161105926958,-31187.998246058614,0,9
0.02438132812076221,0.0005278161105926958,-31207.010145189044,0,10
0.024394178461224495,0.0005278161105926958,-31221.139232112007,0,8
0.024405463865111048,0.0005278161105926958,-31233.570518882967,0,7
0.024418055861991986,0.0005278161105926958,-31248.25835788818,0,8
0.02443110023009798,0.0005278161105926958,-31263.32886222595,0,8
0.024443768974386,0.0005143011743713865,-31279.735516586094,0,8
0.024455063879096038,0.0005057988670561112,-31292.068860375624,0,7
0.0244642495022959,0.0004970142560612369,-31297.507341157,0,5
0.024469861639417022,0.0004882444658927886,-31299.26531993318,0,2
0.024474214272665436,0.000479473856205454,-31300.27184226264,0,1
0.024478860043033516,0.00047070347847572274,-31301.444462671323,0,1
0.02448212623526537,0.0004619332619987418,-31301.322312773984,0,0
0.024485310161891042,0.00045316321152469964,-31301.380449884386,0,0
0.024488498681499177,0.0004443933267304955,-31301.432720361736,0,0
0.024495824164563067,0.0004630146655994115,-31307.5861008381,0,3
0.024513330562672485,0.00041835201782517513,-31330.74161205205,0,11
0.02453003071933555,0.0003990714417545585,-31351.13972656426,0,11
0.024542575089301962,0.0003990714417545585,-31365.311048202373,0,8
0.024559115293959176,0.0003855575102556224,-31394.422895263302,0,10
0.0245725855213516,0.00042166558789961354,-31420.04957360595,0,9
0.024587096292313818,0.0004192368947839373,-31446.169193816677,0,9
0.024601608305977293,0.0004192368947839373,-31471.89501499538,0,9
0.024615733758548503,0.0004192368947839373,-31497.78875442377,0,9
0.024631996273020273,0.0004192368947839373,-31526.52404496194,0,10
0.02464620906028236,0.0004192368947839373,-31543.295954043413,0,9
0.024661712586844894,0.0004192368947839373,-31562.18037159994,0,10
0.02467594614587335,0.0004192368947839373,-31578.43941352194,0,9
0.024689069122422427,0.0004192368947839373,-31592.80503980061,0,8
0.02470210955097249,0.0004192368947839373,-31608.00050278385,0,8
0.02471616763310529,0.0004192368947839373,-31626.996546663773,0,9
0.024729654577088533,0.0004192368947839373,-31641.520009419582,0,8
0.024738542772227555,0.0004192368947839373,-31646.891543580212,0,5
0.024744155162568674,0.0004192368947839373,-31648.659949212615,0,2
0.024748873315908342,0.0004192368947839373,-31649.687429600144,0,1
0.02475314779928215,0.0004192368947839373,-31650.87387723041,0,1
0.02475779744861129,0.0004192368947839373,-31652.052022387114,0,1
0.02476106279059818,0.0004192368947839373,-31651.92704117059,0,0
0.024765625199671012,0.0004192368947839373,-31653.309166090483,0,1
0.02477027444884309,0.0004192368947839373,-31655.10810977337,0,1
0.024777310916825633,0.0004192368947839373,-31661.45793301721,0,3
0.024787921876463705,0.0004192368947839373,-31673.570361214915,0,6
0.024803563581600394,0.0004192368947839373,-31693.37135535403,0,10
0.024819895663187277,0.0004192368947839373,-31720.997152618103,0,10
0.024834470323611097,0.00041489105221560843,-31745.80075170377,0,9
0.02484895620409896,0.0004063921007840134,-31770.843790683408,0,9
0.024863080661583558,0.0004144733713408847,-31795.812026255506,0,9
0.024878600220799397,0.0004542348510236086,-31824.019750362215,0,10
0.024895214586607296,0.00044546757723496453,-31854.816567206024,0,11
0.024911545686866595,0.0003902898184908992,-31875.12517169955,0,11
0.02492686307529903,0.0004260914158900487,-31893.42457817039,0,10
0.024938959217783694,0.0004185145801843859,-31907.557080085415,0,8
0.02495200886392535,0.0004185145801843859,-31922.053984471746,0,8
0.024965689319482745,0.0004185145801843859,-31939.82283477848,0,9
0.024978448077683665,0.0004185145801843859,-31955.580149691574,0,8
0.024991848430352657,0.0004185145801843859,-31970.485503347143,0,8
0.025000093516995836,0.0004185145801843859,-31974.44144499093,0,4
0.025008370547903374,0.0004185145801843859,-31979.08339993627,0,4
0.02501289194760137,0.0004185145801843859,-31979.69970719678,0,1
0.025017537948392617,0.0004185145801843859,-31980.863146138014,0,1
0.02502080337548982,0.0004185145801843859,-31980.743138690472,0,0
0.025023986242912286,0.0004185145801843859,-31980.801167823553,0,0
0.025027173721862583,0.0004185145801843859,-31980.85341037762,0,0
0.025030360901566823,0.0004185145801843859,-31980.906139891486,0,0
0.025036306284938116,0.0004185145801843859,-31985.42136880187,0,2
0.025046187438059673,0.0004185145801843859,-31995.454033335536,0,5
0.02506072890260534,0.0004185145801843859,-32013.005979235364,0,9
0.02507661193874484,0.0004185145801843859,-32040.28768787099,0,10
0.025091465735749507,0.0004185145801843859,-32067.000703200236,0,10
0.025103300450814336,0.0004185145801843859,-32084.336114655456,0,7
0.025118645688320614,0.0004185145801843859,-32112.55295186497,0,10
0.02513425701454514,0.0004185145801843859,-32139.355402633195,0,10
0.025151598715863335,0.0004185145801843859,-32169.41542090373,0,11
0.02516588212310779,0.0004185145801843859,-32184.999229039484,0,9
0.025180754463724947,0.00039288348955977495,-32201.237430999838,0,9
0.025195262520484877,0.0004290798099555839,-32217.290976857697,0,9
0.025208019225797695,0.0004290798099555839,-32231.220679435755,0,8
0.025219308401155792,0.0004290798099555839,-32243.8258273019,0,7
0.025231532188286825,0.00040957129678992663,-32259.109683542854,0,8
0.02524218813398704,0.0004318599732228331,-32269.34723665988,0,6
0.025248889215325532,0.0004233639249756497,-32272.318485405613,0,3
0.025253689228309405,0.00041851279790557257,-32273.161082073086,0,1
0.025256945224296085,0.00041851279790557257,-32273.040812056093,0,0
0.025260128235764564,0.00041851279790557257,-32273.098306285458,0,0
0.02526331536524108,0.00041851279790557257,-32273.150585483974,0,0
0.02526650222865972,0.00041851279790557257,-32273.20321786294,0,0
0.02527106820613635,0.00041851279790557257,-32274.584318813624,0,1
0.02527571638080757,0.00041851279790557257,-32276.38366586119,0,1
0.025291026968819578,0.0004577854185785408,-32294.741536550235,0,9
0.02530654846904838,0.0004577854185785408,-32312.895799218935,0,10
0.02532039345007806,0.0004577854185785408,-32329.217252340026,0,9
0.025333143139414763,0.0004577854185785408,-32351.118045972864,0,8
0.025345810481316282,0.0004577854185785408,-32373.50287386315,0,8
0.025358859349254616,0.0004577854185785408,-32395.329444023722,0,8
0.025370880033930586,0.0004577854185785408,-32413.832609512625,0,7
0.02538383792253071,0.0004577854185785408,-32435.662625122404,0,8
0.025397888952072605,0.0004577854185785408,-32459.941461877963,0,9
0.02541174139377528,0.0004577854185785408,-32473.75866059456,0,8
0.02542613984732495,0.0004577854185785408,-32489.917384616812,0,9
0.025440646171898514,0.0004577854185785408,-32505.78240445803,0,9
0.025453391548992604,0.0004577854185785408,-32519.64153862249,0,8
0.025467815183632198,0.0004577854185785408,-32536.83633196843,0,9
0.025479929195442924,0.0004577854185785408,-32550.071882440538,0,7
0.025489100267167636,0.0004577854185785408,-32558.741138509842,0,5
0.025496737600751208,0.0004442728226472283,-32563.297862850926,0,4
0.02550126231863397,0.0004357772735514196,-32563.930620361836,0,1
0.025505530348887914,0.00043215443732872534,-32565.134519730436,0,1
0.025508799783816694,0.00043215443732872534,-32564.998443899956,0,0
0.025511981493945526,0.00043215443732872534,-32565.05711738927,0,0
0.02551516808766737,0.00043215443732872534,-32565.1092945147,0,0
0.025518354363870458,0.00043215443732872534,-32565.16191662868,0,0
0.025522919796622964,0.00043215443732872534,-32567.230715126705,0,1
0.025535476337681037,0.00043215443732872534,-32581.285126933242,0,7
0.02555156578576372,0.00043215443732872534,-32599.705290532995,0,10
0.025562652270427408,0.00043215443732872534,-32611.228412846594,0,7
0.02557422489600758,0.0004186420063645969,-32629.86545832692,0,7
0.025586533882872207,0.0004101469335800064,-32648.487405536795,0,7
0.025599491632363847,0.00043409434852611595,-32670.02084999401,0,8
0.02561566564246544,0.00042533175025653304,-32697.18300363801,0,10
0.025631282907783673,0.0004165683319174676,-32723.332641401266,0,10
0.02564690095262053,0.00047732802064816336,-32749.42680866821,0,10
0.02566111824064002,0.0004685649952428624,-32764.739716839835,0,9
0.02567488759270653,0.0004608367967471646,-32780.41904065437,0,9
0.02568764172386049,0.0004608367967471646,-32794.074847076314,0,8
0.025702075414251766,0.0004608367967471646,-32810.08052426381,0,9
0.025715578930630062,0.0004608367967471646,-32824.473271588824,0,8
0.02572723469112789,0.0004608367967471646,-32838.22990475064,0,7
0.025738806651011005,0.0004608367967471646,-32851.01397386498,0,7
0.025746978455913845,0.0004608367967471646,-32855.08140620615,0,4
0.025753880779326516,0.0004608367967471646,-32858.380173882295,0,3
0.025758684568250197,0.0004608367967471646,-32859.21287642796,0,1
0.025761939358897732,0.0004608367967471646,-32859.09659910635,0,0
0.025765121366149,0.0004608367967471646,-32859.1539967402,0,0
0.025768307474942794,0.0004608367967471646,-32859.20624537767,0,0
0.025772872514914124,0.0004608367967471646,-32860.5852953648,0,1
0.025778532859301557,0.0004608367967471646,-32864.44740522258,0,2
0.025793563628877244,0.0004432335981199654,-32884.52654673779,0,9
0.025807705843019786,0.0004432335981199654,-32901.88239798358,0,9
0.025821197991578594,0.0004470927049233133,-32916.8086265255,0,8
0.025833218998110027,0.0004470927049233133,-32935.75437307987,0,7
0.025846175887822963,0.000395446722433274,-32958.55817681543,0,8
0.025861335655431143,0.000395446722433274,-32984.035764651555,0,9
0.025875842455718154,0.000395446722433274,-33009.501454320685,0,9
0.025889329949780313,0.000395446722433274,-33031.93351201531,0,8
0.025903743612998034,0.000395446722433274,-33058.045124524826,0,9
0.025916869847039035,0.000395446722433274,-33073.244636402465,0,8
0.025931653986796817,0.000395446722433274,-33091.170105857185,0,9
0.02594504580657658,0.000395446722433274,-33108.046591110426,0,9
0.025958537462534945,0.0004384684205539537,-33122.39449976123,0,8
0.025971938419931742,0.00046083483815828835,-33137.93922413842,0,8
0.0259839540428992,0.00046083483815828835,-33152.39094205381,0,7
0.02599690031001091,0.00046083483815828835,-33168.155705436504,0,8
0.026004788200208004,0.00046083483815828835,-33172.25346624951,0,4
0.026009297901406426,0.00046083483815828835,-33172.90872855938,0,1
0.02601356576580095,0.00046083483815828835,-33174.095101316205,0,1
0.026016834240498644,0.00046083483815828835,-33173.96245179725,0,0
0.026020014983962038,0.00046083483815828835,-33174.02091322672,0,0
0.026023200608122465,0.00046083483815828835,-33174.07306515508,0,0
0.02602776513173678,0.00046083483815828835,-33175.437752899066,0,1
0.026033791172111603,0.00046083483815828835,-33179.25090356671,0,2
0.0260464248053416,0.00046083483815828835,-33194.826990466965,0,7
0.026063521713068548,0.00046083483815828835,-33217.31373366772,0,11
0.026076805595897982,0.00046083483815828835,-33231.70446157119,0,8
0.02608882180715022,0.00046083483815828835,-33250.96044794272,0,7
0.02610490182714818,0.00046083483815828835,-33280.80865675851,0,10
0.026119477581760284,0.00044732334413517306,-33305.69597734614,0,9
0.026133240838068436,0.00044323171451856854,-33330.89622417051,0,9
0.026145628304895342,0.000447090804960124,-33352.761673637826,0,8
0.026160410829305248,0.000447090804960124,-33377.916291683956,0,9
0.026176278655086652,0.00043357942424791644,-33396.703212751425,0,10
0.026189105305855023,0.0004250873836298639,-33410.7810371787,0,8
0.026202510414089802,0.00041631297148550674,-33425.41390502699,0,8
0.026215915253752328,0.00040755338740546183,-33439.906359032095,0,8
0.026228953895524477,0.0003987929830239019,-33454.996745963996,0,8
0.02624162027573039,0.000407847054571447,-33471.383937529026,0,8
0.02625327909241523,0.000399087043007766,-33483.91424776057,0,7
0.026261445372238828,0.0003903271972311472,-33488.08202709006,0,4
0.026266967936974313,0.0003850596910259004,-33490.04022026751,0,2
0.026270309288477855,0.0003850596910259004,-33489.72254796172,0,0
0.026274864704965824,0.0003850596910259004,-33491.12818467105,0,1
0.026278132505976215,0.0003850596910259004,-33490.99356875937,0,0
0.02628131278188399,0.0003850596910259004,-33491.05224396513,0,0
0.026284497923995506,0.0003850596910259004,-33491.10436979948,0,0
0.02629182053685557,0.0003968307991005629,-33497.43063329876,0,3
0.02630969154123418,0.0003968307991005629,-33521.37266565266,0,11
0.026326019342276085,0.0004353829106328524,-33542.419849449165,0,11
0.026338954274552004,0.0004353829106328524,-33556.55867407834,0,8
0.026354735412751372,0.0004353829106328524,-33585.137416096775,0,10
0.026368956751514423,0.0004353829106328524,-33610.02343046797,0,9
0.026383822029368127,0.0004353829106328524,-33635.00937535796,0,9
0.02639860946902225,0.0004353829106328524,-33663.08558315704,0,10
0.026410071083450344,0.0004353829106328524,-33681.008361924585,0,7
0.0264244059329882,0.0004353829106328524,-33706.57253292071,0,9
0.02643853897012556,0.0004353829106328524,-33723.10232719892,0,9
0.02645443336574139,0.0004281947847971382,-33741.83640584279,0,10
0.026468272811870225,0.00041970422793443637,-33758.031750201,0,9
0.026480019095538904,0.00041093128967240164,-33770.21721709746,0,7
0.026493976364904012,0.00043806356223401893,-33787.676651266505,0,9
0.026508845247646753,0.00042930463267366393,-33805.9902633837,0,9
0.026522619019623443,0.0004209313096139583,-33822.55820623932,0,9
0.026531967358893356,0.0004209313096139583,-33827.786592203855,0,5
0.02653756668670406,0.0004209313096139583,-33829.594630485604,0,2
0.026542281486653038,0.0004209313096139583,-33830.639774961,0,1
0.02654691884380365,0.00044446449581540695,-33831.86013717205,0,1
0.026550181291551067,0.00044446449581540695,-33831.73066314638,0,0
0.02655336108000449,0.00044446449581540695,-33831.78890669532,0,0
0.026557924778047734,0.00044446449581540695,-33833.20390258826,0,1
0.02656257055044558,0.00044446449581540695,-33835.035272749024,0,1
0.02656997024032485,0.00044446449581540695,-33842.0456812743,0,3
0.026579194744498654,0.00037246664005741615,-33852.86378381031,0,5
0.026595118814720577,0.0004017959447088369,-33873.82177369197,0,10
0.026611094325027874,0.0004017959447088369,-33901.88912136997,0,10
0.02662531637178073,0.0004017959447088369,-33926.98442476758,0,9
0.026639803950596463,0.0004017959447088369,-33952.21266457625,0,9
0.02665392551106858,0.0004017959447088369,-33977.54657626733,0,9
0.026669807943463835,0.0004017959447088369,-34006.33456526402,0,10
0.026686782025618357,0.0004017959447088369,-34037.235145342274,0,11
0.026703094760175704,0.00043461265530068044,-34057.73120699056,0,11
0.02671878717195673,0.00043461265530068044,-34076.12351068451,0,10
0.026731619426506502,0.00043461265530068044,-34090.314415807414,0,8
0.026745034763665396,0.00043461265530068044,-34105.05499420958,0,8
0.026761218890705044,0.00043461265530068044,-34124.40223317246,0,10
0.026774421985681123,0.0004418429356482678,-34140.85372608206,0,8
0.026789212454512067,0.0004418429356482678,-34158.253249472786,0,9
0.02679818499000391,0.0004418429356482678,-34163.525887207186,0,5
0.026805815260494765,0.0004418429356482678,-34168.04902807463,0,4
0.026810337943323638,0.0004418429356482678,-34168.685478767584,0,1
0.026814980489534523,0.0004418429356482678,-34169.92398398309,0,1
0.026818242535361348,0.0004418429356482678,-34169.793787327246,0,0
0.026821421904413847,0.0004418429356482678,-34169.852021070634,0,0
0.02682460588706797,0.0004418429356482678,-34169.90413825197,0,0
0.02682778957037199,0.0004418429356482678,-34169.95676799429,0,0
0.02683373184298687,0.0004418429356482678,-34174.5608846223,0,2
0.026843976769456043,0.0004418429356482678,-34184.938896409556,0,5
0.026858145401752423,0.0004418429356482678,-34202.99855268042,0,9
0.026874397411392744,0.0004418429356482678,-34231.16920440634,0,10
0.026889632175776525,0.00044446261109827107,-34259.0961688318,0,10
0.026900717585951618,0.000430952572650564,-34277.25345377716,0,7
0.026917179493870208,0.00035825957014178034,-34306.6627316236,0,10
0.026932773877022417,0.00038244328715955427,-34334.65809291692,0,10
0.02694938105325769,0.00042437515339315885,-34365.533287460035,0,11
0.02696367219651852,0.00041086568000389375,-34382.009701331706,0,9
0.026978521117476128,0.00040989461272446985,-34398.93667456104,0,9
0.026993015775554918,0.00040989461272446985,-34415.5241636438,0,9
0.027005769942922465,0.00040989461272446985,-34429.6623281728,0,8
0.027018164970356473,0.00040989461272446985,-34442.14706081309,0,7
0.02703110477611368,0.00040989461272446985,-34458.095065892856,0,8
0.02704203047913916,0.00040989461272446985,-34470.53855800631,0,7
0.027049191793028324,0.00040989461272446985,-34473.342364882476,0,3
0.027053978676415284,0.00040989461272446985,-34474.21935932352,0,1
0.027057231748746968,0.00040989461272446985,-34474.092968873214,0,0
0.027060411159280574,0.00040989461272446985,-34474.15066904706,0,0
0.02706359472655062,0.00040989461272446985,-34474.20282393017,0,0
0.02706677802519009,0.00040989461272446985,-34474.25535256402,0,0
0.027069961277717852,0.00040989461272446985,-34474.30785451056,0,0
0.027075903130755526,0.00040989461272446985,-34478.492930121254,0,2
0.02709129875080696,0.00040989461272446985,-34496.766775986376,0,9
0.027106448113156628,0.00040989461272446985,-34514.87175694344,0,10
0.027120296145464514,0.00040989461272446985,-34531.194765414,0,9
0.02713342053117567,0.0004282462211673993,-34552.98889518987,0,8
0.027147459443292794,0.0004282462211673993,-34578.281592331885,0,9
0.02716057751490776,0.00044994066023693274,-34599.91169833531,0,8
0.027172235499107616,0.00044994066023693274,-34618.778928587446,0,7
0.027185550778801977,0.00044994066023693274,-34641.26063193004,0,8
0.02720071409092496,0.00044994066023693274,-34666.79798548066,0,9
0.02721345181460612,0.00044994066023693274,-34681.88097253413,0,8
0.027227872993797368,0.00044994066023693274,-34699.85561481704,0,9
0.02724238808176086,0.0003779435443977873,-34717.285277240895,0,9
0.027255496568196372,0.0003805631581361321,-34731.59370491848,0,8
0.027270279825073223,0.0003805631581361321,-34748.88383477603,0,9
0.0272833889538343,0.0004098928774478612,-34765.780862564556,0,8
0.027292644857940414,0.0004098928774478612,-34774.24855554038,0,5
0.02730101676148959,0.0004098928774478612,-34778.98609819721,0,4
0.027305895323510673,0.0004098928774478612,-34779.66539953178,0,1
0.027309142729938493,0.0004098928774478612,-34779.55031915646,0,0
0.02731232188636192,0.0004098928774478612,-34779.60733984873,0,0
0.027315504909308293,0.0004098928774478612,-34779.65952010876,0,0
0.02731868768313885,0.0004098928774478612,-34779.71202002476,0,0
0.0273218704095575,0.0004098928774478612,-34779.764497237746,0,0
0.027326432475903766,0.0004596494111864952,-34781.8127429256,0,1
0.027339352994489682,0.0004596494111864952,-34795.789550860834,0,7
0.02735543618914593,0.0004596494111864952,-34814.096691036066,0,10
0.02736761877286511,0.0004596494111864952,-34825.56569393499,0,7
0.027379541427868227,0.0004596494111864952,-34844.23119339981,0,7
0.027391854320835008,0.0004596494111864952,-34862.89953420197,0,7
0.027405542373941227,0.0004596494111864952,-34884.732481690735,0,8
0.027420335330875793,0.0004596494111864952,-34909.24100776328,0,9
0.027434479347589767,0.0004596494111864952,-34933.24345185875,0,9
0.0274476035522329,0.0004596494111864952,-34954.00219107818,0,8
0.02746063003185382,0.0004596494111864952,-34968.21381778976,0,8
0.027472293794121593,0.0004596494111864952,-34980.40899732476,0,7
0.027485996518259448,0.0004596494111864952,-34995.14377138455,0,8
0.027497643272320165,0.0004596494111864952,-35007.431501263694,0,7
0.02750857764054743,0.0004596494111864952,-35018.69502039589,0,6
0.027519413042980858,0.0004596494111864952,-35031.866103831926,0,6
0.027529888113829778,0.0005058210132542467,-35043.04336946336,0,6
0.027539353664956526,0.0005058210132542467,-35048.882633740446,0,5
0.027544960844354476,0.0005058210132542467,-35050.70170130753,0,2
0.02754930794238714,0.0005058210132542467,-35051.72926965727,0,1
0.02755256880325483,0.0005058210132542467,-35051.59776042876,0,0
0.027555746715828687,0.0005058210132542467,-35051.65593556422,0,0
0.027558929257184808,0.0005058210132542467,-35051.70801059589,0,0
0.02756349090468505,0.0005058210132542467,-35053.130920887175,0,1
0.027569148005286134,0.0005058210132542467,-35057.06054977555,0,2
0.02758454311088654,0.0005380334224870805,-35077.52613011013,0,9
0.02759969189384862,0.00046603661198439244,-35097.15776926461,0,10
0.027611523898840293,0.00046603661198439244,-35109.9014622943,0,7
0.02762346105996684,0.00046603661198439244,-35130.342986364354,0,7
0.027634298516339934,0.00046603661198439244,-35150.87193514564,0,7
0.02764799362785156,0.00046603661198439244,-35175.21359599269,0,8
0.027661397032443,0.00046603661198439244,-35199.23757213878,0,8
0.027673044682377412,0.00046603661198439244,-35219.798945644594,0,7
0.027686735282437903,0.00046603661198439244,-35243.98702322327,0,8
0.027698748276547166,0.00046603661198439244,-35257.82099545199,0,7
0.02771243654423412,0.00046603661198439244,-35274.33915485125,0,8
0.027724730154620417,0.00046603661198439244,-35289.78552079346,0,8
0.027735659347294158,0.00046603661198439244,-35302.65737410696,0,7
0.027747970740259226,0.00046603661198439244,-35316.342850873676,0,7
0.02775852246905673,0.00046603661198439244,-35329.24687519037,0,6
0.0277700094433909,0.0004692837058107769,-35342.86913267472,0,7
0.027777816771803306,0.0004692837058107769,-35347.149317771284,0,4
0.027782327900276522,0.0004692837058107769,-35347.80614498855,0,1
0.027786958582967713,0.0004692837058107769,-35349.04123209028,0,1
0.027790219126862335,0.0004692837058107769,-35348.910616765155,0,0
0.02779339671029069,0.0004692837058107769,-35348.968781406256,0,0
0.02779657892259459,0.0004692837058107769,-35349.020850266876,0,0
0.02779976083453192,0.0004692837058107769,-35349.07333733715,0,0
0.02780570156362545,0.0004891425117460643,-35353.27723103355,0,2
0.027817971423977052,0.0004891425117460643,-35368.25681438483,0,7
0.027833692528995722,0.0004891425117460643,-35388.143545736406,0,10
0.02784689288370906,0.0004891425117460643,-35402.70442239589,0,8
0.027856789734441324,0.0004891425117460643,-35418.42525040938,0,6
0.027873162199990597,0.0004891425117460643,-35448.389459534,0,10
0.027886272035447864,0.0005058188745646003,-35473.01412814375,0,9
0.02790114033953659,0.0005058188745646003,-35497.90330255897,0,9
0.027913878134813434,0.0005380311479824305,-35519.50796928473,0,8
0.027927922323528347,0.0005380311479824305,-35544.67405073114,0,9
0.02794205390036382,0.000524522694957573,-35561.42968183252,0,9
0.02795518883357833,0.0004376245421028244,-35576.05776425848,0,8
0.02796858067480428,0.0004376245421028244,-35590.90393065715,0,8
0.027981973185584482,0.0004376245421028244,-35605.562509197414,0,8
0.02799463375772872,0.0004376245421028244,-35620.47985941953,0,8
0.028007669125779434,0.0004376245421028244,-35637.48164281613,0,8
0.028018954311788656,0.0004376245421028244,-35650.2367252209,0,7
0.02802814657856857,0.0004376245421028244,-35655.86894539833,0,5
0.02803375256693179,0.0004376245421028244,-35657.65110405689,0,2
0.028038465070332856,0.00049585265022961,-35658.720408750974,0,1
0.02804172028691741,0.00049585265022961,-35658.589708404186,0,0
0.028044897406510016,0.00049585265022961,-35658.64756634836,0,0
0.02804807890115416,0.00049585265022961,-35658.69963525463,0,0
0.028051260112500555,0.00049585265022961,-35658.75210196775,0,0
0.028058579645148334,0.00049585265022961,-35665.06705665811,0,3
0.02807644913475087,0.00049585265022961,-35690.018852424255,0,11
0.02809314183352493,0.0004940126406924987,-35711.540362185624,0,11
0.02810466950221435,0.0004940126406924987,-35723.634093176195,0,7
0.028121131549361685,0.0004940126406924987,-35753.23952068424,0,10
0.028136725966982003,0.0004940126406924987,-35781.84764001388,0,10
0.028150939629603088,0.0004940126406924987,-35806.85333713549,0,9
0.028165060116324102,0.0004940126406924987,-35831.99534143234,0,9
0.02817680521709609,0.0004940126406924987,-35850.593920053936,0,7
0.028191494074467655,0.0004940126406924987,-35876.354937783224,0,9
0.02820699962908751,0.0004940126406924987,-35895.21381080761,0,10
0.02822224319134608,0.0004940126406924987,-35913.807543626,0,10
0.028236473194924436,0.0005077787651843179,-35930.088330678744,0,9
0.028248848860615173,0.0005077787651843179,-35944.35935199761,0,8
0.028263995501674924,0.0005077787651843179,-35961.45582671948,0,9
0.028278500473124385,0.0004942709705500582,-35980.712711941385,0,9
0.028292266820274276,0.0004857892801782044,-35997.59221988668,0,9
0.028301246728282062,0.000477025149051332,-36002.92908699524,0,5
0.02830684803834643,0.0004682758533671086,-36004.75780413746,0,2
0.02831155967654976,0.0004595257365837833,-36005.826994390496,0,1
0.02831582755104711,0.0004507758514108565,-36007.05098726019,0,1
0.028319091403228514,0.00044202612705003205,-36006.910104486786,0,0
0.028322267646742897,0.00043327656825848125,-36006.968845370226,0,0
0.02832682821949384,0.0004245271747125885,-36008.403051119734,0,1
0.02833147093894325,0.00041577794643038164,-36010.336864890145,0,1
0.028338501479568068,0.00040702888340690495,-36017.67642913864,0,3
0.028349106651464027,0.00039995622820602914,-36031.34092408925,0,6
0.02836409807276525,0.0004240484723424411,-36050.44152141085,0,9
0.028379991126065724,0.00045818409113215997,-36079.6770293002,0,10
0.028394582781072826,0.00045818409113215997,-36105.27812133872,0,9
0.028409075244159202,0.00045818409113215997,-36130.77513029094,0,9
0.028422181993800852,0.00045818409113215997,-36152.88780831457,0,8
0.028437999489778175,0.00045818409113215997,-36181.84110741522,0,10
0.02845461035959634,0.0004587718997230295,-36212.210631776434,0,11
0.02847057184271785,0.0004587718997230295,-36232.10831704196,0,11
0.028486246938886527,0.0004587718997230295,-36250.05716494209,0,10
0.028497687187398136,0.00044526479943389735,-36261.84454096864,0,7
0.028512740865793293,0.00044820429672328473,-36278.828629129515,0,9
0.02852548267874966,0.0004394421555906254,-36293.518144198795,0,8
0.02853852369056671,0.0004029807416218328,-36311.82442679728,0,8
0.02855221163920033,0.0004029807416218328,-36329.45512135125,0,9
0.028560559648487197,0.0003912331479565821,-36333.42804725243,0,4
0.028567447847604358,0.00039047447125326176,-36336.9347674234,0,3
0.02857188111845776,0.00039047447125326176,-36337.79657107748,0,1
0.028575135267719282,0.00039047447125326176,-36337.663658068064,0,0
0.028578311594601988,0.00039047447125326176,-36337.72163604161,0,0
0.028581492276190806,0.00039047447125326176,-36337.77367267415,0,0
0.028584672675854933,0.00039047447125326176,-36337.82612011171,0,0
0.02858785303036806,0.00039047447125326176,-36337.87861350697,0,0
0.028593792339369407,0.0004050479643925448,-36343.346834437674,0,2
0.028603668623198648,0.0004050479643925448,-36355.72054054728,0,5
0.02861893912535578,0.0004050479643925448,-36375.649082471355,0,9
0.028634821377696365,0.0004050479643925448,-36405.00401065622,0,10
0.028650048865627747,0.0004050479643925448,-36433.91042060487,0,10
0.02866149775755674,0.0004050479643925448,-36452.21278406028,0,7
0.028677598717158553,0.0004050479643925448,-36481.26443137283,0,10
0.028693185585873165,0.00041456661399503315,-36508.7176383346,0,10
0.02870942552390781,0.0004487020891656327,-36539.078907379706,0,11
0.028724096049697157,0.0004487020891656327,-36554.91678753922,0,9
0.02873858476941349,0.0004487020891656327,-36571.31865925062,0,9
0.028753082409800942,0.0004526354702816155,-36587.592995881,0,9
0.02876482203559292,0.0004526354702816155,-36599.62041543035,0,7
0.028776762343511907,0.0004526354702816155,-36612.47485138213,0,7
0.028789343185716527,0.00041497311177459247,-36628.7832944461,0,8
0.028800356192765646,0.00041497311177459247,-36639.236217025515,0,6
0.028807047354589742,0.00041497311177459247,-36642.384901366415,0,3
0.028811475263845122,0.00041497311177459247,-36643.24390307106,0,1
0.028814729241853618,0.00041497311177459247,-36643.10962331302,0,0
0.028817905116117967,0.00041497311177459247,-36643.167575758845,0,0
0.028821085363542748,0.00041497311177459247,-36643.219601144236,0,0
0.028824265327807422,0.00041497311177459247,-36643.27203005541,0,0
0.028828824771674918,0.00041497311177459247,-36644.70494841005,0,1
0.028834846222297185,0.0004795443272824157,-36648.65286549866,0,2
0.028849869009317457,0.0004795443272824157,-36667.12080230489,0,9
0.02886640088373511,0.0004795443272824157,-36688.03219610614,0,11
0.02888032925218245,0.0004660379942664024,-36704.757680045914,0,9
0.028893803762414273,0.00045756052109939527,-36727.13308615585,0,8
0.028907213059032894,0.0004488005787304528,-36749.67283463986,0,8
0.028920625963403744,0.00044521141354323166,-36771.6909324842,0,8
0.028932659861234642,0.00044521141354323166,-36790.281043796684,0,7
0.028946367131181993,0.00044521141354323166,-36812.20074963511,0,8
0.02895967178655358,0.00044521141354323166,-36836.5266976934,0,9
0.028973811137760718,0.00044521141354323166,-36852.48457938918,0,9
0.028987947010964916,0.00044521141354323166,-36868.58363588183,0,9
0.029002449027068798,0.00044521141354323166,-36884.67847043759,0,9
0.029014823943683234,0.00044521141354323166,-36898.608146051076,0,8
0.02902923780744198,0.00044521141354323166,-36915.11501941294,0,9
0.029041983835677798,0.0004487001986456344,-36930.2329069045,0,8
0.029052255021906146,0.0004487001986456344,-36940.58972000898,0,6
0.029058955497076315,0.0004487001986456344,-36943.617109939565,0,3
0.029063382312471762,0.0004487001986456344,-36944.46109337028,0,1
0.029066635669781862,0.0004487001986456344,-36944.32705113965,0,0
0.02906981086790743,0.0004487001986456344,-36944.38488390348,0,0
0.029072990441781816,0.0004487001986456344,-36944.43689174754,0,0
0.029076169732329293,0.0004487001986456344,-36944.489297024375,0,0
0.029079348977845466,0.0004487001986456344,-36944.54167356434,0,0
0.029083907714604097,0.0004566111068881492,-36946.64164218267,0,1
0.029099218756737016,0.000507366314450678,-36965.055545180614,0,9
0.029114370715589817,0.000507366314450678,-36983.25381835991,0,10
0.02912582378214963,0.000507366314450678,-36995.2460939304,0,7
0.02913738630179294,0.0004353713461438689,-37014.44534356061,0,7
0.029149336487078303,0.0004353713461438689,-37033.449698687495,0,7
0.02916192790655078,0.00048090896943978273,-37055.396090729504,0,8
0.029175979547805358,0.00048090896943978273,-37079.946814336356,0,9
0.029191488215237683,0.00048090896943978273,-37107.07948225734,0,10
0.029207451483047125,0.00048090896943978273,-37133.59242786131,0,10
0.029222037340991987,0.00048090896943978273,-37149.312536473495,0,9
0.029235786456034064,0.00048090896943978273,-37165.38513304254,0,9
0.029248170409341516,0.00048090896943978273,-37179.48090841731,0,8
0.029261851382500627,0.00048090896943978273,-37196.08723553985,0,9
0.029275985122707963,0.00048090896943978273,-37212.80413481026,0,9
0.029288094734892915,0.00048090896943978273,-37226.90454608189,0,7
0.029300030222808728,0.00048090896943978273,-37240.0533321688,0,7
0.02930957145842347,0.00048090896943978273,-37245.730637268694,0,5
0.02931553786541348,0.00048090896943978273,-37247.59514217937,0,2
0.02931886429191883,0.00048090896943978273,-37247.27830703566,0,0
0.02932203493969328,0.00048090896943978273,-37247.34157694185,0,0
0.029325214367763336,0.00048090896943978273,-37247.39319809616,0,0
0.02932839329134364,0.00048090896943978273,-37247.44562009602,0,0
0.02933295178889459,0.000543435369951246,-37248.89476005323,0,1
0.029338972328671383,0.000543435369951246,-37252.91767865465,0,2
0.02935437179264133,0.000543435369951246,-37275.67292306701,0,9
0.029369249407981114,0.000543435369951246,-37295.37590538164,0,9
0.0293809935253494,0.000543435369951246,-37309.44767763207,0,7
0.02939218923807088,0.000543435369951246,-37330.025524875484,0,7
0.02940376632723856,0.000543435369951246,-37350.94776429261,0,7
0.02941810795464184,0.000543435369951246,-37377.78298342901,0,9
0.029432603850374207,0.000543435369951246,-37403.678284462956,0,9
0.02944535530144205,0.000543435369951246,-37426.100826074544,0,8
0.029460128836606,0.00047370658124199714,-37451.68016397233,0,9
0.02947360215492961,0.00047370658124199714,-37466.529898854526,0,8
0.02948801308534529,0.00047370658124199714,-37483.90358175083,0,9
0.029502148539881826,0.00047370658124199714,-37500.79324234678,0,9
0.029515637002885682,0.0005192431333021024,-37515.37532720525,0,8
0.02952903367027292,0.0005192431333021024,-37530.64418642423,0,8
0.029540312943347354,0.0005192431333021024,-37545.806897436574,0,7
0.02955050596514508,0.0005192431333021024,-37557.17363506813,0,6
0.029558223282603827,0.0005192431333021024,-37561.70440021354,0,4
0.029562736340149096,0.0005192431333021024,-37562.36131104475,0,1
0.0295673636192863,0.0005192431333021024,-37563.587367809945,0,1
0.029570620813198712,0.0005192431333021024,-37563.456283869855,0,0
0.029573794923651423,0.0005192431333021024,-37563.51437912321,0,0
0.029576973665237514,0.0005192431333021024,-37563.5663367359,0,0
0.02958015210633835,0.0005192431333021024,-37563.61871713098,0,0
0.02958608964626354,0.0005192431333021024,-37567.86352560714,0,2
0.02959835711869081,0.0005192431333021024,-37585.28914099975,0,7
0.029615456071949205,0.0005192431333021024,-37608.75970062211,0,11
0.029628737174088295,0.0005192431333021024,-37623.257051114066,0,8
0.029639004107517092,0.0005192431333021024,-37639.12707619987,0,6
0.02965400227407712,0.0005192431333021024,-37665.68678648656,0,9
0.02966851476789917,0.0005434330849018928,-37690.606557079824,0,9
0.029683022528891215,0.0005434330849018928,-37715.398951717456,0,9
0.029695396461540086,0.0005434330849018928,-37736.96247877441,0,8
0.02970980883982479,0.0005434330849018928,-37761.98299798617,0,9
0.029725313320665806,0.0005434330849018928,-37780.731849155956,0,10
0.02973888511983935,0.0005434330849018928,-37794.93069151599,0,8
0.02975091935273544,0.0005434330849018928,-37807.516423331865,0,7
0.02976460376008275,0.0005434330849018928,-37822.35674651121,0,8
0.029775882316815983,0.00047370459016979024,-37835.00415619523,0,7
0.029788197450411044,0.00047370459016979024,-37849.82587239551,0,7
0.029800492682850024,0.00047370459016979024,-37862.95612401094,0,7
0.029808283245330244,0.00047370459016979024,-37867.092998542794,0,4
0.02981380461656627,0.00047370459016979024,-37869.07138817018,0,2
0.029818518035787087,0.00047370459016979024,-37870.08687482464,0,1
0.029821769794353265,0.00047370459016979024,-37869.96527492793,0,0
0.029824943598433226,0.00047370459016979024,-37870.02281758789,0,0
0.029828121762660573,0.00047370459016979024,-37870.07479221133,0,0
0.029831299644628814,0.00047370459016979024,-37870.127150704284,0,0
0.029838616304002034,0.0005022181971633842,-37876.35293441912,0,3
0.02985271210385294,0.0005022181971633842,-37894.17876362864,0,8
0.029869528211007575,0.0005022181971633842,-37916.36330677296,0,11
0.02988107384263634,0.0005494893492206589,-37928.033804124614,0,7
0.029895411722154326,0.0005494893492206589,-37953.40934583988,0,9
0.02991093151885644,0.0005494893492206589,-37981.28182542125,0,10
0.029926517302786008,0.0005494893492206589,-38008.62983358679,0,10
0.029941085813012917,0.0005494893492206589,-38032.74956233749,0,9
0.029952818848673415,0.0005494893492206589,-38050.869129250685,0,7
0.02996678338854365,0.0005494893492206589,-38076.09314117845,0,9
0.029982672820316525,0.0005494893492206589,-38094.505912542816,0,10
0.029996874704792953,0.0005494893492206589,-38110.429462166256,0,9
0.03001173665357411,0.0005494893492206589,-38126.6477077622,0,9
0.030024116630653457,0.0005494893492206589,-38140.62667093403,0,8
0.03003852878354934,0.0005494893492206589,-38157.12671672992,0,9
0.03005339641390961,0.0005494893492206589,-38175.00127169056,0,9
0.03006577617612839,0.0005494893492206589,-38189.29534724524,0,8
0.03007467125340755,0.0005494893492206589,-38194.481877777485,0,5
0.030080640786487027,0.0005494893492206589,-38196.257072062064,0,2
0.030085344448615044,0.0005494893492206589,-38197.26481376747,0,1
0.030089975911482797,0.0005494893492206589,-38198.43136242651,0,1
0.030093231817614363,0.0005494893492206589,-38198.30897246836,0,0
0.030096404898634833,0.0005494893492206589,-38198.36674872044,0,0
0.030099582591674584,0.0005494893492206589,-38198.418682947005,0,0
0.030102759985524398,0.0005494893492206589,-38198.471110448634,0,0
0.030108696673435086,0.00057698477816475,-38202.943334418116,0,2
0.030118204253715995,0.00057698477816475,-38212.97560692567,0,5
0.030132378353535008,0.0005049907202898758,-38230.5232116026,0,9
0.03014789570733666,0.0005049907202898758,-38257.875362292856,0,10
0.030161368898566035,0.0005049907202898758,-38281.845604041904,0,9
0.03017587455693421,0.0005049907202898758,-38306.22053700539,0,9
0.030188980833196988,0.0005049907202898758,-38327.360303917936,0,8
0.030206530666403757,0.0005494870422981901,-38358.3421042194,0,11
0.030220825466866708,0.0005494870422981901,-38381.5259756482,0,9
0.030238085816983905,0.0005494870422981901,-38401.92695205652,0,11
0.030254136261118968,0.0005494870422981901,-38419.59179402069,0,10
0.03026632434502355,0.0005494870422981901,-38431.24629273096,0,7
0.030281022986915433,0.0005494870422981901,-38447.88723219753,0,9
0.030293034848816375,0.0005494870422981901,-38461.78721036759,0,8
0.030305793070881173,0.0005494870422981901,-38474.68907906197,0,7
0.03031836915943729,0.0005894284180252571,-38489.34406917859,0,8
0.03032625587808884,0.0005894284180252571,-38493.180556334315,0,4
0.03033177116188789,0.0005894284180252571,-38495.132073791436,0,2
0.030337497958239538,0.0005894284180252571,-38497.40207282682,0,2
0.030341849211199506,0.0005894284180252571,-38498.362269463745,0,1
0.030345104546397873,0.0005894284180252571,-38498.2428373967,0,0
0.030348277249179812,0.0005894284180252571,-38498.30049238196,0,0
0.030352834220841483,0.0005894284180252571,-38499.63385002673,0,1
0.030357106921778065,0.0005894284180252571,-38501.39729138221,0,1
0.030364505419829907,0.0005894284180252571,-38507.784010500494,0,3
0.03037547023719154,0.0005894284180252571,-38520.06475327933,0,6
0.030387329527448805,0.0005894284180252571,-38533.404398168626,0,7
0.03040341630472917,0.0005894284180252571,-38562.54530095458,0,10
0.03041965956391248,0.0005894284180252571,-38593.981811162936,0,11
0.030432853661220886,0.0005894284180252571,-38618.49063851416,0,9
0.030448361204825424,0.0005759241610700678,-38646.83365835603,0,10
0.030463957489451896,0.0005933381616101912,-38674.83440523858,0,10
0.030476413226454974,0.0005845841673036206,-38695.76414229021,0,8
0.030491844727752505,0.0005758450157956884,-38715.02651618518,0,10
0.030506055213553145,0.0005671050423936654,-38731.3691480043,0,9
0.030520184494205835,0.0005583653004310565,-38747.850816301354,0,9
0.030531549256808104,0.0005496257190620322,-38759.830191917696,0,7
0.030544127813728002,0.0005853815789133505,-38774.52281234657,0,8
0.030558911233736944,0.0005766423279290832,-38791.66707871265,0,9
0.03057064765884225,0.0005679032419932933,-38803.776743943585,0,7
0.030580183317029375,0.000559164321101066,-38809.18777557353,0,5
0.030585781566045904,0.0005504255652489711,-38810.931792976924,0,2
0.03059050090915411,0.0005416869744335173,-38811.947251008016,0,1
0.030595131138793766,0.0005329485486512121,-38813.134505835995,0,1
0.030598386358432074,0.0005242102878985522,-38813.00981810254,0,0
0.030601558689896887,0.0005154721921720463,-38813.067612152765,0,0
0.030604735636156306,0.0005067342614681928,-38813.11952413288,0,0
0.03060929194885853,0.0004979964957835084,-38815.1812053994,0,1
0.030613930823234495,0.0004892588951144807,-38816.97015997378,0,1
0.030622337443658085,0.00048052145945762643,-38824.94508083496,0,4
0.03063476917060858,0.0004749858693501943,-38838.592250613074,0,7
0.030648085687788634,0.0004749858693501943,-38860.6735529149,0,8
0.03066111397612593,0.0004749858693501943,-38882.198391834645,0,8
0.0306735058650698,0.0004765963911403305,-38900.6955959348,0,7
0.0306878418386086,0.0004765963911403305,-38925.72527334007,0,9
0.030702703052980496,0.0004765963911403305,-38949.856032488504,0,9
0.030717204814904173,0.0004765963911403305,-38973.895849977554,0,9
0.030730967560048637,0.0004765963911403305,-38989.99697096179,0,9
0.030744081649629183,0.0004046034131293301,-39004.053324777866,0,8
0.030759885881898173,0.0004046034131293301,-39022.56568368547,0,10
0.030774469634512726,0.0004046034131293301,-39038.31960178046,0,9
0.03078859480329405,0.0004046034131293301,-39054.372135679456,0,9
0.030800703564012526,0.0004046034131293301,-39067.13860418531,0,7
0.030811256814646207,0.0004046034131293301,-39077.71183763005,0,6
0.03082071273315179,0.00046881820460729337,-39083.36589799907,0,5
0.03082631475915574,0.00046881820460729337,-39085.12874349805,0,2
0.030831021745897903,0.00046881820460729337,-39086.13860721746,0,1
0.030834271766942537,0.00046881820460729337,-39086.019615329635,0,0
0.030837443527990286,0.00046881820460729337,-39086.07691951803,0,0
0.030840619666661632,0.00046881820460729337,-39086.12884097124,0,0
0.03084379552192205,0.00046881820460729337,-39086.181127946395,0,0
0.030849730741820312,0.00046881820460729337,-39090.14198060569,0,2
0.03085923706962734,0.00046881820460729337,-39099.43337750501,0,5
0.03087203050441551,0.00046881820460729337,-39113.952129968,0,8
0.030886084888088958,0.00046881820460729337,-39129.78934331993,0,9
0.03090131247786513,0.00046881820460729337,-39153.6219733764,0,9
0.030914795480594105,0.00046881820460729337,-39174.40853274184,0,8
0.030929203354873182,0.00046881820460729337,-39198.78781804917,0,9
0.03094168770154966,0.0005133124345870706,-39216.55713812759,0,7
0.03095425204354147,0.0005133124345870706,-39238.31567361581,0,8
0.03096802114064004,0.0005133124345870706,-39259.64009930593,0,8
0.03098143811786566,0.0005133124345870706,-39274.09981873972,0,8
0.030994837909265188,0.0005133124345870706,-39288.793704332005,0,8
0.031008237888212595,0.0005133124345870706,-39303.6919977208,0,8
0.031022025911102164,0.0005133124345870706,-39318.24412238525,0,8
0.031035420790665697,0.0005133124345870706,-39332.808700332294,0,8
0.031044671186264337,0.0005133124345870706,-39342.24627256066,0,5
0.031055064120397543,0.0005133124345870706,-39353.738744537724,0,6
0.031063150655194462,0.0005133124345870706,-39358.032282709624,0,4
0.031068022850126557,0.0004998098321573224,-39358.68130651798,0,1
0.03107264306256649,0.0004913431192646385,-39359.88619779396,0,1
0.03107589768612231,0.00048259386395633585,-39359.75982316096,0,0
0.03107906890659088,0.00047385945491333555,-39359.81768185358,0,0
0.031082244774938518,0.0004651242236016974,-39359.86955676119,0,0
0.03108680006594087,0.0004563892236496644,-39361.23062885338,0,1
0.031092817673407262,0.00044765438418896045,-39365.02964057657,0,2
0.031104432118893216,0.00043891970998203515,-39377.360068969174,0,6
0.03111729899794843,0.0004374658865290427,-39392.686120687315,0,8
0.03112996854626051,0.0004374658865290427,-39407.51427447023,0,8
0.031144756925371157,0.0004374658865290427,-39432.6561498513,0,9
0.031158896076461752,0.0004042500078419999,-39458.01569230538,0,9
0.03117339599067232,0.0004042500078419999,-39483.4176705543,0,9
0.031188257923252728,0.0004042500078419999,-39509.59156009639,0,9
0.031201358319697236,0.0004042500078419999,-39533.01699707843,0,8
0.031217161441401978,0.0004700737740206345,-39564.30053446083,0,10
0.031230364969121144,0.0004700737740206345,-39582.40439240387,0,8
0.03124340453746992,0.0004700737740206345,-39601.0337214183,0,8
0.03125579651228991,0.0004700737740206345,-39615.844236424426,0,7
0.03126947525325977,0.00047624053569705633,-39632.53665896223,0,8
0.031282497854715256,0.00047624053569705633,-39648.2805004332,0,8
0.03129239957431619,0.00047624053569705633,-39660.49562425559,0,6
0.031304252025479,0.00047624053569705633,-39674.81777279525,0,7
0.03131342894682895,0.00048735143296354296,-39680.58737436368,0,5
0.031319396620755634,0.00048735143296354296,-39682.41750606271,0,2
0.03132373215572663,0.00048735143296354296,-39683.42684009389,0,1
0.03132698610257754,0.00048735143296354296,-39683.298947587275,0,0
0.031330156626152614,0.00048735143296354296,-39683.356743020144,0,0
0.03133333179790003,0.00048735143296354296,-39683.408600400035,0,0
0.031336506668051836,0.00048735143296354296,-39683.46086412012,0,0
0.031343820781079584,0.00048735143296354296,-39689.55517511319,0,3
0.03135616854525355,0.00048735143296354296,-39703.418993919826,0,7
0.031369855400942635,0.0005150189665669964,-39718.356483990254,0,8
0.03138076486678727,0.0005065542799709624,-39730.80327838373,0,7
0.0313940846866531,0.0004978070370706183,-39753.07420302122,0,8
0.03140775836209043,0.0004897443872639987,-39778.88144778225,0,9
0.03142225765736897,0.0004897443872639987,-39804.46363699723,0,9
0.0314332496493534,0.0004897443872639987,-39823.6611864631,0,7
0.03144657675410174,0.0004897443872639987,-39847.65277444148,0,8
0.03146135018787288,0.0004897443872639987,-39874.425573158274,0,9
0.03147483228081745,0.0004897443872639987,-39891.410041305266,0,8
0.03148961683306152,0.0004177523312768549,-39911.33387954538,0,9
0.031504123542265186,0.0004177523312768549,-39930.141758196834,0,9
0.03151686137850906,0.0004177523312768549,-39945.24527085559,0,8
0.03152952171886738,0.0004177523312768549,-39960.35468861658,0,8
0.0315421856692012,0.0004177523312768549,-39976.980776617645,0,8
0.0315528246106231,0.0004177523312768549,-39987.82268545825,0,6
0.03156052944040626,0.0004177523312768549,-39992.25019911481,0,4
0.031565406278271556,0.0004783896131771179,-39992.90687240207,0,1
0.031568645481471286,0.0004783896131771179,-39992.79563520036,0,0
0.031571816436161255,0.0004783896131771179,-39992.85226390177,0,0
0.03157499124091516,0.0004783896131771179,-39992.904191549744,0,0
0.03157816579773215,0.0004783896131771179,-39992.95643934607,0,0
0.031582720121824316,0.0004783896131771179,-39994.31605527203,0,1
0.03158735710076141,0.0004783896131771179,-39996.112254052736,0,1
0.03159852165045948,0.0004783896131771179,-40008.514771306116,0,6
0.031612410227626286,0.0004783896131771179,-40026.09104065137,0,9
0.03162764651920349,0.0004783896131771179,-40042.892735210364,0,9
0.031641119191506833,0.0004783896131771179,-40064.618901421454,0,8
0.03165239124369878,0.0004783896131771179,-40083.885391824464,0,7
0.031665716982678324,0.00048455611596487494,-40106.96130804146,0,8
0.03167773003549287,0.00048455611596487494,-40126.77783419207,0,7
0.03169141248835321,0.00048455611596487494,-40150.737869506636,0,8
0.03170683846373167,0.0004897423408761406,-40181.265374195806,0,10
0.031721058633761644,0.0004897423408761406,-40200.073965583215,0,9
0.031733795895047504,0.0004925759194005081,-40216.7931074035,0,8
0.03174443040912047,0.0004925759194005081,-40228.09940149178,0,6
0.031757286892678045,0.0004925759194005081,-40244.00919546375,0,8
0.03177244534120656,0.0004925759194005081,-40261.2718129618,0,9
0.03178592256215154,0.0004925759194005081,-40277.07908185458,0,8
0.03179757163446933,0.0004925759194005081,-40290.099564027085,0,7
0.031806743707106844,0.0004925759194005081,-40295.67938267423,0,5
0.03181234418342464,0.00047907473345071614,-40297.46140606624,0,2
0.03181705037938951,0.00047061210481677557,-40298.47564576439,0,1
0.031820298726097054,0.00046186690573973355,-40298.35455952531,0,0
0.03182346876759972,0.000453136555909223,-40298.411897426784,0,0
0.031826643186168256,0.0004444053834880084,-40298.463761888226,0,0
0.031829817321375034,0.0004356744423582389,-40298.51600005639,0,0
0.031834371205837354,0.00042694366163223565,-40300.576743515005,0,1
0.03184590676950064,0.0004182130460738973,-40312.79228148457,0,6
0.031859510583212514,0.00040951377275174293,-40327.69553100004,0,8
0.03187430521590802,0.00040078348689856453,-40344.27598564288,0,9
0.03188742062345301,0.00039205336590206387,-40365.59709328438,0,8
0.0319018329257788,0.0003833234097588357,-40391.28526627476,0,9
0.03191696824846183,0.00037459361846535374,-40419.98789598811,0,10
0.03193117769274251,0.00043139325147601153,-40445.25501372797,0,9
0.031944281645207004,0.00043139325147601153,-40468.18721711541,0,8
0.03196109759468889,0.0004592212269308739,-40502.31101411774,0,11
0.03197779367154505,0.0004592212269308739,-40526.33135326866,0,11
0.03199308972294046,0.0004592212269308739,-40547.89631449324,0,10
0.03200593229030058,0.00046780715565835436,-40564.569137576014,0,8
0.032017951157793864,0.00046780715565835436,-40578.26656789645,0,7
0.03203163276996021,0.00046780715565835436,-40593.765776000284,0,8
0.032043651948689245,0.0004543067364838493,-40607.682061931126,0,7
0.032056602377585834,0.00044584631844910136,-40623.34725421791,0,8
0.032066873611244474,0.00043710331474669864,-40630.21291368255,0,6
0.032072556171599084,0.00042837516190982375,-40631.8148258207,0,2
0.032078269571370256,0.0004196461863073224,-40634.169445623236,0,2
0.03208261804091295,0.00041091744195938425,-40635.15844729658,0,1
0.03208724973400611,0.0004021888579678354,-40636.34428337475,0,1
0.03209050162579146,0.0003934604390973306,-40636.21829824416,0,0
0.032095050691921014,0.0003847321850237104,-40637.58952820293,0,1
0.032099687010868384,0.00037600409576502675,-40639.37424344434,0,1
0.03210708878279964,0.0003757800227194635,-40645.42624260049,0,3
0.032119064404038944,0.0003757800227194635,-40659.57459040644,0,7
0.032132388801889594,0.0003757800227194635,-40674.75800341396,0,8
0.03214819594703786,0.0003757800227194635,-40703.52389201741,0,10
0.0321647935852299,0.0003757800227194635,-40735.52788441865,0,11
0.032179458056910616,0.0003757800227194635,-40761.052410563694,0,9
0.0321953442730907,0.0003757800227194635,-40791.87445443526,0,10
0.032209188705827126,0.0003757800227194635,-40819.96560362328,0,9
0.03222331044867928,0.0003757800227194635,-40849.78869856804,0,9
0.032237442813717945,0.0003757800227194635,-40873.65013787067,0,9
0.0322523084335635,0.00039785574970164166,-40897.74342060668,0,9
0.03226717628859936,0.00038977886857596123,-40919.339358885714,0,9
0.03227852904744507,0.00041760672823552906,-40933.65689440353,0,7
0.032291849446969466,0.00041760672823552906,-40950.16087842436,0,8
0.03230515550603774,0.00039102986500218895,-40969.98443921735,0,9
0.0323155183249434,0.0003823028196555425,-40980.804734984675,0,6
0.03232598125128449,0.0003735759346285827,-40988.19408612001,0,6
0.03233166849163402,0.00037309455665475466,-40989.7903397595,0,2
0.032336368741723374,0.00037309455665475466,-40990.826181242286,0,1
0.03234099598775816,0.00037309455665475466,-40992.020054885725,0,1
0.032344247471163906,0.00037309455665475466,-40991.89483659085,0,0
0.03234741598283061,0.00037309455665475466,-40991.95240810309,0,0
0.03235058910805962,0.00037309455665475466,-40992.00420750086,0,0
0.03235514178082692,0.0003752545593716713,-40994.02514759699,0,1
0.032362536837053014,0.00038397434243072124,-40999.79128220614,0,3
0.032370738990983555,0.00039269396087648336,-41007.029636262836,0,4
0.032382430134041754,0.0004014134146908618,-41020.23279098368,0,7
0.03239749995812751,0.0004898025889946975,-41045.24094488733,0,9
0.032409870187152225,0.0004623239785299492,-41066.68946550754,0,8
0.03242327750634974,0.0004623239785299492,-41089.17016417295,0,8
0.03243909052212259,0.0004623239785299492,-41118.71816529598,0,10
0.032453671641793046,0.0004623239785299492,-41144.57338752133,0,9
0.03246853845934913,0.0004623239785299492,-41171.07078499479,0,9
0.03248376090719739,0.0004623239785299492,-41190.647143853006,0,9
0.032498256104130784,0.0004623239785299492,-41211.212087709304,0,9
0.032512751382114694,0.0004623239785299492,-41231.0594030652,0,9
0.03252724489550377,0.0004623239785299492,-41249.33728789281,0,9
0.032541361683250815,0.0004623239785299492,-41266.59934468742,0,9
0.0325544916050782,0.0004623239785299492,-41282.34225941215,0,8
0.03256438625852069,0.0004623239785299492,-41293.008188392545,0,6
0.03257384531069562,0.0004623239785299492,-41298.93336057059,0,5
0.032579811085933025,0.0004623239785299492,-41300.7374615549,0,2
0.03258414440268629,0.0004623239785299492,-41301.74331388882,0,1
0.032587396037933876,0.0004623239785299492,-41301.61830245177,0,0
0.03259056417874036,0.0004623239785299492,-41301.67589616964,0,0
0.03259373696844631,0.0004623239785299492,-41301.727693109824,0,0
0.03259690945653032,0.0004623239785299492,-41301.77987213521,0,0
0.032602841714063364,0.0004623239785299492,-41305.627938578975,0,2
0.03261372531082145,0.0004623239785299492,-41316.61194315541,0,6
0.03262834585062675,0.0004623239785299492,-41332.77555242761,0,9
0.03264247166995113,0.0004623239785299492,-41348.38837169445,0,9
0.03265835017141502,0.000417811992780563,-41375.16458005342,0,10
0.032672840349632824,0.000417811992780563,-41401.750671439804,0,10
0.03268743115979001,0.000417811992780563,-41425.449064474844,0,9
0.03269916079804285,0.000417811992780563,-41443.567785320425,0,7
0.032712109674332183,0.000417811992780563,-41466.031870081766,0,8
0.03272515032617067,0.000489800549952651,-41488.34632785311,0,8
0.032738186716735826,0.00047630161381745644,-41504.53741466724,0,8
0.032751579473417614,0.00046784547073958413,-41521.29636361531,0,8
0.03276462247383522,0.00046232205416294316,-41537.61175588083,0,8
0.03277728167790555,0.00046232205416294316,-41553.24661196578,0,8
0.03278994506598995,0.00046232205416294316,-41568.17002202891,0,8
0.032799202783230556,0.00046232205416294316,-41577.894562971676,0,5
0.03280958286031143,0.00046232205416294316,-41589.63952725163,0,6
0.03281766638026501,0.00046232205416294316,-41594.06233197471,0,4
0.03282216898098655,0.00046232205416294316,-41594.70366159691,0,1
0.03282679069848803,0.00046232205416294316,-41595.94446129791,0,1
0.0328300417412727,0.00046232205416294316,-41595.814213523496,0,0
0.032833209524289614,0.00046232205416294316,-41595.87203460169,0,0
0.03283638193923184,0.00046232205416294316,-41595.923803050086,0,0
0.03283955405369305,0.00046232205416294316,-41595.975983397126,0,0
0.03284548596400398,0.00046232205416294316,-41600.08485538416,0,2
0.03285636926716691,0.00046232205416294316,-41612.401695325985,0,6
0.032869609727848664,0.00046232205416294316,-41628.41584934671,0,8
0.03288227268747237,0.00046232205416294316,-41643.83897587681,0,8
0.03289668210680687,0.00046232205416294316,-41671.00146764547,0,9
0.032912182044979324,0.00046232205416294316,-41703.80566398812,0,10
0.03292714075508406,0.00046232205416294316,-41735.05440769897,0,9
0.032940891845203664,0.00046232205416294316,-41769.24479222573,0,9
0.032954381461920895,0.00046232205416294316,-41802.63749112025,0,8
0.03297017793383025,0.00046232205416294316,-41848.53973147951,0,10
0.03298336850219211,0.00044882329514250527,-41878.539582322526,0,8
0.03299639506755682,0.0004642151992260632,-41909.9616582424,0,8
0.03300805204636363,0.00045547694788117477,-41932.972648844116,0,7
0.03302099490121699,0.00044675355091949284,-41956.16428470304,0,8
0.03303476755987418,0.000438029330812194,-41976.17886131008,0,8
0.03304577881778789,0.00047744606359075557,-41991.3231784907,0,6
0.03305623609479456,0.00046872223491202617,-42005.18813713643,0,6
0.03306532783753538,0.0004599985712533933,-42011.40256224898,0,5
0.033070930644778986,0.0004599851323228524,-42013.228254191374,0,2
0.0330752674593353,0.0004599851323228524,-42014.234818663565,0,1
0.03307851792836414,0.0004599851323228524,-42014.106993462505,0,0
0.03308168509925522,0.0004599851323228524,-42014.16473927188,0,0
0.0330848569035388,0.0004599851323228524,-42014.21649091171,0,0
0.03308802840724735,0.0004599851323228524,-42014.26864996865,0,0
0.03309395977158183,0.00046274697453114886,-42018.341289682154,0,2
0.03310658950497909,0.00046274697453114886,-42032.48139124454,0,7
0.03312129833100977,0.0004644914037295691,-42049.58548878962,0,9
0.03313229233085731,0.0004644914037295691,-42061.75048901788,0,7
0.03314523905751742,0.0004285920036988336,-42084.03124675896,0,8
0.0331592927952856,0.0004285920036988336,-42109.25021507548,0,9
0.033173795844947236,0.0003957765375730886,-42134.49449962567,0,9
0.03318554033902857,0.0003957765375730886,-42154.13171240509,0,7
0.03320096780983228,0.00040210982134325946,-42182.71651192503,0,9
0.033215833520265206,0.00040210982134325946,-42210.0339775431,0,9
0.03323070069257171,0.00040210982134325946,-42230.19837353036,0,9
0.03324520112302118,0.00041467934445666837,-42251.284282204906,0,9
0.03325969476620915,0.00041467934445666837,-42270.32747221184,0,9
0.033272808460758044,0.00041467934445666837,-42285.14546146353,0,8
0.03328472888919927,0.00041140433912119747,-42299.9899443296,0,8
0.033298500880395945,0.00041140433912119747,-42315.40684568496,0,8
0.03330838972662527,0.00041140433912119747,-42326.03984423524,0,6
0.033316102026694154,0.00041140433912119747,-42330.555187273596,0,4
0.03332198858723928,0.00041140433912119747,-42332.5371335779,0,2
0.033325311985853756,0.00041140433912119747,-42332.23094689844,0,0
0.03332847470954287,0.00041140433912119747,-42332.293888599634,0,0
0.03333164643956421,0.00041140433912119747,-42332.345273910214,0,0
0.03333481764985819,0.00041140433912119747,-42332.397447563875,0,0
0.033339368811391074,0.0004182530809133627,-42333.76023473137,0,1
0.03334400269289768,0.0004182530809133627,-42335.55200763237,0,1
0.03335691160105071,0.0005024899319382028,-42350.24372431236,0,7
0.033371243073327464,0.0005024899319382028,-42367.63686628796,0,9
0.03338574607207578,0.0005024899319382028,-42384.65389826343,0,9
0.03339886975563747,0.0005024899319382028,-42406.36107768796,0,8
0.03341190023418088,0.0005024899319382028,-42429.153607670836,0,8
0.0334238250457435,0.0005024899319382028,-42451.846712182836,0,8
0.03343723116984464,0.0005024899319382028,-42474.790301451794,0,8
0.03345061794816452,0.0005024899319382028,-42497.457926051655,0,8
0.03346640797322977,0.0005024899319382028,-42526.5669177334,0,10
0.03348163580021478,0.000488992116058559,-42545.70493789437,0,10
0.033495204040987804,0.00048053920164901063,-42560.438975093784,0,8
0.03350582141575786,0.00044464084948312035,-42571.34050512993,0,6
0.03351830971199099,0.0004359059597125326,-42586.776472493766,0,8
0.03353309530520032,0.00043377535195296294,-42603.71160519171,0,9
0.033545464163489164,0.00043377535195296294,-42619.60756056564,0,8
0.033556746769224884,0.0004404224326670341,-42632.70333336858,0,7
0.03356555366559448,0.0004404224326670341,-42638.22052767072,0,5
0.033571522555043705,0.0004496909171737721,-42639.99521510853,0,2
0.03357585382040876,0.0004496909171737721,-42641.00165162894,0,1
0.03357910359559411,0.0004496909171737721,-42640.875833483995,0,0
0.033582269798796194,0.0004496909171737721,-42640.933390574224,0,0
0.03358544065270076,0.0004496909171737721,-42640.98511871114,0,0
0.03358861120487913,0.0004496909171737721,-42641.03724740019,0,0
0.03359592167925742,0.0004496909171737721,-42647.15694856114,0,3
0.03360725361579638,0.0004496909171737721,-42659.137445575165,0,6
0.03362186396364368,0.0004695544191905469,-42676.87254393502,0,9
0.03363424263980346,0.0004560570462747825,-42691.45755078238,0,8
0.03364727148766675,0.0004476054083949467,-42713.36327766166,0,8
0.03366206389927064,0.0004388711239976266,-42739.14623149319,0,9
0.033677948053470824,0.00043015169693352595,-42767.59647526307,0,10
0.033692534511486585,0.0004641658564735568,-42792.49790709908,0,9
0.0337060096105588,0.0004641658564735568,-42814.91808677522,0,8
0.0337231854712998,0.0004641658564735568,-42847.543893579554,0,11
0.033739238803229724,0.0004641658564735568,-42866.899596024086,0,10
0.03375520699036686,0.0004641658564735568,-42886.82595822163,0,10
0.03376903293701381,0.0004641658564735568,-42903.85670639349,0,9
0.03378002739290285,0.0004641658564735568,-42916.437096374124,0,7
0.03379371730439463,0.0004714915810696386,-42931.531629977966,0,8
0.03380572411276904,0.0004714915810696386,-42945.59022182008,0,7
0.0338186719311689,0.0004714915810696386,-42961.17658356555,0,8
0.033828941688594856,0.00045799447631607857,-42967.8489101586,0,6
0.033834621588977695,0.0004495436111885213,-42969.42662256902,0,2
0.033840332034184926,0.0004408100941588997,-42971.707942117,0,2
0.03384467738705201,0.000432091435034577,-42972.66705413148,0,1
0.03384930603668819,0.00042682789073903766,-42973.802536366784,0,1
0.033852554695385596,0.00042682789073903766,-42973.684341772045,0,0
0.033857100522934475,0.00042682789073903766,-42975.019271038065,0,1
0.033861733780007175,0.00042682789073903766,-42976.797474645115,0,1
0.03386912214064631,0.00042682789073903766,-42982.950428207856,0,3
0.033881461808892774,0.0004223844257168917,-42996.91518181011,0,7
0.0338940459180576,0.0004223844257168917,-43011.73971898573,0,8
0.03391021716753531,0.0004223844257168917,-43039.90852078512,0,10
0.033926452245385263,0.0004309742004465813,-43070.973709285994,0,11
0.033939642555274076,0.00045083762023849326,-43095.4496057591,0,9
0.033955903023946354,0.000468774440967226,-43124.83411756155,0,10
0.03397010722386026,0.0004552776528013149,-43150.80418778788,0,9
0.03398423272080189,0.00042296624678292086,-43178.245586117635,0,9
0.03399910777863482,0.00042296624678292086,-43198.192513172056,0,9
0.034013595964767405,0.0004412376944283102,-43219.188631501405,0,9
0.03402771133191606,0.0004412376944283102,-43238.312483150235,0,9
0.03403943826942038,0.00042774120159164944,-43251.724242377655,0,7
0.03405450997172819,0.00041929209970051215,-43269.56206588114,0,9
0.034068647061330073,0.0004163177513361854,-43287.38000825757,0,9
0.03407900493878799,0.0004163177513361854,-43298.010365160415,0,6
0.03408845286396174,0.00040282141916434314,-43303.854271442695,0,5
0.034094416879329424,0.000394372780205316,-43305.637471609734,0,2
0.03409911440144319,0.0003856414738057305,-43306.672472221595,0,1
0.0341037379645105,0.0003848098795340885,-43307.872728472226,0,1
0.03410698638256315,0.0003848098795340885,-43307.744957136696,0,0
0.03411015170143855,0.0003848098795340885,-43307.80254221945,0,0
0.034113321636278754,0.0003848098795340885,-43307.854239871536,0,0
0.03411787130951333,0.0003848098795340885,-43309.87753120178,0,1
0.03412489691523507,0.0003848098795340885,-43315.554804636224,0,3
0.03413310127642112,0.0003848098795340885,-43322.77696964148,0,4
0.0341447900214104,0.00039213557382157023,-43336.099895549014,0,7
0.03415949216891331,0.00039213557382157023,-43361.26735995744,0,9
0.034172598860348985,0.00043419680786409764,-43382.59232889321,0,8
0.034185628815752524,0.00043419680786409764,-43405.11878879787,0,8
0.03420067956571091,0.00043419680786409764,-43434.857305518126,0,10
0.034215257536563085,0.00043419680786409764,-43460.59057898708,0,9
0.03423040269719023,0.00043419680786409764,-43490.89601723876,0,10
0.0342432412067148,0.00043419680786409764,-43507.01940301968,0,8
0.034257661878297346,0.00043419680786409764,-43528.14989044364,0,9
0.03427289189995742,0.0004385253971985715,-43547.81291129417,0,9
0.03428738560367338,0.0004390358930760772,-43565.856686631065,0,9
0.034301511445807065,0.0004390358930760772,-43583.17198191616,0,9
0.03431461871204069,0.0004197499795736801,-43598.82293955464,0,8
0.03432451146022927,0.0004197499795736801,-43610.01338977717,0,6
0.034333968159162176,0.0004197499795736801,-43615.93486984531,0,5
0.03433956433629122,0.0004197499795736801,-43617.737215019675,0,2
0.03434426609758353,0.0004197499795736801,-43618.78456028333,0,1
0.03434750956723828,0.0004197499795736801,-43618.66121586621,0,0
0.034350674597966806,0.0004197499795736801,-43618.71841474484,0,0
0.034353844006911716,0.0004197499795736801,-43618.77012534262,0,0
0.03435701313247257,0.0004197499795736801,-43618.82220235054,0,0
0.03436294227097777,0.0004197499795736801,-43622.730395935934,0,2
0.03437281030488175,0.00048600476082841644,-43631.84488683192,0,5
0.034386328440978206,0.0004775575970655089,-43646.43846493602,0,8
0.034400736846624015,0.00047541563199655196,-43662.746301881525,0,9
0.034415234379445936,0.00047541563199655196,-43687.36533301199,0,9
0.03442834724287841,0.00047541563199655196,-43709.09836641258,0,8
0.03444173230522578,0.00047541563199655196,-43732.23125883964,0,8
0.03445337202384755,0.00047541563199655196,-43752.55849784537,0,7
0.034466689811375,0.00047541563199655196,-43777.30221397216,0,8
0.0344797129602539,0.00047541563199655196,-43801.73092681002,0,8
0.034492380921749916,0.00047541563199655196,-43820.0169635366,0,8
0.03450439627408925,0.00047541563199655196,-43836.249795518954,0,7
0.034518065029645995,0.00047541563199655196,-43855.58731193749,0,8
0.03453147298577786,0.00047541563199655196,-43872.326706069725,0,8
0.03454485830717172,0.00047541563199655196,-43888.64224190725,0,8
0.034554482327451896,0.00047541563199655196,-43899.25358028717,0,5
0.03456558868864026,0.00047541563199655196,-43912.57063948741,0,6
0.03457228127983312,0.00047541563199655196,-43915.76096406514,0,3
0.03457669859751267,0.00047541563199655196,-43916.59423836586,0,1
0.0345813218728511,0.00047541563199655196,-43917.804020852556,0,1
0.03458456943759572,0.00047541563199655196,-43917.677264621554,0,0
0.03458773387944883,0.00047541563199655196,-43917.73481199619,0,0
0.03459090293747893,0.00047541563199655196,-43917.786484843564,0,0
0.03459545180407744,0.00047541563199655196,-43919.118198057826,0,1
0.03460109662267166,0.00047541563199655196,-43922.85890654386,0,2
0.03461197767082265,0.00047541563199655196,-43934.66957213079,0,6
0.03462558319443331,0.00047541563199655196,-43949.99493291287,0,8
0.03463787263863973,0.00047541563199655196,-43964.93695159735,0,8
0.034652285349206585,0.00047541563199655196,-43990.74132302041,0,9
0.034666048607780026,0.0004034274467786695,-44016.996225117065,0,9
0.03467907214077619,0.0004034274467786695,-44043.769632944604,0,9
0.03469357125700654,0.0004034274467786695,-44072.06360410794,0,9
0.03470906585595481,0.0004754136649241122,-44104.997104659735,0,10
0.034724670323253826,0.0004754136649241122,-44139.31769439723,0,10
0.03473749848912713,0.0004754136649241122,-44158.987147344335,0,8
0.034751250833777426,0.0004754136649241122,-44179.83527934294,0,8
0.03476327314177686,0.0004754136649241122,-44196.19327113168,0,7
0.03477658639115508,0.0004754136649241122,-44213.20140788578,0,8
0.034789974946415475,0.0004754136649241122,-44228.95141517068,0,8
0.03480096708644449,0.0004754136649241122,-44240.72991308879,0,6
0.03481142141765226,0.0004754136649241122,-44252.50909266255,0,6
0.034819498179213766,0.0004754136649241122,-44257.005613446585,0,4
0.034825010610170695,0.0004754136649241122,-44258.97058125583,0,2
0.034829716150171726,0.0004754136649241122,-44259.9821786513,0,1
0.03483295849101967,0.0004754136649241122,-44259.86197088187,0,0
0.03483612260134262,0.0004754136649241122,-44259.91907779298,0,0
0.034839291073294955,0.0004754136649241122,-44259.97075928058,0,0
0.034842459262979165,0.0004754136649241122,-44260.02281183806,0,0
0.034848387637112,0.0004754136649241122,-44264.06878806391,0,2
0.03485963516720754,0.0004931297102481248,-44275.71678399547,0,6
0.03487424877972987,0.0004931297102481248,-44293.49311296492,0,9
0.034885612477600844,0.0004931297102481248,-44305.86301106004,0,7
0.03489893074707036,0.0004931297102481248,-44328.555715103575,0,8
0.03491510207574536,0.0004931297102481248,-44358.03198362811,0,10
0.03492967717656036,0.0004931297102481248,-44383.59518737327,0,9
0.03494177051607014,0.0004931297102481248,-44403.298060912166,0,7
0.03495645920022966,0.0004931297102481248,-44431.65519236308,0,9
0.03497058895066891,0.0004931297102481248,-44459.46201610764,0,9
0.03498471894463494,0.0004931297102481248,-44479.82410572078,0,9
0.034999205354120176,0.00042114182353214876,-44500.18247268279,0,9
0.03501368662215108,0.00042114182353214876,-44520.13816039925,0,9
0.0350267873278678,0.00043396826093078725,-44535.71916104344,0,8
0.03503981729919781,0.00047541169937931,-44551.190350302226,0,8
0.03505321728721397,0.00047541169937931,-44567.56086716908,0,8
0.035063475161036625,0.00047541169937931,-44578.74504055195,0,6
0.03507117991577964,0.00047541169937931,-44583.17677600978,0,4
0.035076697032925055,0.00047541169937931,-44585.10234649512,0,2
0.035080021898470565,0.00047541169937931,-44584.79804118366,0,0
0.0350831810122316,0.00047541169937931,-44584.861014007794,0,0
0.035086349387504524,0.00047541169937931,-44584.912299111886,0,0
0.03508951722587786,0.00047541169937931,-44584.964358499805,0,0
0.035094065176159164,0.00047541169937931,-44586.26351156224,0,1
0.035100076082332635,0.00047541169937931,-44589.99846656116,0,2
0.035111329390936176,0.00047541169937931,-44601.62637242197,0,6
0.03512595345140232,0.00047541169937931,-44618.71398472651,0,9
0.03514045445946367,0.00047541169937931,-44634.90964911313,0,9
0.035153576956656996,0.00047541169937931,-44655.9302038072,0,8
0.03516596921071604,0.00047541169937931,-44674.4494035979,0,7
0.035179277830718905,0.00047541169937931,-44696.581095152316,0,8
0.03519193449299688,0.0004931276716522636,-44718.18701313918,0,8
0.035204961760740484,0.0004931276716522636,-44739.84468155848,0,8
0.035221122172383594,0.0004931276716522636,-44767.88971082825,0,10
0.0352359649655227,0.0004931276716522636,-44786.639115624836,0,10
0.03524741191739065,0.0004931276716522636,-44798.82809040177,0,7
0.035257587199032735,0.0004931276716522636,-44809.647230370225,0,6
0.03527118219339802,0.0004931276716522636,-44824.68913005903,0,8
0.035285616799490806,0.0005053866260784039,-44841.096074261135,0,9
0.03529874377936663,0.0005053866260784039,-44855.460289820156,0,8
0.03530964790231979,0.0005053866260784039,-44867.82848764014,0,7
0.03531882455110898,0.0005053866260784039,-44873.113768952084,0,5
0.035324418984281805,0.0004918918895687719,-44874.83667873676,0,2
0.035327739068175844,0.00048344784775534587,-44874.54035065541,0,0
0.03533089797040332,0.0004747211062895271,-44874.6028678618,0,0
0.03533406589942679,0.0004660092278006631,-44874.65416423433,0,0
0.035337233307327846,0.0004572965252381263,-44874.70620916395,0,0
0.03534040068646394,0.00044858405365791733,-44874.758207363106,0,0
0.03534494819439009,0.0004722918847589581,-44876.80655956864,0,1
0.03535647926292294,0.0004980259614746341,-44889.02436154825,0,6
0.035368978351565196,0.0004893139791255179,-44904.046773606984,0,8
0.035383395245346345,0.000480602161245365,-44920.76290962795,0,9
0.035396133576204816,0.00040904501617828053,-44941.91197063354,0,8
0.03541016846251974,0.00039555133215480177,-44966.67656881678,0,9
0.03542569390822642,0.00039221235895105764,-44994.35596557325,0,10
0.035440283627499014,0.00039221235895105764,-45018.23207333191,0,9
0.035452278703926476,0.00039221235895105764,-45039.316497821,0,8
0.03546808178540148,0.00039221235895105764,-45067.06572212513,0,10
0.035482283005550494,0.00039221235895105764,-45083.14639240806,0,9
0.03549641874044452,0.00039221235895105764,-45099.46187182448,0,9
0.035509534986689004,0.00039221235895105764,-45113.5909074694,0,8
0.03552153910878476,0.00039221235895105764,-45125.88992254925,0,7
0.0355352073599335,0.00039221235895105764,-45140.44959527933,0,8
0.03554722273950582,0.00039221235895105764,-45152.846319326985,0,7
0.03556091291598562,0.00039221235895105764,-45167.592712107435,0,8
0.03557080367367962,0.00039221235895105764,-45174.03473368961,0,6
0.03557648591695019,0.00039221235895105764,-45175.57219030866,0,2
0.03558081361754782,0.00039221235895105764,-45176.54969895482,0,1
0.0355854398939429,0.00039221235895105764,-45177.69026578881,0,1
0.03559006539652446,0.00039221235895105764,-45178.78828293518,0,1
0.03559331072472322,0.00039221235895105764,-45178.67857011003,0,0
0.03559785326821818,0.00039221235895105764,-45179.95624835458,0,1
0.03560248331862785,0.00039221235895105764,-45181.705334184386,0,1
0.03560950177662288,0.00039221235895105764,-45187.49421856686,0,3
0.035621844568953794,0.00039221235895105764,-45201.14246193577,0,7
0.03563405906097706,0.0004027636335740982,-45215.7554762424,0,8
0.03564985575096906,0.0004027636335740982,-45243.46160043118,0,10
0.03566721640930302,0.0004027636335740982,-45273.78832779744,0,11
0.03568186877728435,0.00046419758453962744,-45297.20449440091,0,9
0.03569914342048182,0.00046419758453962744,-45327.65755536094,0,11
0.03571408003384225,0.0004507040090722779,-45354.416067114216,0,10
0.03572865808288428,0.0004422633116579729,-45378.18670800383,0,9
0.03574241107187606,0.0004335398910521667,-45394.43084695018,0,9
0.03575690038319355,0.00042483133592237566,-45410.6488462685,0,9
0.03577102441920627,0.00041612195644909005,-45426.99851841665,0,9
0.03578274933581145,0.00040741280790270286,-45438.86541191353,0,7
0.03579608380934282,0.0003987038192892325,-45453.325854633105,0,8
0.03580911689768533,0.00041276585917360655,-45468.190117981525,0,8
0.03581938979996053,0.00040405719964505747,-45478.3506656247,0,6
0.03582810591664141,0.00039603537732608616,-45483.81374161153,0,5
0.03583370922339706,0.00039603537732608616,-45485.50986621239,0,2
0.035838407940041395,0.00039603537732608616,-45486.45992277661,0,1
0.03584266176757769,0.00039603537732608616,-45487.55163389961,0,1
0.03584591143419056,0.00039603537732608616,-45487.4400911402,0,0
0.035849073000061404,0.00039603537732608616,-45487.49718731463,0,0
0.03585223943751146,0.00039603537732608616,-45487.548776466996,0,0
0.03585678578039883,0.00039603537732608616,-45489.503818428944,0,1
0.0358641754744056,0.0004317024816701623,-45495.0291031077,0,3
0.035872372393600256,0.0004317024816701623,-45502.074655701756,0,4
0.035884425320902295,0.0004317024816701623,-45514.8977876639,0,7
0.03589775162013999,0.0004317024816701623,-45536.05106375177,0,8
0.03591114049210313,0.0004317024816701623,-45556.83268918611,0,8
0.03592490167297299,0.00041820949266433327,-45577.664836374715,0,8
0.03593996177721711,0.0004116862087015398,-45604.4793287228,0,10
0.035954172553444186,0.0004116862087015398,-45627.335294913755,0,9
0.03597003247772808,0.0004116862087015398,-45653.65428935468,0,10
0.03598425017204839,0.0004116862087015398,-45668.801339243444,0,9
0.035998363137106124,0.00035420079767247385,-45684.2857614543,0,9
0.03601322452990632,0.00035420079767247385,-45699.78668009277,0,9
0.036027332657644656,0.00035420079767247385,-45715.2278865148,0,9
0.03604182808628317,0.0004047216616157613,-45730.65270473832,0,9
0.036054938622881984,0.0004047216616157613,-45744.26139674126,0,8
0.03606557389215979,0.0003987496059571285,-45754.08404840635,0,6
0.03607363849050268,0.0003987496059571285,-45758.200213384094,0,4
0.03607914948973903,0.0003987496059571285,-45760.017587391085,0,2
0.036083852223723886,0.0003987496059571285,-45760.91055123671,0,1
0.03608709225513906,0.0003987496059571285,-45760.810807015776,0,0
0.0360902539543561,0.0003987496059571285,-45760.866957968676,0,0
0.03609342001722509,0.0003987496059571285,-45760.91860534487,0,0
0.03609658579770884,0.0003987496059571285,-45760.970554947,0,0
0.036102512031804965,0.0003987496059571285,-45764.483269644465,0,2
0.03611274480776985,0.00041341087183775256,-45772.76841459586,0,5
0.03612625657101884,0.0004062083612256997,-45786.006566500524,0,8
0.036141041433171976,0.0004062083612256997,-45801.13076632902,0,9
0.03615653506997374,0.0004062083612256997,-45827.13608712665,0,10
0.03617111302138068,0.0004062083612256997,-45849.78918037623,0,9
0.036183840994456734,0.0004062083612256997,-45870.03672050574,0,8
0.036195482797389614,0.0004062083612256997,-45887.7723388483,0,7
0.036206674702658426,0.0004062083612256997,-45905.98517293696,0,7
0.036219621892294794,0.00044998369404061864,-45927.31670319035,0,8
0.0362330154382871,0.00044998369404061864,-45941.34362151371,0,8
0.036245041128723995,0.00044998369404061864,-45953.45167190054,0,7
0.03625974443874598,0.00044998369404061864,-45970.11898561061,0,9
0.03627284950095462,0.00044998369404061864,-45983.990929792235,0,8
0.0362858671617921,0.00044998369404061864,-45998.17349850699,0,8
0.03629511608597206,0.00044998369404061864,-46006.222152327966,0,5
0.03630447768967697,0.00044998369404061864,-46015.1489724127,0,5
0.036311089071211555,0.00044998369404061864,-46018.16930405801,0,3
0.036315507709926996,0.00044998369404061864,-46018.93536093375,0,1
0.036320127541169686,0.00044998369404061864,-46019.99790420931,0,1
0.03632337173816626,0.00044998369404061864,-46019.89574931257,0,0
0.036326532690719275,0.00044998369404061864,-46019.95232523569,0,0
0.036329698261660576,0.00044998369404061864,-46020.00394363391,0,0
0.03633424382400964,0.0004548833333943705,-46021.06089650397,0,1
0.03633988547926022,0.00038289724538017754,-46024.33873693176,0,2
0.036350763896621514,0.00038289724538017754,-46034.508893021375,0,6
0.036364367516357056,0.0003933577094420962,-46047.88969729769,0,8
0.03637665466850339,0.0003933577094420962,-46061.10318588265,0,8
0.03639216616518716,0.0003933577094420962,-46084.61268169987,0,9
0.036404522589999745,0.0003933577094420962,-46104.93521198156,0,8
0.036419306686542335,0.00042984366292907184,-46129.04151515033,0,9
0.03643380749500515,0.00042984366292907184,-46152.94816170235,0,9
0.03644930092349573,0.00042984366292907184,-46180.07625965628,0,10
0.036465259532179675,0.00042984366292907184,-46206.77133252588,0,10
0.03647947156189844,0.00042984366292907184,-46222.69268110718,0,9
0.03649257110246322,0.00042984366292907184,-46237.399846117296,0,8
0.03650421903259885,0.00042984366292907184,-46250.30854279211,0,7
0.03651790143624822,0.00042984366292907184,-46265.1658329769,0,8
0.03653055140181377,0.00042984366292907184,-46279.50522876948,0,8
0.03654119547947942,0.00042984366292907184,-46289.937241526044,0,6
0.036550918552470335,0.00044998184206996087,-46300.693418680305,0,6
0.036559368254912204,0.00044998184206996087,-46304.879318990555,0,4
0.036564872555408606,0.00044998184206996087,-46306.77882952157,0,2
0.03656957523139755,0.00044998184206996087,-46307.758213829875,0,1
0.03657281410053904,0.00044998184206996087,-46307.64903178129,0,0
0.03657597465489735,0.00044998184206996087,-46307.70549923813,0,0
0.03657913957053329,0.00044998184206996087,-46307.75709728924,0,0
0.03658230420396008,0.00044998184206996087,-46307.80902495826,0,0
0.03658960962169741,0.00044998184206996087,-46313.64482880871,0,3
0.036601950820578676,0.00044998184206996087,-46326.74759337104,0,7
0.03661665621406517,0.0005079818620205038,-46342.9730880779,0,9
0.03662764562775246,0.0005079818620205038,-46354.7542669047,0,7
0.03664059896706735,0.0005079818620205038,-46376.65226043901,0,8
0.03665500507122014,0.0005079818620205038,-46401.75480299871,0,9
0.03666950041559887,0.0004359960708792476,-46426.84215185081,0,9
0.03668261092636532,0.0004359960708792476,-46449.01203501567,0,8
0.03669801990192076,0.0004359960708792476,-46479.46248318988,0,10
0.03671261412573399,0.0004359960708792476,-46506.74162044814,0,9
0.036727110521679325,0.0004359960708792476,-46527.530176580636,0,9
0.0367416000350289,0.0004359960708792476,-46550.14793770923,0,9
0.036755723918898024,0.0004359960708792476,-46572.75592746637,0,9
0.036768461535142245,0.0004359960708792476,-46589.30414371312,0,8
0.03678111610094353,0.0004359960708792476,-46604.7198684782,0,8
0.03679450889506967,0.0004359960708792476,-46620.194702842695,0,8
0.036804775886150325,0.0004359960708792476,-46630.90986965327,0,6
0.03681284482545879,0.0004359960708792476,-46635.23301404424,0,4
0.03681835440187378,0.0004359960708792476,-46637.17667527385,0,2
0.03682167633641797,0.0004359960708792476,-46636.87482145536,0,0
0.0368248320445325,0.0004359960708792476,-46636.93757078565,0,0
0.03682799703346382,0.0004359960708792476,-46636.98875636497,0,0
0.036831161484174334,0.0004359960708792476,-46637.040706956366,0,0
0.036835706201376446,0.0004359960708792476,-46638.305802254734,0,1
0.03684134699275514,0.0004359960708792476,-46641.99806828495,0,2
0.03685259197533568,0.00045784113511814135,-46653.60423348352,0,6
0.036867570774134044,0.00045784113511814135,-46670.59410806564,0,9
0.03688133156630126,0.00045784113511814135,-46686.79802896517,0,9
0.036893706285096896,0.00045784113511814135,-46707.94656342892,0,8
0.036907476502561896,0.00045784113511814135,-46730.30369333161,0,8
0.03692048738860382,0.00045784113511814135,-46753.19367705143,0,8
0.03693388566548452,0.00045784113511814135,-46777.009521065425,0,8
0.03694691216523274,0.00047173634720021275,-46801.52416278962,0,8
0.036963060719801676,0.0005462743125652332,-46834.47041055368,0,10
0.036978635562222056,0.0005462743125652332,-46859.642717840856,0,10
0.036990081847662795,0.0005462743125652332,-46876.49864225698,0,7
0.03700063304127359,0.0005327828456176176,-46890.45425489467,0,6
0.037013854323641925,0.0005243482205426757,-46907.69443800188,0,8
0.037027624842421614,0.0005156308293099409,-46923.03980899415,0,8
0.03704065800546302,0.0005069283081129464,-46938.69066405739,0,8
0.03705193216831327,0.0004982249620802009,-46951.479587842216,0,7
0.037061100906041665,0.0004895218468738991,-46957.06103551714,0,5
0.037067060121277626,0.00048081889146996283,-46958.854407171784,0,2
0.03707037244342207,0.00047211610064253176,-46958.56169017705,0,0
0.03707352831493209,0.00046341347406676336,-46958.62354732782,0,0
0.03707669295883315,0.00045471101176077546,-46958.674799252454,0,0
0.03707985709871369,0.0004460087137196305,-46958.72672697587,0,0
0.03708302120875507,0.00043730657993991726,-46958.778611681395,0,0
0.03708756559878996,0.00042860461041815034,-46960.775116742865,0,1
0.037098727369423504,0.0004199028051508604,-46972.54770914116,0,6
0.037111963213326285,0.000411201164134524,-46987.19069704543,0,8
0.03712463208334934,0.0004024996873656578,-47001.40769883541,0,8
0.03713903709496885,0.0003533546942673716,-47026.07621434325,0,9
0.03715140678346393,0.0003533546942673716,-47047.42162063416,0,8
0.037167570426941576,0.0003533546942673716,-47075.97939127128,0,10
0.037180028839059034,0.0003439542682246743,-47097.35557588481,0,8
0.0371930493440321,0.0003439542682246743,-47120.462100260105,0,8
0.037209477098424155,0.0003439542682246743,-47154.58009274704,0,11
0.03722478212246481,0.0003439542682246743,-47177.03903542939,0,10
0.037240368339524196,0.0003439542682246743,-47200.2166184523,0,10
0.03725356082520752,0.0003439542682246743,-47216.73089093217,0,8
0.03726520289791187,0.0003439542682246743,-47229.75190272827,0,7
0.03727850703218312,0.00032374904954129107,-47244.87010676562,0,8
0.037290147166835846,0.00038881267650261797,-47257.42670318016,0,7
0.037302717370949694,0.00038881267650261797,-47272.33217804372,0,8
0.03731335433983002,0.00038881267650261797,-47278.99949152986,0,6
0.03731939093476962,0.00038881267650261797,-47280.58472211809,0,2
0.037324077701863995,0.00038881267650261797,-47281.59575220168,0,1
0.0373286956426875,0.00038881267650261797,-47282.733462958866,0,1
0.037333318213527075,0.00038881267650261797,-47283.803023301305,0,1
0.03733656019023981,0.00038881267650261797,-47283.70188652413,0,0
0.03734109948174194,0.00038881267650261797,-47284.912532041584,0,1
0.03734535918793322,0.00038881267650261797,-47286.616210526576,0,1
0.037353759771000354,0.00038881267650261797,-47294.39099704038,0,4
0.037365448791020765,0.00038881267650261797,-47307.40695856315,0,7
0.037378399996741404,0.00038881267650261797,-47321.85211616974,0,8
0.03739381835258482,0.00038881267650261797,-47349.46544362596,0,10
0.03741116069266403,0.00038881267650261797,-47379.743790236316,0,11
0.03742609058911948,0.00038881267650261797,-47406.62755277816,0,10
0.0374426935747231,0.0003860925530006862,-47437.54363198773,0,11
0.03745725518308609,0.0003668923264370152,-47465.55777405955,0,10
0.03747283966915997,0.00037137487260194816,-47494.43612022466,0,10
0.0374863111609937,0.0003626765860726311,-47512.79730034287,0,9
0.037500799337297774,0.0003571485630598452,-47531.829987449964,0,9
0.03751493285431042,0.0003571485630598452,-47549.56205696071,0,9
0.03752666610843559,0.0003571485630598452,-47561.95741244794,0,7
0.03754099013434474,0.0003571485630598452,-47578.99365431313,0,9
0.03755475528566372,0.0003571485630598452,-47595.35892999677,0,9
0.037566860063593194,0.0003571485630598452,-47607.37082235467,0,7
0.03757601345640728,0.0003571485630598452,-47612.84708289562,0,5
0.037583351943745284,0.0003571485630598452,-47615.96966388907,0,3
0.03758812634451064,0.0003571485630598452,-47616.795646717816,0,1
0.03759275031353104,0.00034365886571174317,-47617.96213795733,0,1
0.037595992016398155,0.00033522933564017005,-47617.85134251625,0,0
0.03759915043216267,0.00032730371959444385,-47617.9081028259,0,0
0.03760231346492262,0.00032730371959444385,-47617.959613561245,0,0
0.03760547619828534,0.00032730371959444385,-47618.01156529257,0,0
0.03761278012001808,0.0003941337614472522,-47623.6848847428,0,3
0.03762061181541348,0.0003941337614472522,-47630.7335554574,0,4
0.03763303484510517,0.0003941337614472522,-47643.80355908848,0,7
0.0376473567130563,0.0003941337614472522,-47668.3737064692,0,9
0.037660831290775264,0.0004243819873074346,-47689.31934935871,0,8
0.03767283917062608,0.0004243819873074346,-47707.772399964626,0,7
0.037685782250390945,0.0004243819873074346,-47730.07609526251,0,8
0.037700565040281374,0.0004243819873074346,-47755.38678859634,0,9
0.03771642436287807,0.0004243819873074346,-47783.49380533176,0,10
0.037731007704542734,0.0004243819873074346,-47800.47605174681,0,9
0.03774511424091566,0.0004243819873074346,-47818.113983409145,0,9
0.037757850449884486,0.0004243819873074346,-47833.20113917363,0,8
0.037772628629249815,0.0004243819873074346,-47850.285143106434,0,9
0.03778573804550095,0.0003842643457703745,-47864.60925303061,0,8
0.03779914193329051,0.0003842643457703745,-47879.261030193375,0,8
0.037809396925944816,0.00037136384348330256,-47889.53899765698,0,6
0.03781746468879867,0.00037136384348330256,-47893.8109964154,0,4
0.0378229725324817,0.00035787468076755837,-47895.72530295523,0,2
0.03782767305199146,0.0003523977436180155,-47896.71687109291,0,1
0.037830909846695855,0.0003523977436180155,-47896.60123326682,0,0
0.03783406823169337,0.0003523977436180155,-47896.65772601289,0,0
0.037837230980022424,0.0003523977436180155,-47896.70925437176,0,0
0.037840393446020505,0.0003523977436180155,-47896.76111001417,0,0
0.03784631669617965,0.0003523977436180155,-47900.42319844333,0,2
0.03785857349400183,0.0003523977436180155,-47912.57418554657,0,7
0.037871524130768816,0.0003523977436180155,-47925.70986004855,0,8
0.03788519440663495,0.0003523977436180155,-47941.213505526975,0,9
0.0379003332329201,0.0003523977436180155,-47967.58923370267,0,10
0.03791390188287012,0.0004125354036216174,-47987.7724032629,0,8
0.03792728504465378,0.0004125354036216174,-48009.14250078784,0,8
0.03793893083873181,0.0004125354036216174,-48027.34192871973,0,7
0.03795186749298395,0.0004125354036216174,-48049.26947784844,0,8
0.03796489180463347,0.0004125354036216174,-48070.805610772746,0,8
0.03797689875787835,0.0004125354036216174,-48083.14799723584,0,7
0.03798985266964303,0.0004125354036216174,-48098.00340653574,0,8
0.03800426835168698,0.0004125354036216174,-48114.637617618595,0,9
0.038016636607078436,0.0004125354036216174,-48128.58338782754,0,8
0.03803003948328995,0.00047140342640998546,-48142.85605177398,0,8
0.03804066025421913,0.00047140342640998546,-48153.02253531073,0,6
0.03805074840781921,0.00047140342640998546,-48163.70064898853,0,6
0.038057811733038065,0.00047140342640998546,-48166.58729782993,0,3
0.038062584919816234,0.00047140342640998546,-48167.42025551015,0,1
0.038066830155513084,0.00047140342640998546,-48168.58246393946,0,1
0.03807007587040521,0.00047140342640998546,-48168.457053416656,0,0
0.038073233140755,0.00047140342640998546,-48168.5143079983,0,0
0.03807639529993262,0.00047140342640998546,-48168.56576255371,0,0
0.03808093760846372,0.00047140342640998546,-48169.81494563584,0,1
0.038086943352793064,0.00047140342640998546,-48173.5142699854,0,2
0.03809818196004822,0.00047140342640998546,-48184.98558350104,0,6
0.03811104479787999,0.00047140342640998546,-48199.392248262186,0,8
0.03812407377111567,0.00047140342640998546,-48213.55145225013,0,8
0.03813885176859236,0.0004312859495494446,-48238.32627323845,0,9
0.038151949299387006,0.0004312859495494446,-48259.5441621526,0,8
0.038165988846118014,0.00039941947815345236,-48284.383072654535,0,9
0.038180842898256226,0.00039941947815345236,-48309.127492487176,0,9
0.038196728632700454,0.00039941947815345236,-48337.23729552789,0,10
0.03821267991238839,0.00039941947815345236,-48364.957867009536,0,10
0.03822724715861649,0.00039941947815345236,-48381.621236422696,0,9
0.03824034054019958,0.0004125337149599038,-48396.32157197854,0,8
0.03825160877896842,0.0004125337149599038,-48408.76649013231,0,7
0.038264927983993315,0.0004125337149599038,-48423.495786439824,0,8
0.0382779476155324,0.0004125337149599038,-48437.79543160133,0,8
0.038288952037923464,0.0004125337149599038,-48448.10021589002,0,6
0.03830042665463845,0.0004125337149599038,-48460.90749159291,0,7
0.0383082186480625,0.0004125337149599038,-48464.90146241073,0,4
0.038313725040156725,0.0004125337149599038,-48466.77611809221,0,2
0.038318424607593736,0.0004125337149599038,-48467.762957407045,0,1
0.038321660350680346,0.0004125337149599038,-48467.650527519436,0,0
0.038324817668637434,0.0004125337149599038,-48467.707021351685,0,0
0.03832797934994348,0.0004125337149599038,-48467.75851325164,0,0
0.03833114074893387,0.0004125337149599038,-48467.810345077836,0,0
0.03833706301985825,0.0004125337149599038,-48471.79273951395,0,2
0.03834867325331897,0.00044166028882528283,-48483.24768998664,0,6
0.03836402392474554,0.00044166028882528283,-48499.87766398351,0,9
0.038375006746141686,0.00047140149739565736,-48511.627638676975,0,7
0.038387947813764825,0.00047140149739565736,-48533.268037443704,0,8
0.03840271976322442,0.00047140149739565736,-48557.970139759964,0,9
0.038416841702018895,0.00047140149739565736,-48582.13364268438,0,9
0.03842856411976711,0.00047140149739565736,-48600.046903766546,0,7
0.03844250852319863,0.00047140149739565736,-48625.16639420228,0,9
0.03845599733554594,0.00047140149739565736,-48646.25731386761,0,8
0.03847077615318903,0.00043128418508270306,-48662.968235115906,0,9
0.03848451941967763,0.0003994178443406859,-48679.24644512731,0,9
0.03849900622973071,0.0003994178443406859,-48695.43125197248,0,9
0.0385117369740857,0.0003994178443406859,-48709.56390520058,0,8
0.038524756326971756,0.0003994178443406859,-48723.91729683796,0,8
0.03853566117652856,0.0003994178443406859,-48736.19394386287,0,7
0.03854584634815232,0.0003994178443406859,-48746.58682634714,0,6
0.0385529038278691,0.0003994178443406859,-48749.4557601143,0,3
0.03855832258539373,0.0003994178443406859,-48751.51779412977,0,2
0.03856164636421844,0.0003994178443406859,-48751.23303225514,0,0
0.038564798551572625,0.0003994178443406859,-48751.29505321654,0,0
0.03856796029479972,0.0003994178443406859,-48751.34617831453,0,0
0.03857112148128961,0.0003994178443406859,-48751.398016982734,0,0
0.038575663140174576,0.0003994178443406859,-48752.56271340925,0,1
0.03858130097506406,0.00041253202762389673,-48756.075457698505,0,2
0.03859254363342555,0.00041253202762389673,-48767.41076184793,0,6
0.03860715334871887,0.00041253202762389673,-48784.188404863395,0,9
0.03862164058573731,0.00041253202762389673,-48800.13554687138,0,9
0.0386347490828815,0.0004243732882482086,-48820.84008344274,0,8
0.03864776330038372,0.0004243732882482086,-48842.26724605832,0,8
0.0386611496716115,0.0004243732882482086,-48863.69892325695,0,8
0.038675177020227665,0.00044165848264206926,-48888.15474137957,0,9
0.038687927860447856,0.00044165848264206926,-48909.01483627791,0,8
0.038703351229232824,0.0004713995698961892,-48936.583907803426,0,10
0.038718934256606746,0.0004713995698961892,-48954.55908236905,0,10
0.03873073376203994,0.0004713995698961892,-48966.24248247741,0,7
0.03874126737395499,0.0004713995698961892,-48976.87232050884,0,6
0.03875450910417563,0.0004904425067662353,-48991.925912267405,0,8
0.03876792075798776,0.0004904425067662353,-49006.2680401806,0,8
0.038780567596294106,0.0004904425067662353,-49020.69911917054,0,8
0.038792945410224676,0.0004769543953875921,-49032.99712566348,0,7
0.038801730781926225,0.00046852943062303075,-49038.257419761845,0,5
0.038807325143133516,0.0004598216307423532,-49039.87753183182,0,2
0.038810638466013805,0.00045112870821077347,-49039.590840628225,0,0
0.03881379049915692,0.00044243496005405466,-49039.65275751938,0,0
0.03881695154140095,0.00043374144256433584,-49039.70386319119,0,0
0.038820112063675166,0.00042504808466908834,-49039.75568799592,0,0
0.03882327255726843,0.0004163548911461674,-49039.80746742113,0,0
0.03882781349297152,0.00040766186167038595,-49041.82288547708,0,1
0.03883897269845119,0.00042491117355223713,-49053.49666780677,0,6
0.03885220645717078,0.00041621847220211914,-49067.89326361885,0,8
0.03886524043859378,0.00041253462610538915,-49081.953815220586,0,8
0.038880394932925194,0.00041253462610538915,-49106.29711316008,0,9
0.038893875443999984,0.00041253462610538915,-49127.347319273205,0,8
0.038909655608506066,0.00041253462610538915,-49155.41047113104,0,10
0.03892285117509238,0.00041253462610538915,-49176.156634792984,0,8
0.038935860133239415,0.0004928037285844295,-49197.94121896166,0,8
0.03895304133759159,0.0004928037285844295,-49228.97108356223,0,11
0.038966587852205824,0.00044469382025398677,-49244.99507014461,0,9
0.03898210454219715,0.00044469382025398677,-49263.92200812845,0,10
0.03899529943892645,0.00044469382025398677,-49278.08886850204,0,8
0.03900730650215237,0.00044469382025398677,-49290.5079344605,0,7
0.03902023663814303,0.00044469382025398677,-49305.33632016856,0,8
0.03903224673377617,0.00044469382025398677,-49317.793385313395,0,7
0.03904379662838211,0.00044469382025398677,-49330.4458013663,0,7
0.0390536091684839,0.00044469382025398677,-49337.08684622843,0,6
0.0390592899562658,0.00044469382025398677,-49338.57889935073,0,2
0.03906361090851687,0.00044469382025398677,-49339.54312750341,0,1
0.03906786343920367,0.00044469382025398677,-49340.643410352815,0,1
0.03907211980410681,0.00044469382025398677,-49341.67163455049,0,1
0.039075362763507135,0.00044469382025398677,-49341.5695656009,0,0
0.03907989848652774,0.00044469382025398677,-49342.76003289736,0,1
0.039084522231265836,0.0004905397535669611,-49344.44928409155,0,1
0.03909328261990628,0.0004905397535669611,-49352.083260579886,0,4
0.03910533209064809,0.0004905397535669611,-49364.96541569798,0,7
0.03911827603586442,0.0004666667289576637,-49379.21857372142,0,8
0.03913370358510817,0.0004666667289576637,-49406.59664178976,0,10
0.039150666549336216,0.0004666667289576637,-49436.51781178329,0,11
0.03916671160134,0.0004666667289576637,-49462.89950913478,0,10
0.03918331005270282,0.0004666667289576637,-49493.25026282838,0,11
0.039198604939759,0.0004666667289576637,-49520.073441881425,0,10
0.03921418921693586,0.0004666667289576637,-49547.390183468415,0,10
0.039228771648315106,0.0004666667289576637,-49563.835435860135,0,9
0.039242509925261154,0.0004666667289576637,-49580.41899035015,0,9
0.03925627357827199,0.0004928017176565301,-49596.88452445273,0,9
0.03927011458618154,0.0004928017176565301,-49611.07099199258,0,8
0.039284898511663655,0.0004928017176565301,-49627.677049319536,0,9
0.03929903039261515,0.00044469200611775805,-49643.85686341796,0,9
0.03931075084048396,0.00044469200611775805,-49655.77876381811,0,7
0.039319540302436354,0.00044469200611775805,-49661.102309101676,0,5
0.039325133461767865,0.00044469200611775805,-49662.791931424275,0,2
0.03932982622489792,0.00044469200611775805,-49663.74780373243,0,1
0.03933444078418813,0.00044469200611775805,-49664.84760069693,0,1
0.03933767914050097,0.00044469200611775805,-49664.743499840995,0,0
0.03934083409606195,0.00044469200611775805,-49664.799685089674,0,0
0.03934399367070041,0.00044469200611775805,-49664.85110777835,0,0
0.039347152945836184,0.00044469200611775805,-49664.90294273328,0,0
0.03935445390598457,0.00047302064473671415,-49670.34504088656,0,3
0.0393622826551671,0.00047302064473671415,-49677.19241581172,0,4
0.03937433624147702,0.00047302064473671415,-49689.86254130633,0,7
0.03938939562725333,0.00047302064473671415,-49714.163177575276,0,9
0.03940250297094214,0.00047302064473671415,-49734.94591039883,0,8
0.039414503798341965,0.000490537752900856,-49753.1820500576,0,7
0.03942818951192282,0.000490537752900856,-49775.0694989246,0,8
0.039442592989719936,0.000490537752900856,-49799.56532983296,0,9
0.0394580977592419,0.00046666482590506855,-49826.70141046691,0,10
0.039472305508608654,0.00046666482590506855,-49842.56573568989,0,9
0.03948642624265147,0.00046666482590506855,-49858.73907963602,0,9
0.03950091928852037,0.00046666482590506855,-49874.91507030017,0,9
0.03951504995042821,0.00046666482590506855,-49891.00911713705,0,9
0.039527794041644436,0.00046666482590506855,-49904.968305324066,0,8
0.039540811844827384,0.00046666482590506855,-49919.2553213099,0,8
0.039551069505659966,0.00046666482590506855,-49929.25911406309,0,6
0.039557753977388685,0.00046666482590506855,-49932.09306897819,0,3
0.03956252939564448,0.00046666482590506855,-49932.8782523828,0,1
0.039566771882742074,0.00046666482590506855,-49933.89393919444,0,1
0.03957001511084395,0.00046666482590506855,-49933.79223186406,0,0
0.03957316978035656,0.00046666482590506855,-49933.84881062036,0,0
0.03957632934106177,0.00046666482590506855,-49933.90021878346,0,0
0.03957948858395918,0.00046666482590506855,-49933.951961491606,0,0
0.039584028362165444,0.00046666482590506855,-49935.66155739207,0,1
0.03959380614049059,0.00046666482590506855,-49943.739277986024,0,5
0.03960769070509742,0.0004927997083122466,-49956.44342100708,0,8
0.03962209982497883,0.0004927997083122466,-49971.10564570829,0,9
0.039637226861589554,0.0004927997083122466,-49996.87338115711,0,10
0.03965142799472241,0.000444690193410559,-50019.472765044135,0,9
0.0396641679913843,0.000444690193410559,-50039.69080459594,0,8
0.03967681833454532,0.000444690193410559,-50060.53341214449,0,8
0.03968984077531111,0.0004590148010726672,-50081.77943149171,0,8
0.039703892843215224,0.0005032624747978788,-50106.17204917032,0,9
0.0397156179635247,0.0005032624747978788,-50118.107870296546,0,7
0.039727534442664234,0.0005032624747978788,-50130.70024719745,0,7
0.03974259521212938,0.0005032624747978788,-50147.54383251054,0,9
0.039754956846312195,0.0005032624747978788,-50161.406064934126,0,8
0.039767611163072085,0.0005288148638233147,-50175.54025002705,0,8
0.03977824010695328,0.000515328662214035,-50185.62283574026,0,6
0.03978906010582272,0.0005069091935885977,-50196.348306067324,0,6
0.03979611095867019,0.000504942034364311,-50199.18260990417,0,3
0.039800514412474806,0.000504942034364311,-50199.950275763884,0,1
0.03980512852268193,0.000504942034364311,-50201.08354408934,0,1
0.03980836619420736,0.000504942034364311,-50200.96972653458,0,0
0.03981152045887043,0.000504942034364311,-50201.02629705534,0,0
0.03981467934181579,0.000504942034364311,-50201.07769524369,0,0
0.03981921852816324,0.000504942034364311,-50202.27705699678,0,1
0.03982522142259424,0.000504942034364311,-50205.86391740478,0,2
0.03983783832797052,0.000504942034364311,-50219.01716273715,0,7
0.03985114962670921,0.000504942034364311,-50232.991313807164,0,8
0.039863810606754965,0.000504942034364311,-50247.11908676179,0,8
0.039878591863345,0.000504942034364311,-50271.505111396786,0,9
0.03989132066676353,0.000504942034364311,-50292.49570036579,0,8
0.0399057181921313,0.000504942034364311,-50317.571945812364,0,9
0.03992157840335582,0.000504942034364311,-50345.456546781184,0,10
0.03993642773660826,0.000504942034364311,-50373.41240267171,0,10
0.03995200990852351,0.0005336269127339974,-50402.083576857185,0,10
0.03996583448925272,0.0005336269127339974,-50420.21394574045,0,9
0.03997856784176709,0.000461644862315858,-50436.67046675814,0,8
0.03999096079920464,0.000461644862315858,-50450.14175651899,0,7
0.040003896617933535,0.000461644862315858,-50465.65914995249,0,8
0.040016929579607854,0.000461644862315858,-50480.76960632732,0,8
0.04002894462847875,0.00047938769360316656,-50493.668523604574,0,7
0.04004050464805787,0.00047938769360316656,-50506.47423245783,0,7
0.04004865580422156,0.00047938769360316656,-50510.58052344367,0,4
0.040054154861605254,0.00047938769360316656,-50512.52168987516,0,2
0.04005848417015108,0.00047938769360316656,-50513.51739827679,0,1
0.04006172123221808,0.00047938769360316656,-50513.39159173993,0,0
0.04006487487515955,0.00047938769360316656,-50513.448673648614,0,0
0.04006803313642845,0.00047938769360316656,-50513.500024453104,0,0
0.040071191098258796,0.00047938769360316656,-50513.55175921215,0,0
0.0400771103481394,0.0005229024310819394,-50517.567336415144,0,2
0.040089731636236914,0.0005515744649667883,-50531.13871878248,0,7
0.040104433781866955,0.0005515744649667883,-50547.40740053436,0,9
0.04011541876589738,0.0005515744649667883,-50559.149936717615,0,7
0.040128357619688595,0.0005515744649667883,-50581.06195904559,0,8
0.040142392517531815,0.0005515744649667883,-50605.97976103593,0,9
0.04015687800140411,0.0005515744649667883,-50630.79325192448,0,9
0.04017036301263637,0.0005515744649667883,-50652.842339504816,0,8
0.04018616474539946,0.0005515744649667883,-50682.595194282374,0,10
0.04019999389444269,0.0005515744649667883,-50708.33535186034,0,9
0.04021411808408515,0.0005515744649667883,-50727.60713540801,0,9
0.040228609488494216,0.0005515744649667883,-50747.271913983415,0,9
0.040243096233785094,0.0005515744649667883,-50765.607680791065,0,9
0.04025583584082362,0.0005515744649667883,-50780.75010486102,0,8
0.04026849615986792,0.0005515744649667883,-50795.72353718445,0,8
0.04028015915645864,0.0005515744649667883,-50808.35278867484,0,7
0.040289964384892046,0.0005515744649667883,-50818.957145583525,0,6
0.04029877246631827,0.0005380888820449853,-50823.26717095791,0,4
0.04030426636262799,0.0005296711936527767,-50825.21720802835,0,2
0.04030758244725721,0.0005209706177118717,-50824.90996680695,0,0
0.04031073135277619,0.0005122849246769599,-50824.972560069524,0,0
0.040313889579954985,0.0005035984054172391,-50825.023540528215,0,0
0.04031704726613323,0.000494912116704834,-50825.07527822905,0,0
0.040321585543859485,0.00048622598743013057,-50826.33253565074,0,1
0.04032620698915758,0.00047754002237380256,-50828.05173928841,0,1
0.04033772705984932,0.00046885422121046856,-50839.763126282094,0,6
0.04035270279324307,0.0004601685839583026,-50856.18132893289,0,9
0.040366459663845736,0.00045148311061237313,-50871.87553129794,0,9
0.04037994236564772,0.0004427978011692929,-50892.76181041181,0,8
0.040393338364833456,0.00043411265562554843,-50914.88266835578,0,8
0.04040672867081427,0.0003864141026027613,-50937.46080433811,0,8
0.04042075317504476,0.0004583936163358955,-50963.63987854848,0,9
0.0404342476035078,0.0004583936163358955,-50986.6270241526,0,8
0.040449670458878255,0.0004767181865865847,-51017.79001802251,0,10
0.04046488552054946,0.0004767181865865847,-51040.772672335275,0,10
0.040476331841419,0.0004767181865865847,-51056.33267898157,0,7
0.04048824744401323,0.0004767181865865847,-51071.92697954602,0,7
0.040501181417012165,0.0004767181865865847,-51088.348475531784,0,8
0.04051346879589124,0.0004767181865865847,-51103.67913939429,0,8
0.040527240360745224,0.0004767181865865847,-51118.96300450127,0,8
0.040539256167578745,0.0004632336697737214,-51131.77216859834,0,7
0.04054804410618185,0.0004548190487057258,-51137.334660368506,0,5
0.04055363558361031,0.00044612151785942484,-51139.11660545956,0,2
0.0405569458891919,0.0004374388722740453,-51138.81260981971,0,0
0.04056009469211293,0.00043602481682903814,-51138.874864178026,0,0
0.040563252507219344,0.00043602481682903814,-51138.92584630112,0,0
0.040566409802134454,0.00043602481682903814,-51138.9775768673,0,0
0.040569567068459274,0.00043602481682903814,-51139.029256973765,0,0
0.04057410496852134,0.00043602481682903814,-51141.04360534297,0,1
0.04058562939026029,0.00043602481682903814,-51152.826778943694,0,6
0.0405984891429907,0.00043602481682903814,-51167.29210941116,0,8
0.04061151545972777,0.00043602481682903814,-51181.37642138059,0,8
0.040625923028546236,0.00043602481682903814,-51206.12663520704,0,9
0.04064040409125433,0.00048152054313057403,-51230.80337559045,0,9
0.04065452398469563,0.00048152054313057403,-51255.98306890635,0,9
0.04066762464008278,0.00048152054313057403,-51278.410876765956,0,8
0.04068026912333122,0.00048152054313057403,-51302.80706013739,0,8
0.0406974533070909,0.00048152054313057403,-51339.969070467705,0,11
0.04071210024937846,0.00048152054313057403,-51362.19649786319,0,9
0.04072723383269789,0.00048152054313057403,-51389.741645382695,0,10
0.040739686684958525,0.0004335523630717451,-51407.99410245338,0,8
0.04075058790770107,0.0004335523630717451,-51422.17828740567,0,7
0.04076353122681143,0.0004335523630717451,-51438.255540999104,0,8
0.04077693079279352,0.0004887039731340438,-51453.96565698043,0,8
0.04078820534297426,0.0004887039731340438,-51466.81655073127,0,7
0.04079801511182428,0.0004752200286803797,-51473.89432433419,0,6
0.0408036932738571,0.0004668070541837876,-51475.4880663357,0,2
0.040808011169887484,0.00046469123516913426,-51476.50414073212,0,1
0.040812260516917,0.00046469123516913426,-51477.66355363626,0,1
0.04081651371208097,0.00046469123516913426,-51478.80124161328,0,1
0.04081975346001225,0.00046469123516913426,-51478.67715822731,0,0
0.040824286007671844,0.00046469123516913426,-51479.98864554329,0,1
0.0408285391235269,0.00046469123516913426,-51481.71607981281,0,1
0.04083730157321266,0.00046469123516913426,-51489.52932891919,0,4
0.04084796792722396,0.00046469123516913426,-51500.65442580492,0,6
0.04086192915462537,0.00046469123516913426,-51515.60744409942,0,8
0.04087595356945454,0.00046469123516913426,-51540.49731742611,0,9
0.040892464368861986,0.00046469123516913426,-51572.10953800488,0,11
0.04090601371932923,0.00046469123516913426,-51596.70470726437,0,9
0.04092151830397151,0.00046469123516913426,-51628.02888447851,0,10
0.040937472231722276,0.00046469123516913426,-51662.11000479854,0,10
0.04095307225096474,0.00046469123516913426,-51698.75810194229,0,10
0.04096827667015778,0.00046469123516913426,-51727.76564131701,0,10
0.04098286250186163,0.0005117617272320301,-51751.88223828098,0,9
0.04099772254752501,0.0005117617272320301,-51772.749990914155,0,9
0.04101083487931149,0.0005117617272320301,-51788.629745184364,0,8
0.04102561616669079,0.0005117617272320301,-51806.14637297073,0,9
0.04104045838351556,0.0005117617272320301,-51822.790898443935,0,9
0.04105180069569753,0.0004982779377997857,-51835.00037770874,0,7
0.04106095969936323,0.0004898654092500448,-51840.59340343433,0,5
0.041066923555296474,0.00048116995571377335,-51842.389288231796,0,2
0.041071608915038034,0.0004724893890492111,-51843.41955818156,0,1
0.04107622084878477,0.00046380799573199474,-51844.60816833644,0,1
0.04107945617969429,0.00045512683287736135,-51844.481671070724,0,0
0.04108260804175009,0.00044644582934919643,-51844.53879068662,0,0
0.041085764522667795,0.0004377649899301886,-51844.59007494335,0,0
0.04108892070412882,0.0004290843142948243,-51844.64183497488,0,0
0.04109621902570927,0.0004204038024612956,-51850.5741916728,0,3
0.041104045164607986,0.0004117234544246409,-51857.72737970886,0,4
0.04111572914421007,0.0004030432701814809,-51870.78690203726,0,7
0.04113143735594549,0.0004084086243587762,-51898.56639242976,0,10
0.04114563766971906,0.0004084086243587762,-51922.23830047946,0,9
0.04115772944672758,0.0004084086243587762,-51940.25101422385,0,7
0.041171019590878294,0.0004084086243587762,-51962.45746956928,0,8
0.04118579493326797,0.0004084086243587762,-51987.38232461151,0,9
0.04120269669504438,0.0004084086243587762,-52018.443292165844,0,11
0.04121735331229107,0.0004084086243587762,-52035.21839150605,0,9
0.04123184043892829,0.00040818464725440846,-52052.81436128567,0,9
0.04124594848635173,0.00040818464725440846,-52069.55382369381,0,9
0.041259704291554976,0.00040818464725440846,-52086.05972239822,0,9
0.04127317635086891,0.00040818464725440846,-52100.351679741376,0,8
0.04128620420348514,0.00040818464725440846,-52114.849033476814,0,8
0.04129682711243657,0.0004552549489304194,-52125.08095713856,0,6
0.041303871716023205,0.0004552549489304194,-52128.089099816825,0,3
0.04130928607022932,0.0004552549489304194,-52130.24030729806,0,2
0.04131361793061238,0.0004552549489304194,-52131.23015859379,0,1
0.041318233365261775,0.0004552549489304194,-52132.40630977863,0,1
0.04132146807006559,0.0004552549489304194,-52132.28285155165,0,0
0.04132461948257889,0.0004552549489304194,-52132.33968709773,0,0
0.04132777550068558,0.0004552549489304194,-52132.390967241736,0,0
0.04133231194387476,0.0004552549489304194,-52134.32002007683,0,1
0.04134521604646472,0.0004552549489304194,-52147.03936571197,0,7
0.041358893062905,0.00044177198901684486,-52160.60153513436,0,8
0.041372917764787465,0.00043336184657324206,-52176.22308329769,0,9
0.04138878270969469,0.0004246687617583423,-52202.74016093088,0,10
0.041402239131759194,0.00039089727191685906,-52226.13273679074,0,9
0.04141535459491797,0.0003866294184443016,-52247.22745259126,0,8
0.04142800839691527,0.0003866294184443016,-52269.026412525614,0,8
0.041439648121419814,0.0003866294184443016,-52287.56383147362,0,7
0.04145258038771954,0.0003866294184443016,-52309.79601709293,0,8
0.0414645875867688,0.0003980550492253361,-52322.46175440667,0,7
0.041476513494431266,0.00039785165686374364,-52335.47171716055,0,7
0.041491215723084895,0.00039785165686374364,-52352.83036861232,0,9
0.04150431501237579,0.00039785165686374364,-52367.27692236376,0,8
0.04151771427239982,0.00039785165686374364,-52381.89877994385,0,8
0.04153009014224038,0.00039785165686374364,-52394.31529936364,0,7
0.04154061943219509,0.0004338306854434902,-52404.8900135554,0,6
0.041547301186585985,0.0004338306854434902,-52407.814891178896,0,3
0.04155170623852368,0.0004338306854434902,-52408.63749150072,0,1
0.04155631706642758,0.0004363938973599419,-52409.81734382533,0,1
0.04155955151056721,0.0004363938973599419,-52409.69388815207,0,0
0.04156270242947715,0.0004363938973599419,-52409.75078235277,0,0
0.04156585796889407,0.0004363938973599419,-52409.80204584862,0,0
0.04157039402975061,0.0004417637984755786,-52411.10062905534,0,1
0.04157602652091574,0.0004417637984755786,-52414.807996235715,0,2
0.041589659230557414,0.0004417637984755786,-52430.21077132182,0,8
0.04160305634104731,0.0004154583046524,-52444.01929673965,0,8
0.041616813065676626,0.0004154583046524,-52458.267316658596,0,8
0.04163021961053115,0.0004154583046524,-52479.798383987356,0,8
0.04164111500147477,0.0004050942417968297,-52498.55954206704,0,7
0.0416558052283379,0.0004082522116253518,-52524.696563331265,0,9
0.0416713088891116,0.0004082522116253518,-52553.800967242845,0,10
0.0416844906501343,0.0004082522116253518,-52576.660523147904,0,8
0.041699912064898925,0.0004082522116253518,-52608.28089968497,0,10
0.04171411103958509,0.0004082522116253518,-52627.9499875266,0,9
0.04172758379845958,0.00039477001993403236,-52645.75387186013,0,8
0.041738841627496415,0.00038636208704827577,-52660.36585856703,0,7
0.041753169742911524,0.0003776711956519707,-52678.64111939195,0,9
0.041766273352329825,0.00037294199929648416,-52693.584364859096,0,8
0.0417782928068767,0.00037294199929648416,-52706.64344675978,0,7
0.04178948314240679,0.0003978500462785897,-52719.589993199894,0,7
0.04179828299756789,0.0003978500462785897,-52725.164996690466,0,5
0.0418042390601044,0.0003978500462785897,-52726.949470013504,0,2
0.04180855541567217,0.0003978500462785897,-52727.96044317377,0,1
0.04181178966823234,0.0003978500462785897,-52727.832096583166,0,0
0.04181493981856073,0.0003978500462785897,-52727.88929439489,0,0
0.04181809462529257,0.0003978500462785897,-52727.940521567565,0,0
0.0418212491300379,0.0003978500462785897,-52727.99215054747,0,0
0.04182716525126418,0.00043515725155106045,-52732.01934530689,0,2
0.04183978435186615,0.00043515725155106045,-52745.53589128992,0,7
0.04185447404152918,0.0004629607976940804,-52761.867701845666,0,9
0.041866570299782094,0.0004629607976940804,-52773.77583023255,0,7
0.0418794934558371,0.0004629607976940804,-52795.7592649619,0,8
0.041894907134707726,0.0004629607976940804,-52823.86166432427,0,10
0.04191048808008006,0.0004629607976940804,-52851.35978482711,0,10
0.04192330868015076,0.000449478834001494,-52872.896555662934,0,8
0.041939091537024104,0.00045814014013785905,-52902.7149442891,0,10
0.04195227411218157,0.0004494498996710295,-52925.360242186995,0,8
0.04196702777116429,0.0004407745501334946,-52945.00160620126,0,9
0.041981902610056736,0.00043209837350556503,-52964.528984458855,0,9
0.04199601520280037,0.00042342242725414196,-52982.685226236805,0,9
0.04200874562527308,0.00041474664021594283,-52997.543161509006,0,8
0.04202075835444053,0.00040607101717569943,-53010.24443237449,0,7
0.04203267301227759,0.00039739555780775006,-53023.18640730366,0,7
0.042042844345565086,0.0003887202621302747,-53033.81930565206,0,6
0.04204990783165696,0.0003800451301383518,-53036.76143514714,0,3
0.04205532022514171,0.00037137016182859007,-53038.89427985433,0,2
0.04205863760638134,0.0003647804576035824,-53038.57743711922,0,0
0.04206178291859574,0.0003647804576035824,-53038.640581297375,0,0
0.04206493779305744,0.0003647804576035824,-53038.69141032059,0,0
0.04206809211029754,0.0003647804576035824,-53038.74305505425,0,0
0.04207262722495855,0.0003647804576035824,-53040.05546341465,0,1
0.04207825877841286,0.0003647804576035824,-53043.771497723,0,2
0.04208949694834698,0.0003905977106526098,-53055.25120397251,0,6
0.042103735673652026,0.0003905977106526098,-53071.85138575826,0,9
0.04211721127378081,0.0003905977106526098,-53085.69557654095,0,8
0.042128468885259986,0.0003905977106526098,-53104.004413598865,0,7
0.04214177271987615,0.0003905977106526098,-53126.333852417905,0,8
0.04215655734480871,0.00039188604540870277,-53151.85826195893,0,9
0.04217105268985592,0.00039284581895905585,-53176.93744107605,0,9
0.04218377910091853,0.00039284581895905585,-53199.157367666005,0,8
0.042199944186325805,0.00039284581895905585,-53228.81090236977,0,10
0.04221552528976882,0.00045795504991875193,-53249.3333894098,0,10
0.04222658675087002,0.00045795504991875193,-53262.712824202,0,7
0.04223850545275256,0.00045795504991875193,-53276.38116066325,0,7
0.042250802163026374,0.00045795504991875193,-53289.71221635694,0,7
0.0422641079191385,0.00045795504991875193,-53304.77985640103,0,8
0.04227638836708797,0.00045795504991875193,-53319.41599869329,0,8
0.042288031863771024,0.00045521528941233033,-53331.84941278583,0,7
0.042296821391106694,0.0004417340876148469,-53337.24310434214,0,5
0.04230240983637784,0.00043332900153245335,-53338.97251241024,0,2
0.042305716978449676,0.0004246409360878314,-53338.67545880232,0,0
0.042308862379401485,0.000419248528703086,-53338.73752185261,0,0
0.04231201679578185,0.000419248528703086,-53338.788400727135,0,0
0.04231517069172787,0.000419248528703086,-53338.84002630503,0,0
0.04231832455918017,0.000419248528703086,-53338.8916023486,0,0
0.04232285921084999,0.000419248528703086,-53340.90879967798,0,1
0.042334013777841316,0.000419248528703086,-53352.57586783189,0,6
0.0423493596896486,0.000419248528703086,-53369.06140726854,0,9
0.04236246390313412,0.000419248528703086,-53382.707524177895,0,8
0.042376876365963406,0.0004057675591680206,-53407.1155653524,0,9
0.04239173344226803,0.0003973631409884252,-53431.61489780097,0,9
0.042405845867499244,0.0003886757385450496,-53456.504973504154,0,9
0.04242034642333861,0.0003800032292491762,-53481.304991129626,0,9
0.04243446397675946,0.0003713298926236355,-53506.72995764794,0,9
0.042451336237608446,0.00040554162131912444,-53539.508726607695,0,11
0.042465646879535975,0.00039686867417485503,-53557.555453250854,0,9
0.04248077275257525,0.0003881958909679761,-53579.05504464299,0,10
0.042493958995369514,0.0003795232713727477,-53594.290705062165,0,8
0.042505972998305296,0.00037085081540736597,-53607.21559627292,0,7
0.04251892183227621,0.00036896322123369915,-53622.55603740026,0,8
0.042531584690671594,0.00036896322123369915,-53637.51725320866,0,8
0.0425432226241278,0.0003980555469574042,-53650.218832804014,0,7
0.04255376034298641,0.0003980555469574042,-53657.05377896117,0,6
0.042559794387781576,0.00040591979459762937,-53658.638069707704,0,2
0.04256447186725894,0.00040591979459762937,-53659.65380141173,0,1
0.042568713562496606,0.00040591979459762937,-53660.796546389654,0,1
0.04257296376964519,0.00040591979459762937,-53661.89200885175,0,1
0.042576200263322324,0.00040591979459762937,-53661.774336681505,0,0
0.04258072965600074,0.00040591979459762937,-53663.049170766375,0,1
0.04258534721958837,0.00040591979459762937,-53664.77995485296,0,1
0.04259373481456894,0.00040591979459762937,-53672.53254157727,0,4
0.04260578454752622,0.00040591979459762937,-53685.63375534147,0,7
0.04261909255102095,0.0003924394267535623,-53700.051565108995,0,8
0.042633509381184966,0.0003642395954099945,-53724.560452885584,0,9
0.0426496683384835,0.0003642395954099945,-53755.61223578353,0,11
0.042665336283093776,0.0003642395954099945,-53782.61947598821,0,10
0.042680177596119154,0.00036045977807011754,-53810.376776534504,0,10
0.04269575753343208,0.00036045977807011754,-53838.87706684936,0,10
0.04271197334181284,0.00036045977807011754,-53871.11688742614,0,11
0.04272690067070819,0.00035437690055177844,-53890.8704394125,0,10
0.04274109474304849,0.00035437690055177844,-53908.47045161775,0,9
0.04275383082048827,0.00035437690055177844,-53923.301279668674,0,8
0.042767212806978136,0.00038849455579643906,-53938.09932580582,0,8
0.042781247147580456,0.00038849455579643906,-53954.70941481449,0,9
0.042796107992726914,0.00038849455579643906,-53970.92612610832,0,9
0.04280708034735775,0.00033871878870429567,-53982.892719812655,0,7
0.042816241456977454,0.00033871878870429567,-53988.27813199714,0,5
0.04282182380604223,0.00033871878870429567,-53990.01911367404,0,2
0.0428265101458936,0.00033871878870429567,-53991.025501905446,0,1
0.04283111855203323,0.00033871878870429567,-53992.1851268385,0,1
0.04283435044848564,0.00033871878870429567,-53992.06663529061,0,0
0.04283749874623632,0.00033871878870429567,-53992.12321170533,0,0
0.042840651665263955,0.00033871878870429567,-53992.174405081016,0,0
0.04284380428470146,0.00033871878870429567,-53992.226043318755,0,0
0.04285109956899493,0.00033871878870429567,-53997.817952039506,0,3
0.04286002572140967,0.00033871878870429567,-54004.856296605096,0,4
0.04287279633444875,0.000340002801609521,-54018.07492201908,0,7
0.04288813119831104,0.0003678109973070939,-54045.79849091225,0,10
0.04290371583863109,0.00037567521329361856,-54072.45709098907,0,10
0.042915511273001535,0.00037567521329361856,-54090.12024470364,0,7
0.042928810513022296,0.00037567521329361856,-54112.64795234385,0,8
0.04294459733462622,0.000377998075322685,-54140.91007198087,0,10
0.04296119659447077,0.00036451836766657794,-54172.16821517469,0,11
0.04297548521931918,0.0003946981402072081,-54189.08034894561,0,9
0.04298998678265578,0.0003946981402072081,-54207.34535239695,0,9
0.043004849946191956,0.0003946981402072081,-54225.041107528035,0,9
0.04301793774421579,0.0003946981402072081,-54239.957213608235,0,8
0.04303271767490895,0.0003946981402072081,-54256.58996635689,0,9
0.04304618867778713,0.0003946981402072081,-54270.85178097001,0,8
0.0430567986311583,0.00038861528726778744,-54281.102825975264,0,6
0.04306347345454245,0.00038861528726778744,-54284.05562421436,0,3
0.043068889320210205,0.00038861528726778744,-54286.18831881892,0,2
0.04307321768607036,0.00038861528726778744,-54287.156864025,0,1
0.04307746219182811,0.00038861528726778744,-54288.28154445118,0,1
0.04308069812073784,0.00038861528726778744,-54288.15767446511,0,0
0.04308384575689806,0.00038861528726778744,-54288.2146872283,0,0
0.04308699825483206,0.0003909208779926892,-54288.265843871966,0,0
0.04309291231465908,0.000399583622200282,-54291.97923826952,0,2
0.04310589774582349,0.0004082462029903353,-54304.12629933697,0,7
0.043119579075431645,0.0004169086203663644,-54317.380055703725,0,8
0.043134726297796105,0.0005053024592509737,-54332.822192867236,0,9
0.04314883880376648,0.0005053024592509737,-54356.431597699,0,9
0.04316259258454597,0.00043332448529098433,-54380.37629525775,0,9
0.043176718850399,0.00043332448529098433,-54404.6645291075,0,9
0.0431884460480215,0.00043332448529098433,-54422.92143160271,0,7
0.043200369045281406,0.00043332448529098433,-54442.47761765841,0,7
0.043213666534063104,0.00043332448529098433,-54465.69875882249,0,8
0.04322631274831278,0.00043332448529098433,-54481.98907471138,0,8
0.04323970968778683,0.00043332448529098433,-54499.05671949936,0,8
0.043253731611208046,0.00043332448529098433,-54518.12165281068,0,9
0.043268592952304834,0.00043332448529098433,-54536.224599834335,0,9
0.04328307195946914,0.00043332448529098433,-54553.661512929066,0,9
0.04329441680260726,0.00043332448529098433,-54566.43536585263,0,7
0.043303572303885,0.00043332448529098433,-54575.42147719578,0,5
0.04331053523441136,0.00043332448529098433,-54578.770879539254,0,3
0.04331530498349781,0.00043332448529098433,-54579.61946355927,0,1
0.04331990796375074,0.00043332448529098433,-54580.80723420075,0,1
0.04332313927072845,0.00043332448529098433,-54580.68239975601,0,0
0.04332628667175419,0.00043332448529098433,-54580.73934077867,0,0
0.043329438711848696,0.00043332448529098433,-54580.790490273444,0,0
0.043333971457911985,0.0004705884908991917,-54582.102887109155,0,1
0.04333960075850292,0.0004705884908991917,-54585.77148737729,0,2
0.04335359910811686,0.0004705884908991917,-54601.255972130515,0,8
0.0433669897661516,0.0004705884908991917,-54615.29367815604,0,8
0.04337926355315513,0.0004705884908991917,-54629.65808990594,0,8
0.04339440238218324,0.0004705884908991917,-54654.623539001725,0,9
0.0434078679301771,0.0004705884908991917,-54676.38496519021,0,8
0.043422274023526664,0.0004705884908991917,-54702.408975219354,0,9
0.04343739736537409,0.0004705884908991917,-54731.95452752093,0,10
0.04345021523989119,0.0004705884908991917,-54755.702968802296,0,8
0.043466363458209124,0.0004705884908991917,-54790.618395036196,0,10
0.0434805636832243,0.0004705884908991917,-54814.30018216917,0,9
0.04349227431505854,0.0004715803170125141,-54833.94404201333,0,7
0.043504565384284904,0.0004715803170125141,-54852.94074241936,0,7
0.0435192488419369,0.0004715803170125141,-54874.43498642427,0,9
0.04353198939520229,0.0004715803170125141,-54890.5959442537,0,8
0.04354398931389353,0.0004715803170125141,-54904.629807956655,0,7
0.04355555581895818,0.0004715803170125141,-54918.03009123298,0,7
0.04356434807532291,0.0004715803170125141,-54923.8954673041,0,5
0.0435703016570145,0.0004715803170125141,-54925.70653366255,0,2
0.043574982568198764,0.0004715803170125141,-54926.73049606835,0,1
0.043578208910967184,0.0004715803170125141,-54926.60841471156,0,0
0.04358135598213872,0.0004715803170125141,-54926.66506059578,0,0
0.04358450745538165,0.0004715803170125141,-54926.71621115578,0,0
0.043587658643792083,0.0004715803170125141,-54926.76773594094,0,0
0.04359357177848902,0.0004715803170125141,-54930.787068404235,0,2
0.04360618879782881,0.0004715803170125141,-54944.32320923115,0,7
0.04362050907687296,0.0004715803170125141,-54960.72506036488,0,9
0.0436318620235585,0.0004715803170125141,-54972.641148884715,0,7
0.04364517098524636,0.0004715803170125141,-54994.81685358688,0,8
0.04366133587863788,0.0004715803170125141,-55023.66031545176,0,10
0.04367654797429687,0.0004715803170125141,-55052.342805062355,0,10
0.04368937099240426,0.0004715803170125141,-55075.38441847403,0,8
0.043704139541312116,0.0004715803170125141,-55104.79127292373,0,9
0.04371824411308288,0.0004715803170125141,-55135.89910825138,0,9
0.043731997876584154,0.0004715803170125141,-55161.38618149141,0,9
0.04374537744195229,0.0004715803170125141,-55188.35325259257,0,9
0.04375987552606219,0.0004715803170125141,-55210.96406851646,0,9
0.04377297815871829,0.0004715803170125141,-55227.82540346743,0,8
0.04378424938246928,0.0004715803170125141,-55241.173825125035,0,7
0.04379829786593458,0.0004715803170125141,-55257.05809297206,0,8
0.04380855070448887,0.0005300771798167788,-55267.73051624678,0,6
0.04381458257250556,0.0005216794754036979,-55269.40504026082,0,2
0.04382027205742573,0.0005129987372570472,-55271.76784370096,0,2
0.043823586437101485,0.0005043328974922612,-55271.45222710759,0,0
0.04382672834979415,0.0004956662298332882,-55271.5152704779,0,0
0.04382987984158725,0.00048699979239431857,-55271.565987272355,0,0
0.04383303077501921,0.00047833351396192847,-55271.61752585206,0,0
0.043836181682579294,0.00046966739932470373,-55271.66901141076,0,0
0.04384209456090939,0.00046100144815666206,-55275.672990535866,0,2
0.04385434358983129,0.0004523356604760175,-55289.114665231704,0,7
0.043868668264537475,0.00045184879825030394,-55305.25269265441,0,9
0.0438817693358091,0.00045184879825030394,-55318.90136590283,0,8
0.04389339723305497,0.0004383707561979333,-55336.886854070064,0,7
0.04390596018030345,0.0004299747546687819,-55358.78126902855,0,8
0.04392073202611791,0.00042129570680076,-55383.714596502585,0,9
0.043935226307003826,0.0004173872360595266,-55408.709549921485,0,9
0.04394832910951029,0.0004173872360595266,-55430.59531669607,0,8
0.04396412154049779,0.0004173872360595266,-55459.96162245781,0,10
0.0439793389906306,0.00043552778682870577,-55480.81760904786,0,10
0.04399115955017254,0.00043552778682870577,-55494.94226072961,0,7
0.04400233120516615,0.00043552778682870577,-55509.229507662116,0,7
0.044014625126880896,0.00043552778682870577,-55522.56580515083,0,7
0.04402791733296626,0.00043552778682870577,-55537.826811092316,0,8
0.044040941938509895,0.00043552778682870577,-55552.69561224445,0,8
0.044051838787227994,0.00042204996739276564,-55565.131726814056,0,7
0.04406137095466689,0.00041365460576499096,-55570.52025200884,0,5
0.044066946457670196,0.00040497619305554646,-55572.263364560815,0,2
0.04407025070337232,0.0003970574393307428,-55571.96366337656,0,0
0.044073392506561906,0.0003970574393307428,-55572.025751079935,0,0
0.044076543363516636,0.0003970574393307428,-55572.076530514016,0,0
0.044079693697467955,0.0003970574393307428,-55572.12803736152,0,0
0.044082844003181576,0.0003970574393307428,-55572.17950063936,0,0
0.044090137369187474,0.0003970574393307428,-55578.10735003718,0,3
0.044101456288142424,0.00047174555435074313,-55589.2038810198,0,6
0.04411568798389534,0.00047174555435074313,-55605.50178823859,0,9
0.04412805844185601,0.0004347470526712077,-55618.981791187725,0,8
0.04414384881193054,0.00042602053183242244,-55646.00954443523,0,10
0.04415592522643755,0.00042602053183242244,-55666.33271293182,0,8
0.04417069070091567,0.00042602053183242244,-55691.260619685316,0,9
0.044185551389991605,0.00042602053183242244,-55715.92982468559,0,9
0.04419967324073151,0.00042602053183242244,-55740.69694062496,0,9
0.04421619812689286,0.00042602053183242244,-55772.53454249967,0,11
0.044230121265227816,0.00042602053183242244,-55789.90232396507,0,9
0.044245238558640244,0.00042602053183242244,-55810.452740084525,0,10
0.04425943610632079,0.00042602053183242244,-55827.32402094634,0,9
0.04427114692520266,0.00042602053183242244,-55839.576997806376,0,7
0.0442840716357358,0.00042602053183242244,-55854.54386275447,0,8
0.04429607664700618,0.00042602053183242244,-55866.989041196844,0,7
0.04430900181651431,0.0004125432563077722,-55881.68372776299,0,8
0.04431925738355933,0.0004041494580513777,-55888.186924582755,0,6
0.044324920802030016,0.00039976882417782007,-55889.73770641469,0,2
0.044329600623901746,0.00039976882417782007,-55890.747080063236,0,1
0.04433420659200564,0.00039976882417782007,-55891.92049279681,0,1
0.044338448818281216,0.00039976882417782007,-55893.02810466548,0,1
0.044341682208745146,0.00039976882417782007,-55892.90829104202,0,0
0.04434620829749991,0.00039976882417782007,-55894.222238915834,0,1
0.04435082274046982,0.000459499906841548,-55895.96033171276,0,1
0.04435957541373951,0.000459499906841548,-55903.697290073585,0,4
0.04436986952590561,0.000459499906841548,-55914.56775126306,0,6
0.04438309724876249,0.000459499906841548,-55928.99235859814,0,8
0.04439888732247924,0.000459499906841548,-55956.153523669,0,10
0.04441308020794715,0.000459499906841548,-55979.933112708786,0,9
0.04442756321940571,0.000471743661160004,-56004.210665508,0,9
0.04444304877803064,0.000471743661160004,-56031.64403769435,0,10
0.04445789765825188,0.0004141963404974614,-56058.89891209699,0,10
0.044473496976636995,0.0004141963404974614,-56086.32065080498,0,10
0.04448983350150834,0.0004141963404974614,-56105.107238852856,0,10
0.044503655037413804,0.0004141963404974614,-56121.61832298888,0,9
0.044517140447655174,0.0004141963404974614,-56135.936673745455,0,8
0.044529408057118094,0.0004141963404974614,-56150.43080388044,0,8
0.04454417846966587,0.0003997672204802057,-56166.61363251531,0,9
0.04455830442142438,0.0003997672204802057,-56182.37852562493,0,9
0.04457104357605343,0.0003997672204802057,-56196.08954610012,0,8
0.04457991318009282,0.0003997672204802057,-56201.183169730386,0,5
0.04458586087365683,0.00046913869077146506,-56202.91455777853,0,2
0.04459017248755199,0.00046913869077146506,-56203.886946946055,0,1
0.044594782710037924,0.00046913869077146506,-56204.96990520899,0,1
0.04459801107192282,0.00046913869077146506,-56204.863713280596,0,0
0.044601155980699456,0.00046913869077146506,-56204.91981591495,0,0
0.04460430549386938,0.00046913869077146506,-56204.970917097344,0,0
0.044607454708604645,0.00046913869077146506,-56205.02244306132,0,0
0.04461612822940078,0.00046913869077146506,-56212.33816194844,0,4
0.04462504523860187,0.00046913869077146506,-56220.635588613375,0,5
0.04463717563850645,0.00046913869077146506,-56233.09217140473,0,7
0.04465250329633613,0.00046913869077146506,-56260.24189699952,0,10
0.04466772931286948,0.00046913869077146506,-56286.223288230925,0,10
0.04467953785925168,0.00046913869077146506,-56303.19636596718,0,7
0.044692846027436436,0.00046913869077146506,-56324.59191198056,0,8
0.044708285073238596,0.00046913869077146506,-56351.43363263003,0,10
0.04472487631358616,0.0005064473509675478,-56380.313893331935,0,11
0.04473953032046677,0.0005064473509675478,-56395.19064072665,0,9
0.04475363553575844,0.0005064473509675478,-56410.64920526613,0,9
0.04476847901854535,0.0005064473509675478,-56426.122450325485,0,9
0.044781208875745174,0.0004929707100468865,-56439.547620562305,0,8
0.044794966968187834,0.00048457873570097187,-56453.23710578815,0,8
0.044807980218044836,0.00047590368511262854,-56466.956728441146,0,8
0.04481924444351135,0.0004672435374018243,-56478.637563321674,0,7
0.04482600873541614,0.0004585825613120422,-56481.25448313042,0,3
0.04483141644444897,0.0004499218153488495,-56483.232317506445,0,2
0.044835741927144096,0.00044890026159699603,-56484.133356857004,0,1
0.04484035108039208,0.00044890026159699603,-56485.195634847274,0,1
0.04484357913190295,0.00044890026159699603,-56485.09302196404,0,0
0.044846723655278656,0.00044890026159699603,-56485.148927541304,0,0
0.044849872786846066,0.00044890026159699603,-56485.2000297983,0,0
0.04485578390277184,0.00044890026159699603,-56488.613931646534,0,2
0.04486803166326062,0.00044890026159699603,-56499.837029437644,0,7
0.04488134213412267,0.00044890026159699603,-56512.38019249021,0,8
0.04489499968610044,0.0004050425855443225,-56527.09701118131,0,9
0.04491261488542963,0.0004050425855443225,-56556.04041993972,0,11
0.04492789387287851,0.0004050425855443225,-56581.320998842304,0,10
0.0449407113641235,0.00043970819700925393,-56601.13807297926,0,8
0.04495336213383982,0.0004354484686838768,-56621.9200942991,0,8
0.04496499758724254,0.0004354484686838768,-56639.758012351245,0,7
0.044979686284019584,0.0004354484686838768,-56664.204899748765,0,9
0.04499140037371408,0.0004354484686838768,-56675.80683684153,0,7
0.045004702612807375,0.0004354484686838768,-56690.03962991471,0,8
0.04501872836053313,0.0004354484686838768,-56705.98503939991,0,9
0.04503284227778598,0.0004354484686838768,-56721.60402612471,0,9
0.045045937360914404,0.0004665337539421303,-56735.210935071875,0,8
0.045057942039347584,0.0004665337539421303,-56747.1169183696,0,7
0.045067101761184836,0.0004665337539421303,-56755.27211869733,0,5
0.04507470741255364,0.0004665337539421303,-56759.535835547555,0,4
0.045080212417216166,0.0004665337539421303,-56761.32127730309,0,2
0.045084900000470746,0.0004665337539421303,-56762.21954883427,0,1
0.04508812316280799,0.0004665337539421303,-56762.1212892328,0,0
0.04509126746318736,0.0004665337539421303,-56762.17692043834,0,0
0.04509441613324097,0.0004665337539421303,-56762.228032931045,0,0
0.04509894563698205,0.0004665337539421303,-56763.39845525698,0,1
0.045104571839383885,0.0004665337539421303,-56766.82119489908,0,2
0.04511856817994157,0.0004665337539421303,-56781.78595392925,0,8
0.045132602499945565,0.0004488984638774924,-56797.31851659065,0,9
0.04514496697515377,0.0004488984638774924,-56810.66285472966,0,8
0.04515734916207327,0.0004488984638774924,-56828.44225554159,0,7
0.04517063546641894,0.0004488984638774924,-56849.931545645544,0,8
0.04518539595189384,0.0004488984638774924,-56874.169553497406,0,9
0.045200902159342436,0.0004488984638774924,-56901.29327297145,0,10
0.04521372414732257,0.0004488984638774924,-56921.76588218083,0,8
0.045228758276481554,0.000394558051726405,-56949.53662933486,0,10
0.04524435165607685,0.000394558051726405,-56967.82255198791,0,10
0.04525578732831846,0.000394558051726405,-56979.728565560785,0,7
0.04526770892784375,0.000394558051726405,-56992.519767783255,0,7
0.045282407405495426,0.000394558051726405,-57009.50921639721,0,9
0.04529551341318012,0.00047616700983624445,-57023.63093377992,0,8
0.04530714954845074,0.00047616700983624445,-57035.82519208967,0,7
0.045319064363770506,0.00047616700983624445,-57048.28083211443,0,7
0.045328216873465686,0.00047616700983624445,-57053.57194195224,0,5
0.04533416338063161,0.00047616700983624445,-57055.29451306035,0,2
