csp_avg,csn_avg,delta_sei,cf
-0.02350706448297809,0.004433945899647582,0.004811217940331561,0.005482932647115651
-0.0010870184481057627,0.002038380118500962,-0.0050793335467213575,-0.005784940533406542
-0.0019189127659635361,0.0020192625831681613,0.0028530788760054208,0.003241169908693794
-0.002164059539861032,0.010950498967213477,-0.008142583229097458,-0.009242538939312709
-0.0002396605795496124,0.00025948397246389876,-0.005649925920714531,-0.006390390938599517
-0.0009809467550386992,0.0005184663137232677,0.0035499822736107223,0.0040051265975348865
-0.0002686300250854919,0.000393547033247239,-0.00280623582218091,-0.003163064805771275
-0.0007792414489234307,0.0009511654217395121,-0.008571786006826095,-0.00964406838673424
-0.002311265211602088,0.0006874036574539229,-0.0010752915290789802,-0.001205860129821257
-0.00195603094708241,0.0004301221145439611,-0.0002609819921054063,-0.0002921738372408572
0.0024547526888727207,-0.0004845495836556651,0.0012793287793123344,0.0014301116643920255
-0.01966789992810753,0.006312198168433574,0.002792384347943991,0.0031180284183572886
-0.0012381589954669975,0.006077015404980079,-0.0036321145227544696,-0.0040542292005228174
-0.0007220324291208821,0.00206788691905667,-0.0100850629769512,-0.011238352105935535
0.000615606419861093,-0.00030782464343355687,0.0016651134649478384,0.0018493212112238627
-4.815395858759337e-5,2.1573475020360508e-5,-0.003256735632870273,-0.0036135819959634413
0.000558405909611156,-0.0002679018987259744,0.0017919627407910477,0.0019851083065957342
0.0005692122321436143,-0.000438491669906528,-0.0016514531401735349,-0.0018278352272299413
9.363412773771483e-5,-0.00010173666620244349,0.0026347077163622595,0.0029123306644863
0.0005915696929516982,-0.0008415947542042313,0.0005174058992155179,0.0005715221577835978
-0.001475050823882126,0.003175855806013849,-0.004976484239970111,-0.0054923260109160325
-0.0025267466861871074,0.002457939561397515,0.0023704801202484704,0.002611896075746312
0.0010813518975821231,-0.005527497748804254,-0.005219820596743677,-0.005748812576349554
-0.03184216909890919,0.005431236787290087,0.0029435658472706234,0.0032261901033231763
-0.00024173586772580248,0.0005677969226195419,-0.0025750509181787454,-0.0028215576773096473
0.00022707005772648037,-0.00043021992856373287,-0.0010806476778937883,-0.0011828202481280988
-0.0015450627968508525,0.0028796582559250834,-0.004868069234577018,-0.005323679299219089
-0.004338770111842186,0.00347003653377274,0.002522964130795494,0.0027551976725847436
-0.0007590355979192462,0.0032704132871156874,-0.0021388745441502047,-0.0023348952083697455
-0.0012027950969943438,0.004337800381633597,-0.004695820174590841,-0.005121596384568902
0.0006127178808541528,-0.0007921946182352534,-0.006549621014197934,-0.007133695661014135
0.0023739127712745834,-0.0003715654396259863,0.0009516121692395008,0.0010340658053629174
-0.0021772144614060017,0.0005695919510735136,0.0027815990084516973,0.003020769401421817
-0.0010741949806217018,0.000861151580313609,0.0021196725485366865,0.002300945024177736
-0.00020844479029628508,0.0004990015753852218,-0.002269047973737537,-0.002462067995230178
-0.00020178543229840877,0.00041074519396056534,-0.007337576894184967,-0.007954960478616019
0.002198304741317506,-0.0005693810412888396,0.0013102452592724386,0.0014176235222724326
0.00037320912977829987,-0.00019568447531459178,0.0015459634571500813,0.0016717804579201116
-0.003429899738491768,0.0026873011647270025,0.0022699236544165653,0.0024534265967606143
-0.0002690397404245133,0.0008884744515354552,-0.0021042042343962938,-0.0022735902413863183
-0.0014720772220300597,0.003644518055840591,-0.004228813011098455,-0.004565792469207057
-5.1278189522006825e-5,5.469501618753984e-6,0.001479787189186028,0.001596036564689526
-0.00031124467485232036,0.0007845745280283727,-0.0007676394009934616,-0.0008276198651161611
0.0011497732030740658,-0.003733379850925509,-0.0010732548558190157,-0.0011564869617679788
-0.0021928000002106388,0.01418602184713693,-0.0029880978809173394,-0.0032184526357363456
0.0011192708276972633,-0.004749972920982086,-0.006552053367502239,-0.007052716403090334
-0.0022248642437344658,0.000567105147965027,0.0024332542507997804,0.0026131682261705497
0.0011763637525050161,-0.001026180954177735,0.0004086348960439052,0.0004387096875274777
-0.00012256277973913052,0.00011228086908277169,-0.00322443106931303,-0.0034600739012761333
-0.002409993588852597,0.001346683301511053,-0.0026853723139197484,-0.002879234337120783
-0.0322909778910123,0.0039816631174313935,0.002689314178144499,0.0028803943854031526
0.0005893092437905344,-0.0009082015000979551,-0.0003192567609424893,-0.0003418836803614557
-0.0006487158721293576,0.0011517399792546133,0.000447853654104387,0.00047937084906730384
-0.001650502137035658,0.0070800994183499244,-0.005009956149974969,-0.005360765784565476
0.00042194605078296207,-0.00042610309257768027,-0.0012298927043802776,-0.0013145770334821456
-0.0056566038390595385,0.004257630925196407,0.0019357921136067056,0.0020679198547012465
-0.0019655758392373985,0.00932624726674097,-0.005015253094087417,-0.005356545429882773
-0.0008886993262774265,0.0007601678722679554,0.0015816955289227853,0.001687485217781446
-0.0004696160494968111,0.0012402757237900295,-0.006205301118862639,-0.006618584448233284
-0.008056480828955263,0.0031446545753934215,0.0024333252184424925,0.002592185484012371
-0.0012170881246296558,0.0023715378758033534,-0.005455852578377928,-0.005810927011452232
-0.004380247482980701,0.0018009355219341225,0.002276045502900651,0.002421736258690828
0.0004292913112331811,-0.0007137743592557123,0.000807546713551598,0.000859054321810556
-0.0002781905256979999,0.0020663683971218587,-0.004136354924803796,-0.004399286952683023
0.001475132995182886,-0.00036540545275492894,0.00046188962844594453,0.0004903139228458553
-0.001009081466983943,0.0003455420397469099,-0.0004887142365576818,-0.0005186091385423565
-0.003016066552686023,0.0008533477553231847,-0.0006258417023530982,-0.0006638349313519362
4.282292518292515e-5,-3.750418072657e-5,0.0019049171940772281,0.0020195938972712314
0.0009375046209945217,-0.0006026033629309896,0.0005816560045230392,0.0006165408435740953
0.0011823687197889483,-0.0010525667005579912,0.000978109000537436,0.0010364423535947345
0.0001670081821407367,-0.0002877287327994464,-0.0008880291604033332,-0.0009407380933426149
-0.00032213788746237774,0.0004352731356809232,0.0005779726039953369,0.0006120423709964671
-0.0010185907598013093,0.0030131534440897808,-0.0028696150438606394,-0.0030380228622710753
0.0013679747842920541,-0.0017665279793287964,-0.0040132182962054385,-0.004246399091381421
-0.002860331669468907,0.0003908390899347928,0.00017077698910674806,0.00018050397480284176
-0.001573885974703527,0.0002714779245026492,0.00012495052025382128,0.00013202512362332064
-0.0023526747501286097,0.00040496912963739666,0.0019547639064037433,0.0020647720192287907
-0.0010870818119435985,0.0008012946063996954,-0.0027358108046066924,-0.0028892668313567835
-0.03701720306571765,0.004617649783351111,0.0019639823446710976,0.0020725937812911006
-0.0011931620735627876,0.0021186490008667396,-0.002336419032686012,-0.0024653951450737213
0.00033299557790794117,-0.0003473242670928087,-0.0014428408573965998,-0.0015217963316722404
-0.0010316828286432726,0.0006321238931874995,0.0015643147354467033,0.0016492677330501994
-0.0007002228968062196,0.001279250970351027,-0.0017539291864725004,-0.0018488531592928772
-0.0005993797791972686,0.0007085336368921689,-0.0028716662032940484,-0.0030258985988673827
-0.0020829153858656197,0.0010736546747937808,-0.0016170525731883671,-0.001703054531758626
-0.010188184315239112,0.0023276167225345264,0.0021130810615901828,0.002224474901059847
-0.0008941628742133895,0.0010690305740041902,0.0008983127289167402,0.0009455493250088849
-0.000954902490039073,0.0032054601805270324,-0.004635716374017444,-0.004878639721489819
-1.7886037473423146e-5,1.7189789944869383e-6,-0.0010562145534034827,-0.0011107540919670794
0.0009589440137404344,-0.0004030429598712983,0.0007441851780176646,0.0007823406788357224
0.0009056460205330717,-0.0005872016105455966,0.00018504546427709702,0.00019448973593517597
-0.0011927567257952805,0.0008951631970161039,-0.0023973093027281948,-0.0025190291427678977
0.001687455283209549,-0.000472084824284378,0.0005167321280273511,0.0005427164842721809
-0.0014316042640808175,0.0005789670869455079,-0.0007758775333422185,-0.000814708886025898
-0.0036288159994253073,0.0010000496830692,-0.0005652225644032106,-0.000593317131434425
-0.029171191529280056,0.004423595635108649,0.0018429663761775701,0.0019339173348293767
-0.0007163116514897858,0.0012771196617051561,-0.004270502299615259,-0.004480892475938546
-0.005618822583235589,0.0018009239270248543,0.0018392492733171589,0.001928646529739909
-0.0006175582027384684,0.000776260824029563,-0.0030626057888902066,-0.0032110709192161566
-0.002552371993070461,0.0011405706030396502,-0.0012201795052819001,-0.0012787518596300866
-0.0016570814885852377,0.0003121342557352601,0.0016226649363944514,0.001699954380673695
-0.001237581108045007,0.000916217568560304,-0.00239936899004249,-0.0025133220658229757
-0.017630855167950397,0.002379142613493315,0.0019272847192766153,0.002017751422582691
0.0012236988563682442,-0.0013063336612996563,0.00046392472553632503,0.0004856568849302503
-0.0011848220853994801,0.001936488947967489,-0.003541525894776321,-0.0037067554519297848
-0.0018289168861409114,0.0007676151734442422,0.0014772950735637278,0.0015454836986819997
-0.00023930186921892452,0.0002874225625862415,-0.0032480823480427155,-0.0033975600364309984
-0.0010896678751064804,0.00031420412251404226,0.0013716559343375254,0.001434109873043675
0.0003369708367526005,-0.00032659806092467014,0.0010645605400896934,0.0011128809370619607
0.00021995075516342716,-0.000452757188002139,0.00023528078362205154,0.0002459267727309766
-0.001907366494243661,0.0113195989470953,-0.001566558853875934,-0.0016372375253594744
-0.0013929807003075906,0.005313430116497979,-0.0037089607479493213,-0.0038753621062284
0.0010889479994501215,-0.0008159406412821317,0.00039772357417467894,0.00041535621697717025
0.001182721531582053,-0.0012235438202877198,0.0005673472457294142,0.0005923956885347252
-0.000633264799702075,0.0010632372672755585,0.0004010372404244368,0.0004186786311100849
0.0016929485726093817,-0.008090501075177453,-0.0017557332629444449,-0.0018327433230385431
-0.003697004964636237,0.02977871745861973,-0.0022837957092139275,-0.002383674571528753
0.0014214224381026916,-0.005056573048440644,-0.003953334635361963,-0.004125262404140353
-0.0011190279044791232,0.00024848690524828927,0.001371751899461753,0.0014303332835579466
-0.0007120145507473385,0.0005203636035563219,-0.0017377165974720365,-0.0018117207813067888
0.0003951179787625923,-0.00015825690646534718,0.0009916103835334645,0.0010335337369361643
-8.164406953758216e-5,4.47140216834389e-5,-0.0012396503236252947,-0.0012918880941756783
-0.001339053414648258,0.0005516048084671189,-0.0006638090543038745,-0.0006916057449732392
-0.0038252123284037006,0.0010087332703681445,0.001512750918976256,0.0015757327008620562
0.00044072122501644345,-0.0004468491205856528,-0.0007346728738061408,-0.000765185215791414
0.00027798407011998247,-0.00026716819839961426,0.0010132028303377941,0.0010550622198303814
0.002504423481161482,-0.004614425062197161,-0.0027725518175520047,-0.002886772416754969
-0.039480530229754986,0.0043352509727791096,0.0015221326275293996,0.001583761011372541
0.00021668733834131497,-0.00036691499414760644,4.975271009231284e-5,5.176438706563348e-5
-0.0007111269991696185,0.001660859165565486,-0.0015197345378650882,-0.0015809629742015016
0.0020159985268533784,-0.0027633779096339593,-0.0026717837133540786,-0.002778787331693712
-0.0132065775691003,0.0014895674062040548,0.0015763611424922071,0.001638576546398535
0.0011803763109260689,-0.0009773462802113795,0.0003130768504540824,0.0003254103312304577
-0.0004294323891081393,0.00039053262901472726,0.0008332904549727087,0.0008659960748826711
-0.0016428949801533773,0.012132942922729342,-0.002476566036163655,-0.0025735992851294138
-0.00035564515138693513,0.0024019043726085667,-0.0032570074371702142,-0.003384246077331194
-0.008621277860709667,0.003005937507115817,0.0015024530978948584,0.001560152914325767
-6.550418624784438e-5,9.559071789215682e-5,-1.9060030613600783e-5,-1.979065510848561e-5
-0.0002689204473426457,0.0007241329702014118,-0.0002824886780843994,-0.0002932807267627857
0.0022799819585330003,-0.009461838348873628,-0.002199666552320545,-0.002283419773377296
-0.009860665887781093,0.0013898102182326618,0.0014886763791846739,0.0015442277610710797
0.00117789815778024,-0.0010330557270151594,0.0006014828413368671,0.0006238865121178597
-0.00098323867640584,0.0014264209833872523,0.0005096430747128047,0.0005285683786696271
1.9613661066566132e-5,-1.7775759841744593e-5,-0.0034631593505906537,-0.0035914626482655703
-0.0032148195098400923,0.0013765416067854266,-0.0009806762832750972,-0.0010165162698256385
8.540173203186816e-11,-1.454274431093951e-10,2.027161644504282e-15,-2.3143849982411757e-15
-0.002638262882912215,0.018549173312663928,-0.003075808746713309,-0.00318732113729455
0.0006729740225211709,-0.0005079554457761276,0.0008087789429276027,0.0008377507906114735
0.0005327980938767034,-0.0007159511167765913,-0.0028512180614441037,-0.002953078637081596
0.0025620668400005205,-0.0004488255819684532,0.00044178192760991507,0.0004573859619957709
0.0013831290905781872,-0.00042970489310232706,0.0003201871824785853,0.00033146097906129834
0.00045473529296084607,-0.00021430695584714454,0.0006704966127487321,0.0006940247281280219
0.00044848384269059293,-0.00034426139838584867,-0.0007660670523074193,-0.0007928698663532962
-0.0020227740405606904,0.001002827406491849,0.0011409156524612295,0.0011806442749105715
0.0004898675384113965,-0.0007836814743211547,-8.363269168421342e-5,-8.65386785231492e-5
-0.0013914823322463913,0.002788506856349137,-0.0026444268393496645,-0.0027360071896850493
-0.0016198424429659582,0.0008559756002427944,0.0010887141952784826,0.001126123539565132
0.0003618613288627694,-0.000607446023952202,-8.346827433954745e-5,-8.63301686511756e-5
-0.000329234021210223,0.0007004557281549805,-0.0001700497187002446,-0.00017586134131794594
0.0010096543213890111,-0.003129873890377011,-0.00041837897965024836,-0.00043263322468640824
-0.00013312308321238042,0.0009964660703283793,-0.0027605070702904147,-0.0028543137785287088
-0.011796042329502153,0.0038001135942492188,0.001314875970001109,0.001358876006865264
0.0015531777558299951,-0.0030546887229095173,0.00014635200346468333,0.00015124222632741593
-0.003205934525194822,0.02411997904599721,-0.00160711586576429,-0.0016607148718386473
-0.00014568500985495076,0.0005830862894477809,-0.0031655453516459832,-0.003270676416186734
-0.0030501002986831776,0.0014192916158312424,-0.0010066590278473492,-0.0010397270013418755
-0.02915777862101725,0.0035723923680361317,0.0013310397596945228,0.001374474912065216
-0.00024578504378637534,0.0002933804505640119,-0.0009216231883980555,-0.0009516611340049269
-0.0001760332974184607,0.00014379565405434178,-0.0014547493325418998,-0.0015019493619583648
-0.0020547375536525956,0.0008742036323479342,-0.0006760011236435963,-0.0006978123754745928
-0.01068675541506056,0.002483200429666645,0.0013156385937749344,0.0013578837472436238
0.00022395649724488427,-0.00031506489624898897,-0.0004955535887375003,-0.000511441592113902
0.0009508155344512411,-0.0011160848004781077,0.000348141363005869,0.0003592601929001347
-0.00044344144846662076,0.0008817951663374232,-0.0029018882735456658,-0.0029943230372237537
-0.0020800667175229024,0.0006742270711916854,-0.0003468717366861291,-0.00035781847963345723
0.001466101569009046,-0.0003258282291769616,0.00025056300621462905,0.00025843706792039536
-0.0012942880374750734,0.00040893268975563415,-0.0002252647521264974,-0.00023232212448964632
0.0012219550698158814,-0.00032987544157743324,0.0007835520423279456,0.0008080044451881818
-0.0033110621527137857,0.0018431515361371676,0.0010588488795301614,0.001091815439164951
-0.0004455109514148192,0.0009354149137275405,-0.0028594097635537127,-0.0029482808863610273
-0.0027194024843562588,0.0008839106482442481,0.0010547747562443207,0.001087261834311497
0.0009909896990212008,-0.0010250223418208624,-4.582611553082399e-6,-4.723481290095705e-6
-0.000451414962637894,0.0005163239279184825,-0.0017471193533771857,-0.0018006573229825934
0.00011417737119203112,-5.8377953307450524e-5,-0.0003089925780746858,-0.00031840636905665885
-0.0033539422658107475,0.0013338388208541411,-0.0007355846483263319,-0.0007579108173592391
-0.0013974841613889387,0.00014616156010739272,0.0010344454994541585,0.0010656658444907336
-0.010152168705827799,0.005761434831227245,0.000947608800008802,0.0009761589914962465
-0.0006393989321782682,0.002982317864714469,-0.0007393893736839872,-0.000761640095063903
0.0013015832715184356,-0.005787091410383858,-0.0025519865374795305,-0.0026285390217026714
-0.0032750917760531306,0.0007966362064073379,0.0010683708410793157,0.0010999887279998966
7.753997143781135e-6,-2.4389994338512007e-5,-0.0011242016023699924,-0.0011574126787482477
-0.005191842499786258,0.002353536706647908,0.0010813647073063786,0.0011131600939391039
-4.7707682794001497e-5,6.318803065504745e-5,-0.0005847178396818384,-0.000601883558057828
0.0003474800346620023,-0.0005771015871481982,-0.0003282659946164132,-0.0003378688200413047
-0.0006645144545857311,0.001055631542864975,0.0002337435549281549,0.00024055933847350608
-0.001119185658220654,0.0038440757748897723,-0.002485359231683899,-0.002557672868095169
0.0009050353498967415,-0.0006200436228843548,8.752571147067797e-5,9.00526723381202e-5
-0.0035966763985979078,0.0027487941344053056,0.00086498379810795,0.0008898829409319493
-0.0002547789474897253,0.0007982109398905239,-0.0009426361697848759,-0.0009697294169398333
-0.00016817614970973771,0.00033396998650981924,-0.00017689941071223888,-0.0001819637292824073
0.0031172839720179893,-0.008438544131296851,-0.0017936746425976852,-0.001844885630022304
-0.02636001904443738,0.003054748658365559,0.001175718219226836,0.0012088246121311386
-0.0003559094377860213,0.00039011050498439175,-0.0017577249133723628,-0.0018071641934051513
-0.0158424024177235,0.005879223232299566,0.000987897019962365,0.0010155232570053974
-0.00032327675414604406,0.0010010230056166412,-0.0004015526566928608,-0.00041277007421587164
-0.001407142451907702,0.005060755413153902,-0.0021831158996988313,-0.002243929460851266
0.001096665746634266,-0.0009145102207419116,0.00047193642967302936,0.0004849930401048109
-0.00012388560145085604,0.0001955263276967888,-0.002275619377893011,-0.0023384346714275185
-0.0020905816704214213,0.00045527960883711235,0.0009506812562579865,0.0009767184396008237
-0.0057932820796865155,0.0043834486010988095,0.0008124257655750534,0.0008346386761670612
-0.0010914507889505493,0.004998653754205428,-0.0012725069234496608,-0.0013072566397941954
-0.0013157204441587103,0.0023602843523687256,-0.0013457492830637467,-0.001382325706004754
0.001111833719088405,-0.0009894365251980552,0.00013057379211139165,0.00013410632366363302
0.0011933463425305266,-0.0013574246964754085,0.00016715207595203373,0.0001716622515204425
3.319327545375052e-5,-8.020811568582817e-5,-0.00048328212670987076,-0.0004962902895119725
-0.0007602373334630784,0.0010400747943203929,-0.0016156842869340265,-0.0016590316526794802
0.000730024927305612,-0.000403465507006094,-9.035132539477184e-5,-9.27628767498045e-5
-0.01108649228542143,0.005899108280853793,0.0008677156692293954,0.0008908064061722704
-0.0006578759796639593,0.0027358734141165854,-0.0007727655279742097,-0.0007933080867048887
-0.0007247766272724056,0.0020559164086191967,-0.0024342320309464435,-0.0024987161527686703
-0.0007862951935331636,0.00034559351811029804,0.0007783012872189443,0.0007987647362431237
-9.330621880967931e-5,8.411851879175743e-5,-0.0011194700690815363,-0.0011488501593145224
0.000942633872946824,-0.0006185810932269608,0.0003924470407800835,0.00040270287336595406
0.00038145267319843125,-0.0003981348646025303,-0.0007132274607152835,-0.0007318235623960291
-0.001621955439097879,0.0010196890116039962,0.000802605641274084,0.0008234555348854635
-0.001334364020627441,0.0026744916558295987,-0.0019820291466061024,-0.002033436609405378
0.00033764916099947035,-0.00022306807282073982,0.0005543520015975535,0.0005686460071375155
-0.0004210723974540714,0.000352005387794476,0.0005705058922449035,0.0005851861273738216
-0.00322835466821888,0.024889915819826833,-0.0021505913598859343,-0.0022058701825841353
0.000597977515132925,-0.0004982565496852826,-0.0004810477574806591,-0.0004933133319043498
-0.0012201870410189933,0.0007011792837496361,0.0007747564320301958,0.0007944452882416964
-0.00019413368226574843,0.0003136113177691749,5.0278979330354905e-5,5.155464877881848e-5
0.0007060932626191508,-0.0019202242230921538,-0.002471889142936103,-0.0025344705792526246
-0.006453818762402094,0.0018333648428786467,0.0009902522223948545,0.0010150974121795092
0.0017215102718772966,-0.002020777307231483,-0.0016395714243983347,-0.0016806524875474518
-0.007105655857135792,0.0007937562949399123,0.0009466109951710622,0.0009701293627809005
0.000910061290425017,-0.000635824925995763,7.592658352033904e-5,7.781054347510143e-5
-0.0029394804006715536,0.0022856477663219274,0.0007289791164818324,0.0007470212269569561
-0.00014520430549496335,0.00041931008363118276,-0.0006397124365459947,-0.0006555235440099495
-2.8869271787846377e-5,5.3709587543670214e-5,-0.00040231243377324095,-0.00041222529928595757
0.00043938099280874137,-0.0010056973675299555,3.69638273360123e-6,3.7872123326785604e-6
-0.002400918413716557,0.014550501251725965,-0.0019477232476032749,-0.0019955037087922827
0.0009881696604901477,-0.0008463038848678271,4.1380224988959456e-5,4.238809441237549e-5
0.00018886165097605165,-0.00020737344656402123,-0.0009665978879854644,-0.0009900819362525198
-0.00018307281428630188,9.069060382838088e-5,-0.00044063233156314526,-0.0004512960355402691
-0.006812693634041112,0.002438154041249244,0.0009454381057104678,0.0009682433829250325
0.00043573977810906425,-0.0007050531099991707,-0.0002171806885436255,-0.000222412841862141
-0.0007248276143123408,0.001218936508536857,-0.002025867246463918,-0.0020745473285090996
5.919599612038941e-5,-2.098333083989264e-5,-7.820738394148736e-5,-8.007498273531728e-5
-0.0034896687807766447,0.0012100216591705412,-0.00045103757739911154,-0.0004617787762948934
-0.0043539110763982794,0.0005994757554555162,-4.27843076573667e-7,-4.3799045507755844e-7
0.0033378586422987164,-0.0003859717908504804,0.00047145172418164565,0.0004826016931298533
-0.002880915810615062,0.0009410753962679062,-0.00033350003101769094,-0.0003413735271934596
-0.0018153260973256765,0.0003619625175023998,1.3705645855780418e-6,1.402812180687476e-6
-0.029415353456839984,0.005507572553696727,0.0008149007111809103,0.0008340229706480745
-0.00010937867316800128,0.00023829025465357315,-0.0005644964889491887,-0.0005777326879933198
0.0008586184333379491,-0.0016562088652964408,0.00014053776852300325,0.00014382350023421712
-0.0030080851008984057,0.020505422209048087,-0.001767932694430892,-0.00180920987035378
-0.002852525087128138,0.00273874578141889,0.0005995841188727594,0.0006134935625337184
-0.0004705099692880717,0.0020962970354804424,-0.0005269398600741858,-0.0005391493639006365
-0.0016874590975732972,0.007734389079385993,-0.0015302384912918266,-0.001565609856535073
0.0006232734814739507,-0.0007463022911271764,0.00031864058566273795,0.0003259678402500522
-0.0003491565208734813,0.0007539337439501445,2.7521122881980835e-5,2.815284716443728e-5
-7.104411925107189e-5,0.0003909472115652195,-0.0021244310632562214,-0.002173111536119298
0.0008218846725409327,-0.00041451172223092286,0.00026152615214634987,0.0002674707275144861
-0.0014671534052896414,0.0009992901636442137,-0.001034997916036861,-0.0010584736745936495
0.000132061291125266,-5.6572125434603486e-5,0.0006918649411114927,0.0007074880822241027
8.468446889033843e-5,-9.913007300461969e-5,0.0006013419937968475,0.0006149002898159625
-0.0005915155949303244,0.0008374346443924277,-0.0011021553784859456,-0.0011269657924532423
-0.0006433943985714652,0.00047164015546410936,-0.001054749759271683,-0.0010784019096197618
0.002876997358060755,-0.00034311126986255575,0.0005935814518045916,0.0006068153753326866
-0.014428343553191498,0.0058297044638934235,0.0007894903338277428,0.0008070661416817001
-0.0002272918841973145,0.000714314558062936,-0.0004953705333870368,-0.0005063890533160367
-0.0008774887870442061,0.002380431392195956,-0.0019805922692279158,-0.0020245311477624993
-0.0025311102544504217,0.0013377523043771563,-0.0008013055639904153,-0.0008189759747388108
0.0025524431297805875,-0.00039810395700865843,0.0006188395260444309,0.0006324255173135757
-0.009768718365704287,0.004562250487271081,0.0008038680780563795,0.0008214902311840689
-0.0011593554831669916,0.00307759357532605,-0.0011255495763270945,-0.0011501994618966429
0.0007879076852979616,-0.0009535214330075862,-9.600302470567604e-5,-9.809753860095865e-5
0.00016186662101127662,-0.00023827048886307983,-0.00037124427312978676,-0.0003793250594372885
0.0010402902801215869,-0.0011934354828975716,0.0002249901408104982,0.00022987438039769986
0.000256572086538273,-0.00042632915644722483,-0.0019373965781910613,-0.0019793775312225035
-0.003271923967964206,0.0007157874045253436,0.0007865333853327331,0.0008034568398027155
0.000594915796749584,-0.0005074914426842694,-0.0004345538216392741,-0.00044389191592959337
0.000618234307672901,-0.0004126566279168223,0.00039017125177114704,0.00039853180312846313
-0.00013767881363046776,0.00014405547982484688,-0.0014229703338782314,-0.0014534068312154578
-0.0225859731086449,0.005980724072705533,0.0004613690526724022,0.00047118876862887993
-0.0002491961523850417,0.0014362356702365643,-0.0007911526867140115,-0.0008079818641870835
-0.002199489353089091,0.013364354381530877,-0.001733102755447927,-0.0017699003004593154
0.0008174480680041976,-0.000665163658814949,0.0004497138049214096,0.00045920056873955994
-0.00093530001112167,0.0013943657578094637,-0.000982324602474797,-0.0010030135366724624
-0.006079678518344992,0.004533321149352618,0.0006150689489398437,0.0006279777113341746
0.000550010432813515,-0.002750125525246351,-0.0018215365866138037,-0.0018597322206667377
-0.011976455739569382,0.004028676524999788,0.0008208705310558008,0.0008379313691580386
0.0009631377804691231,-0.0018969683106872413,-0.001832433148677656,-0.0018704834803554612
-0.008664054785628978,0.001648691539773895,0.0008384550234613943,0.0008557344512739546
-0.0028622845670803533,0.0027000883922146906,0.000540794180186295,0.0005519274737473757
0.0020780631678640883,-0.008289241137554186,-0.000589439734849906,-0.0006015612306955952
-0.0035637464019020746,0.02856568887131049,-0.0012345764829475472,-0.00125992945438457
-0.000781439501389025,0.0014809820389204557,-0.0007220221199500977,-0.0007367910899602013
-0.00032714632887332284,0.0003756258488259636,-0.0012781245949923072,-0.0013041908679646377
-0.016143302915055075,0.006497225901644869,0.0006758357402721285,0.0006895617605054145
-0.0005138374488523471,0.001927199265683107,-0.0018641638914801834,-0.0019019967882169628
-0.0005038084287279289,0.00023229700697998993,0.0005826083470032511,0.0005943598367630365
-0.0002456300196404994,0.00029202995031231714,-0.0010188127619135878,-0.001039333850674859
-0.0018426858600518819,0.0010357150582669958,0.0006449468169871005,0.0006578916103593157
-0.00017636276772046517,0.0003332745182843723,-0.0017852720393206469,-0.0018210601101331938
-0.02466349773022834,0.006733104232340441,0.0005797611582924799,0.0005913145351904724
0.0013793216402290356,-0.005158453482279791,-0.0018444395422763321,-0.001881172833831527
0.0009632601290134803,-0.00028943403676228243,0.0004826626906367498,0.0004921970969810236
-0.007750937924801363,0.0045339178645568395,0.0006784369820070475,0.0006918182503351248
0.0021934263386886124,-0.006685112989862103,-0.0016480718393326454,-0.0016805480886712876
0.002673534425556651,-0.0005091353168235239,0.0004977493282979647,0.0005074728884760637
-0.0003134080064173844,0.00011609501572013797,0.0005044893867918373,0.0005143306232551287
-0.0026756039593848775,0.0025657762579557623,0.0004919170277861404,0.0005014988827343982
-0.002029650896820526,0.0115622484424756,-0.0011053388889233325,-0.0011268498857039454
-0.0007348386741655702,0.0010833193356881458,0.0002731119854144728,0.0002784057776008674
-0.0017889165310268158,0.009873725948118096,-0.0010120180360955852,-0.0010316119555418344
0.0018509367763481842,-0.0030829124613352926,-0.001429686019895378,-0.0014572638608432219
-0.00979189705483354,0.0012553781231837429,0.0007687782778408651,0.0007834981531215635
0.0011673986067837906,-0.0009411510584151904,0.00020274336906911494,0.0002066216064433507
-0.000887563527489392,0.0009224860054557595,0.0004124051690448264,0.00042028016489004057
-0.003041132005456653,0.021198876096037333,-0.0013135285712262445,-0.0013385889678059688
-0.00042048764312369746,0.0004959004396114911,-0.001050868063816532,-0.001070824267792216
-0.0022245690765946517,0.001069208055742421,0.0006350871498700789,0.0006471051690592556
-0.0004443122635698619,0.0006275091394306448,-0.0005972324750881109,-0.0006085208744004007
0.0007569201304583369,-0.0007592360566338902,-9.971053564960003e-5,-0.00010159010121242885
-6.346032382817548e-5,8.15882681310214e-5,-0.0012709457397195442,-0.0012948535526807682
-0.030094336667824635,0.005307989584897663,0.0003353251266810978,0.00034160139405640293
0.000983020882316931,-0.004493472945300835,-0.0006312541779429671,-0.0006430639021860309
-0.0017711141411236365,0.012657541720919178,-0.0016258621925502976,-0.0016562361678970257
-0.00045760724791914513,0.00021495848559641002,0.0005357512619145568,0.0005456916620877647
0.0006838019095014008,-0.0009545622288701128,-9.602428583946175e-5,-9.78036434280656e-5
0.0003814010831186201,-0.0006083304098193748,1.8985369688624316e-5,1.933649397944243e-5
-0.00020691731442607606,0.00044951832636351715,-0.0001563322696816843,-0.00015921869509943497
-0.00031197216081193,0.0008441191825114738,-0.0006281828940332562,-0.0006397603983314405
0.00021679060754917234,-0.00040220538439582104,-0.0002467510799052679,-0.00025128694870895117
-0.0011708246190043241,0.0019921909823391554,-0.0009641762173779633,-0.0009818636417613063
0.0008911969309664063,-0.0007139748249373027,1.3333499787462373e-7,1.3577308014633384e-7
-0.0024265710573095844,0.0020159495801329577,0.00045598876063098105,0.00046431060952104443
-0.000353810832778453,0.0028960097120992595,-0.001026209168700543,-0.0010449243334631959
-0.029554949737849227,0.006397989464174174,0.00043496409993864653,0.00044281787424437137
-0.001166803866644052,0.004783710996729512,-0.0009866607724819411,-0.0010044672702021506
-0.0011554212335578569,0.0015928192089674795,0.00027805902735760396,0.00028305998051775006
-0.0012902236003452803,0.0054355332135295345,-0.0010404118607261223,-0.0010591027453145984
-0.00035576855447180903,0.00043796569028352577,0.0002421044023998047,0.0002464382061633178
-0.00017512161421138204,0.0005087674160355642,-0.0003656588715620381,-0.0003721958336506067
0.0007235092506180786,-0.0018556534416303194,-0.00173388734008596,-0.0017648205328573265
-0.003551832194511696,0.0010570461689739907,-0.00024634575221169487,-0.00025071347065504744
-0.03484303476175691,0.004686372508089635,0.00024376907390898412,0.0002480790888789529
-0.0013686517978334643,0.006302486855518936,-0.0014396440256493977,-0.0014650876761540326
-0.0039024428714449517,0.0029290504178604306,0.0005421329564195864,0.0005516675162805277
-0.001318839561059015,0.004127583804170091,-0.001345416290575092,-0.0013690564200159513
-0.0005211745132316808,0.0003980579241986147,-0.0007599848586888439,-0.0007732834531027191
-0.013534692866955968,0.004537509380105366,0.00034457697505232136,0.00035058806694844894
-0.003153036134760106,0.023660809705442855,-0.0013965106253587673,-0.0014208613475228424
-0.0006699133053170805,0.0006118243822653434,-0.0010763246502322652,-0.0010949963425969625
-0.014977282069814916,0.002788286810496016,0.0007311167712885288,0.0007437463105340334
-0.0002566150421314209,0.00029827504116912684,-0.0011172340332702177,-0.0011365185279278277
-0.0031586920229723352,0.0012688481623023217,-0.00041762162514830955,-0.00042480427652148207
-0.03202144133380683,0.004445596050088769,0.0006737268123371858,0.0006852785573909585
-0.00042906298365287505,0.0006793706694511577,-0.00048127391673995006,-0.0004895208966922522
-0.001963077571601475,0.002227290879575992,0.000376060364266007,0.0003824893977249033
0.00010742600864342335,-0.0004351197240020811,-0.001574773795391922,-0.0016016704534833385
-0.00034015519739652266,0.00015100047576267495,-0.00022227662056070345,-0.0002260496113192473
-0.006386116570994352,0.0021054023318470535,0.000667045999348701,0.0006783436157399235
-0.0002884665877406492,0.0003621205930434753,-0.0008544897124977104,-0.0008689488403771605
-0.009126762341306298,0.0055630378379865186,0.0005433016911736294,0.0005524679059536057
-0.0008845772521268015,0.0038491087400079637,-0.0014669808396162501,-0.0014917135799821983
0.0009202143015167576,-0.0006205132971379086,0.0002022117603647342,0.00020560398531490462
0.00043695762054949143,-0.0004512820484957277,0.0003493862563392545,0.00035523838869005195
-0.0005254463479966691,0.0010772243023084258,4.902644051380752e-5,4.984663178260248e-5
-0.0008323728935539195,0.0037906474726517613,-0.0006170109829458432,-0.0006273204259202561
-0.0003979904488536693,0.0009338191400114836,-5.101169873656128e-5,-5.186189232997681e-5
-0.0013207029736957687,0.0053598822099211,-0.0009926518220306363,-0.001009172998217404
-0.00013205330257306597,0.00013700239381936636,-0.0005713583916780802,-0.0005808357049989844
0.0001937982495806111,-0.00019529393036011116,0.0004192517771695496,0.00042618886634958314
-0.00038775866141463165,0.0006862655552669267,3.44330528179757e-5,3.500214000771601e-5
0.0006729380116676887,-0.0020286533691987424,-0.00160929316245798,-0.0016358539812929068
-0.01932869508167556,0.006496897235278577,0.00041750687349842707,0.00042435812894675004
0.0018134109696377042,-0.009703527014450411,-0.0005710146129326122,-0.0005803804249502654
0.002732950729727485,-0.00037760642850186014,0.0002614598237262392,0.0002657074542796762
-0.020397938281571958,0.005989874499993542,0.0005806558043886771,0.0005900763943956021
-0.00010200140157431316,0.0002767730129622187,-0.00036816948480937646,-0.00037413921979335914
-0.0009072286822729541,0.0021187946269223775,-0.0013922859821038566,-0.0014148174486136639
-0.0005517201066429438,0.00024180588113737437,0.00045224405503344425,0.0004595324554881541
0.000392630722584287,-0.00047303010933011597,-0.0002238309784058317,-0.0002274340615014588
0.0010652928453792928,-0.0011062904297907173,3.80370134406321e-5,3.86481218722986e-5
-0.000138350874324725,0.00014577740042536665,-0.0005635261769733861,-0.0005725654266391818
-0.0009755832364784385,0.0007546176058068851,-0.000861343077396397,-0.0008751262165195639
0.002253573460550118,-0.00038492100013336135,0.0004597355342474331,0.00046706426291203584
-5.105922964596423e-5,-4.7151955101160285e-6,0.000375253756170099,0.0003812292847836318
-0.002497781914168292,0.002332201957680525,0.00041792796752410273,0.0004245747019051521
0.0012683281797177795,-0.0043431149253509655,-0.001528050558122676,-0.0015523309288157853
-0.004196156338683751,0.0012523844662476551,0.0005877382151274967,0.0005970209650960147
0.0009158292317114021,-0.0009858418879727742,0.00023456368207779837,0.00023826489766732746
-0.0013484726821919456,0.002532414537285228,-0.0009040521293276117,-0.0009182993624398191
-0.0009714571560555988,0.000753203444887355,-0.0008183135339540603,-0.0008311720007163518
-0.0030698803511259197,0.0006959498562366054,0.0005678215896844468,0.0005767152225953255
-0.0006940858324603469,0.0005589504705232484,-0.0007703465115713916,-0.0007824007517170758
-0.012100128915356844,0.003602431612773538,0.0006356753448551695,0.0006455927812531613
-0.0005758847937997551,0.0009959999758313105,7.606723263864559e-5,7.725316032919861e-5
0.00030598080627614337,-0.0009998467985660709,-0.00149868882277892,-0.0015220256245525362
-0.0027289141266160976,0.001092209069764857,0.0005369182776817239,0.0005452359322801583
0.00048637297298303995,-0.0006207740426674876,-0.00015877764942101913,-0.00016123495641348298
-0.0007671171178150873,0.0008677117339899073,0.00028630973410506786,0.0002907329431019808
-0.00024920444303131465,0.0007731821392408276,-0.00030231219920371727,-0.00030697781587297297
0.0014664063400327662,-0.004148809818550649,-0.0014250712860271505,-0.0014470260862366547
-0.028304078341515555,0.006561276661590086,0.0004693318336632598,0.00047651866294069577
7.212149359084376e-5,-0.00020701519544407673,-0.0014599599681657438,-0.001482305664314365
-0.009234772305913744,0.003980234868810396,0.000582145404304265,0.0005910124106266822
0.0008317756636270703,-0.001864065674077583,-0.0014184471969058842,-0.0014400372022899764
-0.002933346242913836,0.0007449698486490825,-0.00011615499654259748,-0.00011791353701224962
-0.038298233467488105,0.006078561487125654,0.0004429511299175104,0.00044964337243781584
-0.00017895768913254854,0.000504558973025354,-0.0002794687439098885,-0.00028368920815731696
-0.0003577708120975273,0.0009407719018313565,-0.0005228000677631929,-0.0005306818701027609
-0.0003062906256044874,0.0004911700338191568,6.505691697286248e-5,6.60356143744651e-5
-0.000717544314016496,0.0020900399077057943,-0.001333018507377937,-0.0013530473460817405
-0.0014160586786378902,0.0007767883805152355,-0.00046804635204696895,-0.00047505004511079485
-0.026121310100477458,0.006663615520348001,0.00037718861618760694,0.0003828188362685367
0.00033791455867734595,-0.0014304890675573892,-0.0013938324656013327,-0.0014146291545943956
0.000586063741012863,-0.0002590968244020048,-3.046694017536783e-5,-3.091908043061084e-5
-0.0038625231004848454,0.001621193767051537,0.0005422871491310302,0.0005503214338284802
0.00016635399138594857,-0.0002683176014621791,9.681560199407828e-5,9.824874439953402e-5
-8.193827839870994e-5,0.00019584790837431194,-0.0002485936950292224,-0.000252269040424774
-0.000222099498065179,0.0005186437863862257,-0.00042665931534948494,-0.00043295692967277563
-0.0008353506626156496,0.0014310600503493695,-0.001161327206655157,-0.001178435134401177
-0.015718553670036647,0.006797844234535483,0.00045785276160528873,0.0004645740057294653
-0.0007962539337509902,0.0036201424976636445,-0.0004906057983759605,-0.0004978042058411328
0.0008379437122242133,-0.002115129562976059,-0.0014138635624822687,-0.0014345650738082228
-0.006052214620828467,0.0016751747756961327,0.0005743265001225814,0.0005826929405556288
0.0007910344005955389,-0.0008506253237222944,-0.0010119906815245292,-0.0010267208518807821
0.0016068577188883724,-0.0002641043796254949,0.00043680858267359965,0.0004431391938133601
-0.009616592759554295,0.0047712992111848505,0.00036416313226602753,0.0003694358893869939
3.1548357411393494e-12,-1.2525643639790602e-9,3.540219024873117e-16,-4.2611349117047685e-16
-0.051586258978088724,0.0057384652448210045,0.00038201635963939297,0.00038749243241488794
-0.00021988430659247734,0.0005909131698085987,-0.00021690377602112066,-0.00022001182531101765
-0.0006428788313201082,0.0017981200270710178,-0.0006049224856600373,-0.0006135772713688573
0.0001040884346828965,-0.0001793392261764261,-0.0002443322320431884,-0.00024782008726826157
-0.00039608815314962043,0.0004773353266091602,-0.0007447832615086647,-0.0007553966294620872
-0.011016577850316402,0.005977001572784741,0.0004172341748022654,0.0004231646795319477
-0.001640425210917089,0.009448521900269496,-0.0005568962832248983,-0.0005648079831751949
-0.00036871706047830884,0.000977500159868946,-0.00011414897067324761,-0.00011576713044369566
-0.00027560330648775274,0.0010914071782380916,-0.00025634594001705107,-0.00025997514234892536
-0.0008493871319973203,0.0038834028128668092,-0.0003778408005954431,-0.0003831824968466081
0.0024554996613797273,-0.008241190620031503,-0.0011519238163798249,-0.0011681805347448317
-0.022356203097104115,0.004190202211214437,0.00018605496839508708,0.00018866398740106105
-0.0016264651064231473,0.009792926880573942,-0.0011747937170805839,-0.0011912623160911422
-0.004626078856355175,0.003011434590352088,0.00035516819166310753,0.0003601244826860113
-0.0011443300229948075,0.009816631227143784,-0.0011095955467172961,-0.0011250724480829054
-0.0023861948025908877,0.0007977866750141343,0.0004657567905670694,0.0004722111794632572
-0.0002521739847544991,0.00025401157143576427,-0.0009043772446063613,-0.0009168985738434052
-0.009714770798843267,0.0019537474700141166,0.000571471460934999,0.0005793567398206721
0.0004473350295183296,-0.00048764502763211116,-0.0002322889478618974,-0.00023549188630420022
8.622828892138896e-5,-8.83610531520293e-5,-0.0005569477312886507,-0.0005646139370931433
-0.01378922133033619,0.005715898287622805,0.0004989879142866136,0.0005058406318172425
-0.0011288545688899257,0.003351753337782592,-0.0007586002918825694,-0.0007690125954350138
-0.0015204207957109695,0.00169906476869622,0.00029755807656207305,0.00030163194204770705
0.000844658336644427,-0.005019650172881686,-0.0009754092482898853,-0.0009887546441682898
6.715774652235894e-5,-4.069153130422103e-5,0.00039408874952432554,0.0003994444272683314
0.0008407255084099324,-0.0005594762770405936,-1.0631058584168077e-5,-1.0775394969260004e-5
-0.0053843900720295275,0.0036481708397249637,0.00044508460391128057,0.00045111854482335264
-0.0009791287258280083,0.002996839828630649,-0.0011189777735353273,-0.00113413722303858
0.0005308689551049343,-0.00038551097273782495,0.00029088741906901374,0.0002948147167364621
7.070724654007309e-5,-0.00011567013327127875,-0.000359408206118879,-0.00036425542797637235
-0.004600959717325397,0.003923943090264444,0.00037447472282264643,0.0003795157507659969
-0.0013512893402670763,0.007267602158514393,-0.00058597641597451,-0.0005938598513412747
-0.00015137383719814087,0.000312574510125956,-0.00010321973206795923,-0.0001046052482147391
-0.00011707152898267817,0.0002953648272239851,-0.0003653346663941229,-0.0003702321144529698
0.0014242506552596022,-0.0027305053124520376,-0.001128408853620103,-0.0011435093962051195
0.0031288651532819997,-0.0005584763066853547,0.0002885866314560171,0.000292429384717473
-0.0023344507170785667,0.0009528238563625799,-0.0002763978807039274,-0.0002800745221755611
-0.02633471234923762,0.005421618769652632,0.0004934545060046601,0.0005000049460154539
-0.0007998314286092205,0.0017403948385255425,-0.0005203542289280446,-0.0005272585669498588
0.000855593189278895,-0.001098170079512558,-1.9991030503837573e-5,-2.0255747050952906e-5
-0.0006535801980391577,0.000954207454968089,0.0001440464078575235,0.00014595128258464808
-0.0010597801055137286,0.003440290723673779,-0.0007456346266618866,-0.0007554853631477712
0.0009628696320636441,-0.0011863487493763824,1.280376915467912e-5,1.2972502663112723e-5
-0.0003479088578561244,0.0004995595487161454,-0.0003716033743227354,-0.0003764941836043701
0.0010257347106315908,-0.001113171703162336,0.00016757847132996414,0.00016978002692736842
-0.00015465554711817264,0.0002504378407765556,0.00011520830820854095,0.00011672019925921673
2.9802981366748668e-5,-3.406048276543728e-5,-0.0007226228829517867,-0.000732098410319874
-0.0013948326056054286,0.01022268347601687,-0.0011320463846124908,-0.0011468772631991644
-8.632729442999128e-5,1.375872015042881e-5,0.0003160616687288424,0.0003201817759861107
-5.035287849238532e-6,-3.6906427453540705e-5,0.0002587625492416118,0.00026213230302833126
-0.0006475605236452246,0.001521707526715866,-0.0004920023444213192,-0.0004984036062471872
0.00033113333668277866,-0.0004854156564595736,-0.00016304948335342162,-0.0001651667439177684
0.000441391632954249,-0.0006036087143219421,-0.00013787831926144063,-0.00013966602918392303
-9.024332092138996e-5,8.66647556004282e-5,-0.0003893630626782678,-0.0003944040234294287
6.966391777448125e-5,-0.00010479051586037143,0.00031562671830765414,0.00031970548465715945
-0.00023958535171960128,0.00045687274491485445,-0.0003262752373348819,-0.00033048786127480773
8.810120762101438e-5,-0.0001602835591976613,-0.00022225251243656273,-0.0002251172765213217
0.0006544459727472514,-0.0008897323252057504,8.79330243539404e-5,8.906467982779607e-5
-0.0004991126208458272,0.0010324270365373806,4.115868420624843e-5,4.1687786729535646e-5
-0.0009622090408558852,0.004606291633906239,-0.000528484751754616,-0.0005352721313409995
-0.0007763193151761547,0.0016101748669524714,-0.0004821576203858271,-0.0004883371278569726
-0.0002940724524809783,0.0003389116310117063,-0.0006624079661102639,-0.0006708813383779898
-0.0007101839508829663,0.00033956703461081404,0.0003741882733820391,0.00037896382236964727
-7.113838550435355e-5,9.825101542698348e-5,-0.0009740095318072579,-0.0009864291604403407
-0.005910486753868461,0.001506433676215946,0.000500353303859648,0.0005067125055323616
7.81384410382317e-5,-7.972221959838065e-5,-0.0008241932513465514,-0.0008346608253809614
-0.0015510289697552066,0.0004188219421414224,-5.2569851001568867e-5,-5.323555776951512e-5
-0.0028733898752896433,0.0005970241922253547,0.0004578326207761462,0.00046362127427289953
0.0009143787865695595,-0.0007217784015222917,2.3193879394934164e-5,2.3486908060496376e-5
-0.00013275617706517994,0.00010812982881189145,-0.0006418988981173389,-0.0006499979102030929
-0.019650990038885048,0.006465909481101678,0.0003102808096212308,0.00031418632259961037
-0.0019995648727006037,0.011205941118032456,-0.0009436268349415433,-0.0009555000037467253
0.0003991223891090117,-0.0003381804407137293,-0.0007429533048250214,-0.0007522695993330375
-0.0008920999233710843,0.00013321360718249978,9.832186547035788e-5,9.955044359515481e-5
-0.03060716379707688,0.006104673431316817,0.0002675411261282473,0.00027088013693672876
-0.000895924353175351,0.003944838768930613,-0.0005801200279011048,-0.0005873577858801472
0.0001323745074047206,-0.0002064595465542495,-0.0010981023465849885,-0.001111772860549595
0.0011171925135063918,-0.0003211353397135125,0.00029525873851747836,0.0002989209275572221
0.0006637935134123691,-0.0003858109821159386,-0.00010772108020106806,-0.00010905587778915669
-0.0008975948777908724,0.0004504056937743758,-0.000282230953916124,-0.00028572292323608494
0.0005152032767497829,-0.00017112214422732193,0.00031357134243848426,0.00031744397385022425
0.0007490317701885711,-0.00048266309800071153,-0.00011287111505057612,-0.00011426375866650017
-0.0010439343884624441,0.0005834304719584415,-0.0003675494586084331,-0.0003720776881237861
-0.007171262648933493,0.0019622651913431335,0.0004956678024175372,0.0005017624194991407
-0.0006570135546245181,0.0007308904108723534,0.00022716487235769096,0.0002299562002350079
-0.00026366152935340795,0.000784417779432949,-0.0011308771076613464,-0.0011447613724978579
0.0007619395740376221,-0.00038066610881767535,0.00015170620131332594,0.0001535620844741936
0.0007983449832505789,-0.0005565153213725976,-8.954598531321551e-5,-9.064018377405403e-5
-0.00021777294022489466,0.0001318024581526937,-0.0003626932505445363,-0.0003671188059499493
-0.00619981380167772,0.002113931537986166,0.00047807779556507436,0.0004839002775341901
0.0006297305939575103,-0.0008800325116162716,-7.461222588767027e-5,-7.552031922700901e-5
-0.0005243985370917779,0.0007653471037146229,-0.0009067167947803216,-0.0009177379843673855
0.0009520128321835715,-0.0003884859605855129,0.000148482565694632,0.00015028232982379998
-0.0006849848614384353,0.0003410888320383938,0.0003571680112205979,0.0003614923252541448
0.0006859923445059573,-0.000954599739365672,-5.69076087806696e-5,-5.7596026005223835e-5
-0.0005849819866062323,0.0008709751833916466,0.00011838691459692966,0.00011981724489862913
-0.00022462164912868555,0.0007006234619225768,-0.0004127388170670009,-0.000417720933453443
-0.001275152797529084,0.002441953239191764,-0.0007314278378866835,-0.0007402416498476876
0.00047255508493526145,-0.00038589648672451474,0.00028494379586255876,0.00028836943825755727
-0.0003641054151372553,0.0005431829127340323,-0.0008597551269344339,-0.0008700820432960293
-0.00847586079165809,0.0037650041720422977,0.0004579419607888231,0.00046342797902151157
-0.0004635346941387493,0.001044339818339702,-4.379185402933439e-5,-4.431616932605764e-5
-0.0011551233111986678,0.0040474410529787,-0.0009146928268237446,-0.0009256328490027322
-0.0030469387242741774,0.002388853590848797,0.00035512331428529776,0.00035935839491420176
-0.0011942216195643027,0.0034448322800033704,-0.0006889130532227251,-0.0006971233236815398
0.0005238905648316873,-0.0005400486261620476,-0.0008227156122859612,-0.0008324983325008718
-0.0015979736945898478,0.00024111973502268186,0.0004140209061119823,0.0004189275408389163
-0.0008828945839178439,0.0005114108148375293,0.00034858089341922464,0.00035270901524657276
0.000323131580898679,-0.0004901380971528417,-0.0010121890631231713,-0.0010241665732408133
-0.021094228509346998,0.00488626371063389,0.0004642468398516829,0.00046972076189390536
-0.0004523222569560258,0.0009100667005712028,-1.1538210120260144e-5,-1.1674196132457569e-5
-0.0003316078749740695,0.001119496426935742,-0.0001700150145168406,-0.0001720167356194465
-0.0005060871494527519,0.00203682672609617,-0.001037327794052698,-0.0010495267305008053
0.0006718308151572158,-0.0004133067377811535,-0.00012932169791041563,-0.00013083718847317787
-1.9093261988834654e-5,5.811702552004421e-6,-0.00018333585424611814,-0.0001854812146051335
-0.002782107138380181,0.001038401470540644,-0.00022158834455253038,-0.0002241772776799917
-0.028083011879315497,0.0049781202059847,0.0004502665456672816,0.00045551760265245605
-0.0012505710262853754,0.0023770187159102094,-0.0007239030447761768,-0.0007323418049343248
0.0006490825611854678,-0.0004726210497797699,-0.0002128032505257422,-0.00021527830208874818
0.0007692144280980443,-0.00042503992216172474,0.00012385332861398424,0.00012529161273490232
-0.0005270632148388681,0.0003979035498673802,-0.0005715106617377727,-0.0005781401447127828
-0.0026330783056144973,0.00036223908247617464,5.5773591890534966e-5,5.6418691024939636e-5
-0.0032834267482856837,0.0005677215387979746,-1.9792345361323893e-5,-2.002099557325543e-5
-0.03214444388796825,0.003730514485298738,0.00048488549166836173,0.0004904787635244627
0.0006627973763929391,-0.000865323040104077,0.00010390754100649272,0.00010510561306598112
-0.00036220664002693635,0.0007616629818553595,-0.0010150342629979673,-0.0010267264113233445
-0.0016951279168569001,0.0006887242564619753,-0.00019935259403609868,-0.00020164175352778104
-0.019713623652924738,0.004703765575827978,0.0004579239014199763,0.00046317351837202114
0.0012237366819872373,-0.002421079685182233,5.069841964960638e-5,5.127936454120201e-5
-0.0030561605906662534,0.02331626603338862,-0.0005566783050930758,-0.0005630530765876713
-0.0008657155959796492,0.0029425030415376977,-0.0005994040012420005,-0.0006062575506727536
0.00039676593033175986,-0.0005086828294341264,-0.0009036224713603831,-0.0009139330576872586
-0.0028269270164166943,0.0006385259290787761,-5.366580493394332e-5,-5.4276168080996604e-5
-0.03728420020701488,0.005706324160702528,0.00038703118689344194,0.0003914264956821536
0.00028115357056476327,-0.000613557137025368,-0.0010604106909540985,-0.0010724489501773213
-0.01985700143842193,0.006461875683867211,0.0002764530135926907,0.0002795804043968042
-0.0018058194697195427,0.010167070226043006,-0.0006316104019477146,-0.0006387532259839946
-0.0001987546479557884,0.00030444049324304906,-0.0009119491907812469,-0.0009222383453248564
0.0006743773140942844,-0.0002179651612852809,3.5608880382718775e-5,3.600948102070396e-5
0.000678017258083271,-0.00024833033136818474,2.3186279389204596e-5,2.3446811709895563e-5
2.440065525661023e-11,-2.4163127581507427e-10,-6.966571693349784e-5,-7.044756353362672e-5
-0.002777758462199874,0.0009256252367473237,0.00038600641777195325,0.00039033262884552775
7.077958601573328e-5,-7.151555951542371e-5,-0.0006941034953213207,-0.0007018771015247353
-0.013388649148261164,0.0035648052983905582,0.00046392157678522733,0.0004691043584862842
-0.0007792929451653995,0.0012346236920649384,0.0001351055774380502,0.00013661418126929706
0.0007500233322255385,-0.0038971988573776196,-0.0009547646446051669,-0.0009654183861307672
-0.016158246713786593,0.005799033096463343,0.00025770421315177676,0.0002605665219549637
-0.00222045989214753,0.014712617130729537,-0.0005429150194019472,-0.000548943266938313
-0.0007374601654621807,0.001555896906714377,-0.0009148255470069984,-0.0009249633059990385
-0.005346022270942505,0.002556923390399808,0.00040936243632967446,0.00041388635935934645
-0.0012376842144577837,0.002338622393723487,-0.0006372547091248614,-0.0006442929399311239
-0.004499401416333336,0.0033570384775154075,0.00034526039626423124,0.0003490657810496202
0.0012613207891986028,-0.004114846675469279,-0.00016960621846703953,-0.0001714745214694219
-0.002775067394505036,0.01936672845670069,-0.0007419136437916359,-0.0007500796779914506
0.0006922816746497082,-0.0008904179500791316,0.00010285857175176773,0.00010398769254633009
-0.0009942985941295663,0.0020342005118237933,-0.0008363125457469335,-0.0008454846065249561
-0.004697800457205266,0.0025614018129882883,0.00039053015609524127,0.0003948024397740707
2.829759070797635e-5,-7.778983203011807e-5,-0.0001987760010425021,-0.0002009492749071771
-8.872378799904381e-5,0.00015204448409056985,-0.00023670056810675438,-0.0002392851863520539
-0.0010831827851394207,0.0017145685762216098,0.0001247311247071031,0.00012609126095975288
-0.0009671725191392934,0.004073270098937838,-0.0008909390542076914,-0.0009006471816210213
-0.0007573348260238122,0.0005495548298817121,-0.00048535587377204076,-0.0004906287094958095
0.0012499893548731243,-0.0003583600516887757,0.00024255506418266551,0.00024518480721014146
0.00017811776345796033,-0.00010252773731963013,-0.0001798541499833505,-0.00018180239565120766
-0.0022895943859354054,0.0009090351768988834,-0.00020937921433974912,-0.00021164399262689476
-0.0022794875239533245,0.0004896386410755783,-2.0950842254785218e-5,-2.1177085421799612e-5
-0.025407562656959037,0.00436144002293023,0.00043987171981870897,0.00044461553583365315
-0.0006425827043483056,0.001022255885249053,-0.00045056139211335875,-0.00045541851379096666
-7.371679883747055e-5,8.351796368020926e-5,-0.0006407501697520535,-0.0006476456904676512
0.0027433232861518364,-0.00042406381282997213,0.00018132771275894177,0.0001832736335002717
0.0013168770390550417,-0.0004253856627620455,0.0001286990661463808,0.00013007896522584199
0.0006618432418183858,-0.0003193158382007772,0.00016887264416799266,0.00017068144479547124
-0.005737800530333083,0.003933993667845793,0.00035053909853564083,0.00035429012627747063
7.552310887575622e-5,-0.00020893457174856356,-0.00012699082798124593,-0.0001283490017727414
-0.00162038002195738,0.0084349040481018,-0.0007942709517092975,-0.0008027578715721056
-0.00223435521294854,0.0019235006651084215,0.00025975809149590093,0.00026252575638897066
-0.0021494061617129416,0.01747741628643064,-0.0009232287473271065,-0.0009330614769674519
-6.714853181029052e-5,3.457578896744503e-5,-0.00026990173994172504,-0.00027276521968297906
-0.019749730777796508,0.007118947081879015,0.0003278865841211085,0.0003313597983121302
-0.0010524609500994237,0.004393866205439718,-0.0005690129571250791,-0.0005750382545858734
-0.0002698063391004925,0.0003517041853072182,-0.00043689439837341223,-0.0004415112973081256
0.0009839874495749686,-0.0007707643785023505,8.395486081135205e-5,8.484055662451317e-5
0.00015010391325286147,-0.00015363961378677004,-0.000648289998581023,-0.0006551222806184076
-0.002843303266691471,0.0007725508631966839,0.0003683824829170696,0.00037225587415000997
0.0002643083816307837,-0.0002417816026532912,-0.0003909771424287338,-0.00039508534675954674
-0.0002846183882374339,0.00010111606778787956,0.0002563840637046212,0.00025907347906972114
-0.002308147729143844,0.0019605490820982386,0.0002913141105959364,0.000294367415039204
-0.0008814594699186751,0.002546865637734988,-0.000854053519534975,-0.0008629994938814721
0.00030739881588529396,-0.00023251146272487347,0.0002422839507000334,0.00024481515101771933
0.00010666000263231266,-0.00016164488464015165,-0.0002601695289944626,-0.00026288538605150443
-0.0029804160905739113,0.002607317602297298,0.00026310690775533405,0.0002658495304000048
-0.0028115671491745126,0.020499781563466827,-0.0006159966561831164,-0.0006224150906908765
-0.00030457206710509527,0.00048047082524383116,-0.0002686571319596546,-0.00027145040486409056
-0.0019515377641001908,0.002308567195937566,0.00022031668118515572,0.00022260416339173918
0.002167538683469039,-0.01150646483835643,-0.0004478034420183271,-0.00045245030088415697
-0.03279762373775228,0.005013512215632786,0.0003941827184827246,0.00039824939047026895
0.00018815861330782305,-0.0003680285403816837,-9.422890600955615e-5,-9.520069604459301e-5
-0.0002870863653020073,0.0005759179117949538,-0.0002789438420825216,-0.00028181752423625235
-0.0002594856568454837,0.0003695714643935519,8.459090407733932e-5,8.546116994005966e-5
-0.00028628017109881516,0.0008305234381553524,-8.441875161152506e-5,-8.528653751153251e-5
-0.0005695452415423474,0.0025904497143891063,-0.0002363146802050988,-0.00023874167854512606
-0.0007228366861216771,0.0032340521955843086,-0.0004068702474180238,-0.0004110443356349923
-0.0005754145325982237,0.0011906346812356357,-0.0008591614392357292,-0.0008679611795072355
-0.013695671435270267,0.006169682647003968,0.00035931344158883776,0.00036298402571752436
-0.00044886058552565003,0.0015276953708239958,-0.0008907756564738083,-0.0008998717553424922
-0.0013970174303736033,0.0007748612489854313,0.0003160886147155622,0.00031930707622878626
-0.0007809884455080094,0.001198960499190642,0.00010053723942601506,0.00010156024233402334
-0.0008930808378287331,0.002993991032887084,-0.0008137545915532023,-0.0008220286116793809
0.0009139538912442712,-0.0006765049002118833,7.287186164623239e-5,7.361089527368842e-5
0.0001773562759317526,-0.00014535025879587713,-0.0006267283101035631,-0.0006330779789489412
0.0029660019304862703,-0.0005007367176048383,0.00024473251199684753,0.0002472054907936907
2.0269518766087815e-5,-3.074673453100495e-5,0.00022422797471529884,0.00022649205308778746
-0.002894965216342876,0.002167930200244414,0.00030787615291678666,0.0003109822802342227
0.002253364148528721,-0.006010924458035606,-0.0008674413359298634,-0.0008761878494647623
0.0010443892333817572,-0.00021638749559858768,0.0003017402325945507,0.0003047700635094671
0.0005288767799849146,-0.0002983302430039155,-0.00011603013819385736,-0.00011719441931526726
-0.013076288375150536,0.0057800151174553106,0.00036307027590286485,0.00036670883282839136
-0.000892960623229141,0.0027329242106123542,-0.0008035093914871349,-0.0008115585723249806
-0.0011068295349754538,0.0007679147937524541,-0.00047733261597677405,-0.00048210237525185367
-0.024304783459344607,0.0039028777714731496,0.00041855063204336785,0.0004227236892183714
0.0006415792990305983,-0.0009443102504362002,3.2072059243548232e-6,3.2391700021830214e-6
-0.000109811429707831,0.0002192506932636416,-0.0008702545032462733,-0.0008789195213903936
0.0007573177421080999,-0.0002660799936879778,3.411671750812331e-5,3.445547750578061e-5
-0.002508294014776291,0.0009970117691039289,-0.00020407442936850134,-0.0002060986300148979
0.0008161602224964671,-0.00014485764524234813,7.907976210728035e-5,7.986291310420046e-5
-0.001753677097828488,0.00046441263445273203,-4.2666772773137156e-5,-4.308889848956012e-5
-0.002635743446264292,0.0005649643995391411,-2.9109704355714872e-5,-2.939734681189016e-5
-0.020031055725736054,0.0031801181898170002,8.598342182354283e-5,8.683199221058917e-5
-0.0022337010958338593,0.014480992208092165,-0.0007520847302189465,-0.0007595054743972205
-0.0012251991465264567,0.0010187424375072292,0.0002590924483298397,0.00026164160453405965
-0.0004163229910387491,0.00102463429803918,-0.0008665320381306122,-0.0008750523451926047
-0.0007736102295153049,0.00033278048862108676,0.00027383368659131935,0.00027651903171466277
0.0008964405728784591,-0.0009491172146421082,-1.1070078819965553e-5,-1.117855892168342e-5
0.00022839660371568293,-0.0002924522354179333,-0.00040067267230753986,-0.0004045949872744401
0.00022769332291693804,-0.00014717931420208435,-0.00022259069162610203,-0.00022476624741880728
-0.0009223431395905015,0.0003675975507127533,-0.00012028761033285566,-0.00012146163254654502
-0.0005333113651962775,0.00012553132062865645,0.00028807548375422016,0.00029088346758054283
0.0005466069279664751,-0.00038750926973912776,-0.00021757935647261642,-0.00021969870846056655
-0.0017933650922150822,0.0007919415576554103,0.0003089862622931997,0.00031199187267796555
0.0003911351709392153,-0.00046028588744486375,-0.0006797144484007051,-0.0006863218968663903
0.001432858223317588,-0.00041754524743932257,0.00018293564013243375,0.00018470982159894347
0.0006679070884584812,-0.00035297422122433414,0.00013750722579467865,0.00013883972048243945
0.00018396328603403038,-0.00017747263069258255,0.0002446224160690205,0.0002469907915858527
-0.0004754233873980647,0.0007626626308539921,-0.0006495454604512863,-0.0006558298521810959
-0.012164157623311349,0.006482498856575873,0.0003098948926137176,0.0003128870922211475
-0.0007970722275096409,0.0036560944566775225,-0.00040526114843614995,-0.0004091727322884893
-0.0011983932676474082,0.002335762392600965,-0.0005497779027682734,-0.0005550758911294924
-0.0006410913938344075,0.00045767241186638177,0.0002565075514889374,0.0002589749652157134
0.00044653686944166676,-0.0008651632839133199,-0.0008716782527976446,-0.0008800577732406323
0.000956656007828541,-0.00028902430883583665,0.0002211853629238148,0.00022330531391685578
0.0004492152817082061,-0.0002632597978467636,-0.00014120127755431778,-0.0001425535818567151
-0.014316542216868546,0.006121572936236388,0.00034164777282505004,0.0003449156919886472
-0.00032779117345269553,0.0010371128407595282,-0.00036712260087826116,-0.0003706328677365603
-0.00031359143203356685,0.0005203979110818955,-0.00024867822067834274,-0.0002510525308999571
-7.246572962978667e-5,7.334060802933947e-5,-0.0005855857411075958,-0.0005911696081078865
0.0007458686741219489,-0.0003326297245747997,6.842711278360192e-6,6.907834588888335e-6
-0.0022903434180740405,0.00107925450723376,-0.0002827613721605407,-0.00028544965536886336
-0.016132992866677902,0.0018889465408274025,0.0003971786745665297,0.0004009474441021707
-0.00046108319720202613,0.00038108645375076227,-0.00047697196085407125,-0.000481495855101893
0.0006199413306895663,-0.0001814091197002468,3.534386617346882e-5,3.5678470890923185e-5
-0.0006159410270848993,0.00021219302317091563,-5.29720215210854e-5,-5.347300706940371e-5
-0.021561051369335508,0.0060165075107416425,0.0003470680549268557,0.0003503466570523727
0.0010400374546034308,-0.0027066148704149775,-5.450160344274149e-5,-5.501628068764554e-5
-0.002357469905168217,0.016281422355980738,-0.00047836459989959853,-0.0004828790942468223
-0.0006706162994748613,0.0013757312591999326,-0.0007629909758738254,-0.000770179285418459
0.0008494849069669791,-0.0004272631495707483,4.006378060888918e-5,4.04403581977712e-5
-0.007584058071361749,0.0042293818445135216,0.0003349110692544262,0.0003380559621413855
0.0020385561840428044,-0.005590722596651287,-0.0008369759882316491,-0.0008448318543038761
-0.014146535131679483,0.0029363008849397224,0.00039778747098677864,0.00040150709117456855
0.0007402847800915886,-0.0009533049872258336,-3.807614311607592e-5,-3.8432030449086605e-5
0.0006232655474333487,-0.0008914995437725008,3.3195985755241265e-5,3.3505953012113905e-5
-0.00020275741392923328,0.00040097417649045334,-4.103016283497483e-5,-4.141295734052998e-5
-0.0003653772604432741,0.0010219367741676041,-9.984843795936842e-5,-0.00010077917053882371
-0.0009307001213294361,0.003245576290983599,-0.0007371104152956622,-0.0007439751011188574
0.0006796827109525006,-0.0005148706207580604,-0.00019283308297671914,-0.00019462469310830796
-0.002268897817674936,0.0011376427146769237,0.00030927115713762877,0.0003121409534527498
-0.0011171432821145714,0.0016380025037420012,0.0001220744588201963,0.0001232065506096198
0.00030725573029244873,-0.0011069462802687372,-0.00017008921449481235,-0.00017166558300236962
0.0013541486434882793,-0.0076460366820329355,-0.0006817402821093079,-0.0006880535186934968
-0.021107893834657967,0.005596792433324388,0.0001745206872523948,0.0001761297219101258
-0.002308860668494128,0.014616040540746078,-0.0006128029486262279,-0.0006184514975777326
0.00023072495825517017,-0.000294996553117409,-0.0003504644593250136,-0.00035368757579045496
0.0006290463355172321,-0.0004165676935166904,-0.00015423001311943535,-0.00015564636470250196
-0.011112925670858797,0.0052848809497839195,0.0003353741642342864,0.0003384502950273874
0.002935031153411081,-0.008481078811235623,-0.0007246660876400704,-0.0007313102554723331
0.0021084925076351162,-0.0003691687630097242,0.00025620186034804553,0.0002585413578484271
-0.006344367352075868,0.002989342093484451,0.0003425798363692688,0.000345706089406991
-0.0002728817190735995,0.0005392426482419023,4.4115860307661834e-5,4.451825463930164e-5
-0.0016721542907101887,0.009297916309747651,-0.0005068362049748802,-0.0005114564025287379
-0.00011831866790579414,0.0001291345501712043,0.00013168406239886997,0.00013288219792111355
-0.0023158903042816204,0.016518247294038398,-0.0007190719860295808,-0.0007256114388191486
0.0010647264219113344,-0.0008949917273084155,8.213174405858505e-5,8.287660298515867e-5
0.0006738596726028791,-0.0007787568567605818,-5.74302504471021e-5,-5.79506438928525e-5
0.00031030060990461694,-0.00037886354975323003,-0.00040023910281992433,-0.0004038621396234466
-0.00039556561754771594,0.00021809766811255554,-0.0002231906871024995,-0.0002252079661365629
-0.017630684815309636,0.005616914767038842,0.00018836732706839268,0.00019006755698674184
-0.0022614958056885225,0.015434433082372344,-0.00040595167785628634,-0.0004096149722693851
0.0011037269416231301,-0.002857220632541891,-5.147951422894241e-5,-5.1943399331089884e-5
-0.0025509753931566505,0.017920643225153004,-0.0005548689520431594,-0.0005598659249874551
-8.848127138912699e-5,0.00011480828154712794,-0.000632368604352156,-0.0006380522566562278
-0.016057048226798227,0.006810416176911566,0.0003023185572934865,0.00030503036671392135
-0.0009533009812038793,0.0035909006077145833,-0.00048812963351392726,-0.0004925067340184575
0.0007873365668289523,-0.0010599171958200555,-1.3751413841430198e-5,-1.3874512474077849e-5
0.0003180783050421666,-0.00048550778776712837,-0.0007501054719394797,-0.000756814134006203
-0.0030595990981824475,0.000803003960541807,0.0003162112745157179,0.0003190322545109037
-0.00029678140996622414,0.0002427694394540359,-0.00042679957380322336,-0.00043060497884837937
-0.0038876492733742394,0.0012270411174063731,0.0003239371400749943,0.0003268206033554517
-0.0008549354939505996,0.0008253263712425482,0.0001986905649960088,0.00020045819493857934
-0.001006110987098146,0.0026280095825971577,-0.000677062195835482,-0.0006830820480899265
0.0006954391704455861,-0.00048227636281393494,-0.00014957759317246836,-0.00015090475019707727
-0.00024146261587614074,9.44418443569245e-5,0.00021503951173463645,0.0002169452644855622
0.001369574074197808,-0.0013234055434250575,-0.0005408081472516946,-0.0005455976375575031
-0.00017519380934803195,3.6000734780175304e-5,9.32040420542946e-5,9.40273214401428e-5
-0.03042398945349187,0.006568516421501739,0.0002847834680741511,0.00028729692695278426
7.68460812768444e-5,-0.00021205906462216015,-0.0008085602494503586,-0.0008156945137324675
-0.009934825708931333,0.004436922112461271,0.00033427520142001297,0.00033721688618191354
-0.0008446271137114283,0.002053817212659239,-0.0003851137863189191,-0.0003885014989251673
0.0005800672004801058,-0.0007407431026533459,-6.867133380581722e-5,-6.927455161786844e-5
-5.334337647689993e-5,4.586585039297509e-5,-0.0005027937781720852,-0.0005072060447300441
-0.0018389327787692801,0.0008224978648313006,0.0002786123754128181,0.00028105319743522206
0.00018826148525165774,-0.00021646993118451082,-0.0006343191969029144,-0.0006398729406435014
-3.40838532965475e-5,-1.2349144974811268e-5,0.0002551399756283615,0.0002573689293897527
0.00037375916885941894,-0.00026529142403031717,0.0001796271303639913,0.0001811954060858612
0.0003897684670212255,-0.00042264222874957515,-0.0006186406379407666,-0.0006240379647922322
0.001681998488067622,-0.000367660968005941,0.00022699586528133445,0.00022897175228283278
0.0007255879685639426,-0.00038440140915993156,0.00010149868959964187,0.00010238161289330255
0.0008490661359302928,-0.0006107799969634567,-2.886989660515821e-5,-2.9120824529568146e-5
0.00045637258746871416,-0.0003574833658037629,0.00019593916218197958,0.00019764054004772536
0.000598543124577969,-0.0008083669161892415,-0.0006905663106401237,-0.000696558614486322
-0.015072585491666695,0.0033474353556640687,0.0003669515406049513,0.0003701278687536837
0.0007024068887069647,-0.001008496827697311,-6.19489392253764e-6,-6.248496042241778e-6
-0.000472083224070659,0.0008235800671504029,3.0971802403897394e-5,3.123956282346311e-5
-0.0006688683557624136,0.0020500175885118273,-0.00040205693424951843,-0.0004055303707542147
-0.0005059432548894933,0.0006797592353196565,0.0001076559291904892,0.00010858463197805617
-0.0001338902813540062,0.0004282710053712069,-8.153634683262138e-5,-8.22392778772966e-5
-0.0005820172595179601,0.0028019807902235866,-0.000724005181051099,-0.0007302421947516461
0.0002552675980172067,-0.00019762490077539235,0.00019801952884313401,0.00019972087765454387
0.0008832915613440776,-0.0011279600797965605,5.0785640924121924e-5,5.122169001451061e-5
-0.00030303478774087024,0.0005280889257343692,-0.0002235472925684716,-0.00022546520040013474
0.0005576886974862391,-0.0007635656607461035,6.617022984353769e-5,6.673728208806006e-5
5.164610242348689e-5,-0.0001262318011290603,-0.0001494983653700626,-0.00015077856681304438
-2.3099444676296206e-5,3.423660872339071e-5,-4.814965537833036e-5,-4.856156522162816e-5
0.0012556036941369876,-0.0030419396379394955,-0.0007918314874094968,-0.0007985998049868082
0.0001226798036336899,-2.548788491439737e-5,2.121250512292711e-5,2.1393279748825203e-5
-0.011687165707401834,0.0032502653951001614,0.0003543873330124578,0.0003574046259150224
-0.0012153995400199645,0.0018198839511636995,0.00011442129549121416,0.00011539510063568864
0.0008273886011640543,-0.0034673259996908434,-0.0002342855533139244,-0.00023627838011578423
-0.0022486009358714328,0.015404197625271305,-0.00042020393610843823,-0.00042377581060324787
-0.0011871668773871624,0.0024844935356256063,-0.00048512658265261453,-0.0004892440734178185
0.0006686159978006123,-0.0005725429528715062,-0.00022492772064933698,-0.0002268337428299143
-0.0026879974649496106,0.0013872673008291287,0.0002875621861420808,0.00028999599386356483
0.00039285385724396963,-0.0006527516826844633,-2.4424578965910223e-5,-2.463119124188703e-5
-0.0007684517607326383,0.0015354178756092315,-0.0003191679626334,-0.00032186563884143863
6.215923006628694e-5,-9.121330723702546e-5,-0.0004649459742715443,-0.00046887074842464396
-0.0006100356306824671,0.00027544526081159625,-0.00013159613190779382,-0.00013270519574577188
0.0007357488477563321,-0.00021989606457597038,3.8307763478172845e-5,3.863023744306144e-5
0.0011208685008305495,-0.0003970568002578301,0.00011067320744678157,0.00011160402225179279
-0.0026076912258666783,0.0012611136817246402,0.00028579502318357836,0.0002881968029269949
-0.0002670978141185699,0.0003599591941909812,-0.00033418205789247085,-0.0003369889969709951
-0.005326838070789431,0.004176332286286538,0.00025590157661941574,0.00025804814724046936
0.0004626738868576535,-0.0017340027337392695,-0.00076926123594925,-0.0007757113344275129
0.0006494828483759671,-0.00032026898108282307,0.00012364531560994524,0.0001246792052553577
4.843900189856625e-5,-4.213934115540762e-5,-0.00025999493167857613,-0.00026216728031897365
-0.011380912261433946,0.004234692066553136,0.00033056784763765726,0.0003333262625720806
-0.00022468719604978844,0.0004533421204146116,-0.0002170946690752634,-0.00021890552648085702
-0.0004357088681259588,0.000662730284419312,-0.0006010857069393086,-0.0006060940618931383
-0.003349172186710752,0.001413684310346867,0.0002955592372960508,0.00029801728098216877
0.0005548349286577291,-0.000761260851540711,6.337612670238373e-5,6.390292987505604e-5
0.0010013542172192628,-0.002148699185176377,1.355966332341037e-5,1.367229538542257e-5
-5.68545149435744e-5,0.0006070370656695771,-0.0006572137728938929,-0.0006626701838453925
-0.0009572679715627412,0.00032651427301831203,0.00023727776130664694,0.00023924043127129135
-0.005581671727931406,0.004529256769987673,0.0002345389979962387,0.0002364778312104947
-0.0013084151007979462,0.007323899899601657,-0.00033004401180847324,-0.0003327713745430489
-0.0002496831094348359,0.0005673950312038225,-0.0002422337588097946,-0.00024423283348875706
-0.00040642388772188623,0.0006435921906473765,-0.0006169513236241787,-0.0006220371040509174
-0.002429524831208104,0.001044693547582761,-0.00020042536741779119,-0.0002020743962897692
-0.0020897487161105235,0.00038928706112618554,1.1783772414193455e-5,1.1880590318088861e-5
0.0011723930412890998,-0.0001934117502707321,8.571163861043667e-5,8.641519794970095e-5
0.0016090558076548571,-0.00042256114893709476,9.797720214505483e-5,9.878081364916122e-5
-0.0003166925558233668,9.807754773732696e-5,0.00020650746945745767,0.00020819993035499303
-0.00011018535760561366,7.536680681481348e-5,-0.0003190271111449268,-0.0003216400644798567
-0.002689316939074931,0.0009679511167974751,-0.0001552470108202137,-0.00015651677614599905
-0.021917958637880177,0.0024351885657891807,0.0003482433371997508,0.00035108739718897505
-0.0031824081642869914,0.0028346257138809013,0.00022723035083131257,0.00022908543803245012
-0.00016856767276959335,0.000590561673749109,-0.0002226211112512658,-0.0002244377540197458
-0.00012303976531465984,0.0003025656008428953,-0.00011291091820674358,-0.00011383131861885687
-3.18401484342925e-5,7.184684081615432e-5,-0.00018425228332001408,-0.00018575291468595252
4.613280773177745e-5,-0.000114326208251884,-0.00014635323471109428,-0.00014754400793859905
-0.00015294949733878982,0.0002716720905129533,5.693848171417176e-5,5.740130655230344e-5
0.0005978731342649187,-0.003530914914904324,-0.0006679082844054697,-0.0006733346560079052
-0.010526759411219428,0.004021554697881526,0.00032067186713627936,0.0003232683129581694
0.0012890963164753498,-0.002683116140261588,1.7474356898095322e-5,1.7615791798040708e-5
-0.002651764295825525,0.02102167045581797,-0.0004895535622744478,-0.0004935141228136705
-0.0014016468525983332,0.007134116532269573,-0.00045546096571567126,-0.00045914294760076896
3.429159966881338e-5,-4.7966424929408976e-5,-0.0006101872194700685,-0.0006151117049524532
-0.0029683366673241575,0.000971977693798016,-0.00012346364244932232,-0.00012445807869539363
0.0018634894341778819,-0.0002572326483318319,0.0001158563143212754,0.00011678827027182796
-0.02609934602651472,0.00697861349183382,0.0002548137138899494,0.0002568620104111527
-0.0008176398746845959,0.0027423458168798036,-0.0004229058575522033,-0.0004263044751706737
0.0008605110716839166,-0.0011320745948025296,1.498850083546852e-5,1.5108775757392086e-5
-0.0010045241106635358,0.0016705293537423813,8.481564578278863e-5,8.549572206021981e-5
0.0022035495889571304,-0.010250443887288558,-0.0006456089474686061,-0.000650782889949605
-0.02434649898060731,0.006212175225734914,0.00028673098647136896,0.0002890205567302475
-0.0011670043027519248,0.003053778554086025,-0.0004941362364029202,-0.0004980808581269629
0.0007206666178561999,-0.0006686846102994046,-0.00015674580871688758,-0.00015799509048398206
0.0007417565873761878,-0.0005127678392938934,-0.0001257664663647869,-0.00012676777799654345
-0.0003191854024243436,0.000136193794338715,0.00019719954200946873,0.00019876795024220274
-0.0002489570157056342,0.00021346970686579527,0.00016694893105106468,0.0001682759220508315
0.0024173181858275754,-0.00578606358649781,-0.0006572697391435684,-0.0006624911576426141
-0.0054165001338474525,0.0009281210401224042,0.0003047601946679281,0.0003071734981904832
-0.004713224962003677,0.0034892985992360736,0.0002498015198220773,0.0002517787350671039
0.0012991336933972238,-0.004187979821231649,-0.00012153820508917102,-0.00012249980505905385
-0.002552374619937619,0.01851044426374028,-0.0004385873033174916,-0.0004420554351173614
-0.0006897291659625263,0.001237481094241847,-0.0005789483252864977,-0.0005835192674046347
0.00037007763462447923,-0.00019298510563757845,-8.939998045660996e-5,-9.010455794036058e-5
-0.0023594066280871644,0.000918298621436041,0.0002594941468895585,0.00026153721542337765
0.000481925070676782,-0.0005341779463823303,-0.00032764767062264756,-0.00033022596896701287
-0.00019103401853601598,7.294433104465523e-5,0.00018742510882996993,0.00018889805160797658
-0.000544644009551151,0.0005109595498610489,0.0001720623802146405,0.00017341375056528955
0.00025207806999347747,-0.0006291258896918424,-0.0007183058374431735,-0.0007239443946013049
-0.0025829638118610577,0.001059001025557161,-0.00018467191205690862,-0.00018611817816115145
-0.0431701608594762,0.006093498008696398,0.00016735988088621817,0.00016866872967315617
0.0026723041689286037,-0.009651035627603237,-0.0006538454641569668,-0.0006589578938623577
-0.01801396513982531,0.00393474162348267,0.0003270412276637247,0.0003295896518699597
-0.00023970559223642635,0.0003476714167960507,-0.00020317753500338228,-0.0002047602478097393
0.0002511901991628609,-0.0002901905593949818,-0.0004650750862070116,-0.0004686940868171991
-0.019030571871989088,0.006824932586582116,0.00026806795715824576,0.00027015059925222725
0.002206018612285849,-0.007366096363320469,-0.0006989028022964102,-0.0007043311198240812
0.0017885938903954976,-0.0004647588389337342,0.00012584377238262695,0.00012681814203360615
-0.0005859263736457003,0.0002525866857638628,-0.00010288772884004355,-0.00010368380874906757
0.0012260015512400714,-0.0003687594871504832,7.283142719636713e-5,7.33943627301962e-5
0.0007126461973973226,-0.0002856326009885876,1.254763610960048e-5,1.2644546401965031e-5
-0.0020553354555152906,0.000877948796235722,-0.00016879737041623947,-0.0001700999564623056
-0.0026141025890580242,0.0005522906575526859,-1.980560918329003e-5,-1.9958258348762835e-5
-0.024342565324192607,0.0036585908474491935,0.00032831181858118766,0.00033083975456445295
0.0004838479565724584,-0.0006540115395502201,7.210827075036119e-5,7.266331590069626e-5
-0.0002297560088647774,0.0005028125903312238,-0.0006562503583116252,-0.0006612985259433393
-0.00018463342882936912,5.8588613845776844e-5,0.00017681942574385354,0.00017817682042443246
-0.00037649633699388823,0.0003034464655084826,-0.0003757171099082653,-0.00037859959387771466
0.0011293834088453162,-0.0003334546575094324,0.0001645991295337261,0.0001658600381167611
-0.007954689976144349,0.004189066594398085,0.0002789016680217326,0.0002810368382589992
0.003864835137180017,-0.009985758660749055,-0.00049493971640208,-0.000498727401782051
-0.00774503946468981,0.0009152204121730685,0.00029534376080481254,0.0002975959318214243
0.00023159101528186007,-0.00018797405973306942,0.00017936655493830487,0.00018073377388067233
0.001331347007002911,-0.001721898616396273,-0.0005744468931330623,-0.000578823040302769
0.00283202216645808,-0.0004951995893965191,0.00013858125902041819,0.00013963451882743192
-0.021255729042640222,0.007322220975024849,0.00023027193998769545,0.00023202096166439603
-0.0010298722135736243,0.004366009533550401,-0.0005128646264606275,-0.0005167591159198526
-0.0013939809479209672,0.0013563112289572488,0.00017995770457974,0.0001813218197615916
-6.7793872270359e-5,0.00019249301787611467,-0.00016440394008721365,-0.00016564955576326153
-0.0006266435638374804,0.00149303677143099,-0.0006130372436458243,-0.0006176777171679968
-7.999714257216722e-5,4.099430974947208e-5,-0.00016016947630508597,-0.0001613796216792084
-0.009099675216675648,0.003047377412641174,0.00030685497256262355,0.00030917085635625137
8.82892050144125e-12,-4.4013906011611795e-10,-0.0005973543861741449,-0.0006018610071808795
-0.014686031556184245,0.005022469877892195,0.00015019157559586273,0.00015132251135708855
-0.0029577836901463965,0.023195279098629666,-0.0003868493108865875,-0.00038976169027485423
0.003493358394591008,-0.01366460828512258,-0.0004579454032555403,-0.00046138992441276214
-0.01417720176743812,0.002107475923519612,0.0003164523919370582,0.00031882356685809674
0.0014398560355940396,-0.0013080176969663788,-0.0004307586077554925,-0.0004339851116540759
-0.0044655029933498396,0.0005212381099531616,0.0002734712153495672,0.00027551516956526964
0.0008187096049194804,-0.0004996293742766935,-5.0456910879614634e-5,-5.08338720684371e-5
0.0007092809576609785,-0.00039470075186736806,-5.674317168977252e-5,-5.7166721310818727e-5
-0.014274199527207878,0.006773014340435184,0.00024961495391125245,0.00025147648180183567
-0.0003525779245082308,0.0014142194384479053,-0.0002455950179677501,-0.00024742604983491584
-0.0007219697205513603,0.0016370940707830912,-0.0005848610298753246,-0.0005892167591393782
-0.0008390996411115105,0.000470123442026474,-0.00021567177934075314,-0.00021727510936506522
-0.012577098478112505,0.003404539665184466,0.0003097660944843441,0.0003120661747362761
-2.784854076899168e-5,1.620001618788299e-5,-0.00015778996535040254,-0.00015896118526273497
-0.001972253158878273,0.002285280947172511,0.00015790487350830583,0.00015907582143172484
0.0026509229974271973,-0.010272304993692733,-0.0005953474981239008,-0.0005997603586192743
-0.023595245011613697,0.005155640162606367,0.0002903074231076618,0.00029245211110783795
-0.000511921948286124,0.0010309398049901568,-2.2132137245480605e-6,-2.229559660391537e-6
0.0038515085083660017,-0.012600420104457484,-0.0004623631066411376,-0.0004657757817363503
-0.013027383948557339,0.0017297728936763947,0.0003051128213537498,0.0003073566648240435
-0.00023908903484819494,0.00020969058033927455,-0.00041099775258139685,-0.0004140191902538614
0.0025710734050538252,-0.000471206785424204,0.00017395875347486062,0.00017523537826042912
-0.005809411033180602,0.0024217580827308243,0.0002803589277755995,0.00028241523057627547
-0.0005767499731638598,0.0009120822375238945,8.719583910505632e-5,8.783512451452508e-5
-0.0016223685549469427,0.009906663840855099,-0.000329564941121846,-0.0003319801605965879
0.003172859145178329,-0.006662604220516354,-0.0005283290100628022,-0.0005321959383026463
-0.003213159035629344,0.00045096855087115674,2.834460109117659e-5,2.8551426480381594e-5
-0.04001431110204687,0.005850872760424876,0.00024394041910418896,0.00024571898306190154
-0.0007573927149399128,0.0017257080007865152,-0.00029368193344302335,-0.00029582268291332897
-0.002055661924078863,0.002490899455017192,0.00015084267740438754,0.00015194096652767494
0.0008686535571661312,-0.004635063824669506,-0.0006135983533118986,-0.0006180642510142067
-0.011676258646742863,0.004518726123419538,0.0002842173155374932,0.0002862798676598779
-0.0004553761768612597,0.0009973260929211976,-0.00023918032403540712,-0.00024091548084686313
-0.0009095879226515585,0.0012282149058591312,0.00012088041173855094,0.00012175643667384338
-0.001965396344503416,0.01295707078784772,-0.00034620915764265917,-0.00034871720361105024
-0.0005663224441516206,0.0011742878884304457,-0.0005670590507508182,-0.000571161707340395
-0.0005367305980978412,0.0002758549551386507,-0.00015704882939808408,-0.00015818309253100968
-0.01073541898089272,0.0031886825222205476,0.00029809838769057366,0.00030024906823144246
0.00029322232711122997,-0.00046598781657896364,2.1460895768540562e-5,2.161567489104211e-5
-0.0004578366094873052,0.0010409831771002944,-3.1337715597956544e-5,-3.1563582179497335e-5
-0.00021078588183478419,0.0006844445162722102,-0.00025848533397210494,-0.00026034715265132026
-0.0005574147339246556,0.0010276652723855914,1.8907421128755905e-5,1.904346177770671e-5
-0.000364962762711946,0.0011546813509943814,-0.00028859026539716467,-0.00029066546410018006
-0.0011009218115425469,0.0017859023471039446,7.689309190411892e-5,7.744539245552413e-5
-0.0010532508393109896,0.004345395133544438,-0.00042351208753662315,-0.00042655254807530467
0.000256733555629801,-0.0003217543992323282,-0.00044175616622269703,-0.0004449228453233448
-0.0003112623799966038,0.000124120074325593,-5.6821158324175415e-5,-5.7227867542958735e-5
-0.02391782304288842,0.007349789895093389,0.00021202556724180134,0.00021354181264277697
-0.0005532781440025229,0.002331873429919505,-0.00015061761944782973,-0.00015169448111184209
-0.00046201771030995566,0.0018107566301340781,-0.00013901077940955503,-0.0001400038559876086
0.0006903795955702128,-0.0024920034298404584,-0.00013485135449343156,-0.00013581394937982468
-0.002162402593871811,0.013962863334592329,-0.00044127891689882485,-0.00044442707188454173
0.0004292732321998829,-0.000589270491630585,6.598420754398341e-5,6.645417581561478e-5
-0.0009994612906494592,0.0021951031033171226,-0.0003300817940131834,-0.00033243138492954695
0.000325731714441338,-0.000354164954901023,-0.00040799420050303346,-0.00041089491077614024
-0.009052052695359353,0.0031313581745239373,0.00028731488353794175,0.00028935465609764157
-0.0006926935470233415,0.0010963667698103174,-0.0003019899628585045,-0.0003041331568771691
0.0008241161965851537,-0.0007105891281937507,-2.8991678339881886e-5,-2.919719165962956e-5
0.0001926065220875589,-0.00017150493317274803,-0.00032471434053164345,-0.00032701430956063774
-0.00036638198332734987,0.00010336474558345474,0.00018782327040758567,0.00018915190432313258
-0.0005953920967849581,0.0004369458722278033,-0.00034386123560080947,-0.0003462923385779348
-0.03904405749218211,0.006541585799727013,0.00019593065167854463,0.0001973136831463219
-0.0006599915877770882,0.0020413272077807704,-0.0005548741495158905,-0.0005587901050701953
-0.00028524749483848467,0.0001532495393273334,0.0001920003036243554,0.00019335292564281315
-0.00010613441642049555,0.0001524957320207329,3.237744875529077e-5,3.260543185709419e-5
-0.0011065134739244328,0.0028700957324100684,-0.0004168120691481705,-0.00041974526808858303
0.0009603249240224024,-0.0009183125330447125,1.98969955406461e-5,2.0036822614908228e-5
-0.0014786447044901742,0.0016113868244040151,0.00015066280428343169,0.00015172083744240407
0.003013454558239814,-0.009505370156904672,-0.0005627131934817732,-0.0005666630906071269
0.0006299949672694969,-0.00013672895005204674,0.0002134370854870405,0.0002149306727334251
-0.0005230560789673865,0.00028809995547304676,-0.00018097306491529104,-0.00018223886928299602
-0.005045574545952583,0.001457756267952114,0.0002651388013372329,0.0002669912921522652
-0.002571273612800924,0.0025355773957692076,0.0001678092192960908,0.0001689811925885679
-0.0020964020980257635,0.014271497865813939,-0.00031293309628767477,-0.0003151179380828647
-0.0004899124761032263,0.0012397436130048198,-2.530229729759804e-5,-2.547875367888451e-5
-0.0008758475664378117,0.0038352761745886186,-0.00035142766057506326,-0.00035387706648616445
-0.001339675798972743,0.001983488457645438,0.00010033003463858692,0.0001010284008200922
-0.0010258869457258884,0.004792535478625712,-0.0003642901525630516,-0.0003668247660943208
0.00045582566768885216,-0.0006902454349566341,1.9991586150296105e-5,2.01304913982647e-5
-0.0003828592248929533,0.0007860546010678348,-0.00020802010824400719,-0.00020946455865093462
0.0004781079011673519,-0.0006605351022165155,-0.0005417553706351349,-0.0005455135791377499
-0.012063138470817648,0.003168733232571201,0.0002894575475757614,0.0002914618323978888
-0.00011575394857577251,0.0001361001255940269,-0.00030369734896953563,-0.0003057995435771938
0.0008698667699014339,-0.0006361461995043366,-4.9743095581661294e-5,-5.008702067797864e-5
-0.004728349505936143,0.0030506096188324017,0.00023224049306759024,0.00023384489951295428
-0.00017660721538810753,0.00044323400406903567,-0.00020855459455770242,-0.00020999484019771256
0.001282878052031163,-0.0021731014035313834,-0.0005729309182937912,-0.000576883726428515
-0.0013294603727999853,0.00028568674600155003,1.0807863287032558e-5,1.0882259957737584e-5
-0.01770281601781108,0.003469137557579102,0.0002935691726426021,0.0002955883851730131
5.0011085069213324e-5,-9.330474408617832e-5,-0.00015873537005252312,-0.0001598268454359193
0.0006270436965602736,-0.0006345123604154315,-0.0002721353578931131,-0.0002740048544466693
0.000736326012170679,-0.0003780906888724905,7.403971010826496e-5,7.454776665484584e-5
-0.006443708658512379,0.004188642832837425,0.00023042628232612279,0.0002320064065190269
-0.0006537850692091848,0.0019452731397993923,-0.00031611521642383806,-0.0003182822042271834
-0.0016843516012934976,0.0022383466386067547,0.00012464904019270044,0.0001255025254279767
-0.0011566200925420289,0.00635017170890983,-0.00026429862124475166,-0.00026610761467436866
-0.0005298212037938374,0.001279728392879,-1.8700542598721478e-5,-1.882839977496748e-5
-0.001068211383544379,0.00444502499257159,-0.00041781516832453154,-0.00042067017545489686
0.00041454540883111994,-0.0004957074078096759,-0.00024595586712865237,-0.00024763404704912295
-0.0005860191039299905,0.00037257679718440356,-0.0002404665212718548,-0.00024210549913492718
7.230516574619866e-5,-3.849533855749451e-5,0.0001867719863540258,0.0001880435029254972
-0.0024186612757708145,0.0014756254286432142,0.00021951907051148903,0.0002210127596716478
-0.0002756376544128574,0.0005189538045386381,-0.000543727117046901,-0.00054742530036622
-0.012806827737091716,0.005501450465404139,0.00015987130516249552,0.00016095683482379117
-0.0028736918395060964,0.02218269151962359,-0.0004685822353655955,-0.0004717632948910503
0.0008436469869808561,-0.0010401437034375904,-6.40846960838669e-6,-6.4519009423488e-6
-3.487892039433321e-5,2.249192375843205e-5,-0.00016050745774157923,-0.00016159448815753388
0.0008807649119145397,-0.0009343097483533456,9.780246761345011e-5,9.846422793859303e-5
-0.0008261324436497315,0.0014646348774765303,6.0259535279256094e-5,6.066704245019933e-5
0.001525260378268791,-0.007858080169338914,-0.000551330532468969,-0.0005550572872319212
-0.020799210461389866,0.006993259473357357,0.0001697801762284009,0.0001709245493307102
-0.001425422226686928,0.008013210806806784,-0.0004974486535278695,-0.0005008009612247546
-0.0042929022020245225,0.0036173286981444467,0.00017511593889118815,0.00017629383091960607
-0.002271226892600481,0.01607669034495849,-0.00030813355761063295,-0.0003102056141144573
-0.0007284550852873111,0.0018444283661692054,-0.000289240071876538,-0.0002911829903599307
5.506789688908135e-5,-9.747705488100255e-5,8.765541308655384e-5,8.824358023105156e-5
-0.0007568689220491746,0.0018459930667751676,-0.0002856365403005328,-0.0002875521647759789
0.0009533652483514988,-0.001162474261379649,-0.000494628222352948,-0.0004979418594016232
-0.009096336581897492,0.0017838928042431,0.0002737780810433579,0.00027560873901514156
-0.0015274197777452147,0.001388093470060565,0.00016932171714663908,0.00017045351130523772
-8.326438465866115e-5,0.0002506075467832868,-3.890636753029483e-5,-3.916631947234216e-5
-0.0011047597431052807,0.005875105827708391,-0.00021410336775966714,-0.00021553313435874845
-0.00039802581933407496,0.0012207396648993333,-7.395100151771263e-5,-7.444438239205355e-5
-0.00016220356950052652,0.0006327048536057231,-0.0005622725019364675,-0.0005660214092788481
-0.0008311138599728807,0.0005234694547246086,-0.0002702115135770913,-0.00027200962751859777
-0.0014310699064163611,0.00020316842212689368,5.6485113913660364e-5,5.686042442995198e-5
-0.012808591277467377,0.0024201363203788396,0.0002808376669009061,0.00028270245260165864
-0.0016867971051188221,0.0017386982893043143,0.00015325754749196446,0.00015427485902719712
-0.00013954806001334927,0.00043118120767888255,-0.0005653103479906245,-0.0005690612774937577
-0.0003698139718703549,0.00017564073563715053,0.00016971613382735272,0.00017084015883507564
0.00048305872538431763,-0.0005743394751643741,-0.00026616537011349986,-0.0002679272861149683
-0.002118426852017119,0.0011949072975860056,0.00021337002279602375,0.0002147809245723783
-0.00035618166411694775,0.0005632724449303466,-0.0001977633010146262,-0.00019907045598381484
-0.0028106011600015873,0.00299314772718172,0.00015906282045628016,0.0001601131882005511
0.0001784245682921806,-0.0006974336893161548,-0.0001638472472577579,-0.00016492881796509212
7.877409289987359e-6,2.5400935050333898e-5,-0.0005463810488034788,-0.0005499856937513118
-0.0009437003454971341,0.00045277986091388743,0.0001883178610707556,0.0001895572532723175
-0.00031671985108444866,0.0003322222885053817,0.00011654346811092649,0.00011731011964008729
-0.00022634951699514096,0.0005701360327887,-0.00020764960278490328,-0.0002090149307991
0.00035605114048472056,-0.0006110166357680165,-6.135404403930524e-5,-6.175708310616451e-5
-0.0007210953903673703,0.0012228798647944514,-0.0004287903247481955,-0.0004316050659850417
-0.005946245443516187,0.0032888770089976684,0.00023528670293978992,0.00023682910285441108
0.0004666742806974721,-0.0010950949606996995,-0.0005865341035025942,-0.0005903777705879916
0.0003275785110920821,-0.00013924779757192954,0.0001330590401856514,0.00013392931257926756
-0.009381109474240791,0.006041923338394872,0.0001997089084255614,0.000201014378717097
-0.0004051403482112757,0.002142985859629728,-0.0005318799117483358,-0.000535355843952727
-0.0005768545828531822,0.0003649208713898217,-0.00022808031466024724,-0.00022956775504195855
0.0014310690592853911,-0.00040541549372084866,0.00012056119855556767,0.00012134656652729662
0.0004270081232460015,-0.00020832405752811058,-5.5337315768389676e-5,-5.569759447430944e-5
-0.013860548412064893,0.005462670173585697,0.0002463311963849481,0.00024793366086248516
0.002162470164533535,-0.005670334139644677,-5.7744740862402135e-5,-5.812028681292299e-5
-0.0035527741867377176,0.031557160384446864,-0.0003767881364772515,-0.00037923767820285427
0.0007786497245546918,-0.0021774004314062106,-0.0005968412782533692,-0.0006007176450997113
0.0008502488561613441,-0.00032402954110159955,3.0074867148058346e-5,3.0269792422184363e-5
-0.013582024888091827,0.005764393565599033,0.0002393771706736557,0.00024092758999748725
-0.0009397907281726959,0.002666798502397601,-0.0004572620803028159,-0.00046022291924888
0.0006163787770950819,-0.0005091587903185295,0.00013196071915064255,0.00013281393825660605
-7.802352654284639e-5,8.607221401269983e-5,-0.00015885312025449208,-0.00015987969113039662
0.0005951947134134574,-0.0006388972966586653,-8.648541342421283e-5,-8.704382589789275e-5
0.00030910806204268316,-0.00027719279957302384,-0.0003413129224760389,-0.00034351493211317544
0.0012633585779699061,-0.0003654504797974947,0.00012925699862608548,0.00013008980862022965
-0.003501157074641495,0.0017247326533112951,0.00022633082299327955,0.00022778828935736623
-0.00033352989877057863,0.0005076527531920182,-0.00020058445327961953,-0.00020187562693969733
-0.0006493685824277721,0.0006223321024405819,0.0001411172633200278,0.00014202479653524025
-0.0009509326630439912,0.00243041486838511,-0.0004504876685748142,-0.00045338352782883063
-0.004471621091154572,0.0032011445574586916,0.00020542751532433802,0.0002067461812760737
0.0010470549627597454,-0.0030645422142481565,-7.051391067319218e-5,-7.09663945216659e-5
-0.001003602004249609,0.007293918281228955,-0.0005231264127538263,-0.0005264818073219313
-0.002292370347235435,0.0013138229288503938,0.0002077608699258027,0.00020909041960180905
-0.00023959895666440798,0.0004033400948306813,-0.00048715536496369085,-0.0004902716307825647
-0.016050578341206427,0.006745904809960044,0.00022107523792532137,0.00022248725974135361
0.002473656104310064,-0.00865957788703739,-0.0005612489937743793,-0.0005648328622574237
-0.012841086668402342,0.003283869975683516,0.0002668647304418361,0.00026856438904790435
-0.0010123839603300882,0.0014340016782842552,8.586298953953125e-5,8.640968696005222e-5
0.0014379549286858192,-0.004896389192292089,-0.00012026194278035939,-0.00012102731837518469
-0.0018168121132346223,0.013807499947037246,-0.000511628930165733,-0.00051488362996123
-0.0044834026585570475,0.0031701199823763256,0.00020435162362515767,0.00020564888785499724
-0.0006598999290421512,0.0018803483260809689,-0.00029084118368971336,-0.0002926868774511592
0.0003802380840590011,-0.0005221387615881479,-7.798575241274498e-5,-7.848012367288914e-5
-0.0007382034807791477,0.000813644111983232,0.0001244906502294589,0.00012527923447380875
-0.0013805462209103548,0.011189609974301344,-0.0005227477999726507,-0.0005260582063602896
-0.0023542871826069812,0.017140157676397542,-0.00030443328084332516,-0.0003063605262082246
-0.0005014204547735779,0.0012243786841967471,-3.229520616226222e-5,-3.249943940999091e-5
-0.0002473290031750455,0.0008839416743113281,-0.0005226024698084614,-0.0005259054982998456
-0.00038877025146263336,0.00024311115824394137,-0.00020550362538660259,-0.00020680020362597588
-0.004878944491448721,0.0014205424332205303,0.0002368739603222393,0.00023836690342749143
0.00041769355797683733,-0.00043476265034652094,-0.0002766385245986664,-0.00027838142800367
0.0008073878764140383,-0.0003756168204219581,8.49762000838846e-6,8.551099098036106e-6
0.0005724375771340894,-0.00028154514626650874,-4.084602785568816e-5,-4.1102911548213235e-5
-0.002460584405544179,0.0010085406804669112,0.00020663226721370935,0.00020793080385237374
0.0009394605889982353,-0.001066406899061313,9.470955769746891e-6,9.530448871058489e-6
0.0006089981672223994,-0.0008413283636333523,-3.739340057858509e-5,-3.7628143526149895e-5
-0.0010864356705588497,0.0015085911025683673,0.00010193077585438742,0.00010257022720403715
-0.0018821676428194985,0.012027347252347899,-0.00034734261256083647,-0.0003495209016739474
-0.0002522891802347776,0.0003639572623925516,-0.00018386565559246664,-0.00018501721975582402
-0.0015364626859599997,0.001518288747504191,0.00014804997831242129,0.00014897639894325822
-0.0005413930964500676,0.0015613322073159677,-0.00026731364092273457,-0.00026898569179530324
-3.127361175167153e-5,1.4862321149670938e-5,-0.0002493116259920985,-0.00025086948596698543
0.000871892019349773,-0.0006745386447710318,9.020311045158037e-7,9.076619210360025e-7
0.0008640292572730327,-0.0007212257486797321,-9.885047873499632e-5,-9.946712430647279e-5
-0.0007420407832243064,0.0004895292276406885,-0.0002673843726275934,-0.00026905101432829205
-0.002720539928357978,0.0004097428491346124,2.4643865677368098e-5,2.4797258658843086e-5
-0.002933860042457872,0.0004285326692262716,0.00022285868840813295,0.0002242448933227292
-0.008265093513846336,0.005041003474939769,0.00016541659477851888,0.00016644512044928833
-0.0020341967044529724,0.015401367656831881,-0.0004889192206134815,-0.0004919585799966421
0.0005982477491592601,-0.0005039797100354937,0.0001280230392547584,0.0001288173454890567
-7.223043071033764e-5,8.941246382529156e-5,4.3593911398980436e-5,4.386425361279637e-5
9.371197830194915e-5,-0.00023994573343141416,-0.0005391820610438217,-0.0005425240208480518
-0.0017821602520212447,0.0007863742041146018,0.00019537406309602502,0.00019658293702299676
0.0003105933384510532,-0.0003733341680905231,-0.00033368160557571767,-0.00033574537581094826
-0.0017715881196151131,0.0007362368753632924,0.0001931236171972915,0.00019431664305558842
0.0006253956988920975,-0.0006825880220682062,-0.00024728370898010916,-0.00024881065116586393
-0.0012728651419373364,0.000641078641859395,0.000187496379079201,0.00018865296353891574
0.00017219079651823173,-0.00025128574554228835,-0.00023375389022976914,-0.0002351952024020058
-0.0006062315635240304,0.0004357950353538686,-0.00028047557195707727,-0.00028220328000159637
-0.02912626909661437,0.006196707877355396,0.0002174837263402546,0.00021882172635384
-0.0002853359998109766,0.0007322299114367736,-1.751207862567957e-5,-1.761979398286389e-5
0.001135558795865654,-0.0057161659305138,-0.0002825792577136594,-0.0002843165513514858
-0.002866410981176343,0.023210787415737618,-0.0003467183864177766,-0.00034884917290484244
-0.00016428660858158596,0.00034452213677030655,2.011978983035221e-5,2.024330029230466e-5
0.0017930862167103883,-0.010698141221839241,-0.00042509788415588814,-0.00042770640601051186
-0.01883914153247812,0.005008138717695968,0.00024402804697441942,0.00024552108106273645
0.0007861349390555706,-0.0015630017724012665,-0.0005375902266646623,-0.0005408785528382843
-0.0025914614955941605,0.0007913150166898999,-7.811062993379567e-5,-7.858752697570293e-5
0.0018860950543219972,-0.0002195122255420256,0.00012328563239984622,0.0001240375847199358
-0.01834552096742362,0.005554140932761255,0.0002350587608721355,0.00023649176785274094
0.00018101564888322116,-0.00042334999436874327,-0.0005300403367889937,-0.0005332708890253885
0.0008897403259685162,-0.00038389629621516963,3.8304888155259554e-5,3.853795616851328e-5
-0.0016757511005052177,0.0008546745552212098,-0.00018471022601980163,-0.0001858333979606236
-0.036551125137719014,0.0067289542646907065,0.0001564562783680187,0.00015740660175991145
-0.00035475174676403477,0.0013192132765256963,-9.40786237401522e-5,-9.464996609374672e-5
-0.0005191212755977795,0.002216326646997194,-0.00025227176579886495,-0.0002538028884250762
9.461557498102114e-5,-0.0001852580131692131,-2.6772294816770277e-5,-2.693461984583129e-5
-0.000766901294898506,0.0017544666759846772,-0.00043313816233683984,-0.0004357628016044127
0.0008925937527091462,-0.0005885472262325944,-3.608355923923381e-5,-3.630191315992508e-5
-0.010669554830182873,0.0063012228257700725,0.00017697869237426683,0.00017804888825506
-0.0008098329960458967,0.004854447558493136,-0.00047948406242202395,-0.00048238288495536095
0.0008054897904338516,-0.000546220197302402,-9.404483467316344e-5,-9.46122907003615e-5
-0.008048450050105807,0.003969909334523234,0.00022465782935799454,0.00022601231399327058
-4.1579393294758905e-5,8.359143314936947e-5,-0.00014081255929076635,-0.0001416612830206991
-0.0004845764657741609,0.0008789372298632652,-0.000434972696930919,-0.00043759242056984674
-0.0015294241084779024,0.0007963019509670309,-0.00019446387575231984,-0.0001956334806347533
-0.003073820377802211,0.0004177124154398665,0.00021454059749077576,0.00021582939994819824
-0.007631747781862001,0.004507342190094316,0.00020949558688052844,0.00021075363272718433
-0.0005043750545975722,0.0014654954053818787,-0.0004712873599380223,-0.0004741166788649654
0.00010725764974024662,-9.928751514241196e-5,0.00013782517685734794,0.00013865134662822363
0.00028243427690380845,-0.00037411631845016323,-0.00020868621831331485,-0.0002099365635178192
0.00043505526931325795,-0.0003377909867149793,0.00012466620253552552,0.00012541245225027145
0.000765361835513905,-0.0010144032276513033,3.28747989621104e-5,3.307149221171433e-5
-0.00048328640683184586,0.0009068251526993735,8.334133365728371e-6,8.383970333930352e-6
-0.0001943502580658125,0.0005819164880624418,-0.00020928081907794685,-0.00021053165256312647
0.0002544050171240377,-0.00046681149393822325,-7.10014443961656e-5,-7.142543246565622e-5
0.00028875631853860173,-0.0005157664251801269,-3.1477558761612856e-5,-3.16654024587593e-5
-2.3815374446618008e-5,4.6210605156161753e-5,-0.000491315534351087,-0.0004942457176789767
-0.016111405415367763,0.00678919405960568,0.00020588245418144626,0.000207108416908478
-0.00014844230003369934,0.0005143053746939342,-0.0001954941988814316,-0.0001966580407063799
-0.00043361336827902073,0.0008928481131808644,-1.204077706193388e-5,-1.211239816937087e-5
-0.0007774982637427682,0.0023688160208441924,-0.00033004519432352586,-0.0003320073303095837
0.0004828758110086935,-0.0005598676410695071,-0.00018216492959203845,-0.00018324667967256465
1.609788488421338e-5,-1.6533963224469433e-5,-0.00019222529885331189,-0.00019336578380182903
-0.01966302906050845,0.006651391381796438,0.000138031442630977,0.00013884960599148838
0.0014524742193771087,-0.009018849834905378,-0.0004353454238899315,-0.00043792544742707264
0.0008817132284902964,-0.00028828324925715524,0.0001166353724910716,0.00011732473064978894
0.0005151992237103414,-0.0002875189503808839,-7.882319087023234e-5,-7.928882926453549e-5
-0.0019166347406775785,0.0007616847057825385,0.00018629934086209225,0.00018739903075220508
-0.0012595858512929325,0.0012403874119228237,0.00013544293299809157,0.00013624209819695611
-0.0005969743990128237,0.001624398175794235,-0.0004522548541763677,-0.00045492230571684937
-0.007541830742198067,0.004792063319774614,0.0001987095787852502,0.00019987990888255865
-6.483804318582383e-5,0.00020632779287596258,-0.0001700950348937715,-0.0001710965555087327
-0.0008834610235193986,0.0018918328599023492,-0.00025551618332884176,-0.0002570194644910372
0.0007037402136501628,-0.0007857185544611035,8.595524239278413e-5,8.646045503474871e-5
-0.0007258728759505954,0.0013780760421765795,-0.00022293698671195598,-0.0002242467057113612
0.0021283598288450853,-0.0022520295871730953,-0.0003665190111860515,-0.00036867029089096836
0.0024426150602901123,-0.0003146121360900394,0.00012826300092508376,0.00012901449595956193
-0.01730787197178542,0.005770817442278677,0.00022254367583683627,0.0002238469786723509
-0.0010053507096328543,0.002517634766159581,-0.0003442212998207462,-0.0003462367267512221
0.0007941220435348068,-0.0007323621711839362,-8.55901925419892e-5,-8.609075045060816e-5
-0.005391798054481435,0.0038683123047877853,0.00018733492633992964,0.0001884297058444195
-0.00029115161952721037,0.0009590083221375956,-6.52499172055055e-5,-6.563112124063069e-5
0.00234275018290434,-0.010546784635886671,-0.0004897966119493244,-0.0004926565696164374
0.0008067526536307723,-0.00023798276052614653,3.295801632665792e-5,3.3149988045400986e-5
0.0008156554526017297,-0.0002837896859860357,2.7317458981256687e-5,2.7476478289634948e-5
-0.017769705436251525,0.00690855182284225,0.0002009713665866196,0.0002021405285651045
-0.00010997411438859106,0.00043008746807433006,-8.016925172675073e-5,-8.063554062174106e-5
-0.0011458496481051108,0.005859660635464145,-0.0003018572524522132,-0.00030361202982120977
-0.00011541958475547902,0.00014586089580955882,-0.00014820073464603286,-0.00014906126176708089
0.0006890686407467663,-0.0007442010287708076,-0.00015627572606285328,-0.00015718241734760302
0.0002995592621948623,-0.0002343955541903515,0.00012595087174454582,0.00012668101348391978
0.000631226442699032,-0.0007945663961334185,-0.0004230319790228208,-0.00042548317835772913
0.0016547981770856052,-0.0004332251108984874,0.00010488581346087637,0.000105492657031435
-0.0017982829826664539,0.000769806078969918,0.00018091146479970227,0.00018195764655878452
0.0010618105216289428,-0.0011828456364981648,4.849291160510208e-5,4.8773225322175884e-5
5.8660344080377604e-6,-1.823568331978344e-5,-0.00042821433426714603,-0.000430688335070246
-0.010314328811594477,0.004045192238316902,0.00022741785120172122,0.00022872995597677493
0.0011387296343228779,-0.0022971936256482627,-0.0005061644790774341,-0.0005090840378613751
-0.013311443803579771,0.0035200640551186044,0.00024013326336879258,0.000241515807404154
-0.00013521851762638882,0.00016433651717135967,7.73744246158384e-5,7.78197816315562e-5
-0.002631053218429527,0.020028004841785838,-0.00037139926234840446,-0.00037353636755464156
0.0001462103593987249,-0.00022513704987540503,-0.0001225457741828794,-0.00012324998723587223
0.00012025742463299959,-0.00015753337266801232,0.00011091907891069565,0.0001115559951077732
-0.0007853666836585089,0.0017102910077737828,-0.00023437875343620357,-0.00023572403089170676
0.00029692049927747965,-0.0003627178820957356,-0.0002676353431185502,-0.0002691700981608873
-0.007272667798242531,0.0036566900036521634,0.00021229189001193725,0.00021350804778802145
0.0025901929391699196,-0.005888510475063673,-0.000465819138087666,-0.00046848691226922576
-0.03686722406200818,0.006614087376150465,0.0001673194828491614,0.00016827559503540857
-0.00022862626482675425,0.0006763233270587975,-0.0002039083080733541,-0.00020507330487538612
-0.000339879890877003,0.0005520822502046603,-0.00034897835245638206,-0.00035097048316012235
-0.008935455154057777,0.005281879333945285,0.00019594915372238346,0.00019706644517862088
-0.0007411260568544802,0.0024503380325645776,-0.00041010096791602483,-0.00041243873563952754
-0.0015855474097130604,0.0012148210437476746,0.00016004207378275494,0.00016095315326557525
-0.0006491871943407368,0.0014752654503793945,-1.0323022518741715e-6,-1.0381767742766849e-6
-0.0009774805271128056,0.004206326268036933,-0.00034810437417427236,-0.0003500844321529383
0.000612000770871855,-0.0007080927893660254,-0.00022615411768400786,-0.00022743889498994395
-0.0012054610335593796,0.0006996137850196562,-0.00020807936731658094,-0.00020926035946653335
0.0013498294576378938,-0.00023855999832787336,0.0001653772719890644,0.00016631483307519336
0.0006961135368001498,-0.00035571833163886485,6.564338170422816e-5,6.601538202392265e-5
-0.007954892220191528,0.005218460466165474,0.00018652046801368054,0.00018757690176858394
-0.00028419197077703427,0.0011003858894246125,-8.918429643056224e-5,-8.968929635840216e-5
-0.0008699940703534977,0.004063578627358001,-0.00028324050003690417,-0.0002848434526167836
0.0005149975248066484,-0.0007980368443428087,-3.4804217573568605e-5,-3.500097097183133e-5
0.00024212785626712756,-0.0003960613215850732,-0.0004467154116436061,-0.0004492392432743679
-0.003218007814114292,0.0010690441266767037,0.00019459797920067472,0.00019569580346227562
0.0008654032944198061,-0.0008559824207233804,-3.5897040604329495e-6,-3.609947892052322e-6
0.0006611659250333004,-0.0007264326282512275,-0.00014695085647981445,-0.00014777907468459706
0.0008778969026749631,-0.0006383834003519326,3.564599904954752e-5,3.5846739658559284e-5
0.0008481626823376448,-0.0007541358793838268,-8.783425822534825e-5,-8.832861663033615e-5
-0.006292031598461514,0.004247748299047741,0.00018560739346866584,0.0001866512919909018
-0.00013301826718502784,0.0004612866896126694,-6.071282186054247e-5,-6.105418905939659e-5
-0.0012390323302488644,0.006247391803899617,-0.00032690547400191606,-0.0003287426519218518
0.0006142800339285592,-0.0007976514663645604,5.202944828455752e-5,5.2321488887994665e-5
-0.00026047927842228044,0.0005324380869541849,2.330107983985156e-5,2.3431805933786372e-5
0.0014782682213959036,-0.008874699857181242,-0.0004246992929314818,-0.0004270811217495306
0.00022488789485180388,-8.939394415344892e-5,0.0001301063004539916,0.00013083416230852678
0.0008914116653159838,-0.0005743844447846844,-4.980210624554485e-5,-5.0080590521169136e-5
-0.000649833772414711,0.00032375171311292065,0.00014938269925869927,0.00015021744847408942
0.0005678028928858942,-0.0006743763794966602,-5.316353221490815e-5,-5.346048511456635e-5
0.000790216619409183,-0.0008499505421740555,-0.00034713417090633723,-0.0003490718741150417
0.00029166904891851024,-9.76149737566591e-5,0.000144559972901514,0.00014536588651559227
-0.0004661018761709383,0.00030018373885243186,-0.00021804852428216554,-0.00021926360741377382
-0.009090902958142166,0.001068248179329947,0.00021707785691742486,0.00021828597701743926
0.00016580182770322557,-0.0001169390805771718,-0.0001633284537395224,-0.0001642371679551359
-0.016502054156545747,0.00586242957041423,0.00011921410627112714,0.00011987680389311352
-0.002161791421380384,0.01597453470517953,-0.00041044683642632964,-0.0004127281178068088
-8.532299294742615e-5,4.0768499337595605e-5,0.00012510557485660722,0.00012579980835455095
-0.000958616118994204,0.0020065812598078145,-0.00031415917983047587,-0.00031590182416724535
0.0008639140349814779,-0.000713804733597463,-3.892360113290591e-5,-3.913928216021315e-5
-7.779701006502008e-5,2.051916430293508e-5,0.00014040857696659916,0.000141186093514554
0.0011540784114525944,-0.001993868813252954,4.617359312304858e-5,4.642917960682565e-5
0.000257614797076663,-0.00202244485625333,-0.00037560861456792084,-0.0003776871673721093
0.0011268561482374185,-0.00032909734919299894,4.788484230329024e-5,4.814910319868472e-5
0.0008141879334030091,-0.00030513414620693267,2.2822558645612404e-5,2.2948438736698282e-5
-0.011653924177104785,0.004766233698278534,0.00021251660795032268,0.00021368807175615017
0.0019833350848577755,-0.004630587664081768,-0.00047917182699035046,-0.00048181253127311635
-5.978404317172705e-6,-1.5635590252539305e-5,0.00016268079042560472,0.00016357553526616375
-0.00973979353475586,0.005701334482770512,0.0001869272419852852,0.00018795493840929203
-0.00026155640265019566,0.0009185015843443287,-0.00020725392785616618,-0.00020839310239908156
-0.0007219380556535592,0.001269699688334356,-0.0002300905166976662,-0.0002313541257045694
0.000777349750615635,-0.0007349728460647612,-4.0370373604672455e-5,-4.0591880915275755e-5
6.933114456799369e-5,-5.396920461905455e-5,-0.000304713048801194,-0.00030638390128209965
-0.005346635047541893,0.001141953079951957,0.00020949211010884178,0.00021063942076582053
0.0008542460875155601,-0.0007256226981228361,-4.6219170266284415e-5,-4.647221396886121e-5
0.0008987748242126356,-0.0006952585407032596,2.819949169384833e-5,2.8353779280863286e-5
0.0010939652675750165,-0.0010162780888067727,6.062931698880787e-5,6.0960852810584886e-5
-0.0010878493785286194,0.0014186736083484305,8.705785356444322e-5,8.753367092085838e-5
-0.00013394891706027475,0.0004257585585629483,-0.00018656193332682969,-0.00018758121071664715
-0.0007229746562556592,0.0013531682609350822,1.9760083666432073e-5,1.9867955706494705e-5
-0.0003679514092182959,0.0013087937916957425,-9.290307825485953e-5,-9.34100216982927e-5
-0.0005625867572884903,0.0019256480922387883,-0.00026033592187036416,-0.00026175564450160813
0.002473477189355552,-0.003399019659090147,-0.0003915439366378233,-0.00039367712497761175
-0.009689935058576977,0.0014281242140418765,1.7379054454809142e-5,1.7473567471266707e-5
-0.0002879074160677788,0.0024940763143885838,-0.0004380959756605285,-0.00044047822579955544
0.00012255842243701943,-5.471329209560452e-5,-5.2865613293975794e-5,-5.315243766505917e-5
-0.014077910931444922,0.004850625555285984,0.00021392038836696997,0.00021508021338905863
-0.000588575358706967,0.0012571898234038314,-0.00038979098803746884,-0.0003919038457264404
-0.00030228217469636807,0.00017808099888211396,-0.00015266217876729488,-0.0001534886627894636
0.0008375826518044495,-0.00025137422003150615,3.1949062953437116e-5,3.2121880452897716e-5
-0.0012460982579958718,0.00045093251117229533,-5.660883532971647e-5,-5.69148671529483e-5
-0.011754674488750593,0.0027441875156399634,0.00022649928037361908,0.0002277228508715855
0.0018478181970957358,-0.0021860210336953944,-0.00037299749729350403,-0.0003750119224758669
-0.026162875681821032,0.0040603422727821265,0.00022613886502264937,0.00022735817987784435
0.00029255308225409473,-0.0004391600334763169,-7.310748162817991e-5,-7.350158475971179e-5
0.0008173623469496411,-0.0010561470405559916,3.113438302627531e-5,3.1302111893691476e-5
-0.0008315970689674988,0.001487812605259592,-0.000256194523900311,-0.0002575740330030679
0.0007956985711595798,-0.0006903679275253838,9.09582534394437e-5,9.144757117650863e-5
7.047236500627566e-5,-0.00012882921018177323,-0.00021530016411289203,-0.0002164578686188043
0.0008773035782877561,-0.0006663822213342923,1.0055395097731679e-6,1.0109417526361052e-6
-0.0020898169335295943,0.0016094509260767235,0.00015604420362988453,0.000156882059227231
0.0012495919299108347,-0.003032382871389473,-0.00048162795032214724,-0.00048421313600312634
-0.010866999336636598,0.00332415674992761,0.00022052894030928467,0.000221710584781981
-0.001375738739829734,0.0020788503818576064,7.521251746101423e-5,7.561541714424887e-5
-0.0011633468621268473,0.0059939195080884545,-0.00028797709559043175,-0.00028951923925454854
6.130902494506279e-5,-0.00010945021322675508,-0.00030815955305915713,-0.0003098079401078176
0.0005859129903505162,-0.00031688129993311104,7.362524138978193e-5,7.401865979953061e-5
-0.0003739422303762563,0.00027892536358045374,-0.0002457898980891351,-0.0002471026285041287
-0.019996872752790777,0.004414996041537161,0.00021975683078322353,0.00022092924482276823
0.0010106893854236131,-0.0016907203508856306,-0.00044146746532048133,-0.0004438222042770859
-0.007487058029291751,0.0018556301494176597,0.00021328871400143893,0.00021442456177946654
0.0007953036207143207,-0.0008456095436452387,7.894983954308523e-5,7.937015468847142e-5
-0.0007885325762808721,0.0013958818230805235,-0.00029334039370977405,-0.0002949014066316591
0.000660583508767713,-0.000446501353102374,-0.00023802252981602076,-0.000239287898195685
-0.05439953542715694,0.00611870660301423,0.00016506621480206248,0.00016594254447050406
-0.0005198773034825173,0.0011805883635119412,-0.0001907806900099046,-0.00019179338141621933
0.0005375316422099936,-0.0007321149276966907,-4.177580834863555e-5,-4.1997382658880295e-5
0.0007603393837873722,-0.0010235632359982276,-5.340301943425177e-6,-5.368609451066163e-6
0.0018343237158374211,-0.002841368994574978,-0.00041990503558791373,-0.0004221296432604075
0.001190150316009264,-0.00023969092950066508,0.00014907655835703633,0.00014986501022143096
-0.001467751831226248,0.0007581837184351204,-0.00016529417166303594,-0.00016616806384401938
-0.03597949681079558,0.005560881442862139,0.00019474495166513434,0.00019577349568378107
-0.0009198707248937171,0.0018252171210908885,-0.0003190460188144176,-0.00032073076087983616
-0.0019389433675732256,0.001323031185105725,0.00015870111039833741,0.00015953825860757243
-0.0005642160515362901,0.0011476462890427758,2.4419817297627035e-5,2.4548589143409828e-5
-0.0005412164318606944,0.0030543254967488553,-0.000411965686424232,-0.00041413731851967875
-0.0004331054579959886,0.0002946480453878304,-0.00020781948146570933,-0.00020891316628805635
-0.0007789874145084446,0.0001804614191756916,0.00015941007314526103,0.00016024818243967943
-0.009365311100493441,0.006039477527332554,0.0001677358626838053,0.00016861741567198577
0.0021600289924199995,-0.009435586042226326,-0.0004435151382169353,-0.00044584555962578516
-0.023674152336285913,0.00756431343694193,0.00016354954113211105,0.00016440707836975238
0.0036969274142212246,-0.01418449456409276,-0.0003592062946142962,-0.000361089394033863
-0.013715055788947616,0.002422133272835409,0.00022085941716879368,0.00022201436442298477
-0.0037070109788186665,0.0036940031603463893,0.00013303598139853662,0.00013373149193194334
-7.551760736700019e-5,0.00039046312409545794,-0.0004210165190510122,-0.0004232170135512523
0.0005142335935828404,-0.0003237590167062282,-0.00011057278291950257,-0.00011114974999254007
-0.004314211638552299,0.0016525382901431012,0.00019009981621511234,0.00019109101166541685
0.0005286774538230667,-0.0006778646325250882,-0.00022598109502423828,-0.00022715900290342733
-0.011400811700375468,0.006658597985493016,0.0001557516823773164,0.00015656280635403452
-0.0009122457915745408,0.005210651660608204,-0.00017792895422074744,-0.0001788553951868336
0.003542472874468181,-0.018227375153775094,-0.00017360072753971295,-0.0001745041638880812
-0.008161169221764082,0.001092336060920061,0.00020268837710862706,0.00020374007755778154
-0.00822743893971867,0.005671557433683085,0.00016344729676234112,0.00016429514529732995
-0.00045667389778914993,0.0019424162483744746,-0.000375142594376043,-0.0003770881237687286
2.006819821107261e-5,-1.1948087023847433e-5,-0.00027398934000181276,-0.00027540838058152153
-0.0011139223050122765,0.00023126471904432502,0.00016655663358944344,0.00016741829260710986
-0.0008822224742989524,0.0005289862218893969,0.0001498641599462522,0.00015063919010067543
-0.0011172418367240687,0.0017593836404949572,6.564865358984019e-5,6.598803920166434e-5
-0.0006818313130393043,0.0038983392717129406,-0.0003977504806853858,-0.00039980611657633154
-0.00043059420147657746,0.0003087676332873428,-0.00022632245439849544,-0.00022749025755805364
-0.03217670291284087,0.0071804425688313765,0.00012434489749151104,0.00012498584605319596
-0.0005943724459262482,0.0026284096578145957,-0.00011290520013205834,-0.00011348709919651018
-0.0008200869068955976,0.0030706554190747053,-0.0002954058068336004,-0.00029692738724129057
0.0007085013708179662,-0.0008377141733087052,6.230043312883546e-5,6.262099110837924e-5
-0.0009187517521774396,0.001790995521410707,2.6001752278515456e-5,2.6135483235135788e-5
-0.00019447027996996326,0.0008408259923053161,-0.00040346619136930696,-0.00040554049382484064
-0.0003243630646925748,0.00023540091997839612,-0.00023196614242099233,-0.00023315696872316767
0.0025815187577727674,-0.00041028436688475106,0.00011424524559140197,0.00011483106338360031
-0.002266375092656477,0.0008643835353056254,-9.532112930567366e-5,-9.580971329247038e-5
0.0017630750482270886,-0.0002884697779070842,0.00014240781946757636,0.00014313713589636292
0.0007138474364619859,-0.00032879880886760754,-9.694212300610884e-6,-9.74384142993036e-6
-0.0018926451379518354,0.0008427412019755787,-0.00012189539937367063,-0.00012251906974070342
-0.009033881193560769,0.0016103283038194584,0.00020644291208683516,0.00020749825178394355
0.0009341289747373,-0.0008166847931045193,-0.00010259149258251122,-0.00010311579748488656
0.0002621466186696638,-0.00018303413531339197,9.404694608886003e-5,9.452724877551555e-5
-0.0015315896322843955,0.0014924640189169216,0.00012121075786373038,0.00012182951570305004
-2.803195149566922e-6,1.2949059170727975e-6,-0.00012046400035018818,-0.00012107874618518437
-0.00025201481131951656,0.0005494412673026197,-3.0917717765324216e-5,-3.1075393810547245e-5
-0.0008370638121469591,0.002315333665374703,-0.0003257557691773137,-0.00032741625976141547
0.0006044162046978044,-0.0005245119504106708,-0.00018957631706117108,-0.0001905416085316813
0.0006221537926333476,-0.0002690872215652717,8.192993747704244e-5,8.234675842853593e-5
0.000752815817927327,-0.0004799620270342779,-8.324284282502743e-5,-8.366614721895391e-5
-9.560519226693938e-5,4.500110270573725e-5,-6.198185310855116e-5,-6.229682596736487e-5
-0.009999182519940777,0.0031867463047402993,0.00020730021522305316,0.00020835293720946935
0.0002631182000174,-0.0004203281016754035,-6.869528371891305e-5,-6.904404617115953e-5
-0.0013020438990886851,0.0017430788510206015,8.070884494275701e-5,8.11183524130779e-5
0.0018248224526594451,-0.006430996017731893,-0.0004558537250880181,-0.0004581658859377124
-0.0022265009412776146,0.0007770142158801971,0.00016064269069709426,0.00016145602767293147
0.0008740459219214245,-0.0008061323490473286,-9.34429114036843e-5,-9.391584744050724e-5
0.0007014775646603614,-0.00047980399546708604,-0.00011479586243957839,-0.00011537647920501214
-0.0017466281740034452,0.0007516479654398322,-0.00010591082098894902,-0.00010644610736314573
-0.0011426192675197968,0.000206829440769242,0.00016683231658635726,0.00016767482336171603
0.0007109674405568418,-0.00045755242707852566,5.3929883597319564e-5,5.4202139850437404e-5
0.0006575343217373699,-0.0005572075008068015,-0.00016961667438072852,-0.00017047254022047614
-0.0010137922271429244,0.0004177876186951475,0.00013703893507207394,0.00013772986088324
0.0008548500276788397,-0.0007966137711848542,-0.00017160566952743986,-0.00017247054286926712
0.0007016614160482122,-0.00035730502869021766,5.6170014332842895e-5,5.645287870651654e-5
-0.009719320059848779,0.0062860774726220614,0.0001520777891369651,0.0001528432578528208
-0.0009633276137923809,0.005226680507200253,-0.0001483291707292509,-0.00014907562333016402
0.003891145626824782,-0.017695026145508864,-0.0002584694003211073,-0.00025976941254776816
-0.002848567715639023,0.00045992284192543473,9.60320072146769e-6,9.651373624472043e-6
-0.010464039116977956,0.001355945054605567,0.00020048954751189334,0.00020149466662821168
0.0009529185751240255,-0.0007114977585809308,-5.552668040756149e-5,-5.580498023768594e-5
-0.010382667670417544,0.0062894015013845875,0.00016268626997367755,0.00016350114496247774
0.00011158885752757014,-0.00047594167350764415,-0.00040697413942916526,-0.00040901219657545903
-0.010086686640430194,0.006136719186008492,0.0001639084585492312,0.00016472805677062103
0.0027930809203575973,-0.011314069777296397,-0.00041498335923817226,-0.0004170579776645322
-0.018551472431411094,0.005022296737678437,7.95283976210314e-5,7.992515136584353e-5
0.0003707086380016377,-0.0026952101942380887,-0.0003850641679432663,-0.0003869849533723253
-0.005105902496355805,0.0020169845924389346,0.0001861459521222254,0.00018707250720671542
0.0005600850102017914,-0.0007923820772868684,-3.321654795753294e-5,-3.338183769054049e-5
0.00044756448885505703,-0.0006600913764458151,-4.609472629703927e-5,-4.632397420540229e-5
0.0010769507115178827,-0.0014884903365306556,-0.0003789711689512444,-0.0003808548863792218
-0.0014724815168128344,0.0003705702156601094,-8.077161302243903e-6,-8.117254573147456e-6
-0.0018407189099863138,0.0003859425444220767,2.8585517238366063e-6,2.872732285097807e-6
0.0008134603512913349,-0.00015509989714137918,0.00014796501719016174,0.000148698598133796
-0.003718031519696561,0.0018577136808676411,0.00017327565386233285,0.00017413442478073492
-0.0007285600659922029,0.0011739947385794528,3.9568872524255766e-5,3.9764921417246214e-5
0.0007496649515815693,-0.0023936107759951744,-7.107812667324667e-5,-7.143015792650596e-5
-0.0018113307795060022,0.012679530203363322,-0.0002415181693734504,-0.00024271391448660602
-0.0007895321777792845,0.003981259427389545,-0.00021828911201924868,-0.00021936932937361827
6.21059611068072e-5,-0.0001327522788863439,-8.802250107311667e-5,-8.845769823990631e-5
-0.0005856458524932864,0.0008692519172252048,4.922404248527471e-5,4.946726630761107e-5
0.001836090427589076,-0.00551577375920642,-0.0004432019178794894,-0.0004453910186408701
0.0008151766218195049,-0.0002628520142520855,0.00010009807206606299,0.00010059161752747398
0.00021861964100776374,-0.0001218511463746149,-9.21632173443185e-5,-9.261744808290316e-5
-0.00043695378367248944,0.0001605213991263816,-2.8106907966464938e-5,-2.8245337139667205e-5
-0.0003053744898256391,9.600557808869372e-5,4.778817470655849e-7,4.802339040821471e-7
-0.0012577175949178333,0.0003146693629942999,0.00015254136642644609,0.00015329175224913262
-0.006698127510300271,0.004535497977448308,0.00016126664442125084,0.00016205967705457607
0.0032208239203060695,-0.010485641063788624,-0.0003966312774435452,-0.00039858125056659933
-0.0025240032526050275,0.0005546246386599929,-2.0092551813653822e-5,-2.0191127558720114e-5
-0.004183555655968485,0.0005280617296273321,1.7510495709017474e-5,1.759634448330699e-5
-0.03346146523813596,0.00376425945807611,0.0002090010985257426,0.0002100251874680841
-0.002414962152199206,0.0027330774599126986,0.00010610848304234638,0.00010662830413535858
-0.001423957421742318,0.008895311901566904,-0.0002166501016910508,-0.00021771120943711735
0.003186789900525724,-0.006645052452698896,-0.0003675334375374292,-0.0003693319978295469
-0.040118268389765434,0.006040681125454974,0.00016599162784836088,0.00016680235288696324
0.00039413530919683957,-0.0008995232184100439,-0.00041067091198593655,-0.00041267637583737793
-0.006301811684714549,0.0025815307108602885,0.00018632143139263524,0.0001872300839512892
-0.0006793087877802371,0.0010723976111400527,4.032161094584249e-5,4.051819884321262e-5
0.0039547977108160305,-0.012398762561488733,-0.0003409496267642885,-0.00034261130015738315
-0.042171341070670415,0.006654273113450485,0.00013990897636901683,0.00014058932404483105
-0.0008509074630806094,0.0024456863704171708,-0.00026878919319806206,-0.00027009607573200123
0.0009263085002153643,-0.0009578100911061813,-0.00029684229634641444,-0.00029828422038112953
-0.014396373024861816,0.003669433303283776,0.0002022584427777999,0.00020323982281523998
0.0006077424268601167,-0.0009146712579430136,-0.0003691399549175574,-0.000370930664548757
-0.023500983474673623,0.007354740146914548,0.00015818603685458594,0.00015895244974870943
-0.00022923071795279793,0.0008256590063097358,-0.00010027354610101953,-0.0001007592930824825
-0.00044955208559843837,0.001357192509482587,-4.846596368153366e-5,-4.8700607353585425e-5
-0.0004021222876249223,0.0016166138332120172,-0.00010318314162074342,-0.00010368246189074484
-0.0005857029833291515,0.0018910015404839402,-0.0003458799696319503,-0.00034755277327163606
0.0008944141010730965,-0.0007057833916307466,-1.9300535694128987e-5,-1.9393772252667432e-5
0.0006507967055564641,-0.0005021204070995854,-0.0001437262749254122,-0.00014442020099296763
-0.013461310687303716,0.005564063524403349,0.00018077858879573223,0.00018165075510871085
0.00041357823443462514,-0.0011095006987951162,-0.0004118418651424606,-0.0004138283883431328
-0.0016532712614503887,0.0007786713095392059,-0.0001307996645151932,-0.0001314297164560575
-0.008882445126364576,0.0012855960833160467,0.00019071223716661585,0.0001916300545706149
0.0008815077373451864,-0.0006727618151344338,2.183934356460122e-6,2.194441972455989e-6
-4.49789890632811e-5,-1.7830603101401087e-7,0.00011693748141927556,0.00011749981171666092
0.0029600708224830265,-0.005254327184247891,-0.00036297491715839097,-0.0003647197936330839
0.002480911325540078,-0.00036982424190117643,0.00010237237833046879,0.00010286362522980343
-0.010798738589640913,0.003721376470235433,0.00019286642692518336,0.00019379156911953548
-0.0007160565983557183,0.0012599573980990734,2.4870709946191368e-5,2.498998234879161e-5
-0.0001742699492929443,0.0005549161383266725,-0.00017297412703881857,-0.00017380334145033997
-0.00015999549578482657,0.00025693820880802394,-0.00011389086456404807,-0.00011443644359668526
0.0007399182407242657,-0.0009672014725054306,-1.2189010822740712e-5,-1.224736337063556e-5
0.0006048841783652794,-0.0008904618637576783,-1.9407028412933165e-5,-1.9499889205734802e-5
5.0202155476083e-5,-0.00010611859198039365,-0.00029790583743235236,-0.00029933057627801543
-0.0008965269594402059,0.00045191821540270196,0.00013136957985548537,0.00013199723775057318
0.0005278044826827926,-0.0006346972055169681,-5.720451111010051e-5,-5.7477726272299576e-5
0.0008298947029297842,-0.0008689803771029439,-7.312418397573122e-6,-7.347323136609845e-6
0.0005899284850240858,-0.0006806899908024086,6.784669595734074e-5,6.817038567550051e-5
4.152287866400215e-5,-9.004733149133056e-5,-3.568911011844589e-5,-3.5859313809929014e-5
3.1619011479519514e-5,-8.653781261155156e-5,-9.510331484364107e-5,-9.555664879339415e-5
-9.031848780389716e-6,9.218534885110656e-6,2.541669225580841e-5,2.5537776916159037e-5
-0.00039385453031340627,0.002826601379364673,-0.00037500836619539267,-0.00037679440007637314
-0.004985562946206937,0.002778489558865251,0.0001666731671399385,0.0001674656084010867
-0.0007894348831224883,0.0016354245448434877,-0.00019808783070000106,-0.000199029384936382
0.0007055667793147795,-0.0007689513960120788,-0.00010697504496986458,-0.00010748312637274555
0.0008763941682684477,-0.0006678163276694301,1.3069913264890602e-5,1.3131948610419835e-5
0.000878304461831561,-0.0007548576191227279,-4.111669416359216e-5,-4.1311753664184505e-5
-0.007244859962530422,0.005386978613832417,0.00014482677558193727,0.00014551344930304993
1.833580563639531e-5,-8.757341005104871e-5,-0.00037386685098180454,-0.0003756391010355288
0.0008369959317578784,-0.0005566819790511514,-8.059591845941942e-5,-8.097743784781311e-5
-0.0009693227258260843,0.000458917862567511,-9.838446961972723e-5,-9.884989675248351e-5
0.0014536213648128767,-0.0003586530084801197,5.4447695749351234e-5,5.4705084671615116e-5
-0.01960284040053898,0.006764509351184585,0.00016787758777145475,0.00016867082616957781
-0.00022559115007191784,0.0007071118769459632,-7.663031406061378e-5,-7.699233644729583e-5
0.0014209635197217952,-0.004221181066603944,-0.0004220687750899558,-0.0004240616951110003
-0.0023564732739850785,0.0008169922814531956,0.00015053636589555764,0.00015124605001078865
0.0005760639477716337,-0.0005271516714901272,-0.00022512113649882171,-0.00022618209286106886
-0.021860659003898324,0.007215212105223287,0.00015896327082487671,0.0001597117637724771
0.004854327611400809,-0.016253156780086722,-0.00024219873825101712,-0.00024333896491709046
-0.003277668633492555,0.00037255903624849174,0.00016224776437931583,0.00016300976854585324
0.00036739704100163627,-0.0001986456118560486,-7.210772929128155e-5,-7.244629143211732e-5
-0.006354950580587507,0.002309216045521972,0.00018068789563119414,0.00018153572303274265
0.0021044970153141817,-0.002823593571356458,-0.0003418051907301665,-0.0003434085906686587
-0.0024316079622155725,0.0003897024963577396,0.00016466880793978528,0.00016544014104099539
0.0009252537376465966,-0.0005885374646902123,-1.0908741208598789e-5,-1.0959824497859644e-5
-0.009258405558944433,0.0056087552849665686,0.000124203321599179,0.00012478462900618274
-0.0012156369681282516,0.009255566186759283,-0.00033910583270192014,-0.000340692694128827
-0.002040333744441096,0.014188034805023142,-0.0001925745397301203,-0.0001934754430643013
-9.72113731800254e-5,0.0003439531607363503,-0.00011060638863845207,-0.00011112350664787703
-0.00026476201698300326,0.000712416522109581,-1.792306341657391e-5,-1.8006809589520816e-5
-0.0010537786272655119,0.005747128885875394,-0.0002218395492925019,-0.00022287573334954394
-0.0012495762569229914,0.00211158705729032,4.868151069217647e-5,4.890869378037534e-5
-0.00068274777453845,0.003284315988433023,-0.00020824324305859768,-0.00020921475938549092
0.00030720518157062123,-0.0005306255364694414,-0.00035859279347472546,-0.0003602643178341053
-0.002093018356444455,0.0008070417781689636,-9.16612123318757e-5,-9.208797430103877e-5
-0.0010146768332126702,0.00015070649447624797,4.544735497348601e-5,4.5658777358499533e-5
-0.03575734637793308,0.007021569166941399,0.00012515887063074005,0.00012574084871336513
-0.00020359054548023232,0.0006998143858409189,-0.00017116674981112152,-0.00017196255511595755
-0.0010802124808736546,0.001923144069578505,4.14745589969451e-5,4.166724676088348e-5
-0.00018363227918325172,0.0009539642284762032,-0.000356931888857493,-0.0003585896657505684
0.000909074635451515,-0.0006258613517367374,-4.354303869115231e-6,-4.374498681018564e-6
0.00021900025650176675,-0.00017930923772189645,0.00010014691962129676,0.00010061115072465822
0.0003381453272664983,-0.0004582354678222841,-7.813555995802865e-5,-7.849762331078366e-5
0.0007653137875673559,-0.0007984809344312102,-0.0002635024630064402,-0.000264722757409147
0.0012142950286897348,-0.00038620130570234096,6.203294970666134e-5,6.231994726536628e-5
0.00042850486118606903,-0.0002082677961965914,7.932147315746897e-5,7.968829576467455e-5
-0.006317481095291289,0.004368781429150151,0.0001499274653914177,0.00015062051848957272
0.0005757679585189963,-0.0018623703096566626,-0.00039257138190065263,-0.0003943856592248544
0.000830170820493998,-0.0004270652249506511,3.314329662336444e-5,3.329626022109162e-5
-0.00033389762802302203,0.00020289099613617274,-0.00014186948603217214,-0.00014252393572622513
0.0004803139270431347,-0.00014695644265378597,0.00011394398882309631,0.00011446921412455109
-0.0006596602681350868,0.00039739918105584815,-0.00016959110780954338,-0.0001703725529914592
-0.05025357424162118,0.006478214974257033,0.00013332611973258533,0.00013393984343197855
-7.73132628899445e-5,0.00020933638307324396,-7.226556065160769e-5,-7.259816838728564e-5
0.0009331538420073541,-0.002376841974986439,-0.00040270412493289783,-0.0004045566446974689
-0.01120547490587478,0.0042840926531326155,0.00018070103561727626,0.0001815311497155926
3.334075341056497e-5,-7.887091104753816e-5,-0.00035604172253330725,-0.00035767697486214643
-0.0005735690522308359,0.00024446849748254866,0.00011119513812092809,0.00011170525700369632
-0.005506943729145031,0.0047791124552539425,0.00012446419983838487,0.00012503498235137865
-0.0010345199183881223,0.0058576632610814845,-0.00016632524856578928,-0.00016708784713925952
0.003910148061861163,-0.009788862203027836,-0.00032310525205812005,-0.0003245856329401013
-0.025227123780174252,0.003591804399835204,0.00019475759985055784,0.00019564816089241493
0.002672080382388121,-0.003226236124995946,-0.00030154346584228026,-0.000302922060076957
-0.04403597746468407,0.005950111551002656,0.00015602823236923334,0.00015674052974957458
-0.00024716521596818353,0.0005176270354509993,-0.0003377179652995839,-0.00033925948989333126
-0.006486539033964397,0.0034438886246804844,0.00016482380945990235,0.00016557533759891917
2.815311775929431e-5,-7.809928964571538e-5,-9.154093707707575e-5,-9.195822708510397e-5
-0.00034954635357671836,0.0006271195667018774,-0.00013703092854196,-0.00013765523524596998
0.0009196158639131838,-0.0011148570825793031,2.9600313213561777e-5,2.9735082713425673e-5
-0.0005250628333564093,0.0008576566207971143,-0.0001850264423709865,-0.00018586851091142697
-0.002551839006742404,0.002162945980983784,0.00012576186003304148,0.0001263337871160646
-0.00033885273839166097,0.0009818502863423932,-2.959239207347226e-5,-2.9726932928490963e-5
0.0009283070499906261,-0.004593041883240435,-0.00037242714272159896,-0.0003741197329380353
-0.006667033379652659,0.003171500639847636,0.00016855417536698668,0.00016931897962879107
0.001466697909883285,-0.002851473134232025,-0.00038370620631503227,-0.0003854468326565038
-0.029565637858848845,0.007481358648741895,0.00011189743844842336,0.00011240431178851072
0.004255821148603532,-0.01943510525724603,-0.00019931462089387597,-0.00020021736167936377
-0.002990705600316384,0.0004385335052797901,1.8664382705031344e-5,1.8748711057985455e-5
-0.01021120150360036,0.0014196636315392459,0.00018165844500085112,0.00018247878560112479
-0.0047844803487419795,0.003593438308162968,0.00013994779032752938,0.00014057962166302338
-0.000324878525036571,0.0010650532775178176,-6.802700004622651e-5,-6.833405317184514e-5
-0.0007342036758506309,0.0024084789537922513,-0.00027538825372850283,-0.00027663066726475326
-0.0008301453694714843,0.0007788034548683127,0.00010279451235794809,0.00010325782863755815
0.0035765438385661893,-0.008971293620326278,-0.0003372414994499994,-0.0003387610598136771
0.00239001514042159,-0.00038475393483037646,9.182789437149513e-5,9.224087887124635e-5
-0.001006277475127144,0.0003644670754953835,-4.088415559874588e-5,-4.106795970197056e-5
-0.019034665374840956,0.004591464348348716,0.00018334976709716484,0.00018417356086763056
-0.0011704536634540123,0.0020661307749541458,4.1330876281948823e-5,4.1516542046503704e-5
-0.0009549169745979658,0.004815358823406052,-0.00022926124474163294,-0.0002302908244050792
-0.0008820156756639922,0.0012466173707135046,6.626272644393936e-5,6.656003256431486e-5
0.0004312306226654419,-0.002973049618344981,-0.00034932323997346527,-0.0003508902178815131
0.0003623171474268529,-0.00016455307129008837,-3.534528934225311e-5,-3.550355425609476e-5
-0.00807629923243215,0.0029122975835419434,0.00017641765351635567,0.0001772071500046067
0.0013359100048442461,-0.0020160431955786886,-0.0003506491391521867,-0.00035221797699043755
4.764198473193557e-5,-2.66984603001031e-7,1.8777842633856266e-5,1.8861748303964103e-5
-0.002407960454358582,0.0006454694585930065,-3.165675612381054e-5,-3.1798139716165235e-5
-0.01015324888769968,0.0015022274359857636,0.00018045571991119223,0.00018126115234986254
0.0009155957256064628,-0.000749225820969313,5.797963785934514e-5,5.8238358828398215e-5
0.0006144825568280861,-0.0007459579763628605,-0.000124593627017365,-0.00012514937307239534
0.0004722551237263285,-0.00036127507908752194,-0.00014182114854398753,-0.00014245332700804522
-0.0001236441672761636,5.276962713007438e-5,-2.975562578134613e-5,-2.9888169229878116e-5
0.0005615580032612261,-0.00018375675449200824,9.852092101586748e-5,9.89595254993113e-5
-0.0004154789180523451,0.00025651636233969116,-0.00016001198994889645,-0.00016072408275287367
0.00021535565768129774,-1.3699116129790563e-5,6.981301177211902e-5,7.012338775379169e-5
-0.02594793167120983,0.0064695681892662045,8.450823173744553e-5,8.488379664873384e-5
-0.0009500292743501571,0.005850534253009609,-0.00018583719437575497,-0.00018666298340850557
-0.001314848586902045,0.007378052324729645,-0.00026392710747778493,-0.000265099424108226
0.0009189172625352647,-0.0011162525626700684,2.649119860776206e-5,2.6608745664537505e-5
0.0001650567436067038,-0.0002958729175233362,-6.826653856685265e-5,-6.856932698559488e-5
0.0008632293531929921,-0.0012420318013339417,-0.00033214378132120665,-0.0003336161786733027
-0.003361152511634502,0.000944745690713583,0.00015317028610142055,0.00015384850964966914
0.000960882083912952,-0.0008260919740046074,-6.694463759518933e-5,-6.724097611080545e-5
-8.874607913345793e-5,2.921657715707039e-5,0.00010516666934336288,0.00010563193525310483
-0.002083802245939782,0.0026816507372472488,8.33115954030488e-5,8.368004677010516e-5
-0.0005401400113254637,0.0024193360585096327,-0.0001909816683382346,-0.0001918260771110862
-0.0012592404705712153,0.0021571042164098583,4.29295411504905e-5,4.311920206790511e-5
-0.00034579167122003335,0.0016612478972249148,-0.00010706382473010085,-0.00010753668644111513
-0.0008728049824616354,0.004710425124795743,-0.00012932985479569635,-0.00012990081592219573
-0.0007778315786604652,0.0036440169277720457,-0.00022018847052972948,-0.00022116009680543203
0.00021973747041416475,-0.0003363967642675008,2.641578978816779e-5,2.6532253487646576e-5
-0.0004884578265373783,0.0011452369330628464,-2.098369496111745e-5,-2.107617416539385e-5
-0.0006179240816463032,0.0020078448105296976,-0.00023370211422646546,-0.00023473166661939436
0.000887707078430246,-0.0010547247037631957,7.140544202025199e-6,7.171974652934938e-6
-0.0004580845710999264,0.0006299422913842755,5.068186520698246e-5,5.0904852230382184e-5
-0.00017559932612441255,0.00048008770143506707,-0.00014529243260293746,-0.00014593146681441945
-0.0004425492145274204,0.0007083524315810473,-0.00020668068738470836,-0.00020758913878278092
0.00037564509392945175,-0.0002899879923912361,-0.0001519435998961309,-0.00015261094463695174
0.0008570952140473887,-0.00031763913623525646,6.886247950047812e-5,6.916470702628346e-5
-0.013209530666008091,0.007113065192281171,0.00013765715628249396,0.0001382610700820751
0.000343558441050946,-0.0016247589476027073,-0.0003496312642755999,-0.0003511648727110471
-0.0072141210231862,0.004241511503827504,0.0001516884007479844,0.0001523528395791515
7.86714302226846e-6,-3.267351793802869e-5,-0.00010674921062705073,-0.00010721670030792719
-0.0007500542945468669,0.0014535011443003129,-0.00024799503051919084,-0.00024908046680032457
-0.006576505968677643,0.004734047888105979,0.00013820997981666496,0.00013881439033021053
-0.000697262193854056,0.002456090024040845,-0.00027069906340669196,-0.0002718826137068326
-0.0021930073829475806,0.0020648138370453375,9.78063925152912e-5,9.823361221102491e-5
0.0009469269475119584,-0.007831450191559088,-0.00028384263600326684,-0.0002850822501276982
0.0006020628048611816,-0.0001851087371039687,0.0001012108682534373,0.00010165193211458482
0.0008723114595717452,-0.0004988822723977301,-3.206431404291684e-5,-3.220399658140509e-5
-0.001395412043761065,0.0006919737094068152,-0.00012463430449436076,-0.00012517696255547533
-0.03775288115521723,0.005857147437173671,6.659340313451899e-5,6.688311312599637e-5
-0.0007475006881705558,0.0037412935206077086,-0.0001223636108694516,-0.0001228958904954647
-0.00019966818404383585,0.0005984695165806343,-0.00032930708122426997,-0.000330738730303736
0.0004388331982741567,-0.0002934419749220555,-0.00011652503527408622,-0.00011703106414002932
0.0008066855842706055,-0.0003005843718588757,7.13094110577014e-5,7.16188767249158e-5
-0.012706802264269129,0.006990065069334326,0.0001253216843921398,0.00012586533564805838
-0.0006552160413600498,0.003866701137374639,-0.00032038826225914556,-0.00032177790896586707
0.0008783212877573752,-0.0006605785080313589,9.05383617324558e-6,9.093054075067828e-6
-0.006644831306241183,0.005327587299810807,0.00012439597624561285,0.00012493456478692146
-0.0009866980767789968,0.004958104598150711,-0.00023632325531169296,-0.0002373462502027532
0.00026801887817982613,-0.00037472591473863685,-0.0002110610682583449,-0.00021197386112610465
0.0004979663734285475,-0.0002916088435817729,6.432151483246744e-5,6.459947324433616e-5
0.0009747504285284503,-0.0008033974784453294,-0.00011472418296299031,-0.00011521975428714092
-0.004971405442658072,0.0023809140986436558,0.0001561183303358544,0.0001567922779072167
-0.0003327184220045675,0.0005403696262348095,-0.00023841512797778298,-0.00023944408912904126
0.0006490195749459806,-0.0004299022004060258,-0.00010237646858922447,-0.00010281794412747099
-0.0006095149241764104,0.00021883474561360525,0.0001081667525865493,0.00010863289874064933
-0.005996695392556513,0.004509375464700691,0.00013319678497610208,0.00013377060211818638
-0.00041069482704522795,0.0015194788365496415,-6.844132745827496e-5,-6.87361122210904e-5
-0.00039809182843313475,0.0015150170723382322,-0.00018696484831100856,-0.00018776976164657972
0.00031916459678193944,-0.0005229293449014066,-4.9731758913838425e-5,-4.99457017281531e-5
-0.0012914706552193181,0.0018989623768275417,5.7015309713783715e-5,5.726046406530337e-5
0.004303793644504581,-0.015894089190909514,-0.00026714703725196244,-0.0002682953748765463
-0.018975607371187104,0.0029834372201669635,2.663841979336763e-5,2.6752686832690305e-5
-0.002167212307764091,0.016373486743212297,-0.00023281483587429843,-0.0002338134187240233
-0.0004093504278711762,0.0021231243582226973,-0.00012460596502255665,-0.0001251401989954874
-0.0010633175585077696,0.005932899848303024,-0.00013457318239732554,-0.00013514991841817698
0.0009636050016452466,-0.0030108516957390572,-0.000368951553975218,-0.0003705318305893661
0.0005238631009805369,-0.00023578868242707686,-2.2826319694088925e-5,-2.292396005454632e-5
-0.018289136026560487,0.007020698026722381,0.00010418033119979136,0.00010462573398260834
-0.0014793747139814663,0.009818323101851554,-0.00019219639922431794,-0.0001930179946182025
-0.0002396850613553472,0.00122792185314157,-0.00031882300152847286,-0.00032018533080550686
0.000872711137129813,-0.0006297524645677256,-0.00010055641015210418,-0.00010098554027813173
0.00015678076758615764,-6.710004039431397e-5,-3.799600403106109e-5,-3.815805303116702e-5
-0.02306944365517067,0.0077817512791638664,0.00011901205007413144,0.00011951934584693138
-0.0007096991670211108,0.0033724216874526695,-0.00020357794818962128,-0.0002044455962872088
0.00011639252024114882,-0.00020972118561737038,-0.0002009548317414479,-0.00020181059991396678
-0.007858870919120409,0.005313691199685455,0.0001123738561807729,0.00011285204202504471
-0.0023399147635556955,0.01754833551909389,-0.00019800007362299031,-0.0001988424981269892
0.0008466181773707361,-0.0031418897400096344,-9.554223375717403e-5,-9.594852121262723e-5
-0.0019411902101154452,0.014046099922459282,-0.00020691859247933615,-0.00020779822886456516
-0.0007931407112279215,0.0016845765034009417,-0.00023169570133667924,-0.00023267993228894842
0.000877241417689205,-0.0007381422935127399,-8.828082907641548e-6,-8.865553841381298e-6
0.00036517217105667456,-0.00031521546726078967,-0.00017887132156966889,-0.00017963018432028566
0.0008084103607178631,-0.00028823958548132437,7.562796931582858e-5,7.594857643389786e-5
0.0008711089787564401,-0.0004943374988626185,1.62206130436659e-5,1.6289350558637135e-5
0.0006682688647252596,-0.0004311241938953885,4.785800158455871e-5,4.8060716190591584e-5
-0.006284210087925013,0.0051942179723955765,0.0001180640713531796,0.00011856395839785044
-0.0008349539069192718,0.004513740726025305,-0.00029526243687758025,-0.00029651235455744923
0.0008697464245968016,-0.0007565692399512726,-2.2585455050498685e-6,-2.268095288678988e-6
-0.0021808372508592385,0.0019287773057661602,0.00011143027028592761,0.00011190121244868508
-0.0003577809700176317,0.0010172934409603835,-4.6330545555958026e-5,-4.652630361403736e-5
-0.00031307059318805514,0.0010033023889879276,-0.00017174659641488313,-0.000172471957801915
-0.00038659833840225656,0.0005795748386884087,3.4728669098598484e-5,3.487524194447009e-5
-0.0007784076783402356,0.0021781969139697244,-0.00024739401337689785,-0.0002484377918975004
0.0010286944967206509,-0.0009749508208253256,4.3814425178890404e-5,4.399912402645507e-5
0.0004926306074391034,-0.0006831785154587946,-0.0001777312582253013,-0.0001784801909681676
-0.009292519765101336,0.005920346529654952,0.00013657480051413158,0.0001371498970258396
0.00022305686268807783,-0.0008103390375332667,-8.821392743192109e-5,-8.858531456108605e-5
-0.0014924206627100884,0.009150387746439332,-0.00025491813595136407,-0.0002559909848929122
0.0005134309140669122,-0.0006239864611914609,-7.0610963422129e-5,-7.090783468494944e-5
-0.003399180502988431,0.0030963002612544315,0.00011355468894574974,0.00011403185115946202
-0.0002931088051297763,0.0010543123555113551,-7.607436855563946e-5,-7.639396196506156e-5
-4.0365412250885044e-5,0.00013610873993144288,-9.410553923291094e-5,-9.450069299752364e-5
-0.0002917282902733259,0.0007091423991528976,-0.000308611737008429,-0.00030990693448559447
-0.010675157133616517,0.006393727851067631,0.00013616999686398725,0.00013674090753942517
-0.000561430931412662,0.00228978694819064,-0.0001993932413185007,-0.00020022907682190865
0.0007739275385625967,-0.001135501623259305,-0.0002831759203779486,-0.0002843620331659426
-0.01990428449811673,0.007692957871908809,0.00011621530641970909,0.00011670162253878955
-0.0010407629387752056,0.0054714617834515054,-0.00026512469831922015,-0.0002662339961149908
0.001024164774708656,-0.001051524547625936,-0.0002459748186769103,-0.0002470029246287062
-0.018975998891377226,0.005087226637078314,0.00016674783402275057,0.00016744414129152857
-0.0006983124720382998,0.001353860006197754,-0.00023864005029089477,-0.00023963639496739337
0.0009513442104787685,-0.0006971676391182251,-1.8274643740021123e-5,-1.835087974701812e-5
-0.000283855476496024,0.00019981407999193173,-0.00017242465562164756,-0.0001731436085121619
0.0002734991678073973,-4.82058443424621e-5,2.6004809792803953e-5,2.6113151987593903e-5
-0.006313683077242589,0.0015793631733038186,0.0001604345576588769,0.00016110266971229866
-0.001243932863512114,0.0011351739802027841,0.00010061905068961403,0.00010103796542348001
-0.0004004857274106538,0.0009873014642026454,-0.0002975446682111467,-0.00029878311996134566
-6.027724316630498e-5,5.59790881122178e-5,-0.00016998179840148868,-0.00017068861475587376
-0.0499685871526277,0.006616161755861794,0.00010859794894324106,0.00010904909114908209
5.451668937299378e-6,-2.7039199797035815e-5,-0.00011211785516655718,-0.0001125835671992288
-0.00014389019864561404,0.0002684549539619519,-9.961256950786816e-5,-0.00010002610627743277
0.0001354741150958021,-0.00022269112501739996,-8.80176186218821e-5,-8.838281848750495e-5
0.0010020965152691872,-0.0011084403417915265,3.648228074539042e-5,3.663356847889996e-5
0.00028120712135870754,-0.0004692869963486622,-0.00025555207798110734,-0.00025661142417112055
0.0008593297595858056,-0.00045353077402349027,2.1864784723330376e-5,2.1955343418952668e-5
-0.0006415755481020853,0.00039510211778247517,-0.0001559956469399533,-0.00015664146249935122
-0.016500321711459733,0.002532445045551194,2.0506467604282416e-5,2.0591289935091946e-5
-0.0022766540438274216,0.017720949116762058,-0.0002247986314856268,-0.0002257284023946023
-0.0001036809315648938,0.00017380076503376005,-9.28536806419931e-5,-9.323742025502559e-5
0.0008730158961270001,-0.0012250896383330897,-0.0003000218075160234,-0.00030126104739318767
-0.008164439335641935,0.0023898551513336754,0.00016450055341224107,0.00016517931391390095
0.00056297055215925,-0.0006994738778470936,-3.75497956089683e-5,-3.770469812076604e-5
-0.0024243572711129526,0.0026945144930323856,9.182627988355635e-5,9.220490424467973e-5
-0.0006312416708522202,0.0023813981213307734,-0.00021362863794371,-0.0002145092714014624
0.0005058646060781299,-0.00066345284784497,-0.00014877957195068398,-0.00014939238542547318
-0.00025864040673257576,0.00018035994330830297,-0.00016554859098969352,-0.00016623002912036387
0.0012256971085273644,-0.00029354869028121053,0.00010136858240770173,0.00010178551033429872
-0.001990717930770272,0.0009666562231298084,0.0001289749419576383,0.0001295052428412548
0.0008723843151876875,-0.001116380464313593,-0.00025856450821487033,-0.0002596273389027897
-0.01745688330877333,0.006268908198404803,0.00015094193481721702,0.00015156182303070366
0.0047646604000791,-0.013086626295638235,-0.00025107643984991916,-0.0002521073930411089
-0.049920219861753885,0.0062121919260419356,0.00013379200774275935,0.0001343403289696494
-0.0007784951672092609,0.0017677375955548068,5.538046892892293e-7,5.56074069618247e-7
0.00019023559421997737,-0.0007437467202142998,-0.00010813274750660805,-0.0001085757099908628
-0.0015734972426702225,0.010071898704936588,-0.00015255416766904413,-0.00015317888956740074
-0.00021442459844757484,0.0008950050456036213,-0.00012873594730796175,-0.0001292628803782404
-0.0006899755346961361,0.0015942930028909773,-8.15521297598225e-6,-8.188573278176187e-6
0.0004358671061253716,-0.0015836307341263317,-8.254155698721734e-5,-8.287908896464039e-5
-0.0014939742838947882,0.009774450719846828,-0.0001902491106101139,-0.00019102683438151287
-1.476941389932528e-5,9.621286371335414e-6,-8.270322505258995e-5,-8.304105596779785e-5
-0.001302148651656637,0.002009283861436469,4.8471386202329533e-5,4.866928274504485e-5
-0.0004299893946379469,0.0016262197094807536,-0.00018279079461469772,-0.00018353687228547805
0.0007558044456753519,-0.0011494004443121412,-0.0002781581037778436,-0.00027929260758572836
-0.010715386176731807,0.004232692282207368,0.00015866180201833802,0.0001593083209487587
6.420100667960381e-5,-0.0001376132332511179,-3.629655613754267e-5,-3.6444429584747114e-5
-0.0004811167877181547,0.001111840478547836,-1.840071677871285e-5,-1.8475650072285676e-5
0.0018773636251436221,-0.006059504403540845,-0.00035717451341328615,-0.0003586284896060114
-0.007003861763579469,0.0024677171407634676,0.0001574688404809563,0.0001581089667004979
0.0002801590873364261,-0.00040837716493207226,-0.00014152675918780233,-0.000142101948782731
0.00024296727924603167,-0.00021404157223872127,8.915180073550977e-5,8.951389991362524e-5
0.003616810986511355,-0.005341420769219214,-0.0002735388172385492,-0.00027464947392208595
0.0017307615340401777,-0.00022647715027736563,0.00010583335417993195,0.0001062624556803255
-0.0012055310379097876,0.0004495914586375328,0.00011210249546810578,0.00011255688267059379
0.0007851816574087122,-0.0006759096121975642,5.394055855136625e-5,5.415912962633484e-5
-0.0013178763696201849,0.0016277281293447833,7.164644446875257e-5,7.19366557025815e-5
-6.218568610791224e-7,5.064020682046812e-7,-0.00010492237652349097,-0.00010534726036176893
-0.0006003634899300099,0.0013421713189759922,-0.0001538332779794306,-0.00015445589336182905
-0.0025081637266088433,0.002985499444365596,8.428665790881812e-5,8.462757718309543e-5
-0.0003707608165179551,0.001662815954405127,-0.00011563204877574139,-0.00011609964408435862
-0.0005244068524365335,0.0014145942915658317,-2.80145534100151e-5,-2.8127775380088346e-5
-0.0006641232911963492,0.00247673665416317,-0.0002221818906986587,-0.00022307951260891614
0.0005517211611323457,-0.0006608012874831393,-7.063035805510688e-5,-7.091547153183793e-5
0.0008437316611099344,-0.0007751663721473035,-1.6075882872229454e-5,-1.6140742286459852e-5
0.0008269471714835313,-0.0007513354690485265,-0.00013843369599822884,-0.00013899196210532763
-3.8615706000060255e-5,2.2495225596685915e-6,7.967343202267514e-5,7.99945248260469e-5
-0.007493640546651342,0.005674967254392879,0.0001129200983602748,0.00011337502088813788
-0.001062235523055897,0.006252310745317216,-0.00027250762226690756,-0.0002736052962819601
0.0008435157451941994,-0.0007796011805888939,-2.655002587327011e-5,-2.665685240748442e-5
0.000504229121767414,-0.00041669276094043965,-0.00021433318195768602,-0.0002151951656324353
-0.03352013770719572,0.006444709693317578,0.00013475388740527992,0.0001352953236335069
-0.0006560851949716144,0.0016646907481002906,-0.0002600045262663744,-0.000261049079520528
0.00022362743056641328,-0.00015702754773276766,-0.0001934981558968821,-0.00019427484730101435
0.0014946355518137846,-0.00025555714306695195,5.351554339217356e-5,5.373015794733963e-5
-0.0005372695644548295,0.00016420694562021903,-4.048885662116849e-6,-4.06511692067059e-6
0.001650227559187964,-0.0004134182541156738,6.567537540209112e-5,6.593852967927678e-5
0.0006957749358275352,-0.0002836245549859955,1.2713961687819201e-6,1.2764886761770684e-6
0.00019009371332301625,-7.331890577408667e-5,-2.202962336166535e-5,-2.2117821632214724e-5
-0.0028294576593599716,0.0009220204652340238,0.00013145287324735778,0.00013197889964386054
0.0007884708994205427,-0.0006994550621664501,-0.00020263557076482494,-0.00020344622301303507
-0.022615526783895223,0.006056751159179729,0.00015038098656490695,0.00015098209356111822
-0.0007850618822695573,0.0018296132660823494,-0.00021615478359190667,-0.00021701867313175176
0.000870759327011595,-0.0007904119387452084,1.26940759707838e-6,1.2744770747615528e-6
0.000968071505357742,-0.0009559880541214414,-0.0001203346596655003,-0.00012081501936402438
0.0009292045030495121,-0.0005300383661042586,-1.7587326505617315e-5,-1.7657490023452033e-5
0.0007701954765736671,-0.00040189664080447177,-2.787776608124966e-5,-2.7988930181591258e-5
-0.004726480662888871,0.0020262606325793862,0.00014431262633102641,0.00014488779810331045
0.0006337800053992056,-0.0009241950927112186,-2.971878762158786e-7,-2.9837206737673196e-7
-0.0011161946632640648,0.0020004273926293144,3.4503141299787393e-5,3.464057035778876e-5
-0.0005797774662503083,0.003127001801343479,-0.0002833588960037365,-0.0002844872515867133
-0.00021043727844866905,0.0001317748521154498,9.772787575130641e-5,9.811659073433448e-5
0.0005668465425041023,-0.0010319981348324494,2.553030032938824e-5,2.5631818868325e-5
-0.002668590473894467,0.022624719509790243,-0.00021814079649004896,-0.00021900803366440243
0.0006040384909441174,-0.0014641529549664807,-0.00032820512987071263,-0.0003295090845137871
-0.00392041514796298,0.0016621466729859833,0.0001389487698958268,0.0001395002030032853
0.0006276073779607808,-0.0008379492078279398,-0.00016674819300373144,-0.00016740978645308875
0.000704204094065052,-0.000442709464391919,-7.806819601933789e-5,-7.837773264996927e-5
-0.01795694445445122,0.007094222074192627,0.0001359075584050499,0.00013644612098462483
0.0031545315372404,-0.01074229159369408,-0.0003266326012564326,-0.0003279267597716564
-0.0007989695813746202,0.00021880671449321537,-4.892195867204008e-7,-4.911548610348671e-7
-0.001246500462726154,0.0002661087346427334,0.00012549120609481806,0.00012598739477440185
0.0009970468249708515,-0.0006463374743753406,-2.8611841949912805e-5,-2.872494157762763e-5
-0.001044059624315239,0.0005540930085484318,0.00010997725079409469,0.00011041177091168189
0.0005889764292219775,-0.0007514895567046785,-2.9125029371896804e-5,-2.9240069205703225e-5
0.0019514687624830767,-0.0023404004106144247,-0.00026978208284534846,-0.0002708472057501285
-0.012939578821593023,0.002238579747732019,0.00016418115116017683,0.00016482861583153773
0.001965894163463996,-0.0018657904497168957,-0.00022707959048897446,-0.00022797492330993568
-0.0005301288974810708,6.0757546549744435e-5,0.00012640437206224475,0.00012690221625061559
-0.00561758383240176,0.0027934431964574133,0.00014206011831453116,0.00014261947984440423
0.0005816851903294332,-0.0010977500890268633,-0.00030865158190665856,-0.00030986663266243525
-0.0004982711962984554,0.00017268263762328407,9.63126864393698e-5,9.669144267694306e-5
-2.839217575080517e-5,2.336631474766815e-5,-0.000168117740127026,-0.00016877866599631394
-0.002270843841527529,0.0005293363966564339,0.00013050035217108076,0.00013101299709778141
0.0006923063470216564,-0.0005080666297087712,5.963241168582986e-5,5.9866604175241127e-5
0.0009350302019401437,-0.0010253574421878128,-0.00014600787977086778,-0.00014658109087285333
-0.0045572787666435886,0.0024491691763441343,0.0001363955903381419,0.00013693072082239142
-7.8987640540584e-5,0.00013052519752733288,-0.0002722146875421618,-0.00027328244667148806
-0.0011114969680972963,0.0005805900971728182,-0.00011204916004685587,-0.00011248827876807028
0.0006313925693089095,-0.00011227212076972995,3.4567137661270725e-5,3.470251182474854e-5
-0.0004926393422313722,0.00013927477173677097,4.4768182438702004e-6,4.494343672605542e-6
0.0017442750239211817,-0.00041880781783139553,5.8282918035363985e-5,5.851097455254182e-5
-0.020385512986391782,0.007583671271909066,0.00012703719366152942,0.00012753410022505384
-0.0003529037940005606,0.0014041351639894593,-6.36675312233776e-5,-6.39165328349021e-5
0.0019277567022554151,-0.009119363516782305,-0.00031883706446965535,-0.0003200835524910217
-0.0012735556625652945,0.0005565843465921858,-9.008098343990509e-5,-9.043264550161896e-5
-0.027207087799780223,0.00316142945429052,0.00016630231013768377,0.00016695104025441805
0.0008679798542801161,-0.0008929324583871116,-7.960279788951287e-5,-7.991326830657853e-5
5.628198684652118e-5,-6.90821408891733e-5,8.918672354597679e-5,8.95343886865221e-5
0.0026423839737055818,-0.003719024543012082,-0.0002797227141790862,-0.0002808127938077856
-0.004872659007370092,0.0007653549268787225,0.00014419261598525127,0.00014475383307499507
-0.007671795673525852,0.005091442613166883,0.00012652920695966925,0.0001270215624649869
0.0047601168251367645,-0.016382473508765715,-0.000225950721851859,-0.00022682978758430228
-0.02500222459993503,0.0034586859752364567,0.00016502341601201678,0.00016566422497068576
-0.0022482474446990633,0.0025422584395297233,7.933849334927612e-5,7.964652470567969e-5
-0.0018224907413580736,0.013055224418926132,-0.00017585964588390362,-0.00017654229853058113
-2.9271170408821474e-6,-7.374530498298415e-6,-8.885414671914154e-5,-8.919884042144619e-5
-0.00010127216895573736,0.00016141414020084865,-8.760380731318418e-5,-8.794348134174621e-5
-0.0009904680632030877,0.0013037677456990068,5.842788154092647e-5,5.865431311363696e-5
-0.0005811476689443444,0.0018173007494700004,-0.00020572392761922657,-0.00020652097384057087
0.0007359726146303086,-0.000842193910266075,-0.00011618847766413731,-0.0001166382958758229
0.0009617332632076679,-0.0006484248368014638,-6.189565977669308e-5,-6.213514635830516e-5
-0.015047027253878758,0.007132624668229629,0.00010189502901296767,0.00010228907571278214
-0.0015577502293245003,0.010204030585624593,-0.00021463990477333885,-0.0002154698543089744
-0.00187062678889257,0.0026325780466350634,6.268893390988051e-5,6.29311275523757e-5
-0.0009858840498226885,0.005641885240043063,-0.0001343540647271452,-0.00013487301840742896
-7.293650747027458e-7,-1.1250625206508629e-5,-9.694240585812577e-5,-9.731663642637189e-5
-0.0006482509728733314,0.0011967067041452663,-0.00019024733649106526,-0.00019098138219748
0.0004669562091186814,-0.00037984836837391624,-0.00014596902350866832,-0.000146531834310333
-0.002025399401453568,0.0007330926160115451,-5.964822571825806e-5,-5.9878057274771085e-5
0.0020836463271557614,-0.0003354977399507423,9.481852089157366e-5,9.518364334129191e-5
-0.01046626731439114,0.004182048692625129,0.0001491819453096411,0.0001497562399088389
0.0033063735263550395,-0.006682943297696952,-0.00028564626311648316,-0.00028674569117353337
-0.03390859669938185,0.005299098713508028,0.00014766276401482502,0.00014823026916487632
0.00013260502794706322,-0.0002594756774859341,-6.124454369520664e-5,-6.147988981675558e-5
-5.8648931041811225e-5,6.233951464173446e-5,-0.00014327448439081572,-0.00014382479421742625
0.0002991077274549405,-0.00025074415180889354,-0.0001878362523297406,-0.00018855728063679896
-0.001526215130298632,0.0004100994768921472,-1.2459632921980363e-5,-1.2507422753571276e-5
0.0013809862247244513,-0.00027287357202701254,0.00010077696247950847,0.00010116330964257926
-0.001328751003403455,0.0006453163126700453,-0.000103676999627733,-0.00010407435018605407
-0.010606934412590677,0.0016407427319265508,0.00015471747665479394,0.00015531002401253998
0.0010459186847084018,-0.0008703997949320952,-5.761206728775411e-5,-5.783266911739064e-5
-0.0067219248624975905,0.004167946837125319,0.0001291832632091674,0.0001296776703309178
2.6919208419273835e-5,-9.405878465047887e-5,-0.0002919406950194379,-0.00029305778702236904
-0.0002832748853832254,0.00018397459047950077,-0.00014020483369059359,-0.00014074079282071366
-0.03159063012072093,0.0040221781952104515,0.00016095014981446515,0.00016156489394508628
-0.0019086232546622341,0.0023339771282566988,7.317776525320077e-5,7.345722240340382e-5
-0.0005688502655664405,0.0020675799518342806,-0.0001931248544712559,-0.00019386219767759396
0.001232439295177139,-0.001558106846684038,-0.0002437464778346385,-0.0002446764072917047
-0.0005488536945056602,0.0001921897273161499,-1.866414796121789e-5,-1.873529257617058e-5
-0.002038691358253817,0.0005127641375933515,0.0001227568450611616,0.00012322454789015182
-7.022936784198111e-5,5.44021702699021e-5,-0.00016075538581242717,-0.00016136770236524278
-0.026977976333157485,0.006080186862977524,0.0001395891759827929,0.00014012046964621242
-0.0005965582164236851,0.0013569931974884194,-0.00014726048869785814,-0.00014782090423648837
-0.00016161476720662318,0.00016950288178962068,5.901235245764826e-5,5.923679403746069e-5
1.093714050218923e-11,-6.150020543357508e-10,-5.766459381224942e-5,-5.788384704296283e-5
4.408407402932647e-5,-0.00011585923048429638,-7.579229572159236e-5,-7.60803505646705e-5
-0.00019704228859150852,0.0003793607017773516,-8.423533794177202e-6,-8.455533154074393e-6
0.0036463140403532324,-0.009699417879740423,-0.00028949727328732284,-0.0002905966291308543
-0.02729073059518587,0.004797935328696019,0.00015228152806361176,0.0001528589082350407
0.00024228163587732668,-0.00041632489998944075,-5.002635975297187e-6,-5.021600873927898e-6
-2.9878101376117327e-5,4.848541835943596e-5,-8.30759995746602e-5,-8.339082492552787e-5
-0.00012863642699804603,0.00018998876483266493,-9.658034239289477e-5,-9.69461663158167e-5
0.000698194610510159,-0.0008169955888396245,-0.0001792586409969751,-0.00017993727508816475
-0.01569406977214262,0.007306759300494134,0.00012395187382440817,0.00012442080374139278
-0.000532689355671563,0.002098590635626564,-0.00024665902607185055,-0.00024759204327143915
-0.004629743582411413,0.004136315153759278,0.00010371559127032258,0.00010410755392099986
0.00019359166291662747,-0.0007282109755383467,-9.158406029784633e-5,-9.193010883467005e-5
0.0008574910702891928,-0.0053318968946241534,-0.000286079057338278,-0.00028715966554701685
0.0003872314011406727,-0.00018661542647878835,-4.00358773750548e-5,-4.01868885292004e-5
-0.012137704998693374,0.00432385251988422,0.00014872486330958022,0.00014928556118660817
-0.0003267120156821583,0.0006054219834783765,-0.00024096455320240173,-0.00024187283764964154
0.0009589034635618006,-0.0005749861418548923,-3.072944715768612e-5,-3.084518448723021e-5
-0.0011875245841462653,0.0006045429753534908,-0.00010559377427366298,-0.00010599129025747398
-0.0391489739844699,0.007057675784018224,0.0001044233064640465,0.00010481615006505711
-0.00043410181108144576,0.0014435497325682063,-4.2479228975030815e-5,-4.263901974541917e-5
0.0018033325872190064,-0.007871521774896867,-0.00030991318854400987,-0.0003110785500095244
-0.008011219069849617,0.0033182266900991172,0.00014364251997055018,0.00014418192806049356
-0.0009422961411402095,0.0016967283973023351,3.087626653504823e-5,3.099219088812959e-5
-0.00017449217243338384,0.0010711491295932341,-0.0002777437856605177,-0.00027878633052010954
0.00012908212823369106,-8.742445347139406e-5,-0.0001205578570756302,-0.00012100983762779546
-0.02314241098984316,0.006981221052394017,0.00012997469974823167,0.0001304616785339873
-3.8174102035979435e-5,9.805429617493587e-5,-0.00011202996967888841,-0.00011244965838818053
0.000690968363531786,-0.0012896969820184812,1.8564302658929305e-5,1.8633811752058417e-5
0.0010826966650822733,-0.009144411290203136,-0.00025097676074584954,-0.0002519162960297507
-0.010774763327378869,0.0033421996079706505,0.00015125227671077674,0.000151817482671385
0.00036780323598357664,-0.0005605883346519,1.3168787911455862e-5,1.3217988315969397e-5
-0.0004811030138227245,0.0010136655193429497,-0.0001282894305647838,-0.00012876857561499092
0.0005567732892537163,-0.000708164284538038,-9.317617289289781e-5,-9.352397729663464e-5
0.0003586338367787689,-0.00032168766566255364,7.699143601794364e-5,7.727867492836816e-5
-0.0015393771303726458,0.0024328936080392767,4.5472499616674795e-5,4.564209870231765e-5
-0.00044544310907203803,0.002130275469020563,-8.905182703370043e-5,-8.938388375960417e-5
-0.0008429206087655884,0.004246050548214834,-0.00022771845010440467,-0.00022856725668053056
0.002472293631244441,-0.002563984590830013,-0.00022323212794107613,-0.00022406346350407574
-0.0392045363212652,0.005289880158449139,0.00014216416789254442,0.00014269302549389974
-0.00024965568604440607,0.0004046168817350833,-0.00020048716181621638,-0.0002012328874415794
-0.0008746533492733908,0.0005470248763609453,0.00010303839968941962,0.0001034213863136896
-0.00032971456447071555,0.0005152550622385453,2.2920995421889238e-5,2.3006169133875016e-5
-0.00018899000783443538,0.0005015186695557654,-0.00012215750627457005,-0.00012261130105519603
0.0004296155066291479,-0.0007057377880386825,-0.00023371297043873194,-0.00023458069768074704
0.0007482055522269213,-0.0003770760164672142,3.911016539470762e-5,3.925525834212823e-5
-0.009595658508043187,0.006046572995624769,0.00011959449500232124,0.00012003801088873439
0.0013790157852552798,-0.005360985406733705,-0.0001059993197811286,-0.00010639235396410695
-0.0009199858097948065,0.007905445944201206,-0.00036056585373825975,-0.0003619024731332814
0.00024196986210655617,-0.0018531540571159084,-0.0002851850215209611,-0.00028624207464438147
-0.004991532574740097,0.0022318743700991835,0.00013369814394838592,0.00013419295432521935
0.00030382355969624415,-0.0004875691324398033,-4.615840880438611e-5,-4.632920184501786e-5
-0.0002489451268396128,0.00033057821589078674,4.0280275713185404e-5,4.042925360948133e-5
0.001658672405937609,-0.004403846821389673,-0.0003197559054039489,-0.00032093819018781455
-0.00408735960584345,0.0013603634870530009,0.0001292299617943031,0.00012970721531948895
0.000987482000668581,-0.0010043560227174907,2.6992604643487278e-5,2.7092266108467365e-5
0.0012323060253493724,-0.0016403805149969944,-0.00026257546170453856,-0.00026354459562538316
-0.0021418249127886303,0.000539901609502737,0.00011917435250044202,0.0001196137888402704
0.0010081757992794322,-0.0007324879295108057,-7.688625292260058e-5,-7.716968693998725e-5
-0.0012606669793715328,0.000565675678092374,0.00010066447170678542,0.00010103536756554352
-0.0019269389781008904,0.0018657853952826953,8.867804061798496e-5,8.900468181396721e-5
-0.0001041156472885336,0.0003175174895021097,-6.213803836592777e-5,-6.236686812910557e-5
0.001393013299501729,-0.003759781756300311,-0.0003158891666332097,-0.0003170519707160018
-0.01456865693744185,0.005390743473931843,0.00013996191276216668,0.00014047652969741934
-0.0007631448042319469,0.0017939051353316295,-0.00018193838968232632,-0.00018260724157874794
0.0010090236230653337,-0.0009997393169221284,3.768575251041483e-5,3.782420223008558e-5
0.0001944249670949937,-0.000289728031354547,2.85896138233542e-5,2.8694611036385044e-5
-0.0006282951825819846,0.001441536327376009,-0.0002190217666616271,-0.00021982588900542967
-0.006409076031364599,0.004845243990439395,9.290498604002375e-5,9.324582340514582e-5
-0.0013267968919942444,0.010212700169730407,-0.0002694784309718449,-0.0002704669228980912
0.0008462085317578421,-0.00068926356156994,3.5432152554020674e-5,3.556197570496961e-5
-4.343841878329621e-5,1.8956312299084196e-5,6.690713704221948e-5,6.715219829234306e-5
0.000590211022025502,-0.0013473977632545387,-0.00029258674257727995,-0.0002936581128904193
-0.001254637585885318,0.000527618125995524,9.938104793649294e-5,9.97445963596875e-5
0.0010703324022307596,-0.000999619256282381,-0.00010601429446533695,-0.0001064020001158094
-0.010291749908975365,0.005426635854615402,0.0001280702921978486,0.00012853839858841025
-0.0003775832068946217,0.0011415257465335084,-4.323633269495068e-5,-4.339433836318237e-5
0.0046468864201778875,-0.015751944205702386,-0.00022578858088391653,-0.00022661340798468466
-0.04425856369538766,0.006709666008680194,7.346123560169513e-5,7.372913268355782e-5
-0.00046661523672514136,0.0019229010539477563,-6.717227458975812e-5,-6.741721451304437e-5
-0.0004161018810684411,0.0017025648725874018,-6.346575967542782e-5,-6.36970914926598e-5
-0.00035182150354012,0.0015841905374602485,-0.000138435122755171,-0.00013893953171443865
-0.0003857795414667412,0.0007445946197849964,1.9036836836135705e-5,1.91061584264346e-5
0.00010056406897022883,-0.0006242527770487985,-0.00027385935370917783,-0.0002748563834217618
-0.0006624024090309003,0.0003848379681281229,-0.00011597372997070194,-0.00011639540128174411
0.0010960143480528294,-0.00024199017309944578,9.324694700889964e-5,9.358576333329412e-5
0.00037683252978017417,-0.00020010617866484737,5.902541716127491e-5,5.923982847958046e-5
0.0009940911402722852,-0.0007558479186392748,-2.2289102221195876e-5,-2.237004123951615e-5
0.00015580869398401764,-9.114477221578853e-5,-0.00015711049937244668,-0.00015768077319609222
-0.03941110143069013,0.005910526278792602,5.228870815398048e-5,5.2478348219812334e-5
0.0015090601314744143,-0.007504599952715307,-0.00028591282105858937,-0.00028694967791366823
0.0006060778579743931,-0.0002810848777469499,5.024203710356762e-5,5.0423997231117516e-5
-0.006211315718742404,0.003875223574644799,0.00012081683680434426,0.00012125424615143132
-0.0006011493448570853,0.0016101134662420673,-2.065578520366182e-5,-2.073055395222219e-5
6.192240026613758e-6,5.4628150454961484e-5,-7.703925695083415e-5,-7.731802981137919e-5
-0.00016461983735368763,0.0011340810050727498,-0.00018850259702830871,-0.00018918449709426442
-0.0019530572900776223,0.013912138117247478,-0.0001527107021993962,-0.00015326298844177793
-0.00018956567169016043,0.0007522260586758352,-5.528023638982168e-5,-5.548006812592829e-5
-0.0008573410321125618,0.00457537290744322,-0.00023003185882097308,-0.00023086313091216917
0.0008032760869310742,-0.0008001379611346317,-1.7046804032589744e-5,-1.710834952823343e-5
-0.00035208564561960327,0.00030572815015343364,7.821986891007023e-5,7.850215652882023e-5
-0.0003574199331292936,0.000809707182127811,-1.9451605309609237e-5,-1.9521786389720247e-5
0.0036865110954319943,-0.010893003474706835,-0.0002790710188355024,-0.0002800775563262777
-0.023265165226405392,0.004548886709513925,0.00014686996830747803,0.00014739890118558406
0.00010049310243082092,-0.00019095776613065917,-0.0001968264798605622,-0.00019753522137592558
-0.0006287353717608056,0.0003521871116867533,9.210559699697304e-5,9.243702412610776e-5
0.00029891192124648905,-0.0003947254573050986,4.151780852219112e-5,4.166716308611448e-5
0.003221979031151528,-0.007139752528879214,-0.00027615870924554867,-0.00027715186149349357
-0.03926142571768447,0.006931741876605242,7.871379096252102e-5,7.899648136827459e-5
-0.0006160958454694621,0.002466269412985727,-0.00020387689575605554,-0.00020460902380005426
0.0008110475488086712,-0.0009133668085540739,-0.00016943044344315764,-0.00017003840209790016
-0.008238710047412749,0.0036144875871811028,0.00013507090948060969,0.00013555525697310226
0.0007234523694086909,-0.0014298085861392318,-0.0002809911843528317,-0.00028199860004509585
-0.00845577652954166,0.0032035727241090974,0.0001387329654831821,0.00013922987922336457
0.0018013836889819788,-0.0028933874638884492,-0.0002764410331416005,-0.00027743100330652077
-0.02977310658728338,0.006526227193455333,0.00012451673463222292,0.00012496215761392647
-0.0005290057202140945,0.00130729347647501,-0.00023034115070058058,-0.00023116502988055907
0.00011352428270922214,-8.187142641066325e-5,-0.00014489584708405665,-0.00014541370275225688
-0.005966441678479073,0.0015261793541785228,0.00013457654497636833,0.0001350571950867583
-0.002238923261983253,0.0020296393863364812,9.149139857753592e-5,9.181809698115112e-5
-5.324897824957947e-5,0.0001281829899040519,-0.0002620613193433317,-0.00026299688593235914
-0.0010556286310672393,0.0006293700333618955,0.00010048802142411246,0.00010084644783352862
0.00021889339516240216,-0.000356100395286601,-0.00014540299539668014,-0.00014592149760729822
-0.007534807662370068,0.005467972815409056,9.329154037578778e-5,9.362401725175596e-5
-0.0018059086762510688,0.013081298818454417,-0.00018482240944319063,-0.00018548100074483104
-0.0005568532537947189,0.0028493563294744186,-0.00012173296996408337,-0.00012216660360596143
-0.00015823031551647447,0.00038115792494856926,-3.467110673310702e-5,-3.479454285674174e-5
0.0010185592407945291,-0.0027321408973704103,-0.00029711280140454606,-0.0002981701941530819
0.0008252431995073215,-0.0003562578010911995,4.094595192063621e-5,4.109152212652687e-5
-0.0012465248806130221,0.0006709265950061181,0.0001007429105656071,0.00010110094526344056
0.0011757049761551201,-0.0015173454896797764,-0.00022853919076891088,-0.00022935119911047096
-0.016962998643427558,0.005626981241886141,6.432522792225918e-5,6.455359211746971e-5
0.0017387052017995167,-0.01427274347737969,-0.00018605719724568785,-0.0001867176673809373
-0.0028844447061389766,0.0006793136495990508,0.00012010581163348837,0.00012053137898859629
0.0008450795425278487,-0.0006322278744178639,2.238272648538676e-5,2.246201599073485e-5
0.0007747052369989313,-0.0006732516649487049,-0.00019302485915681915,-0.0001937083925563441
-0.01698004928934671,0.0031899456385289827,0.00014885257305246818,0.00014937924260723944
0.0008492548467286109,-0.0010371397609816656,-0.00013657934187810605,-0.00013706250679680035
-0.011903592055318234,0.007020862131201897,0.00010136655660550906,0.00010172494229146006
0.0033758987575862455,-0.019600334435695976,-0.00017526642367990205,-0.0001758860052873653
-0.028200726798429266,0.005643348388368783,4.9802054451529584e-5,4.9977787517926534e-5
-0.0012332375952564861,0.007744360562863836,-0.00016547164137080677,-0.0001660554807195363
-0.00036739064512406446,0.0006647541698278925,5.745720690636071e-6,5.765979947471393e-6
0.0017320280517602832,-0.004946452311510543,-0.0003014712458883017,-0.0003025339009671892
-0.00546735563480741,0.0018749431863956012,0.00012969541165580022,0.0001301520451605057
-9.23310416724229e-5,8.189062737446851e-5,5.741758950768717e-5,5.761970310654549e-5
0.00262228576152225,-0.0062277621253046585,-0.0002901520341386859,-0.0002911731192838249
0.0017632162690776234,-0.0004103420671619656,6.74982999387726e-5,6.773553675101443e-5
-0.011952377933934789,0.004958091943837373,0.00013228322777959073,0.00013274802377111994
-0.0007021007953375445,0.0016723886203954443,-1.8509051919529369e-6,-1.8574075716426545e-6
-0.0006042949467470899,0.0031520600313802577,-0.00011892267884336211,-0.0001193403540725489
-0.0003843335357784239,0.000949738606105991,-2.5392677514664746e-5,-2.548181240748969e-5
-0.0003579140178687051,0.0010917503119010808,-0.00014459535402057357,-0.00014510274863347293
0.00023796239878877333,-0.0003658286314660795,-0.00011619170214085757,-0.00011659918753763633
-0.002230080926662121,0.001768706467120466,9.720302887303332e-5,9.754373700782807e-5
-0.0004712035045405747,0.0011597688692628694,-2.1595331989676478e-5,-2.167100975606475e-5
0.005140346559801831,-0.016821638041717903,-0.00019083080422584338,-0.00019149932201025828
-0.019273450134668076,0.0024465701041725425,0.00014616567810109803,0.0001466768491011104
0.0009946857328831547,-0.0009029936365253439,-5.032483818524225e-5,-5.0500804988165144e-5
0.0009674024984547732,-0.0006903962949281661,-8.223800436603477e-6,-8.252542954817864e-6
-0.0026198116843219226,0.0017638905719545388,0.00010683369351443028,0.00010720693290246264
-0.0006983767674207916,0.0014398195290302545,-0.0001510775164834335,-0.00015160521535184012
0.0011996911542830745,-0.0011756866045911998,-0.00019553535353855733,-0.0001962179346181145
0.0012221065884953062,-0.0003172042219922183,7.557249942055378e-5,7.58361044624835e-5
-0.0006080229759624555,0.0003026457215664113,-7.365997362904358e-5,-7.391683291983785e-5
0.0015826961370365984,-0.0003961531020409434,4.855600460011627e-5,4.872523234097123e-5
-0.0015710621311266753,0.0006045911332658831,-5.2260045973507686e-5,-5.244212317352974e-5
-0.01934706713330358,0.003725460920793171,0.00014577804436200514,0.0001462856756446663
0.0003062970716170546,-0.00043775858358107025,-9.798983117408705e-5,-9.833100088607042e-5
-0.0007472472448645856,0.0005956698795293816,8.66620485779163e-5,8.6963625104609e-5
0.00010887058471954219,-0.00024262979695771828,-5.621681454978761e-5,-5.6412398199428497e-5
-7.097248459743636e-6,9.371405036040574e-6,-1.0619184970343563e-5,-1.0656114924385847e-5
0.0006040801027803153,-0.0014832351219970215,-0.00027623030448770206,-0.00027719062063868814
-0.008883172680128596,0.004062549013161383,0.0001289076701190944,0.0001293553989431409
-0.0002393057873269778,0.0004941906777281137,-9.646987012607293e-5,-9.68048766238373e-5
-0.0008922954153753073,0.0012247650205794846,4.985544108580015e-5,5.002848771550551e-5
-0.0021736756778113985,0.01716428869874451,-0.0001994956089959916,-0.00020018793618186573
0.0003780149219171054,-0.0006363285721226278,-0.00020635252483206814,-0.0002070681272357614
0.0009427416736979582,-0.0005115965497910298,-1.0642101455534352e-6,-1.067898053400007e-6
-0.012946143334208786,0.006843809159837927,8.991728585837976e-5,9.022876251875623e-5
0.0014415999777296071,-0.00999314862481205,-0.0002462096143454036,-0.0002470623967262946
0.000861421485774487,-0.00033566539330010333,1.4529106105561225e-5,1.4579355797308078e-5
-0.004943120827455604,0.00205503888090792,0.00012456068735919602,0.00012499132562436815
0.00241490943768873,-0.003295865150976769,-0.00024590549885324423,-0.00024675548093154554
-0.006352364823552222,0.0011058337626359603,0.00013104914946252146,0.0001315016498096346
-0.008209660462916926,0.006048402813333972,9.814511053308903e-5,9.848392840879626e-5
-5.9484689112232326e-5,0.00032272126918891843,-0.0002492854312897054,-0.00025014589440934776
0.00024786828528201545,-0.00016179310825354225,-0.00015240603691211933,-0.00015293154848243455
-0.0014826684074312313,0.000267454541765818,1.7244273673208044e-5,1.730368829423617e-5
-0.00569082473704396,0.0009822742891620237,0.00012893668812878056,0.00012938076557991875
0.0010851367901606212,-0.000794918359847964,-5.2275882009015815e-5,-5.245589153971381e-5
-0.00017518415201962445,7.6070698906588e-5,6.947082095545586e-5,6.970993104557059e-5
0.0002881949143376388,-0.0002889422674629232,6.851031381956467e-5,6.87460490270895e-5
-0.00024570999068678623,0.0004232591374956755,-0.00010170524957063522,-0.00010205511269970625
0.0008447730946830312,-0.0009827703391091722,9.992169866927576e-7,1.0026525473239893e-6
0.0008513097023437928,-0.0011378456455390278,-0.0002008739497585803,-0.00020156435934586098
-0.00595063316818099,0.002463091432765426,0.00012711922220485185,0.00012755582251782304
0.00043676570104635685,-0.0006821630917415101,-0.00019873634245183615,-0.00019941878332168994
-0.010906245384937775,0.005515660879716838,0.00012116476063010326,0.00012158053886308249
4.7217204165126315e-6,-2.7127311357284674e-5,-9.432435131338827e-5,-9.464797627271392e-5
-0.00037803029920334354,0.0006910662298183064,-0.0002012139213099713,-0.00020190395727321281
0.0009557348609624384,-0.0006266012243800555,-1.3769398078633974e-6,-1.3816585533301012e-6
-0.0003183700854901438,0.00018191574207045857,8.238703413530932e-5,8.266926449973124e-5
-0.0013679193703035328,0.001785387064131779,5.515715812998905e-5,5.534605846341384e-5
-0.0004367044950705964,0.001544575766147786,-4.677960405104256e-5,-4.693977619729408e-5
0.005079489372786518,-0.02050064867164744,-0.00016042276944254108,-0.0001609718625581652
-0.04657612599071515,0.006329535412495096,5.851646419494766e-5,5.8716399379854456e-5
0.005019680889866276,-0.02114539094058538,-0.00014595945014904258,-0.00014645811336404295
-0.017329369411007236,0.002284935722280111,0.00014145035268438804,0.00014193274050080677
0.000402467576106823,-0.0003772572597598496,6.652839936640209e-5,6.675524325447957e-5
6.000339644656217e-5,-0.00012293611209861254,-6.6813223084316e-5,-6.704097750261108e-5
0.002447204913804717,-0.003136144816914029,-0.0002340137547597464,-0.0002348111150554988
-0.03959026785430068,0.006684058690086065,0.00010713418825948413,0.00010749885648954866
0.0010423228390894037,-0.002739162424121524,-0.0002813778898629057,-0.00028233555613167
-0.0013775527808346287,0.0005923899770033748,-6.555567318973176e-5,-6.577857010436092e-5
-0.03728357103146787,0.007222496768003646,8.817999021292672e-5,8.847964899222933e-5
0.0005197499473689772,-0.0018075376223386052,-6.604236771405742e-5,-6.626677534146762e-5
0.002644552879364757,-0.01816443931995382,-0.00017906549946067422,-0.0001796737992101008
0.0013194085438387045,-0.0003192993136127654,7.724787618387162e-5,7.750984113830113e-5
0.0006754406081107047,-0.0003340556705567795,3.8572890837332364e-5,3.870366404553233e-5
0.0001532980778314033,-0.00011714681777781009,6.168337963266696e-5,6.189243491138786e-5
0.000882603075313797,-0.0009370171727077467,4.822028055620194e-6,4.8383659375433874e-6
-0.0024711023229909094,0.0029429881241233055,6.87201222424704e-5,6.895287632764002e-5
0.0021235415272222594,-0.008774995982957926,-0.0002767976816301999,-0.0002777350038776425
-0.008515925057163377,0.0033158122151571564,0.00013008276594785593,0.00013052272887572716
-0.0002570243489090242,0.00040612867495597236,-0.0001580919864421943,-0.0001586265873648258
0.0007021992045614083,-0.0005281183557568337,-9.927407512941319e-5,-9.960957692646281e-5
-0.016445677131997734,0.006375899444836215,7.172993914922465e-5,7.197222484507718e-5
-0.0021751765369343464,0.017164626781387547,-0.00016398632533748698,-0.00016454017772913942
-0.00046723917774948987,0.0012936075234864044,-1.7441038360485352e-5,-1.749991356655729e-5
-0.0008670005141209632,0.0045549087418231575,-0.0001963599283322205,-0.000197022598428223
-0.003055500833869186,0.003378174915465221,7.562191233548929e-5,7.587691561611737e-5
0.0028892712144985774,-0.012492368197061966,-0.00026350484980930367,-0.0002643932424529104
-0.018008403384043508,0.0055768856273678115,0.00012890593454253685,0.00012933994408557108
-0.0006987508184949053,0.0015463100732027617,-0.00016908677262799588,-0.00016965598717606366
0.0002906001864998351,-0.0002875907450374535,6.715590067038115e-5,6.738183405215152e-5
-0.00041620824667178597,0.0007205963780480165,-0.0001170718375712821,-0.00011746560261747915
0.000807080664819471,-0.0008261981332720294,-9.772726076123422e-6,-9.805579018144768e-6
0.0016838013151899765,-0.001714556034987969,-0.0002041755229880101,-0.0002048616430292626
-0.0003732967931369635,8.383865229494063e-5,2.358858555595416e-5,2.3667783692180045e-5
-0.0015295507387739654,0.0003084390670703897,0.00010798540642099445,0.00010834783582595612
0.0010263882473554725,-0.0006528888211165908,-1.6071858387656486e-5,-1.6125787796127326e-5
-0.001239106260531032,0.0006813110219268985,9.438189799413153e-5,9.469847216750721e-5
-0.002424146780732742,0.0031579735063417226,6.101154855959415e-5,6.121614326849767e-5
0.0040759731087327,-0.021561027843374835,-0.00014127850488675732,-0.0001417521766254282
-0.039957329403523166,0.006598824116573738,5.904165247902989e-5,5.9239251111252295e-5
-0.0005194260877946149,0.00237463243356917,-0.00015410657046613767,-0.00015462228641327546
0.00024819666685925516,-0.00040599976106882313,-0.00013782004125730747,-0.0001382809601039431
-0.005387752368485313,0.00390700279085026,0.00010315093206420726,0.00010349571136662786
-0.00019967575385216764,0.0005764237657850044,-0.0001182911264791305,-0.0001186864414260749
-0.0015935386841913024,0.0025129163040092987,4.015756763282912e-5,4.0291700354027564e-5
-5.860911467083504e-5,0.0003636278872098787,-9.057875776719244e-5,-9.0881239409334e-5
-0.0011463026843366974,0.00703023985890699,-0.00011827476550357994,-0.0001186696235635781
0.0009502448266572474,-0.002696886490627864,-0.00027257540667908044,-0.00027348494812644156
9.801065273712126e-5,-4.0860528337073125e-5,-3.748011650857991e-5,-3.760506020297579e-5
-0.01963365654391442,0.006194301153161192,0.00012296769001065994,0.00012337743148375677
-0.0004837103010778211,0.0012035788128102194,-0.0001282733243961507,-0.0001287006890793894
0.000787438844908039,-0.0010317059426955104,-0.00013455581325403374,-0.00013500386926436356
0.0010116892373353758,-0.000631243028445154,-3.8916152461664704e-5,-3.904566618806321e-5
-0.0008658696021251166,0.0003932640710327674,8.229421498976745e-5,8.256797368082905e-5
0.0012488361287698033,-0.0011423761886887682,-0.00018689389900313844,-0.0001875154537271053
-0.030270438471775286,0.0055316980071395665,0.00012543819281237253,0.00012585502367236154
-0.0011000170483391406,0.002168004112527363,1.5235914662716409e-5,1.5286537504764502e-5
0.00012748046979107897,-0.00046071408730445504,-8.792639285037987e-5,-8.821846497615619e-5
0.0021130266027728885,-0.013370548597021959,-0.00023201576049985582,-0.00023278625697682723
-0.022367815879199966,0.008032969009129374,9.408059185504572e-5,9.439257869816216e-5
-0.000657902487373681,0.0030659759402204244,-0.0001719084933090927,-0.00017247850963283457
0.0005504177006090159,-0.0007290923510159863,-2.7000807092925244e-5,-2.7090274371883418e-5
0.0008464550494994277,-0.0010715170774710369,-0.00013037988427126794,-0.00013081173397460006
-0.0003082126147596441,0.00019896960730656865,-0.00012098932927855985,-0.00012138985327758498
-0.041847479959769444,0.007035945630733634,7.188458595548718e-5,7.21223928704077e-5
-0.0005161946248789054,0.0020010267279820613,-0.0001676284740864787,-0.0001681829703820814
0.0013147254215510528,-0.0016372114865884845,-0.00022218765240154814,-0.00022292214104653282
-0.021388197179549387,0.005475580873917486,0.00012808266258486283,0.0001285057156828081
-2.6492437540341377e-5,5.408389956652645e-5,-2.2287315253429863e-5,-2.236091989224244e-5
-0.00032118624660767346,0.0007617491314501224,-0.00010984668047479891,-0.00011020933238314981
0.0014173033050161785,-0.0019787288805556223,-0.00021838268911850508,-0.00021910330834810433
0.0002872431355145637,-0.00010741315104762196,6.881451312225139e-5,6.904141054215022e-5
-0.00040235604675624095,0.0002511074518742844,-0.00011525590154679179,-0.00011563582030356925
-0.02655924695345261,0.005201660944136533,4.034416551389229e-5,4.047706823721386e-5
-0.0016368319219255741,0.011190155907806726,-0.00014403090517550184,-0.00014450533898803495
-0.00033240003203961846,0.0015045232390721423,-0.00021683021182982955,-0.00021754419621488436
0.0008998210134674556,-0.0007941559592708512,3.367131200496687e-5,3.3782091302161127e-5
0.0011362897956598394,-0.0013737939372173312,-0.0001928189142271144,-0.00019345309687567567
0.000241635031373996,-9.508629796672454e-5,6.738329995944312e-5,6.760476780554691e-5
-0.0002598109032477199,0.0001710824122644579,-0.00012110688314322352,-0.000121504811537956
-0.012777085636184413,0.0021809387408755405,0.00013451504321769256,0.00013495673279557863
-0.0021369582087288567,0.001953034725340948,8.236220311852796e-5,8.263259964276044e-5
-2.740422433286777e-5,8.374751585858626e-5,-5.6764634990115604e-5,-5.695095639904695e-5
0.0016371726748895252,-0.004094182881605366,-0.0002743299115646257,-0.0002752300141297638
-0.011800415859329002,0.003963791030031211,0.00012945610298652728,0.00012988042419874769
-0.0012728808067982076,0.00223865219317941,2.923985545591903e-5,2.9335680552941542e-5
-0.0009801211639533973,0.0054746110913389615,-0.00017565915762024224,-0.00017623471169934477
0.0005547423912921155,-0.000738480234853928,-2.5736242077508703e-5,-2.582050652180382e-5
0.0004996352740294427,-0.0006491782113112435,-6.442340134736649e-5,-6.463425453049689e-5
0.000987301140925146,-0.000928709226577283,-4.8584349093781844e-5,-4.874329261043866e-5
-0.0058988500324502376,0.0041866215023972616,0.00010194779084462719,0.0001022811710755615
0.005106818839765266,-0.015607745931986227,-0.0001912792704044446,-0.00019190466793954345
-0.02063583114298663,0.002699310338759037,0.0001366611879526915,0.00013710732113084032
-0.003793829317123842,0.0035227912752212216,8.547983576916946e-5,8.575884367385623e-5
-0.000339680126766365,0.0012316105335983863,-0.00021184077525046417,-0.00021253210454725318
0.0010832233752929299,-0.000909918021270535,-0.00017104698179457698,-0.00017160474908441134
0.00034771270007238046,-4.112569380823834e-5,3.3585624576098175e-5,3.3695056220092955e-5
-0.029408573219900636,0.006732880684682519,0.0001107705915359827,0.00011113139728193796
-0.0005530851167475895,0.0014335105926518799,-0.00019052890498678492,-0.00019114943362615963
-0.0063111257940099055,0.005235707005545761,8.399584997833585e-5,8.426922968288884e-5
0.0013319224604666099,-0.008488217864683609,-0.0002381042451675171,-0.00023887909427572953
-0.005799105342678873,0.0025760967358404462,0.00011811591919144913,0.00011849980910493426
0.0012259362978332604,-0.0019807074551113617,-0.00024349158304839155,-0.0002442828117731161
-0.0153254221071348,0.004663632704793309,0.0001287773892565808,0.00012919549143219447
0.00019843344424540815,-0.00038859053528328283,-4.3159294346618705e-5,-4.329939960401874e-5
-0.0010654009985853693,0.0018637600656278934,2.2457921089548325e-5,2.2530797423220154e-5
2.0067201030167308e-5,-0.00010250309232044018,-0.00023125071645997973,-0.00023200094593792
0.0005823982059254933,-0.00042177013318284406,-9.89788243375494e-5,-9.929966222370615e-5
-0.00037358602160170493,0.00012044072059735642,7.760950806561151e-5,7.786094559277455e-5
-0.009146157307084738,0.00617856044826316,9.9050676166788e-5,9.937149409315924e-5
0.0021416352154652015,-0.009315636502095189,-0.00025925717727789423,-0.0002600967737517352
0.0008706465870446968,-0.00035367938771123917,1.1670185960876157e-5,1.1707935105163092e-5
-0.0006112370633962054,0.00027312695254444073,-4.9020140865968895e-5,-4.9178648545549196e-5
-0.022260429521483494,0.005683368837407679,0.00012357927887760356,0.0001239786881876008
-0.0004342546048198622,0.0009003396080628471,-0.00010825630141268728,-0.0001086061425052946
-0.0021108194128760392,0.0025325492103397806,6.284617662712958e-5,6.30491709047013e-5
-0.0003857117644015085,0.0015093720457358805,-5.0557478242051264e-5,-5.0720747019003176e-5
-0.000421922439510789,0.0020058945707615004,-0.00013060875419607532,-0.00013103040760037562
-0.00040843358909385544,0.0007046350859017778,-0.00016285175414415532,-0.00016337720121928348
0.000666453312749763,-0.000496754793921256,4.4852319923141564e-5,4.499695072311513e-5
-0.0031664874778922466,0.003304286022385689,6.939660316084576e-5,6.962031382548207e-5
3.8595826924257075e-6,3.194641249860148e-5,-0.00023702269025112534,-0.00023778666068945524
-3.800187085887068e-5,3.946194285515923e-6,6.265434568675671e-5,6.285606540818293e-5
0.0008979179464836012,-0.0009345543014237656,-5.77300320072593e-5,-5.791584678314999e-5
0.0005015278710181812,-0.0003831278248879326,-0.0001164769051902427,-0.00011685164656324989
-0.024193391397844377,0.007814931203808781,7.896390709761639e-5,7.921781561599989e-5
0.001172442989774859,-0.006345473262107598,-0.0002419786490738676,-0.000242756658101905
-0.0009800026102945833,0.00048452363886475027,8.210954807552254e-5,8.237324852014437e-5
0.0009230036934748124,-0.0009822553209517882,1.4468880815282632e-5,1.4515337093086984e-5
-0.0024524937180547303,0.0031937101758659093,5.817914793518161e-5,5.836588858724059e-5
0.003422007917077336,-0.01708713997229261,-0.0002137896693439904,-0.00021447575574862836
-0.00439462170733004,0.001114375926258702,0.00011358595236292355,0.00011394993879365196
0.0008822149077949508,-0.0007453887640062976,2.9220578410002404e-6,2.9314196742955688e-6
-0.0019337623132807302,0.0016964723976718445,8.14307199416538e-5,8.169152145410375e-5
-0.0006169245703362812,0.0015746753458682576,-0.00014368004617295072,-0.00014414012334176016
0.000967936672199327,-0.00110497708323886,-0.00010866869009633892,-0.00010901646270160029
0.0010253461790089417,-0.000623395539806173,-2.811697872744993e-5,-2.8206915762228053e-5
-0.01165296666075416,0.005699923058916818,0.00011258954053401894,0.00011294953335142558
0.0019904049800033943,-0.005774889851494103,-0.0002688441217187184,-0.0002697035994226838
-0.02229982753462387,0.007498365550554858,0.00010560156017820682,0.00010593880120383619
-1.7876433935117087e-5,4.311012535499298e-5,-0.000102349279177188,-0.00010267609681735935
0.00349593458449202,-0.00645465235901812,-0.00023226117199183057,-0.00023300246803700456
-0.042370507922336154,0.006448527865196497,0.00010281073269438628,0.00010313848462251195
-0.0006807642161245087,0.0016065029927938453,-0.00015438907050164557,-0.00015488120093410355
0.0010590114814517653,-0.001036127650402546,-0.00015774838313644863,-0.00015825092978142297
0.001038949018372588,-0.0003418018095716708,4.965946962306047e-5,4.981757166549312e-5
-0.015783552605838812,0.007693106075586605,8.78869058727603e-5,8.816663112508744e-5
-0.0011431319432108318,0.006754932343773531,-0.00010065102799462145,-0.0001009713443691456
-0.0003155483376211932,0.001204603398630465,-5.787160881871195e-5,-5.80557086573723e-5
-0.000461052656990149,0.001593088354596165,-3.982379994402113e-5,-3.995044014677737e-5
0.0031805216993193953,-0.013437984877845862,-0.00024621898945742255,-0.00024700172559551054
0.0005519499040886796,-0.00017609361450641827,6.786133124797635e-5,6.807678829126481e-5
-0.010083853946242295,0.005549477585690426,0.00010846431698409432,0.00010880859472556107
3.2646549195099277e-6,4.006089478283579e-5,-3.280371729859966e-5,-3.290782464636653e-5
-0.00012127207009665643,0.0009625634662864394,-0.0002038902541641778,-0.00020453717657598847
-0.001891403306507341,0.014484787116867626,-0.00017468635543250644,-0.0001752405161730646
-9.385417858905411e-5,0.00012857586666490688,-9.876752159880573e-5,-9.908064035924818e-5
0.0014308132529979463,-0.0014053922699380963,-0.0001858802773088237,-0.00018646928671618967
-0.015909941120564156,0.003053422532026086,0.00013174064862616283,0.00013215777367212722
-0.0023791136201387134,0.0027191278327667267,6.615870879125934e-5,6.636815271747697e-5
-8.569936884440111e-5,0.0002947705190347308,-0.00021876099355928915,-0.00021945341081055947
0.0008073014526550243,-0.0006274873780336193,2.1580834431305712e-5,2.1649086293464808e-5
2.4838620881788672e-5,-5.057342163022128e-5,6.446284925952725e-5,6.466665555436327e-5
-0.0009522922164559246,0.0019188768855121707,8.597544575459987e-6,8.62472031144588e-6
-0.0002842123753900443,0.0010644922484296727,-0.0001322052086970659,-0.00013262298759469726
-0.0017404146256053117,0.0026778080312124,4.0536466376371305e-5,4.066449397233949e-5
-0.0004102548018735692,0.001985412736657808,-9.139438389637502e-5,-9.168298030454917e-5
-0.0003137998804662216,0.0008160138938058116,-0.00011339516765811434,-0.00011375307544540428
0.0014416380482083831,-0.0020144791644014664,-0.00022385345196013827,-0.00022455964937322624
-0.0016142171181801215,0.000452569629656718,-1.6854550025964974e-5,-1.6907677647396925e-5
-0.041255294828764416,0.00705174775089516,6.535550363109581e-5,6.556142362053885e-5
-0.00046838490185513795,0.001998487572021813,-6.16996795423451e-5,-6.189406491115935e-5
-0.0002563280265141843,0.0010006702167558589,-6.297498204858812e-5,-6.317331438062892e-5
0.001081981917486965,-0.0033829515819925123,-0.0002537722556944678,-0.0002545711796493091
0.0004907498395263747,-0.00024379101737086143,4.5354440278153995e-5,4.5497091701819446e-5
0.0008810806340674679,-0.0006140285741063318,9.962734716754828e-6,9.994060871225464e-6
-0.00025079796872375034,0.0001610044969698358,7.515941190092244e-5,7.539565879797638e-5
0.0012322990951987418,-0.0020212563732080655,-0.00023598962508224506,-0.00023673123519243932
-0.0014981660867467719,0.00046660879085964,-2.3925400060579142e-5,-2.4000522853802335e-5
-0.002480293005063668,0.00043727183442549944,0.00010620183396263399,0.00010653514802352251
-2.5987244218303973e-5,1.82831426534612e-5,-9.830325847190933e-5,-9.861172048657954e-5
-0.0002307519511157635,7.434192016314408e-5,4.985910611731972e-6,5.0015472728892176e-6
-0.024029883712988184,0.006029856889122209,4.895971387515508e-5,4.9113203923956194e-5
0.0018064735603541228,-0.012617399754638204,-0.00021310633746829947,-0.0002137743799977198
0.00013748990609958954,-4.381672305480573e-5,-1.0373862265598282e-5,-1.0406337860056091e-5
-0.021272307554365225,0.006554242535519482,0.00011201889636955148,0.00011236943955928117
0.0009477067332988473,-0.002560262427703815,-0.0002511800979716692,-0.00025196602829244966
0.0002895049154650079,-0.00012859878956952264,-2.9917127690313928e-5,-3.0010653803676446e-5
-0.0002741059471683795,0.00010202468067329923,-1.1848364200625139e-5,-1.1885389052058621e-5
-0.023481479859430138,0.006328048586198305,0.00011383528923299867,0.00011419087332343888
-0.0005901035966630259,0.001413768312594299,-0.00017199539931813635,-0.0001725325936331146
0.0005967838984998148,-0.0005119398539081366,-0.00013426994046605503,-0.0001346890474219013
-0.004951041210808369,0.0015405987005601435,0.00011115794401140597,0.00011150470654539041
0.0008709788719485983,-0.0008764971759218696,3.952369188448984e-6,3.964696367158452e-6
0.0010086240274807365,-0.0011422305536983722,-0.0001556383971207002,-0.0001561236639750692
-0.001521176216876118,0.0006373161489916803,-6.342062300415003e-5,-6.361824373508074e-5
0.002011972675151292,-0.0003081305298568054,7.12872558217934e-5,7.150927017516789e-5
0.00029325654263417965,-0.00010418651970598438,-8.04199440056142e-6,-8.067033983034866e-6
-0.013105835978091014,0.004233749104226188,0.00012323304749998186,0.00012361660222008042
-0.0013910023103128456,0.00247796062263565,2.6066079725009168e-5,2.614719680540206e-5
-0.0003979986522847754,0.001964541154169805,-0.00010481608475832424,-0.0001051422024212393
-0.0006639468064902893,0.001480359932569916,-0.00015111730470201293,-0.00015158725218835883
0.0008563847914426983,-0.0008057475214918484,-9.767072471720475e-6,-9.797429057923425e-6
0.0010421492764176596,-0.0009562367676201922,-0.00016943603826045489,-0.00016996247014443557
-0.00027570406821849876,7.621875797624182e-5,1.3712089828834003e-5,1.375466254030985e-5
-0.017995596811473804,0.00412126300863374,3.225634310509734e-5,3.2356456569773816e-5
0.00032584182625465004,-0.0026582673746564467,-0.00023393525504147817,-0.00023466126489440678
-0.014031692597420396,0.006703507344018214,0.00010459697252070443,0.00010492118498229151
0.0005131901208169003,-0.001708665519717468,-5.633110733354748e-5,-5.650569110209085e-5
-0.001630206624601831,0.011559306054439248,-0.00017873688710664734,-0.00017929071279035403
0.000524188923680936,-0.0007134066954018449,-7.949464728772661e-5,-7.974078818762697e-5
0.0008620599147981924,-0.0007533539407043861,1.801967641158964e-5,1.8075446369276633e-5
-0.0035757275541939593,0.0037088660018181883,6.824704808139078e-5,6.845820342768151e-5
0.00032525434379189017,-0.0019473415303276175,-0.00023369042509556072,-0.0002344133581361914
-0.002498220232897088,0.021834450766917878,-0.00017129833698902673,-0.0001718281858856648
0.00269382279015739,-0.0063624524186952835,-0.0002502784660261015,-0.00025105221497311774
-0.0006468173989762679,0.0001704737466775477,5.2719901571743154e-6,5.288271071254653e-6
-0.0071449980027999275,0.0015519390195252968,0.00011807886653214921,0.00011844338471810352
0.0010288369636329393,-0.0009133283154264307,-0.0001025770259342463,-0.00010289363213235956
-0.0011061090167262002,0.00047239801451577905,7.914839928070116e-5,7.939257009130876e-5
0.00113071724547712,-0.0010234842004921713,-6.8303564736767e-5,-6.851422875239256e-5
-0.0004099288594560931,0.00021947945512162899,6.919592477169163e-5,6.940924753716435e-5
-0.002088839443021879,0.00223767509796328,6.684588861161509e-5,6.705191525261746e-5
-0.00011651737211614912,0.0003469323039800342,-0.00020583051185960166,-0.00020646478303757926
0.0007285782547798594,-0.0005673878116135514,-9.94549686939213e-5,-9.976121640031844e-5
0.0009762736786633741,-0.00036735714157107237,2.5147992859487596e-5,2.5225390933684174e-5
-0.0011969014785059033,0.000558776262371457,-7.44608571775701e-5,-7.468995304413547e-5
0.0023342545585527956,-0.0003666725189643438,6.407149425818491e-5,6.426851609622945e-5
-0.013130956761463058,0.004538419094935601,0.00011946727853221354,0.00011983455176476865
2.0976870419478126e-5,-5.8910183378315676e-5,-5.977829752373176e-5,-5.9962045309360586e-5
0.0004707394797778844,-0.0007294268998796513,7.582154437536333e-7,7.605451523209312e-7
-0.0007504732365825945,0.0015034166221111036,4.303147633011191e-6,4.316365679605903e-6
0.003807717044623604,-0.01302530517973185,-0.00023386471793966813,-0.00023458289972056994
-0.01616257762053121,0.00368710033266751,0.00012597191033072362,0.00012635827142521908
0.0002923782947154006,-0.0004361095456658397,-8.833344518550494e-5,-8.860432922151104e-5
0.0011532798155999848,-0.0010066658843339465,-6.525148522897395e-5,-6.545149531234566e-5
-0.00038784368485594964,0.00023410760543679963,-0.00010227418309977309,-0.00010258754021978541
-0.023432689565847518,0.003951488278089933,2.2879935276835148e-5,2.294999455180016e-5
-0.0005477942298850799,0.004106061438633145,-0.0002206215244269935,-0.0002212970315744441
0.000609902455824017,-0.00043848835213476195,-9.245761477317577e-5,-9.274042353210373e-5
-0.008996351897805531,0.0031174985378035827,0.00011849483818236314,0.00011885710953869595
0.00012144776866816873,-0.00019199645899090165,1.6401240001110112e-5,1.6451375007891723e-5
-0.0002615775673161529,0.0005986576854731437,-9.420616675445515e-5,-9.449405846510286e-5
0.0005931275025963955,-0.0008663094031570252,-0.0001636334078504138,-0.00016413324411217707
-0.005771424687967796,0.0029149119500312634,0.00010727512367930331,0.00010760261131718253
-0.0003506364163716386,0.0006388007514675771,-0.0001687548081771462,-0.0001692698925868922
-0.00107804219856949,0.0006978875416314142,8.3655602465264e-5,8.391078777455886e-5
-0.0006181565803615751,0.001022260595358922,1.857674741919522e-5,1.863340252675597e-5
-0.000406350202807587,0.0012069773484495784,-0.00018499877514442526,-0.00018556284403067728
-0.0012522977140318533,0.0010372939972570177,7.561343440422338e-5,7.58438292202335e-5
0.0015150279087328454,-0.003336522326388068,-0.0002468454318004481,-0.00024759741916851127
-0.01119046801143708,0.003640006881263962,0.00012047563539428543,0.00012084231644510362
6.1675000357026e-5,-0.00012664845848826324,-0.00010093006900199739,-0.00010123721416807601
0.0006787941781189745,-0.0006298159630331728,4.613747873712209e-5,4.627781611452525e-5
0.00021934528088146538,-0.0003490750118594832,-5.820640059322009e-5,-5.8383402549379545e-5
0.0011293690057442656,-0.0012941067090298413,-0.00012190651989114249,-0.00012227708226392975
0.0007635442285610078,-0.0004030932685687109,-2.9893772401023346e-5,-2.998459395473768e-5
-0.004019811561580319,0.0015969123062674632,0.00010327169951199792,0.00010358533061195833
0.0006352758435567904,-0.0007602378494648669,-4.735212196800935e-5,-4.749589987294959e-5
0.0010991603830942667,-0.0010278358532170883,-5.496136816590178e-5,-5.512818528545894e-5
-0.00033655497372863345,0.00019844545375813128,7.124170050866752e-5,7.145784242887415e-5
0.0021538975003299937,-0.0028293296670848663,-0.00021031503927355295,-0.0002109529699924256
0.0019865241902432443,-0.00039275050731710893,5.178451087331037e-5,5.194144871816888e-5
-0.002666448476167372,0.0009164915358486695,9.571386529764766e-5,9.600385718084114e-5
0.0005202284642535343,-0.00048760266684796683,5.302118596225852e-5,5.318179445050135e-5
-0.0010837380262558854,0.001741679716284655,3.14848132282845e-5,3.158016172461443e-5
0.00032672287378694606,-0.0022122170282390242,-0.00021900871812315212,-0.00021967185473008324
-0.00043619522451732737,0.00023421802614388747,6.803568381540168e-5,6.824146915579662e-5
-0.002540694007155871,0.002723376196331757,6.704217923247013e-5,6.724491012865996e-5
0.0008478453645413303,-0.003054375829595239,-0.00023163643341201246,-0.00023233675912377697
0.00021038057331018917,-0.00012063577018896538,-7.20980329304785e-5,-7.231582479785815e-5
-0.007902605700118753,0.00235611555127345,0.00011634057331937596,0.00011669184650144393
0.0006465937136961047,-0.0007738304126076129,-2.3351143988852363e-5,-2.3421637287616204e-5
0.0006980116654563792,-0.0007878568223674949,-3.2443566150171815e-5,-3.254147359566639e-5
0.0008824035878459832,-0.0008632015367718845,-3.019500229520107e-5,-3.0286090565055554e-5
-0.0038590077959691914,0.0031526604447748904,8.503929436330388e-5,8.529573484584038e-5
-0.0005340512450753509,0.0016159081920004493,-0.00015975181255880753,-0.00016023347159399375
-0.003191885419948891,0.0032747668822103093,7.123660046356535e-5,7.145125428689061e-5
0.0020674735194215654,-0.00797405434723981,-0.00024347933392484104,-0.0002442128733703735
-0.001404997523966461,0.0005910563572811697,-5.8469383389222386e-5,-5.864535343048742e-5
-0.03218644768256846,0.005316014535543466,0.00011508187534191815,0.0001154280522590195
-0.0012137617148713692,0.002171768100419356,2.0731017370325175e-5,2.0793371309554388e-5
-9.987798416026775e-5,0.00038230356767868267,-0.0001048686017481303,-0.00010518395174521188
-0.00019311407748144705,0.00034202385364918026,-8.177046558598174e-5,-8.201623974631783e-5
0.0011523897311442864,-0.0014304245308224784,-0.00017122879401619578,-0.00017174323051188738
-0.0013244657098542554,0.0005218723056190669,-5.529308104766717e-5,-5.54590974204419e-5
-0.003394878491605085,0.0004496049724358473,1.6392190284251563e-5,1.644138115529421e-5
-0.04653690085788352,0.00605744644887557,0.00010419872295290916,0.00010451130499995131
0.004295404501426929,-0.008565228582798677,-0.00020338670382410128,-0.00020399677682873525
-0.0006965568074913376,0.00011176554317570724,3.421001355918148e-5,3.43125077175116e-5
-0.03510934769256845,0.007371769943997794,6.520786403540356e-5,6.540317229068385e-5
0.00019350825853681734,-0.0008945974105578542,-0.00020885032873930076,-0.00020947581914548458
0.00016000485255933112,-0.00013950024448286768,5.993550839558259e-5,6.011486134412487e-5
0.0005912565876484935,-0.0008090264207053777,-0.00014069348951982144,-0.00014111440311152926
-0.008462603180861556,0.004583719206323147,0.00010320055726455827,0.00010350913431290643
-0.00039984434295640595,0.00100090107214142,-0.0001814114637987868,-0.00018195381721298015
-0.007986087664851139,0.006077866714763258,8.170097824532854e-5,8.194507787776411e-5
0.0015582241012263773,-0.008738386383671885,-0.00021990654123521693,-0.00022056347831294235
-0.014640759271872462,0.006874331929782509,9.956108948779409e-5,9.985818588796247e-5
-0.0003011073811134213,0.0010993643799467486,-5.04049966952492e-5,-5.0555390246645986e-5
-0.00045181846449720626,0.0015653987179731696,-3.566038484902279e-5,-3.576674903006923e-5
-0.0004858239188022003,0.0022910879141004384,-0.00017873786838175,-0.00017927084386322697
0.002956332855564994,-0.0029052368592153485,-0.00016403932034332052,-0.00016452811219757485
-0.012734566609198033,0.0016195270225594688,5.880871463450237e-7,5.898379767961142e-7
-0.0021045826979986,0.01750307832276694,-0.0001929267462477286,-0.00019350108703518698
0.0007602564975591808,-0.000944543102607157,-0.0001307736655935817,-0.00013116269056443085
0.0008754691349238339,-0.0004684527985975513,1.638873828520268e-5,1.643746565533784e-5
0.0007479382518492166,-0.0004620741824007356,2.557762275077047e-5,2.5653646902831416e-5
0.0009979920059303405,-0.0007642236871092049,-1.113455173274282e-5,-1.1167637008396864e-5
-0.004963870639249088,0.0035246294950141,9.130011778155709e-5,9.157131415965262e-5
-0.0002037084934120255,0.000606127514801808,-4.103362837162711e-5,-4.115549453101012e-5
0.00021411409336457982,-0.000653494480455937,-0.00021409372168364492,-0.00021472935479319654
-0.010029986762326523,0.006116179871334472,7.325282104928169e-5,7.347014095804528e-5
-0.0006761935681461669,0.005547161745933048,-0.00027144475793523527,-0.00027224997567368514
0.002323717068464426,-0.018930616443381447,-0.00012764924747598865,-0.00012802786724367573
0.0017928973358127742,-0.0003923691438412319,6.068732491688255e-5,6.0867044001059806e-5
-0.0009119226494475406,0.00039477680098247284,-4.7869279682766643e-5,-4.8011004105217365e-5
-0.02370739366916555,0.005352891126992764,0.00011366334661493626,0.0001139997150347575
8.532347799888511e-6,-3.494417132013296e-5,-5.8837424664920714e-5,-5.901152447784929e-5
0.0006790776207354719,-0.0010473691906129317,-0.0001720219654285677,-0.00017253078566131934
-0.015671523907525527,0.007603297069807827,9.182665323059318e-5,9.209809926489728e-5
-0.00048119276110339084,0.002145119069537526,-6.243979168559442e-5,-6.262434759087349e-5
1.391023063283463e-5,2.213110994731179e-5,-5.1591099685649846e-5,-5.174353670377957e-5
-0.0007847153069119218,0.004821901920642083,-0.0001882268043625259,-0.00018878282819480516
0.0003596615240053995,-0.0003531238531582433,5.478770508301858e-5,5.49494173456766e-5
0.0002645306433861133,-0.00048298624357831613,-3.4732420296156425e-5,-3.48349134820562e-5
0.0001728240722175931,-0.00030837337465033557,-4.705488351489381e-5,-4.719369253225163e-5
0.0005449636391016329,-0.0007718086624595662,1.2656353406877658e-5,1.2693675263503242e-5
-0.0004895084896825493,0.000988994260522088,-2.413247413316867e-6,-2.4203618392575894e-6
-0.00019627979990119608,0.0006238333530486531,-4.512336424086335e-5,-4.52563563478649e-5
0.002349072632321279,-0.0069642169177737655,-0.00024337700690889893,-0.00024409407616755348
-0.019913572916685766,0.006294862449334591,0.00010670240174946713,0.00010701646312062465
-0.0004597810174179149,0.0012095276184308176,-2.308762856153456e-5,-2.3155575470825734e-5
0.0002865307866070199,-0.0009856561703254299,-0.0002095795993247985,-0.00021019621621818702
0.0004800790991419726,-0.0003064842779904164,-0.00012039478006406112,-0.00012074873305179964
-0.027441063601331594,0.004007215910568027,0.00012112473612514474,0.00012148060117395179
0.0010218179540450586,-0.0013286102578540166,-0.00016330937939281907,-0.00016378912457343042
0.00015911967612824223,-7.750688996085315e-5,5.692013986163555e-5,5.708725044899706e-5
-0.003989241188575747,0.002723227852302474,9.050439739232381e-5,9.077003926662901e-5
-0.0005234908301270529,0.001244385905565501,-0.00011475119164524413,-0.0001150879444093355
-0.0011382224170205292,0.0013293628580279175,5.238639254738085e-5,5.254005369794371e-5
-3.460615558054641e-5,8.695082211691117e-5,-8.90633180480816e-5,-8.932450899352406e-5
0.0009403223089595174,-0.0016735306118941238,-0.00021478899339726762,-0.00021541862524788864
-0.01839985224222883,0.006723317459562396,5.976590470398463e-5,5.994097045435032e-5
-0.0017614072817569713,0.013483164197713681,-0.00014444586391479416,-0.0001448689391644255
-0.0010165419759687077,0.002190030133492023,4.943953124102184e-6,4.958426229710839e-6
-0.00027650617682184686,0.0012510493932495848,-7.640215076627744e-5,-7.662576279696664e-5
-0.0006250668613004752,0.0017753051201424362,-2.1401799960934748e-5,-2.1464413358531513e-5
0.0010490234000895104,-0.004185188221756923,-9.000840009103697e-5,-9.027165931521995e-5
0.002049357133425832,-0.016561123163210536,-0.00017617339088654656,-0.0001766885703497654
-0.0065860083651364506,0.0019391498961255891,0.00010886301017400631,0.00010918091025800685
0.0007109309471092758,-0.0007680686680255986,3.719278089763994e-5,3.730137182394246e-5
-0.000310814638450089,0.0005139385873851061,-0.00010577009397407048,-0.00010607883220520522
0.001233043116945603,-0.0011573256123066603,-8.495988529982422e-5,-8.520776423943528e-5
0.0008531763724407582,-0.00044760661250538167,-2.2887794681108468e-5,-2.2954542058304954e-5
-0.0012346265611165809,0.0005390572977886201,-6.338562208092681e-5,-6.35704048218117e-5
-0.007517236711225297,0.0010535436217405543,0.00010897501264170685,0.00010929253228124317
0.0011547372767209815,-0.0007902658126321122,-3.721244243904155e-5,-3.732085003804461e-5
-0.0007749710702737653,0.0004102087787093853,-8.051950246675124e-5,-8.075398318629056e-5
-0.0017712738515615089,0.0003592158701436396,-1.6150122782040023e-7,-1.6197128972863559e-7
0.001367994462064104,-0.00018041337756433213,7.297488283391694e-5,7.318720224762345e-5
-0.0010308617723779221,0.00040493799451408655,-3.640997399681048e-5,-3.651588552131164e-5
0.0010201462095150318,-0.00023398278014611683,7.276321957255028e-5,7.29747889887788e-5
-0.0011387076080206114,0.0005492460547592081,7.465530990103846e-5,7.487233153215965e-5
0.0011307974976247296,-0.0011636607536356413,-0.00013814521358269084,-0.00013854670923793482
-0.0011060838111670477,0.0003950361820558888,7.632282244705762e-5,7.654451775884685e-5
0.0011855945958587008,-0.0009226799014881033,-7.21319588247429e-5,-7.234143369312928e-5
-0.016846250459214108,0.007552678584603,9.201966513289741e-5,9.228677853175284e-5
-4.654731039791235e-5,0.00018542033006373258,-8.50760869507509e-5,-8.532301777804276e-5
-0.0005853626557640896,0.0012840214923025741,-0.0001463756301964029,-0.00014680030202035107
-0.001893394151985844,0.0015994571559120212,7.41807961021004e-5,7.439589560208015e-5
0.0001349810004712258,-0.0003559274253177433,-0.00020377197252245322,-0.00020436273419606674
-0.012149839118192833,0.006953597037640648,7.475601962141697e-5,7.497259509863591e-5
-0.0016692561914829404,0.011673070493960472,-0.00011752069414841213,-0.00011786112946159038
-0.0001296268208580778,0.0005369884005945547,-4.6861817955588906e-5,-4.6997517566637366e-5
-0.000967298336967192,0.00573095659838041,-9.405249646994483e-5,-9.432478219334711e-5
4.314474558020602e-5,-0.0001429683204450212,-7.813547578971375e-5,-7.836158961519588e-5
0.001154970773767048,-0.0022752697607199292,-0.0002218745639411099,-0.0002225163839300744
-7.450908688295267e-5,1.7245983153276593e-5,6.318009903579085e-5,6.33627167523627e-5
-0.00023011065498958184,0.00012755544270468458,6.304969627173935e-5,6.323189294897522e-5
0.0005727664118174267,-0.000713725413492037,-3.610267680165432e-5,-3.620697968827483e-5
0.0008065865482480598,-0.0008461829342083494,-6.747348751611461e-6,-6.766835313155877e-6
0.0015996866221487242,-0.0017157472149607997,-0.00016440057216634388,-0.0001648752153829146
-0.0047163991149521715,0.0012744273649008893,0.00010162590623362398,0.00010191912022601913
0.0008817731016512083,-0.000783708908440747,1.1645799962979108e-5,1.1679394599110023e-5
0.0010993883830088243,-0.001149774291217139,-6.922622875448625e-5,-6.942586636528105e-5
0.0010037010077600132,-0.0006721341599619684,-5.8628604543385135e-5,-5.8797610116429166e-5
-0.003374186852089725,0.0013691487371816171,9.331762517702621e-5,9.358651478617347e-5
0.0009223763947830722,-0.0010349570290751804,1.9397157532153477e-5,1.945303855828923e-5
0.0003448565048375247,-0.0005343554722987015,7.080078950939911e-6,7.100470348900361e-6
-0.00042418968711539816,0.0009295047814773514,-1.070743019886271e-5,-1.0738260624631263e-5
-0.0005032809113647103,0.0014910774754500458,-0.000134199151122381,-0.00013458545406353913
0.0008786724916578211,-0.0010546804983744826,-0.00012759456145461305,-0.00012796165986682533
-0.0014959985196309927,0.0007226293223455193,7.870479722800923e-5,7.893111928746153e-5
0.0012228081870342602,-0.0013451477323967404,-0.00011205346780960433,-0.00011237561779996355
0.0005570919714632775,-0.0002924426809272114,3.5928841022712205e-5,3.603208460043524e-5
-0.0011744629021092357,0.0007816868404238556,7.836921606960986e-5,7.859435245192598e-5
-0.0001878676973972839,0.0002948735289225254,-0.0001292449357544021,-0.0001296161535906256
0.001199943887068905,-0.0009268442491948912,-5.8069120421906634e-5,-5.8235822334334125e-5
-0.0029084401382421664,0.0014254133107468893,9.033559600150123e-5,9.059482143916566e-5
0.0006183272543506752,-0.0008402183381788747,-1.4642135956616446e-5,-1.4684144749423324e-5
0.0006708038194454012,-0.0009575165190834948,-0.00011285518328482025,-0.0001131788669239746
-0.009082392925213486,0.006081932280709433,8.73290371660371e-5,8.75793882155516e-5
0.004485751037018601,-0.01839177692331394,-0.0001726725859497467,-0.00017316753289044805
-0.026398066368769412,0.004912417617595351,0.00011267467416382154,0.00011299720871876463
0.002083941564152806,-0.003470381733525678,-0.0002154857804236459,-0.00021610254538679006
-0.0016198743994381376,0.0003947266607508235,-8.541808332022155e-6,-8.566235517477307e-6
-0.04399382896108178,0.006402884065900891,9.173214420020779e-5,9.199437118888203e-5
4.6570909176510746e-5,-0.00012033940106556734,-5.730964588903495e-5,-5.747345751594122e-5
0.0005483391115414094,-0.001026946157600238,-0.0001978332677555761,-0.00019839854418773306
0.0005866968072248832,-0.00027026085873778436,3.891176359814074e-5,3.902287174667657e-5
0.000251239250639327,-0.0001578761331349393,-8.14572156466366e-5,-8.16897445551683e-5
-0.015913556322123913,0.004657279183108879,0.00011217468017293832,0.00011249474533288494
-0.00040740978093558244,0.0007121476495170157,-0.00011981387066857001,-0.0001201556889964363
-0.0035645260014836202,0.002991038827809327,7.796277857898026e-5,7.818509133991793e-5
-0.000544399671633956,0.0017263600719924826,-2.848198787194997e-5,-2.85631918256183e-5
-0.00042955832686325437,0.0018117179221783285,-0.00013749235264330563,-0.0001378842475843077
0.0006421701299667342,-0.0008688689471746464,-1.2289754987795059e-5,-1.2324764633626028e-5
0.0024345767348260493,-0.003403087074100074,-0.00020036719561612368,-0.0002009378026634344
-0.024985887008403023,0.004843468252783979,0.00011227154851315067,0.00011259100742443357
-0.0009789294841216786,0.0016507477214767472,2.0490717862561558e-5,2.0549015808983743e-5
-0.0004536288977360283,0.0016289744736006223,-3.980089556121686e-5,-3.9914108183019405e-5
0.0036215375822641607,-0.014487651126791627,-0.00021096034219655443,-0.00021156023902169424
-0.001754326537240109,0.00044838679944265606,8.664627080350664e-5,8.689237161353613e-5
-0.0067242077832731515,0.004565836947984235,8.880261288648844e-5,8.905478762326856e-5
0.004896955047919295,-0.015378324404508995,-0.00017875815424300858,-0.00017926570515220785
-0.03021313371878226,0.004625450564201862,0.00011334975067440011,0.00011367117324664579
0.0006839326162655061,-0.0010401320480137462,-0.00015877025607778793,-0.0001592204261773831
0.0006272103651081194,-0.0003236818608543317,3.23536370553066e-5,3.244531845287769e-5
0.00029846458851291735,-0.00018539549945933764,-0.00011421057066291787,-0.00011453412298367833
0.000488902130944843,-8.539329375318039e-5,8.123976670745378e-5,8.14697740256792e-5
6.904810412554834e-6,-1.650805276279e-5,5.5166823554209834e-5,5.532298153395542e-5
-0.0033519793887012107,0.002631356051435908,7.997523119919516e-5,8.020155769759889e-5
-0.0001309756285742855,0.0003374191195499824,-8.738334589475235e-5,-8.763059647855099e-5
0.002935084007561703,-0.004638524043694103,-0.0002005643476016699,-0.00020113160741927195
-0.0423820037889995,0.0072030580067873155,7.245896481215888e-5,7.26637112014754e-5
-0.00019958184414831727,0.0007256774886659415,-3.7243343876973496e-5,-3.7348573492708416e-5
-0.0009231638376392243,0.0053693848744088835,-0.00014778952995537313,-0.0001482070076566963
-0.0017064287488150417,0.0022191096056828853,4.613004499799257e-5,4.626027172286888e-5
-0.00011472317375751168,0.0004444499317984306,-6.0646804707524155e-5,-6.08179812729013e-5
-4.567541813716779e-5,0.00013812667837906971,-4.556711218943705e-5,-4.569568061120579e-5
0.0007496978235898883,-0.0019454094942535343,-0.0002142628437920861,-0.000214867194403219
-0.015923171414491108,0.007766172281256189,7.520132018540915e-5,7.541327355076515e-5
-0.000811299804849386,0.0048788251008408294,-0.00010856042698076321,-0.00010886637346102264
0.00010316570514751412,-0.00023268353315078063,-3.7980967625536485e-5,-3.808795541177275e-5
-0.000585540118437562,0.0012056507619463129,-0.00012932946267520272,-0.00012969365207674734
-0.0050772591992190455,0.0044931737227386906,6.455250646783322e-5,6.473419389268462e-5
-0.0006067899426171922,0.004631653098789728,-0.000198505925564152,-0.00019906457105317593
-0.0005513930570290425,0.00038202650461314304,6.940557466580254e-5,6.960072493937822e-5
0.0017546179396898277,-0.0029614306929861603,-0.00021194580732579108,-0.0002125416235987053
-0.020585732857808316,0.005357934039060544,0.0001079888234818388,0.0001082921517559097
-0.0005037535517338098,0.0009735991937963711,-0.0001353319250836045,-0.00013571201340571243
0.0009567783246672029,-0.0007901053058514759,-9.539900373001514e-6,-9.566680012968355e-6
0.0006892971631820191,-0.0005353359648379323,-0.0001315136186546574,-0.00013188267420378142
-0.007511338943288787,0.0014751427550760247,0.00010656444273484173,0.0001068633026985924
0.0012045003695369204,-0.0010116066374398528,-4.473969613058667e-5,-4.486514832782839e-5
-0.0007954474271095621,0.00046085966547060694,7.03316597460421e-5,7.052879915142166e-5
0.001329066302171134,-0.0017050590784498574,-0.00016693007236104262,-0.0001673978779127797
0.0007568856308297378,-0.0002769460777270206,4.520412387380165e-5,4.533072624519579e-5
-0.004518733733881305,0.0024310483310010056,9.35279369849705e-5,9.378981166656441e-5
-0.0003581842790109987,0.0006282694155595582,-9.914140718216921e-5,-9.941895384383907e-5
0.0008243035717772525,-0.0008274026751771382,-1.0903954219530403e-5,-1.093446639633287e-5
-0.004605654897475393,0.004454044432295931,6.600826523139294e-5,6.619291549394842e-5
-0.0011071168863647455,0.006654163996880049,-9.585230355021924e-5,-9.612040436676061e-5
-0.00028131768602020674,0.0012444895576882516,-0.00011060611058134331,-0.00011091538386879872
3.92547218883913e-5,-9.841655213569667e-5,-0.00014513190412435,-0.0001455375186833816
0.0009892020764109425,-0.0006522251602108688,-5.6111510467610536e-5,-5.626824700028701e-5
0.0006482927184108873,-0.00026066108082583206,-3.889572485587386e-6,-3.900432852578729e-6
0.0007405379786479287,-0.00027333267163338985,5.728068089923802e-6,5.744056594917846e-6
-0.00037560664550603454,0.00015103577894268465,-2.2744021818713287e-5,-2.28074862416721e-5
-0.009181784701690137,0.002405344320882174,0.00010887318423692263,0.00010917686873559323
0.0010998634588189897,-0.001246766799877848,-9.458689988929961e-5,-9.485069457607522e-5
-0.0002845290187590678,0.00017664171919737104,-9.193744052007423e-5,-9.219373136614683e-5
-0.02982443303309889,0.005654950612242858,0.00010328300548988657,0.0001035707714153958
0.0009399161906567907,-0.0018687510591726395,-0.0002071251953096209,-0.0002077022263674743
0.0006152228123907739,-0.00025042722391077036,4.3036635056945256e-5,4.315644372142879e-5
0.0010373152241940364,-0.0006160766438785179,-2.763213055698783e-5,-2.7709035161047202e-5
-0.0009916408904208109,0.0004747656750182885,-6.830289573455437e-5,-6.849292574845104e-5
-0.03939254026282874,0.006172835773496818,9.46980498165116e-5,9.496138290245262e-5
-4.316706765183412e-5,6.620032056312784e-5,-0.0001772668297180661,-0.00017775972200216025
0.000576681549271484,-0.0003656129462399283,3.185217454835121e-5,3.194068521739579e-5
0.0011916675798294071,-0.0009981601017517755,-4.165386563250972e-5,-4.176958228211912e-5
-0.000609801380826057,0.0003554813276435105,6.66209782441211e-5,6.680598694451324e-5
0.0010605529502625112,-0.0013487794447900234,-0.00011438166428662607,-0.00011469923811724545
-0.0006190592680186974,0.00033427596087937756,6.407770927793871e-5,6.425553178102281e-5
0.0009204666048533924,-0.0010192389010731388,1.8080775554919588e-5,1.8130940556130156e-5
0.00036040667284715204,-0.0005530949349955718,-3.327890588480741e-5,-3.3371213807654926e-5
-0.0012141805371017396,0.001591744980949317,4.145476657993549e-5,4.156971440403042e-5
0.0021494935323203537,-0.007022583173277817,-0.00022523035637301835,-0.00022585476651589229
-0.004834852692016019,0.0018378169947788209,9.651500444636226e-5,9.678232997462288e-5
0.0007388767223323703,-0.0009016723999206314,-6.021749021276833e-5,-6.038425067701542e-5
-0.0063970930534179345,0.005198969668229598,7.70182933428738e-5,7.723149843680205e-5
-0.0004256704143154801,0.0018690587964086461,-5.791853263577969e-5,-5.8078843569444754e-5
-0.00022462240905379055,0.0007578096107159154,-0.00010989526670556016,-0.00011019934241790209
0.001519540642927639,-0.002284479179904048,-0.0001965551026077793,-0.00019709870671331668
0.0008259751153592369,-0.00024285167885210982,5.642759513656029e-5,5.6583541342399364e-5
0.0008921796331180766,-0.0004648709605408553,-1.8751663242256208e-5,-1.8803474073821638e-5
-0.004275902479656022,0.0018057203554803342,9.367031080803311e-5,9.39290328086967e-5
0.0005340505101071073,-0.0007006965114680712,-2.824380274031896e-5,-2.8321799886604915e-5
0.00023195855274899007,-0.0002853158905966419,3.8624624979335525e-5,3.873125438063598e-5
0.00243596237092836,-0.00528821023941419,-0.0002212963588469682,-0.00022190714985920794
-0.030951664024481747,0.0079293080838626,6.774825786724315e-5,6.793507822496071e-5
0.004748214875259681,-0.020903764305811066,-0.00014861933820905382,-0.00014902913315018566
-0.004956112916372493,0.0008470050830354813,9.874206427794053e-5,9.901396256570218e-5
0.0002334758655012121,-0.00017748550478328623,4.6226748821449036e-5,4.6354018541348216e-5
0.0007531183389497318,-0.0008440084162806592,-1.0872411110690799e-5,-1.090233743814124e-5
-0.0010183025833680936,0.0011127183417916943,5.189876886318131e-5,5.2041576423284604e-5
0.0016918126302130489,-0.004756370010388458,-0.0002229655271278922,-0.0002235789368778512
-0.007204914261780933,0.0027669678861188475,0.00010194264843890367,0.00010222286902314988
0.00023977324394658516,-0.00038113478927926726,-5.54460357995135e-5,-5.559842293949487e-5
0.0007649540183974296,-0.0008588760340019867,-3.9368637726126904e-5,-3.94767983631192e-5
-0.0016454736740442867,0.001410343835755888,6.782954555542313e-5,6.801583370242988e-5
-0.00081288097855072,0.0019952762146749443,-7.86544771755324e-6,-7.887045667236215e-6
-0.00044103894984600755,0.0019357629204367198,-5.4700641626786276e-5,-5.485081093506652e-5
-0.000548131627409992,0.002649330101010795,-0.00015782698144591886,-0.0001582601463031569
0.0007924870977642,-0.0008459911365447586,2.99640086083677e-5,3.004619281132326e-5
-0.0011653313361592043,0.0018766425434253503,2.696431724173142e-5,2.7038256141841882e-5
-0.001350857530264401,0.009537565920424458,-0.00012655991955920807,-0.00012690690865041737
0.0005956636985612396,-0.0012142796123635882,-0.00019404789647715768,-0.00019457965210696953
-0.000850631589264239,0.00040198532276437804,-5.7119726149498326e-5,-5.727614771926496e-5
0.00020398336260847477,-5.0412841190475604e-5,7.588053224248641e-5,7.608823781420493e-5
-0.012615707085868611,0.006680123535688282,8.90210324039826e-5,8.92646579763941e-5
-0.0002832818251700931,0.0009731688056997935,-0.00016724553072162065,-0.00016770318186396565
0.0011012291467798901,-0.000983073992852667,-3.668369382411307e-5,-3.678401199969932e-5
0.0002595493430967692,-0.00017183864690633571,-0.0001083721637637155,-0.00010866842246980816
-0.035948483093313575,0.007325806194151184,5.510379167764146e-5,5.525434672400328e-5
-0.0004927346048800085,0.002251889195492588,-0.00014480841394443056,-0.00014520403206732212
0.0008351332137427981,-0.0010007204285493597,-6.435933361648626e-5,-6.453505850553994e-5
0.0005536281429405962,-0.0004301189145225897,-0.0001094579243798779,-0.00010975666937330393
0.001323421046784006,-0.00037268005377614593,4.656495090266594e-5,4.669197609562989e-5
-0.011647813205019439,0.0052388353329128135,9.736459942927229e-5,9.763013629653077e-5
-0.00048603975682228313,0.001256978018743273,-1.982050683777395e-5,-1.987455541807585e-5
-0.0003707487528387908,0.0013057172304779773,-3.4589014706643317e-5,-3.468331086222189e-5
-0.0008352835461391254,0.004574279160727508,-7.633720709767253e-5,-7.654526789873136e-5
-0.00035741575481503126,0.0012723844386082217,-0.00012361974079838886,-0.00012395655870299968
-6.898060690803302e-5,7.812656484189963e-5,3.0160468209896553e-5,3.0242602605730326e-5
0.0004467438900148847,-0.001134241999690616,-0.0001971017987703541,-0.0001976384399962703
0.00048536318123949525,-0.0002693346801374678,3.567127198820271e-5,3.5768325843380266e-5
0.0007715293404153521,-0.000587528390205237,1.98427314945513e-5,1.9896705380890285e-5
0.0012674900295628717,-0.0011629304926162156,-0.00014580222492091398,-0.00014619871108189858
0.0016824471223202205,-0.00035516918178051264,6.0654031534770765e-5,6.0818866693798346e-5
0.0003008530150108638,-0.0001281361244077749,-2.303322766553642e-5,-2.3095809578986882e-5
-0.0016360355721529724,0.0005227391909643257,7.782242663544538e-5,7.803379745592168e-5
0.0005283810647862339,-0.0003940815140548456,-0.00011920878475136517,-0.0001195324985515684
-0.02892986629442749,0.00593586284161547,9.761668743590079e-5,9.788161558713389e-5
0.0006332082823330894,-0.001390530546328342,-0.00019618281658953548,-0.00019671519757749953
-0.016693016001859826,0.007792318411190268,7.043350913151422e-5,7.062451370216893e-5
0.004493192136686357,-0.027341631464370176,-3.964510346182899e-5,-3.975260519425185e-5
-0.0006387628042911282,9.940203467645177e-5,3.4694571103044484e-5,3.478849933262786e-5
-0.007939442178146046,0.0017089509916832291,0.00010324034136764085,0.00010351977213567518
-0.003370696307355344,0.0029809108698816,7.028295348123342e-5,7.047315217806774e-5
0.0020061229035218675,-0.006369803472552479,-0.00021848216970461816,-0.00021907333118462985
-0.0010400920734895582,0.0004276670451149797,-4.007126957556807e-5,-4.0179598781893144e-5
0.0014630421161976916,-0.000304215623184588,3.2899754003544366e-5,3.298865962618696e-5
-0.0008171994413647439,0.00024076317562074664,7.215773799690166e-5,7.235268005749641e-5
0.00011347699853386948,-9.436366032373692e-5,4.864782890491997e-5,4.877922911105377e-5
-0.0032609111912629096,0.0036156375015998603,5.801166259336493e-5,5.816831882856219e-5
-0.0005383470879915763,0.0024866990189526075,-5.823854264283223e-5,-5.83957880919644e-5
9.268380647200442e-5,-0.00039358973249234034,-0.0001804859460793698,-0.0001809731112234429
0.0005189379928052717,-0.00038681965065054814,-0.00011667884536757286,-0.00011699356504902577
-0.004221982862996489,0.0008903349639746287,9.400743759788269e-5,9.426086349437413e-5
0.0012039338111529644,-0.0008941369705625918,-4.111307331293983e-5,-4.122388734882169e-5
-0.0008193293276121211,0.0004183888036752596,6.37946815918727e-5,6.39665683097185e-5
-0.0032366281173895647,0.0032911153942552663,6.275816736298981e-5,6.292722518430919e-5
-0.000406698101756589,0.0015072220966623414,-0.00014466298391319245,-0.00014505261717983155
-0.0006821399060447375,0.0007124416006148971,5.062748316009166e-5,5.076376471879149e-5
0.0031711317555634926,-0.008116537137086193,-0.00021286093173100517,-0.0002134338136432704
-0.0017125973122393702,0.00042387751636995495,-1.2083818376940612e-5,-1.2116308224141433e-5
-0.034385003485718525,0.004334297555795677,0.00010923235093110509,0.00010952593245181148
0.0005149875121705902,-0.0006751559027762204,-3.87771316221505e-5,-3.888134084175021e-5
-0.0021404913611941514,0.0021884250328161417,5.953440237212949e-5,5.969434022881531e-5
-0.0001832445191394955,0.0005520287295627384,-9.736787359396443e-5,-9.76294066336218e-5
-0.0012382882887844297,0.0019027627349665732,2.9715261953202317e-5,2.9795043896612292e-5
0.0013688861738125877,-0.009998648270716552,-0.00018553731810248014,-0.00018603539448315223
-0.0019290285546188686,0.0008395433559179753,7.605525784476673e-5,7.625920888013369e-5
0.0015499191037771443,-0.0015496094716015932,-0.0001536852373581203,-0.00015409728116002187
-0.001950812443402477,0.0003939968962093004,8.561352184527548e-5,8.584290992639001e-5
0.0003499618941502105,-0.00023692059105501526,4.414886951598387e-5,4.426713813730915e-5
0.0007593398372498441,-0.0007690811613981495,3.2680862797886256e-5,3.276838949073924e-5
0.0011037090963650993,-0.0017289912676000893,-0.00018248848967213153,-0.00018297712071464696
-0.011189938651850428,0.003957890857915772,0.00010222497326845215,0.00010249851263101649
-0.0013285723607353807,0.002374568828025159,1.861876756044793e-5,1.866858219231627e-5
-0.000379608815456586,0.0015435559807201436,-0.00012792006191734992,-0.00012826224694636895
0.001726945540068289,-0.002256477307747729,-0.00016601549206982696,-0.00016645934638320487
-0.004844375346099198,0.0015483217658932035,9.277158343316834e-5,9.30194608282151e-5
0.0015647042328670417,-0.0015447152838162044,-0.00015194346107523263,-0.00015234937142145804
-0.003802368207629413,0.0007582148468004187,9.198801789945973e-5,9.223360014340002e-5
-0.005302653082857459,0.0036537838360732396,8.184501844079156e-5,8.206348465670399e-5
-0.0005414816531426916,0.001475593060184744,-0.00012795218726474426,-0.00012829367682561996
-0.0011111801146458011,0.0011484275714996877,5.378631204782731e-5,5.392979014178881e-5
0.0012560914167143512,-0.003448787939799022,-0.00020936260989042795,-0.0002099209970883135
-0.0004011980590908003,0.0001643579602441423,5.635813981226575e-5,5.6508335773959955e-5
0.0012150049503016525,-0.0009490276087103281,-3.513580917291672e-5,-3.5229426029313415e-5
0.0010843182452717943,-0.0006502206408396725,-1.7067440951967256e-5,-1.7112900153771676e-5
-0.009625839024207819,0.00486327437346592,9.203438774872775e-5,9.227944184641567e-5
-0.0002616165745146447,0.0007090278660732444,-1.44281060539712e-5,-1.4466517945088357e-5
0.003365230855767526,-0.022692563885852907,-0.0001281857512816275,-0.00012852695861326305
-0.006097109820300728,0.001402057719024952,9.719524405553955e-5,9.745361346159754e-5
-0.006608409348103257,0.005564673581639005,6.975480902887632e-5,6.994020509980864e-5
0.00019865078653122825,-0.0010426453510849732,-0.0001774519302112913,-0.0001779235091558036
-0.0069094216429233385,0.005091002565382999,7.805302469963159e-5,7.826029213797624e-5
-0.00020327589016723443,0.0007903770122694276,-5.2364656837478514e-5,-5.2503691593501314e-5
-2.7984841467989585e-5,9.792596490624076e-5,-4.906716133436022e-5,-4.9197399112307524e-5
-0.00035992596246144635,0.0009576745004040794,-2.4537723475939312e-5,-2.460283273023758e-5
-1.0015644736750497e-5,1.4198595772663893e-5,-8.043048354506114e-5,-8.064384381109942e-5
0.0002320575115459112,-0.00043286424053234543,-3.4075565309176737e-5,-3.416592352843828e-5
0.00024175029733919428,-0.0004059736080620902,-1.78357093041932e-6,-1.7882989669732419e-6
-0.000516044505415781,0.0011054204232354788,-0.00013616778055399454,-0.0001365286545530245
-6.33801839784063e-5,2.6891253730327395e-5,5.70772340828229e-5,5.7228424179124024e-5
0.0003922562635401121,-0.0006904883166187326,-0.00016243889079275956,-0.00016286908472954445
0.0004706361641401752,-0.000235034027707513,-3.4605860291699e-5,-3.4697455942197534e-5
0.0008724303319690744,-0.00030067408611568084,4.253345582456405e-5,4.264599357479467e-5
0.0009728255982405093,-0.0005126625307701934,4.718368013340531e-6,4.7308491418837475e-6
0.0007270025509787515,-0.000402506544141482,2.487136549392889e-5,2.493713646422728e-5
0.0008912640890829192,-0.000622161130831313,7.97060655282295e-6,7.991678823395561e-6
0.0012210533044739384,-0.0009355169180636047,-3.432475461773347e-5,-3.4415474901967816e-5
-0.012864931584751747,0.007431768787232772,7.525296318922334e-5,7.5451788260096e-5
-0.0005813989501780708,0.0030273759283882145,-0.00011854922215284597,-0.0001188624084906798
0.0039409928831955965,-0.0060654002168731,-0.00017615515401532761,-0.0001766202837068472
0.0017353939069780799,-0.00024314993598170996,5.8588604783154053e-5,5.874316559665296e-5
-0.00680002003070626,0.0023715708268332724,9.68766438117546e-5,9.713215812868706e-5
0.0005296261043965563,-0.0006900338839732451,-3.3385125040004324e-5,-3.347316555945598e-5
0.0014171012062145338,-0.0015268566825101947,-0.00014059472146978795,-0.00014096536576651162
-0.024026796476438735,0.007622738195876625,8.345293494863086e-5,8.367281616149099e-5
-0.0004198333584839324,0.0013794848393664202,-0.00014135293166154487,-0.000141725333091658
-0.0041501684437494375,0.004250716086687988,6.046950251692755e-5,6.062872629412079e-5
0.004809684725317781,-0.02389131652202479,-0.00010698599854622031,-0.00010726766838704625
-0.020818344678623608,0.003304137076186763,0.00010785872613440903,0.00010814230379758202
-0.00021416880724339042,0.00022222042851155333,4.263698940365065e-5,4.274907533441971e-5
5.401797934428698e-5,-0.0001299845084577291,-3.8830027310932405e-5,-3.8932085487620854e-5
0.00010723268943949957,-0.00026789704855166487,-0.0001715666099927876,-0.00017201740840316275
-0.004162704824465257,0.002421281878272166,8.417684027071767e-5,8.439788548966034e-5
0.00016470094788983983,-0.0003270210244840197,-2.1797251071945862e-5,-2.185448098466268e-5
8.883327107373997e-5,-0.00020190726318447568,-4.578171836844488e-5,-4.5901887576843694e-5
0.001309190366760962,-0.002334848790100162,-0.00019302830990473372,-0.0001935348142211329
-0.010692801314284978,0.003533466902342151,0.00010132390738049929,0.00010158959353950859
-0.0018791485562248327,0.002898799717947975,3.183220575399534e-5,3.1915663264784385e-5
0.0016322580566128354,-0.008320528185264742,-0.0001903896581142265,-0.00019088874077933672
0.0005179803420780103,-0.000264602896969691,3.424685142787467e-5,3.433654303674851e-5
-0.0019201384860151347,0.0012853221507375878,7.305347116195744e-5,7.324474862637312e-5
-0.0003205958220493824,0.0005568027644275728,-9.321270874931129e-5,-9.345672746727287e-5
0.00018459116618643265,-0.00020041134472427262,4.739439628579478e-5,4.751841704864361e-5
0.0002427608217376421,-0.0004975891743147569,-0.0001671923392200606,-0.00016762975775835536
-0.01224739608608453,0.006527548406644815,8.480884395740032e-5,8.503059586614522e-5
9.138159238952002e-6,-4.6156141865991803e-5,-8.018577153435465e-5,-8.039541185206513e-5
-0.0010580081699942438,0.002052045977044389,1.2457105524714095e-5,1.2489661191210219e-5
-0.000986906836481355,0.006269492203251845,-9.769384777918878e-5,-9.794912186505388e-5
-0.00015489560454807214,0.000412960297454455,-3.080044526612612e-5,-3.088089416384839e-5
0.00014847518842134774,-0.00043633044369961125,-0.00017743192699530108,-0.00017789523931109846
5.3572530650304996e-5,-2.5791421702515956e-5,-9.338942159753539e-5,-9.36331272797708e-5
-0.03706021502463767,0.007381392674448871,5.505157541878675e-5,5.5195163056932224e-5
-0.00011813164598086838,0.0005028327009055754,-8.779626081417546e-5,-8.802523828630808e-5
-0.001022418205067281,0.0020781827726319203,9.039289402156564e-6,9.062854562137652e-6
-0.000930905914306409,0.00572919996895204,-9.100777070825055e-5,-9.124498567603478e-5
0.00031332925813423707,-0.0008961656705223403,-0.0001820980898858933,-0.00018257255154751153
0.0010760571427144666,-0.0006588183160448586,-9.212662333493031e-6,-9.23665060237181e-6
-0.013523503043345127,0.00751708678894041,7.492114250744615e-5,7.511616512274572e-5
0.002723134278915174,-0.013736249335768886,-0.00018669065572995484,-0.00018717657093336832
-0.015624020731162884,0.005789741380121488,9.382981369049744e-5,9.407378322124394e-5
0.002510151193512241,-0.006265955589684299,-0.00020754370113619793,-0.00020808328189022426
-0.028408839282983992,0.007930719967806551,5.919127348400149e-5,5.934502691557654e-5
0.002469855046160683,-0.012571687779369857,-0.0001870639754127001,-0.00018754985088442543
-0.0012560394688872019,0.0005197114461195288,-4.533377812526048e-5,-4.5451410194057814e-5
0.0021619586759982403,-0.0003806757686950632,5.122165695399482e-5,5.135451125054702e-5
-0.0011664019004962293,0.0004364619424302583,-3.028716631880275e-5,-3.0365705408378684e-5
-0.028739022771984507,0.005884815511707248,9.304554499761976e-5,9.328673518111766e-5
0.002664780118893542,-0.005677538926533696,-0.00020349595964763657,-0.00020402340683799098
0.0009886361844796483,-0.00022869301339893276,2.2488140537033788e-5,2.2546378121926565e-5
-0.027091750055240307,0.00809090985305253,6.066937372332142e-5,6.0826447346372236e-5
-0.0005926522711212809,0.0030236784483653857,-0.00013305988126218718,-0.00013340434861682491
0.0005892671557314032,-0.0007541376465540126,-4.515683950303005e-5,-4.5273675482002674e-5
0.0013488451096143287,-0.001261806240190724,-0.000139068535973494,-0.0001394282308003245
-0.03545358129893535,0.007588660243881824,6.0359912341400245e-5,6.0515937161472414e-5
0.0015335493627449213,-0.006302074966725015,-0.00019500574221245002,-0.0001955097774021228
-0.014195401179234419,0.007148097456896299,6.099729162717459e-5,6.115482252112448e-5
-0.0006103365729699358,0.004531682919149517,-0.00017514270807009134,-0.0001755949926773744
0.0009768284706981741,-0.0007837308631301383,-7.509906270523222e-5,-7.529284382213849e-5
-0.011664687250297727,0.0048054791246377624,9.364153660178432e-5,9.388306493414786e-5
-0.0004897378057870963,0.0011309148290080677,-1.1969233172318867e-5,-1.2000101560409971e-5
-3.4191136163241244e-5,8.930911987766454e-5,-8.144873709165725e-5,-8.165874119046582e-5
-1.5319706198277961e-6,-1.91570412292682e-5,-5.5859182851053155e-5,-5.600315243426234e-5
0.00104412079994749,-0.0013391827048814754,-0.00013015013711514955,-0.00013048546618806285
-0.0009636265418297118,0.0004246551633571061,6.160175013996078e-5,6.176038614452763e-5
0.001289409469491826,-0.0011488859730779746,-6.320831949165868e-5,-6.337105920935916e-5
-0.002059596266697064,0.001075183938418556,7.520901167946289e-5,7.540257538440515e-5
0.0005513089703242819,-0.0007523039286693632,-5.8564690966531865e-5,-5.871539070359101e-5
0.001139152297169247,-0.0010390530739028984,-3.851656039922e-5,-3.861563634013865e-5
-0.006891550410007711,0.004649669521532268,7.909726258818284e-5,7.930065526840218e-5
-0.00036512684436414036,0.001219734669693875,-2.9550404136886764e-5,-2.9626380982572788e-5
-0.00048370175834635355,0.002727606361393092,-0.00015537420448216583,-0.00015577360275942741
0.0013535658121121917,-0.0012860100426975141,-8.445817057000325e-5,-8.467512765468385e-5
-1.050779842039204e-6,5.821351989494524e-6,-4.021350031602954e-5,-4.031675805099612e-5
-0.023315431583751628,0.006557405847309444,8.974255102765343e-5,8.997290045617269e-5
2.4307204006444505e-5,-7.460209096238281e-5,-5.994234874343858e-5,-6.009619278027022e-5
-0.0002190177464639568,0.00036981407494513744,-0.00013007620712498984,-0.00013040993922338115
0.0011561858959795875,-0.000808799537476691,-5.096852684843516e-5,-5.1099231180562696e-5
-0.0034774982185523592,0.0014994859737635252,8.179806101018695e-5,8.2007747729142e-5
0.0006817648705127846,-0.0008291959407384777,-4.323548584575358e-5,-4.33462997197141e-5
0.0008694490674980511,-0.0008000855660363523,-1.1950207905280624e-6,-1.1980826362134516e-6
-0.004766475338543573,0.004514303953913108,5.6080952271725875e-5,5.622460093105628e-5
-0.0013674196129837594,0.009889041674562182,-0.00011965546658327968,-0.00011996192523144429
-0.00022745982303737548,0.0004354536378597681,-0.00014363241012805653,-0.0001440001087591326
0.00048701420498802565,-0.00031978102897899145,-0.00010205256736001129,-0.00010231368563990754
-0.0015751351068023698,0.00029164580397401344,9.954019495029331e-6,9.979474545767736e-6
-0.03331088345316899,0.00536887085705248,9.546059895873394e-5,9.570464470816186e-5
0.0016301437897943217,-0.0028843590737655904,-0.0001901966494330527,-0.00019068284299624056
-0.005226547909511299,0.0015308739722256868,8.941872958551103e-5,8.96471439963837e-5
0.0009054748014312577,-0.0008722689870923763,-1.9167470466336036e-5,-1.9216424658005758e-5
-0.00025649252332033865,0.00019421001451474856,5.54890338438607e-5,5.563071101234895e-5
0.00028461141006826986,-0.0005656513299385875,-0.00016119577781526542,-0.0001616072742458892
-0.0042415551802606945,0.0022147276904705905,8.360591121530228e-5,8.381921693581329e-5
2.470250626091572e-5,-7.295003498356825e-5,-0.00011807000792163694,-0.00011837119638875236
0.0003816959003149577,-0.0002646459561268709,-0.00010091515418994265,-0.00010117246296730523
0.0006969234680577803,-0.0001387542171253001,2.0697016943478398e-5,2.0749762470016673e-5
-0.0046603859273870556,0.0012216054734618294,8.797861606451513e-5,8.820276647001354e-5
0.0009301980404918698,-0.0007997964726429185,-6.777017664238097e-6,-6.794281221855365e-6
0.0018212229381332921,-0.0015077914694639786,-0.0001244945317126829,-0.00012481157351506078
0.0006561327522305854,-9.291481517286534e-5,6.96027104972496e-5,6.977984818881742e-5
0.00069384122659611,-0.000304044576524549,3.1759628953997227e-5,3.184044204874888e-5
0.0010099471010754384,-0.0006013221162539123,4.7552725311752287e-7,4.7673694604202443e-7
0.0005733590097625502,-0.0003518844868764525,2.812888337972232e-5,2.8200419929902775e-5
0.001182593880878692,-0.0009217821880093721,-0.00011977100045005632,-0.00012007552355803249
-0.04271672586632997,0.0067460309009633726,4.294753467206677e-5,4.305666502659638e-5
-0.0003216849872884298,0.001491022058686298,-6.246470688020973e-5,-6.262342059567813e-5
0.00019842061929884987,-0.0006261381520975077,-0.00017268127391960227,-0.00017311988543292395
-0.003454852176430633,0.0022389895120125424,7.646598665115916e-5,7.666008889207343e-5
8.124808697495323e-5,-0.00018345011700744436,-4.499864140062372e-5,-4.5112849123573474e-5
-4.77607558998551e-5,5.723780107551271e-5,-6.671159046865178e-5,-6.688085338995061e-5
-0.003584436631072464,0.0039604594065011985,5.1947360893765185e-5,5.2079115905619636e-5
-0.0006679895768375291,0.004084588375072125,-0.00011447613468979947,-0.00011476644626934828
-0.0008825847038235455,0.005330187820488877,-0.0001236988295360418,-0.000124012464865078
0.0005996769541165158,-0.0009003768580411042,-0.00010034133570126765,-0.0001005956117857049
-0.0013219465052765735,0.0008884456100195198,6.802802789881567e-5,6.820034472380755e-5
-0.0009635193313339569,0.0017088304542264461,1.339451188755425e-5,1.3428434736463267e-5
-0.0003856185550104191,0.0013994060984552702,-3.8796772039047566e-5,-3.8895009131847845e-5
-3.0197392446275386e-5,7.039960368418743e-5,-0.00016131203074596972,-0.00016172037640495697
0.0009055832719038501,-0.0007347079617166122,1.30296712784186e-6,1.306263429975133e-6
-0.00019027855174117388,0.00013627900769097462,5.446636557214915e-5,5.46041188498445e-5
-0.00011187334703339024,0.0001823168927336771,-6.537201202732515e-5,-6.55373166523213e-5
-0.002289955028541708,0.002746789425438657,4.699128648447378e-5,4.711006993524343e-5
0.0021166583048683007,-0.008091756602869921,-0.00019568867791160482,-0.00019618325810533095
-0.018024297818261533,0.007607215644622335,5.847091427671753e-5,5.8618567151688535e-5
-0.0010491370552570603,0.007091256114570466,-0.0001504477997190565,-0.00015082768682135898
0.001736598767401162,-0.0018452609436348012,-0.0001391855379419227,-0.00013953675865486717
-0.007547465337181148,0.0020349666014258688,9.410987207982115e-5,9.434721416567255e-5
0.0013223518504935847,-0.0013809660310925675,-8.50513145284644e-5,-8.526577975924597e-5
0.000767688770127668,-0.00041126184826525427,2.1829849539667767e-5,2.1884873074454014e-5
0.0001458534868718712,-8.8408861030991e-5,-9.040597037585209e-5,-9.063378642012353e-5
0.0018733518429132512,-0.00039385301187678173,3.890588212317457e-5,3.900387453882674e-5
-0.003435802345670721,0.0011765624940771992,8.030517427122389e-5,8.050739250617488e-5
-0.0040818251738030985,0.0037647453522346042,6.316435944491268e-5,6.332338773708435e-5
0.00023140083374480533,-0.0007957885789145571,-5.706103454445828e-5,-5.7204676981832283e-5
-0.0012667108217542273,0.008769271774394717,-0.00012772969782366765,-0.0001280511776023325
0.00385607901488774,-0.005918950163479061,-0.00016816054765618447,-0.00016858356293557533
0.0017504261672526846,-0.0002487398815395913,4.441616220873607e-5,4.45277982766169e-5
-0.016001104826032474,0.004742970173966651,9.653371105072333e-5,9.677628746710464e-5
-0.00035679151178198064,0.0006297332828684917,-0.00010091531838262673,-0.00010116887671961526
0.0012723560271511202,-0.0011343186630860356,-4.716620442888597e-5,-4.728466339586484e-5
0.0006198321186458936,-0.0003888232064941917,2.533179017387428e-5,2.5395389470473575e-5
0.001128863901068884,-0.0008823520430902545,-0.0001182470406778662,-0.0001185438447701614
-0.02783966015220689,0.004508129554175574,9.920613147973372e-5,9.945499597663285e-5
0.0005791288319313028,-0.0008606458921929555,-1.958684492392294e-6,-1.9635974727386727e-6
0.0017260138062545377,-0.003126134770083286,-0.0001876763902614533,-0.0001881470232871528
-0.0011410749569731136,0.00034945602444652445,-1.3286700367836959e-5,-1.3319995311661901e-5
0.0004326100282157897,-6.889762106194019e-5,2.0692432327163023e-5,2.0744267761252586e-5
-0.008096704668414228,0.001934244921742978,9.452279511776544e-5,9.47595170088273e-5
1.159199279797519e-5,-3.3210412199330416e-5,4.6676628420995544e-5,4.679350810202533e-5
0.000245003603751946,-0.0005241197568967814,-0.0001598975490801684,-0.00016029786262760907
0.0008131531161266789,-0.00045727004342321106,1.7633730641418124e-5,1.7677852870058394e-5
-0.010683679053979251,0.006983538390091522,6.762030192727477e-5,6.778945443521919e-5
-0.0006282678503590212,0.0035701440005284396,-0.00010428601339401475,-0.00010454686000245346
-0.00026460502058798233,0.00044625042366076557,-9.449739959603045e-5,-9.473365275841481e-5
0.0013978807752209697,-0.0012592993778738576,-0.00012140040396934644,-0.00012170379317313463
0.00016853122806297313,-4.940292212904358e-5,6.400822890534779e-5,6.416810547988786e-5
-0.011898169521768046,0.006651872809001591,7.831508005151369e-5,7.851065371310507e-5
-6.373431158794515e-5,0.000257419755635087,-5.601678131600599e-5,-5.615665528142604e-5
-0.00023632193320654218,0.0006020392806779667,-0.00015144421693288565,-0.0001518222519210594
0.001250549632565746,-0.0009479352411211936,-5.845289632980839e-5,-5.859872627921357e-5
0.0008362951029998383,-0.00037065727012049594,-3.873293446294617e-6,-3.882953055022903e-6
-0.00033126754460147833,0.00014523297315657355,-2.886760256834114e-5,-2.893957440558597e-5
-0.0013151096979606262,0.00036241553748208287,-9.368575676935869e-6,-9.3919249703504e-6
0.002153402490255415,-0.00037405371838452776,4.884286124747094e-5,4.896455194247365e-5
0.00019539923154262098,-6.19169267449153e-5,-6.755611223949053e-6,-6.77243911936566e-6
0.001155316667601925,-0.00035144921071561823,3.98644954387833e-5,3.9963765691379404e-5
-0.01710438254106291,0.00800833963290732,6.821122631187382e-5,6.838104655600059e-5
-0.0004204116438491836,0.0022332444531260806,-8.23015025374074e-5,-8.250638464834575e-5
-5.050927283703468e-5,0.0001273732546931627,-2.800705686555958e-5,-2.807675079434294e-5
-0.00048648771304240156,0.0012618992309144002,-1.1406468300811517e-5,-1.1434845064850453e-5
-0.0009979230274905363,0.0065083399280662195,-0.00011001354464338513,-0.00011028718748696687
0.002180789261919942,-0.00406217556175573,-0.00018801624221950058,-0.00018848368831442242
-0.0035285305201142583,0.0008793372183138741,8.20260789446122e-5,8.222985707445453e-5
-0.007262280397714639,0.005471014870548846,5.750873689189539e-5,5.765158286738554e-5
-0.001631225759398157,0.012836422218117911,-0.00015329666194132042,-0.00015367740077866705
-0.001280215094900154,0.0015026930936859993,4.3019063599802477e-5,4.3125843316947305e-5
5.122812730007631e-5,-0.00015560967978093257,-5.382980187462145e-5,-5.3963393222299054e-5
-0.00048644411479212437,0.0011057420502320386,-9.323898532434152e-5,-9.347030699590133e-5
0.0007704967767079352,-0.0009094706056506267,-4.396150042570317e-5,-4.407052293357922e-5
0.0004991016680521716,-0.0004460709183409709,3.946499861527346e-5,3.9562837710096025e-5
0.0005637594307877314,-0.0008509967591324004,-9.507382268318055e-5,-9.530947459957549e-5
-0.0005813991799468771,0.0003900502899897205,5.9439421704140464e-5,5.9586688614827535e-5
0.0009506214585928107,-0.001505968582347325,-0.00015958048015044768,-0.00015997578462432122
0.0003805216425533911,-0.0001595008560615712,4.298101601888038e-5,4.308742543113451e-5
-0.011420293160336298,0.007160596380225946,6.861999828033962e-5,6.878984516120309e-5
0.00035034304063704107,-0.001901173808811594,-0.00016423538916291244,-0.0001646418620844793
0.0006828210683074373,-0.0004924009260686351,-7.794105091676503e-5,-7.813380845633212e-5
-0.024642033153643144,0.008005637922221327,5.598282973381234e-5,5.61212244349097e-5
7.52036099757919e-5,-0.00026364862676805305,-0.0001336131658231054,-0.00013394344599270712
0.003520797208186441,-0.02656791567103503,-5.222719602727371e-5,-5.2356277205336395e-5
-0.0342459560840916,0.005342517514731332,9.162429529442684e-5,9.185042581105994e-5
-5.738656874647235e-5,7.27682803658344e-5,-7.533424787606162e-5,-7.552015744053195e-5
0.0009989762602580848,-0.0010459316014993457,-4.256387810471837e-5,-4.266887815125893e-5
0.0007605870872588802,-0.0005897666108888785,1.8164963960463292e-5,1.8209759997386602e-5
-0.0009580683658056234,0.0008843994199542509,5.334788540252535e-5,5.3479412567566665e-5
-0.00041767010543524417,0.0010361937961981694,-1.7493135237771014e-5,-1.7536256730385343e-5
-0.0002690744151892298,0.0008182345817960682,-9.575007176005367e-5,-9.598604448177281e-5
-0.0022531314731918293,0.003177152556579871,3.5433277543269005e-5,3.5520565627256443e-5
-0.0007542389852560991,0.004432299178090227,-0.00011206785324975294,-0.0001123438892287567
0.0013405405437987832,-0.0021611831602871847,-0.00017061604394668574,-0.0001710360852370538
-0.0030476444978865948,0.0010131258676649249,7.726467679961815e-5,7.745477725452457e-5
-0.005269868362066557,0.004624203065475338,5.3629745977881197e-5,5.376167307659738e-5
-0.0017267273696995552,0.013652023547665806,-0.00011903926267035724,-0.00011933206628221919
0.0002462528461024437,-0.0006325020011602587,-0.0001658629477201891,-0.0001662707627566861
7.608925231071621e-5,-4.120940014421916e-5,-6.556275212241655e-5,-6.572385937535822e-5
-0.006816794187723569,0.0017940711058843635,8.979344679827348e-5,9.001400653923237e-5
0.0008622978613818078,-0.0008483377401286355,4.272771329637781e-6,4.283265004316237e-6
0.0015606207409133658,-0.001725915090467491,-0.00013463308706717318,-0.0001349636529791416
-0.0009190127669396811,0.00029890601331496327,-1.3672234836570466e-5,-1.3705786508449892e-5
-0.0004254054886080557,0.00010861977205965451,1.0056950067383635e-5,1.0081621780514655e-5
0.0011654453182165967,-0.00023977782032521443,2.549961609986364e-5,2.556215442617454e-5
-0.010830914795448189,0.0031038778770200687,9.488263583337535e-5,9.511528029850037e-5
-0.002602882211075429,0.003442626589367004,4.014039044013358e-5,4.02387988103611e-5
-0.0006709760920261576,0.0036462445006159795,-6.911490976932929e-5,-6.928432895902289e-5
0.0014353861837257233,-0.004673442139379947,-0.00018667294243730233,-0.0001871303794974797
-0.00408691743997513,0.0019621186385109946,7.992806978723361e-5,8.012378963863878e-5
0.00044535079172225146,-0.0006716315376815984,-2.2630484919781554e-5,-2.2685891716256008e-5
0.0005287896621858988,-0.0007585376127860765,-1.7795968915034815e-5,-1.783952700189139e-5
0.0006336578471370065,-0.0008964238236048847,3.5815477230287e-6,3.590311644888801e-6
-0.0013564593154608998,0.0024913635895625263,1.5500547169454013e-5,1.5538467550395992e-5
0.0037184411755287992,-0.022008043668091483,-0.000133254097635203,-0.0001335800397643991
0.0010413682015280809,-0.00026641156784850377,5.294474770858826e-5,5.307410162392922e-5
-0.006565125679638495,0.003197199750016481,8.415696877205293e-5,8.436253830070226e-5
-0.0003436457422763628,0.0006310422911921528,-8.070271829445462e-5,-8.089982386706539e-5
-0.004071923425717917,0.004283895624274041,5.291889949086801e-5,5.304809808541057e-5
0.0016499587079717814,-0.008810370265583484,-0.00017184855438350256,-0.00017226806195848118
-0.008319963101714838,0.004208269635304674,8.35181026396123e-5,8.372180932631203e-5
-0.00022265550801387865,0.000495419430698534,-7.094914201942262e-5,-7.112217081272846e-5
0.0015280863873090608,-0.002154253671953862,-0.00016162364488578107,-0.00016201766881858738
-0.008007534874555114,0.002372559466569726,9.089116031341597e-5,9.111261045209057e-5
0.0010478440026173029,-0.001228465088342563,-7.51763342920799e-5,-7.535947085393575e-5
0.0009375824493647641,-0.0006099703564195276,5.401237892512575e-6,5.414390823426407e-6
0.00036081742484865673,-0.00024095831225696854,-9.354095459453791e-5,-9.376868232641611e-5
-0.002150219012691772,0.00043310296604496867,7.725183455984877e-5,7.743981470720558e-5
0.0006193119520265513,-0.0003768833142270673,-9.085813902137273e-5,-9.107919177357268e-5
-0.033522487573671315,0.004605583596317963,9.526134930194449e-5,9.549299068144323e-5
0.00047786025139128125,-0.0007057538313423782,-7.630426902583365e-5,-7.64897959335351e-5
0.0013198096477931957,-0.0010724258378654148,-5.594003750934233e-5,-5.607599968297586e-5
-0.002200098617336852,0.0010564157390521797,7.018654006348412e-5,7.035706739013594e-5
-0.0023302948614591433,0.0027056093300619755,4.081174903762077e-5,4.09108894558879e-5
-0.0020255262059561325,0.016479301749848255,-0.00012009853697055008,-0.00012039025059775886
0.003841345975084482,-0.012010392903878456,-0.00018066096646982704,-0.00018109963710282004
-0.03339865175843151,0.007764160067499464,6.082983704332985e-5,6.0977399727398746e-5
0.0002755217243401471,-0.0009888299759054796,-6.04819847735596e-5,-6.062869312098149e-5
-0.0016541926018599892,0.01189459346497012,-0.00010664612990126453,-0.00010690477055901604
-4.2747233661946836e-5,0.00018344128665529724,-6.21273388466441e-5,-6.227796891461834e-5
6.025084592665687e-6,-4.58675172833202e-5,-0.00015507406774953555,-0.00015544992548039164
-0.01048818666486463,0.006754009896382853,6.97510751963798e-5,6.992003905717359e-5
-0.00033441626452225494,0.0016562492841164609,-6.649302321049483e-5,-6.665407847046178e-5
-0.0006174667302548876,0.0035480467623874284,-9.889984387672463e-5,-9.913934155431115e-5
0.003961792697103768,-0.00726455062039872,-0.0001659900757091179,-0.00016639186195413635
0.0005410209173985039,-6.413974346465502e-5,2.9087342272194515e-5,2.9157687625611682e-5
-0.011800095370494547,0.002729603577701659,9.487408191083436e-5,9.510347372753634e-5
0.0008350732554328966,-0.0009625918098901001,1.990565660991424e-5,1.995377954871538e-5
-6.894269701450463e-6,-1.4278389502412614e-5,-6.541628574007566e-5,-6.557439871605248e-5
0.00092104101690764,-0.0010047924573900941,-4.093451316679313e-5,-4.103341850662562e-5
1.2999716100215801e-5,-3.211617487724101e-5,4.9295712557931864e-5,4.941478188251548e-5
0.0009375891411538114,-0.0015123101330139401,-0.00013963759165797057,-0.00013997481083327697
-0.00032784158749400277,0.00016930186134304313,-4.975569826456964e-5,-4.987579521434727e-5
-0.006960537099190206,0.0016768037850520925,8.83921341014508e-5,8.860540806802514e-5
-0.002660976597559032,0.002399585107269523,5.8788462801778935e-5,5.8930288255537434e-5
-0.00025173056074146886,0.0006980971499106514,-0.0001397089470153602,-0.00014004594173091587
0.001233064336922014,-0.0010105857314954725,-0.00011710005921235565,-0.00011738237098389585
-0.022315186406367413,0.003811955581634231,9.673155353581898e-5,9.696462781290235e-5
0.0007546862033349197,-0.0009836113358980627,7.307049537265948e-6,7.324653978964473e-6
0.0009466326783347086,-0.0016237802385953958,-0.0001620930878046687,-0.0001624835191512453
-0.02076997335151815,0.00818190548133906,6.143403734519856e-5,6.158192641157143e-5
-0.00048364705853771295,0.002589749979510347,-9.822927259655168e-5,-9.846571997546026e-5
0.0027601376050463036,-0.004828801378252578,-0.000174611970445098,-0.00017503209181540832
-0.021341816117242365,0.00429816157224782,9.483351707637101e-5,9.506151226842445e-5
0.00038162681093110626,-0.0005887812278046241,-2.71166313622672e-5,-2.7181817415375245e-5
-0.00031796272820801746,0.0004225620800043551,2.6031559658946396e-5,2.609411953269039e-5
-0.0002718725850029452,0.0006927058724600933,-0.00013772608466120937,-0.00013805701087869857
0.0007134790055013787,-0.0005686493807591862,-0.00010344856261447378,-0.0001036970004710221
-0.031068285177967114,0.007625065769823013,6.784582866739215e-5,6.800868567317537e-5
0.0004828187521768513,-0.001693138278198936,-0.0001635218444770868,-0.00016391433223210698
-0.01018939401621942,0.006809889948669679,6.117604255502759e-5,6.132278720582081e-5
-0.0010841453269268399,0.0070014252806635865,-8.577711225518078e-5,-8.598284957296743e-5
0.0006859329850993069,-0.0021125647605340085,-0.000171509639948524,-0.00017192086842652836
-2.043683096898398e-5,2.4920716541487954e-5,-7.685214863479793e-5,-7.703629913626751e-5
-0.0002575444974740436,6.118236707432757e-5,2.0613140179833247e-5,2.066250917079475e-5
0.0019229699287840693,-0.00039590531196100217,4.3729425388971235e-5,4.383413252475486e-5
-1.1939750200832754e-5,1.3054284459031651e-5,-1.5054015935739902e-5,-1.5090054242029198e-5
-0.00705173937867875,0.0020048797639258278,8.731708170123533e-5,8.752604840429742e-5
0.0012367849294422938,-0.0013024388685799852,-0.00010179182042410153,-0.00010203539346812098
0.0006453444530531633,-0.00026925078413652824,-8.017305022958446e-6,-8.036480913008642e-6
-0.0007647265619512658,0.000300760832578862,-3.881318266377184e-5,-3.890598957787631e-5
-0.05627312066225676,0.006564631125213345,6.883724968382414e-5,6.900177779536513e-5
0.0005569529719990513,-0.001349295606482667,-0.00016723074154389306,-0.00016763041195077836
0.0007755919488954121,-0.0004111027044659412,2.0320485478048152e-5,2.0369021107652197e-5
0.0005305764150401129,-0.00035434304143812097,2.8472987990710556e-5,2.854097949992262e-5
-0.0051754413009332135,0.004579690092107101,6.063713571549767e-5,6.078190023180175e-5
0.005743933667861856,-0.02473849727504827,-8.550933403511731e-5,-8.571345370225082e-5
-0.04075900046373875,0.00513893816862045,9.090804594524924e-5,9.11247802954282e-5
0.0003408877324683076,-0.0005426551578475235,-7.651644855411372e-5,-7.669885561392085e-5
0.00048164243991727774,-0.00042377232303572354,3.7121562825827826e-5,3.721002399285738e-5
0.0003593484940949865,-0.0005332165516422361,-5.9478516352471945e-5,-5.962022585399454e-5
-0.0032905801607393302,0.0029840028725788147,5.8715316545012366e-5,5.885516007453851e-5
0.0004619554609682843,-0.001529314898932593,-0.00016299396095911944,-0.0001633821138576517
-0.009006023270229674,0.0058234200253144235,7.159237406580664e-5,7.176275972701968e-5
0.0026901804072420425,-0.010000923007945497,-0.00018335895812136678,-0.00018379529410278306
0.0008938828723866609,-0.0003300124378858844,3.1190498859977996e-5,3.126466000348938e-5
0.0009795131386238806,-0.0005086645641357797,5.805508657889109e-6,5.8193091793247896e-6
0.00048696190921380044,-0.0002735835615830297,2.9594133187903718e-5,2.9664464255791992e-5
-0.008011445592012278,0.005945648605934367,6.57943582985771e-5,6.595068454127137e-5
-0.00016590561082318103,0.000698956008945563,-0.00013809786353047827,-0.00013842594628621049
-0.005220116920438522,0.004881724876360481,5.584943051713131e-5,5.5982037008432946e-5
0.00021699749182933957,-0.001208174062172554,-0.0001531205935344621,-0.0001534841159758742
-0.0010445519777995764,0.0007589157661277997,5.940271512776676e-5,5.954364528061647e-5
-0.00013133121794637803,0.00021541325267068504,-0.00012364403771150103,-0.00012393732988285515
-0.01031960244277418,0.006905586646779606,6.40156042786767e-5,6.416738333226227e-5
0.002119566621684516,-0.011524131216187858,-0.000164768654539067,-0.00016515927891690106
-0.014027530368332475,0.006328336001763746,7.925631961789304e-5,7.944405200725665e-5
0.0018421404603857798,-0.005486668339387333,-0.00018438480613390445,-0.00018482150954079882
-0.01338081506526441,0.0052739577273416905,8.401262064748183e-5,8.421145199024757e-5
0.004071263754686275,-0.009695057359119264,-0.0001661243509502545,-0.00016651747350348615
-0.041176933218149456,0.0072192981125546955,4.8512040695043885e-5,4.862673614133376e-5
0.0016499986290013174,-0.0066784793492176905,-0.00017488598145936558,-0.00017529943253265703
-0.00016248101362054002,8.770267332292806e-5,-4.712464043475393e-5,-4.723596482473331e-5
0.0008106269784665102,-0.00021341232802906716,5.268774927552355e-5,5.281217018696242e-5
-0.004497450447354836,0.00228192589244316,7.702441835986354e-5,7.720627453133945e-5
0.0004004359308021404,-0.0006764011848798508,-1.580810519187042e-5,-1.584542314795501e-5
-0.00010749551822142634,0.00016046769450422504,-0.00010371163538652204,-0.000103956404221891
0.000995027383563393,-0.0007853150363435795,-6.286790361186539e-6,-6.301621558011716e-6
0.0007081849458157653,-0.0005532044986194171,2.2462892559026613e-5,2.2515870587390373e-5
0.0007085038430360843,-0.0007378230649548682,2.7781336191394257e-5,2.7846842730579863e-5
-0.0006723091128802007,0.0011022019746229261,1.4022243348904642e-5,1.4055300128445056e-5
0.005676390587547406,-0.017521770837464087,-0.00012533174200069923,-0.0001256271505514625
-0.0017522340864506438,0.00025162160001235295,2.0977331298828577e-5,2.1026720776692636e-5
0.0012232809539764085,-0.00020364627886212494,2.8474703642123753e-5,2.8541728947022396e-5
-0.0011670518065807509,0.00033047922024589607,-8.48825865960471e-6,-8.508234238266483e-6
-0.039276878823393736,0.007268678902718678,4.551786497137345e-5,4.562494986165983e-5
-0.00039932631714232345,0.0017099581105018188,-0.00011698332873293236,-0.0001172585254630305
-0.0023746093371273813,0.0028509609182763226,4.2982260578416066e-5,4.308332388483206e-5
0.003978883375713355,-0.015567685445688787,-0.00016654389541044447,-0.00016693543049850026
-9.96106223923439e-6,-4.078907299610461e-6,6.090299534175444e-5,6.104603550565377e-5
-0.00018348790555558638,0.00011388221929690722,-7.069877236112858e-5,-7.086478949603368e-5
0.0012711744247635517,-0.00026536998711116174,5.6789291842762604e-5,5.6922589462661226e-5
-0.00790943215188748,0.0036944138824746846,8.170946677888762e-5,8.190122256096595e-5
0.004190800966281857,-0.008472841136921469,-0.00016024103004260622,-0.0001606170378428856
-0.0009373036317919453,0.00013499186965066615,7.11218156629138e-5,7.128855639244317e-5
-0.0003795254590093925,0.00020288493616653559,-5.479814088697073e-5,-5.492659152528144e-5
0.001674464422879616,-0.00038630278072425585,4.275351272200175e-5,4.285369146406192e-5
-0.01373818905631592,0.00562590586089164,8.17759643361013e-5,8.196754004670276e-5
-0.0003792737272997088,0.0009937212702370187,-2.067942105013175e-5,-2.0727861536570214e-5
-0.0003611037670270821,0.0010996545659343986,-9.86927938633934e-5,-9.892392285598967e-5
0.0007094790245476144,-0.0009252432456167298,-5.482313315538933e-6,-5.495147068590612e-6
-0.0010600378337473552,0.0015101287005114992,2.714896098036938e-5,2.7212499305679823e-5
0.0062247158563802606,-0.020423179833748535,-0.00010528025378853043,-0.00010552660593225731
-0.057671366104881876,0.0067843052425683135,4.440860572935465e-5,4.4512401273770556e-5
0.00543736297958678,-0.018987983281189603,-0.0001248155001725196,-0.00012510721211393046
-0.0019527951395941969,0.0003128049645665845,1.266992831117394e-5,1.269950711444226e-5
-0.025692511471621993,0.003994052569563713,1.2459536694080191e-5,1.2488616729131927e-5
-0.0015307239484297112,0.011473115691618815,-0.0001028553374115164,-0.00010309538543768547
0.0022891151919992394,-0.006398491363241516,-0.0001839261558714203,-0.00018435526119277155
0.0010501196004369861,-0.0003574272343075945,2.9348404089497145e-5,2.9416823014136264e-5
0.000933384528225788,-0.0004418137230869022,-4.335944017794892e-6,-4.346049979612023e-6
-0.018703018833073046,0.008137408240830877,6.25856640344115e-5,6.273149505444563e-5
-0.0006077047555964296,0.0031852605201208293,-6.165668839509544e-5,-6.1800343447554e-5
0.003358217213850011,-0.011399729993266501,-0.00017760808702663584,-0.00017802177637463816
-0.019618992178607856,0.005802653170623339,8.402701291841382e-5,8.422256210113656e-5
-0.0008380572626477126,0.001913108793331305,-4.69064211889963e-6,-4.701557231285091e-6
0.0010485999894579202,-0.00401739041931806,-0.00016666280156725822,-0.00016705054881312434
-6.375578059277277e-5,4.245964380440732e-5,-6.525033992309643e-5,-6.540204455121453e-5
-0.006566597188431098,0.0015460461018557126,8.37837376823109e-5,8.3978453972718e-5
0.000833036160673895,-0.0007473770112050826,1.1664986281947967e-5,1.1692092329115091e-5
-0.0038746195504704307,0.004131216171871234,4.940011278578967e-5,4.951487738660538e-5
0.0010642339951622704,-0.005259879846149562,-0.000160103000689799,-0.0001604749012893992
0.0011337564867213094,-0.0006860128062036167,-2.0859135969802283e-5,-2.0907553929625406e-5
-0.0015546903282495207,0.0007302891566532191,6.0315689347960775e-5,6.045565213020139e-5
0.0021810121965804554,-0.0022149374386837336,-0.00013153761085256432,-0.00013184279080939918
-0.03500834929574463,0.0061543795915824494,2.8880439032846456e-5,2.8947404168457202e-5
0.0030964005708041973,-0.017855833951218057,-0.00014727223160942104,-0.00014761369316637561
0.0003190412123399272,-0.00011236126333098364,4.577629217427645e-5,4.5882323760268e-5
0.0010175780069235508,-0.0006033804480798519,1.1167721239262748e-6,1.1193583866221263e-6
-0.0060186928450907595,0.0035453789808566655,7.403335658155088e-5,7.420476131585413e-5
-2.4390985481481655e-5,4.4222636989739944e-5,-5.469097790334356e-5,-5.4817584787905e-5
0.00018000747422301496,-0.00033604439540072244,-0.00011021877862654218,-0.00011047385079680102
0.0007000849386453897,-0.0004740318591752768,-6.292479122319843e-5,-6.307035143435954e-5
-0.00680126506443577,0.00225163547496715,8.293030300848012e-5,8.312206961096895e-5
0.000976864841218822,-0.001183565718013502,-5.928725688390829e-5,-5.942433304137667e-5
-0.0046396608645550026,0.003393694731913572,6.611788576280013e-5,6.627070305249864e-5
4.424056604044117e-5,-0.0001229344860893268,-4.486167206393484e-5,-4.496534704050239e-5
-0.0001755984068739663,0.0004398795142762998,-9.484825537975807e-6,-9.50673868948504e-6
-0.0007588937345541226,0.005881726467638292,-0.00015293302196758518,-0.00015328630016948544
0.0009048320548117468,-0.0007661993041824472,-7.88108031967092e-7,-7.899273200178055e-7
0.0011634177952928692,-0.001030592600286318,-2.97785888314255e-5,-2.984731298811535e-5
0.0007891343968359915,-0.0005463089970253927,-6.192700173027135e-5,-6.206987672126663e-5
-0.0013030624901872972,0.0004744383643556649,-2.7885235877838083e-5,-2.7949547782813243e-5
-0.021986994093376757,0.0039850527596216575,9.1229166456145e-5,9.143949641546184e-5
-0.0014731918371285358,0.0019728303116678266,2.9389236615877885e-5,2.9456987040056043e-5
-0.000892291255346964,0.0074224229709561025,-0.00015801137025858502,-0.00015837559184013648
0.0009747990443025605,-0.0008007672799005092,-7.618924029470022e-5,-7.636473564391277e-5
-0.021809471577987696,0.008200319915187895,5.7413775544810305e-5,5.754597212327918e-5
-0.0004017068382967693,0.002131342327771326,-8.943535658106658e-5,-8.964126861340828e-5
-0.0014272306276216602,0.0026694366703072,1.287201725335802e-5,1.290164103059717e-5
0.0004211256885557301,-0.0023879095002204242,-0.0001492346139243149,-0.00014957801311667543
-0.007236486090539131,0.00511936722483374,6.662913519999661e-5,6.678234713343612e-5
1.54802610818776e-5,-4.435362508183317e-5,-5.3055557346958664e-5,-5.317754351393787e-5
-0.0006269627780554446,0.001603971928709136,-1.4067812870059384e-5,-1.4100148097405415e-5
0.00217942932958979,-0.007853459781589129,-0.0001734481965791477,-0.00017384678716324758
-0.004276369947584536,0.0019061618599213249,7.471167958388217e-5,7.48832442307717e-5
0.0006882344050967278,-0.00093926026174161,4.219381324558341e-6,4.22906912152424e-6
0.0001524262953157693,-0.00029720330359690647,-0.00012605598024233408,-0.000126345343787203
0.0011204324069284182,-0.0006635096250074309,-1.4479325327052113e-5,-1.4512547343188405e-5
-0.013665529239984358,0.0068106597068683696,7.189723104168639e-5,7.206214886723416e-5
-0.00019801682158736747,0.0006807378470263388,-8.945808511056861e-5,-8.96632646182571e-5
0.0005509087182980043,-0.0008369437053236939,-5.5435147457822815e-6,-5.556224238243442e-6
-0.0008078507594869648,0.0014509693346660415,1.1080674521602136e-5,1.1106073048264117e-5
-0.0012057658444691072,0.009239833605805941,-0.00014181853993277532,-0.0001421435686786482
0.0013899285544784908,-0.001456957242103176,-0.00010883372811861708,-0.00010908300859938207
0.0007867076110362361,-0.000282592660275757,3.5517773434792644e-5,3.5599089115180386e-5
-0.014196207300482459,0.007590406904917935,5.6403202719604316e-5,5.653230699309853e-5
0.004736908049075869,-0.030955472113449067,-8.08423950947877e-6,-8.102742515941922e-6
0.00040361541721309016,-3.6068396416554673e-5,4.512546918231169e-5,4.5228609285285895e-5
0.0012916922843592,-0.000379484933256692,2.6402691005817188e-5,2.646302666430691e-5
0.0006580278786638274,-0.0002610491421506339,-4.198547614621376e-6,-4.208140018203823e-6
0.0010429840760487119,-0.0003770071889210146,2.1686886983549694e-5,2.173642143835681e-5
0.0009553107554580501,-0.0004392218556447147,1.1485503494214077e-5,1.1511731179559731e-5
-0.00021431353824425068,0.00011661677119679994,-5.009138724762035e-5,-5.020574537087571e-5
0.0003251116587171024,-6.551269453746589e-5,1.1365117416922058e-5,1.139105438225074e-5
-0.016288871206815526,0.004219584659937989,8.831368189830646e-5,8.851517680975492e-5
-0.0007448556620957399,0.0011741884006202707,1.65835976450924e-5,1.6621430501834795e-5
-0.0005142202751777367,0.001674977925407043,-2.5564553402638433e-5,-2.562286460577862e-5
-0.0004830150448441251,0.0026285002372416788,-0.00012722699689399623,-0.0001275171395885028
-0.0034848030911144123,0.0035860906106342473,5.0139518751478326e-5,5.025379799907947e-5
9.407694424781157e-12,-9.119803398955021e-10,-6.445935860591265e-5,-6.460625736912848e-5
-0.0006803643361118346,0.0015776990708381235,-4.337958019261047e-6,-4.3478406728563455e-6
-0.0010237963471725392,0.006931621948529971,-0.0001262352838634751,-0.00012652282883099844
0.0012591238855204,-0.001529049784203516,-0.00011242372883353255,-0.00011267967288574214
-0.0006597706426269324,0.0002971909041303526,-4.787059244212413e-5,-4.797952598370946e-5
-0.030211061545941102,0.00383743915257288,9.109019292708053e-5,9.129738949314052e-5
0.0012463486494747817,-0.0014338854668747162,-0.00010431426494796781,-0.00010455151821211475
-0.018002290336118006,0.007712249722453378,6.780902723766285e-5,6.796318649437577e-5
0.0014570851004672561,-0.0058658986281562445,-0.00016464189279009393,-0.00016501616361573005
-0.013193673257730963,0.006950206319314232,6.975436784076511e-5,6.991282508512406e-5
0.0013920100587333762,-0.005249529987760329,-0.00016580363693474568,-0.0001661802486568005
0.0004607894643645896,-0.0002508400138246919,2.9058542160712665e-5,2.9124501340482564e-5
0.0011796776915297274,-0.0008766260102459779,-1.804686286270718e-5,-1.8087818120856185e-5
-0.0005711838582101068,0.0003401617397691386,5.020709039574087e-5,5.0320997768323556e-5
0.003187544285645436,-0.003863381889031479,-0.00013932326852270907,-0.00013963930193264517
-0.02760420546622267,0.004248427812583675,8.900212910168016e-5,8.920388184461558e-5
0.0006128854884652254,-0.0008586923291069471,-6.785624859299886e-5,-6.80100527410546e-5
0.0008966833899971102,-0.0007081578738741848,-7.600110289309027e-5,-7.617330874898659e-5
-0.0013402959612771378,0.0004873325846477597,-3.1410185549083584e-5,-3.148132828684879e-5
-0.041681590649690264,0.006162020413314199,7.381490058634101e-5,7.39820274561484e-5
0.0002687566004793806,-0.0006015107700648557,-0.00014726312762415532,-0.00014759652625747542
-0.00012847818302634276,7.58638685668628e-5,-5.564315667152389e-5,-5.576906469680062e-5
0.000545961426222308,-0.00013912721579329454,5.455237596653983e-5,5.467576994581137e-5
3.243686041970992e-5,-2.9291085460286642e-5,4.049942816524005e-5,4.059101889480813e-5
0.0012352143687922458,-0.0010835945945323177,-8.003465654449019e-5,-8.021562172687252e-5
-0.01937367554517231,0.007503153602851162,4.6806822828020263e-5,4.691261600527107e-5
-0.0012090379211751603,0.008624520627683822,-9.62887859062782e-5,-9.650640434715812e-5
0.00471344684662781,-0.0112815013897215,-0.0001458642387816316,-0.00014619377922774147
0.002045234759966223,-0.0002992014650458693,4.460675297303869e-5,4.470743735273988e-5
-0.0008793270634809124,0.0003081350126434069,-1.8102455266908015e-5,-1.814330770015045e-5
0.001767440344526373,-0.00037001654310253753,4.646448204837394e-5,4.6569307327122736e-5
0.0009251292969231757,-0.00039194754278672883,1.9181084288184313e-5,1.9224349251771615e-5
0.0003651389303261579,-0.00017078609637019023,-6.374399784968358e-5,-6.388774609413766e-5
-0.004031683073902427,0.00047708995739930836,7.294092242268351e-5,7.310533357516708e-5
-0.004083564569221567,0.0021015609616337775,7.146504804574278e-5,7.162610994563043e-5
-0.001783283450126277,0.0028883392793313764,2.2024703385144534e-5,2.2074333927159052e-5
-0.00024277442929977606,0.0011877531429849697,-6.428082928812121e-5,-6.44256589094081e-5
0.0028818259408138346,-0.00744166153066104,-0.00017475633383569984,-0.0001751499450776766
-0.0009242740895644867,0.0002693134486935751,-6.325358086299754e-6,-6.339593975954256e-6
-0.015703925243285746,0.0031404271565559287,8.871355445394761e-5,8.891315611805815e-5
0.0035974924951688767,-0.0041849312793984135,-0.00013166938424550632,-0.0001319656022461637
-0.032080946806958534,0.0043275034033474005,8.79701881356674e-5,8.816796172851632e-5
0.001615979499362788,-0.0021442705065576875,-0.00013280941328880662,-0.00013310796673423123
-0.009744705645147626,0.003386813662096556,8.290070699705641e-5,8.308697248776632e-5
0.0008487409693481349,-0.0013453229173359604,-0.00011998894605519602,-0.00012025851163169807
0.0008939152044318546,-0.0004742578444467875,-2.1377781470487312e-5,-2.1425786848721916e-5
-0.015183160835324509,0.006076280930658396,7.642818898471051e-5,7.659976414496313e-5
-0.0002208156052546758,0.0005735315339868659,-7.409642690271178e-5,-7.426275164190096e-5
0.00023712876841115713,-0.00034906658586321415,1.148532881672628e-5,1.1511101088848325e-5
9.440583460655825e-5,-0.00021954681581355542,-3.441690222808209e-5,-3.4494116351807385e-5
0.0009185692933492176,-0.0019047097896146322,-0.0001562795691073009,-0.00015663008966552473
-0.0008402320702617296,0.0003811306413631781,-4.258330499603329e-5,-4.267876126568293e-5
-0.011963508865687722,0.0023335663605534374,8.655775580549748e-5,8.675171662606125e-5
0.0011789097458634143,-0.0011747448047245684,-4.225448938523754e-5,-4.234916308917584e-5
0.0006252715800200211,-0.00044179023558293945,2.2105510696789913e-5,2.2155024175697902e-5
-0.003696544847632978,0.003343256814810064,5.4723629864645336e-5,5.484617712854046e-5
0.0028274614911947098,-0.009724693080110751,-0.0001704165748951018,-0.00017079815525721691
-0.0033008740872941074,0.0011843005228878857,6.945766134224537e-5,6.961306473298462e-5
0.0015985540409169069,-0.0015442655302407165,-0.0001104106678883929,-0.00011065766096503411
0.001421124161751642,-0.0003892087437898098,3.428247020167594e-5,3.4359125076885556e-5
-0.0003163925054609901,0.00012677156848667963,4.457985715458823e-5,4.4679516191986836e-5
0.0011660837902616884,-0.0008736518638214091,-2.2047632219711086e-5,-2.2096910683411304e-5
0.0011506446725820774,-0.0007026277377991813,-2.2366341204938292e-5,-2.24163179535859e-5
0.000981863095777173,-0.00046571620236665373,8.320131488294482e-7,8.338717170039117e-7
0.0009797284667834906,-0.00045944987590174107,6.73715886649478e-6,6.75220464342559e-6
0.0010069256657006926,-0.0005013187787035885,3.0854143278592406e-7,3.0923031452857847e-7
-0.00011576020997493629,6.29931217407413e-5,-4.052527489169737e-5,-4.061573288646253e-5
-0.027565241613940597,0.007265959816895057,6.877454431853235e-5,6.89280068523266e-5
-9.342670522141643e-5,0.0002612698368772296,-7.055207379413427e-5,-7.070949062316814e-5
-0.001021877266419016,0.0016902589881714121,1.5412651274311117e-5,1.544702864455002e-5
0.003189647007497969,-0.01102689439339869,-0.00016835607805875403,-0.00016873152705844074
0.0008345650605964091,-0.00027767079986472474,3.783091285443185e-5,3.7915211786805174e-5
-0.01399484335808377,0.0073387570593480035,5.12600338961823e-5,5.137423412507429e-5
-0.0012932685011054097,0.009428594561810699,-9.707141612596561e-5,-9.728766210298141e-5
-1.4120923118485164e-5,2.124687009647474e-5,-5.283046251692062e-5,-5.29481110684289e-5
0.0005555908254343774,-0.0009844062451880274,-0.00013457956611119022,-0.00013487917319979345
-0.015363390867585057,0.0074779347005435575,6.604743377143392e-5,6.619439947207575e-5
0.0006579279357475576,-0.002746517908144786,-0.00014775631065307352,-0.0001480850628839124
0.0005856735179015093,-0.0004144549401226685,2.4077054235186254e-5,2.413059192838737e-5
-0.005309483709931473,0.004941425812388925,5.1272408354503816e-5,5.13863934227264e-5
0.003910457511067607,-0.021031311587318833,-0.00012758194045483205,-0.00012786554163074648
-0.022711935733866206,0.005928014899313288,7.865362226551287e-5,7.882828482233015e-5
0.00038655063822711075,-0.0008896789318480694,-0.00014389994850710344,-0.00014421947289993352
-0.0021753214440385694,0.0011850442515032324,6.316810143047753e-5,6.330829087985553e-5
0.0006340675661084904,-0.0009096461139890745,-3.992217764718416e-6,-4.001076384410998e-6
0.0020366265242420644,-0.003405660169532313,-0.0001585374947059554,-0.00015888920574696927
-0.016224001612369227,0.004172671882022841,8.536514085230499e-5,8.555440060074642e-5
0.000389032819057569,-0.0006347142858578075,-7.682165041378379e-5,-7.699195122271288e-5
-0.007466024186565759,0.006036589529457731,5.324302956644666e-5,5.3361018600715463e-5
0.0006229073005085818,-0.0038081132973141235,-0.00014432915235968515,-0.00014464896278831458
0.0012001129726286932,-0.0007979483623952957,-3.2804264632732644e-5,-3.287690207178247e-5
-0.015030479090404012,0.006913845126416916,6.947067467438104e-5,6.962445511783746e-5
0.0058016698743786205,-0.02015673124416163,-0.00010607648203966673,-0.000106311272208393
-0.018466493430545277,0.0024245564033793443,8.671836186895642e-5,8.691009971920782e-5
0.001362262648688373,-0.0012143455753915976,-5.229546432560725e-5,-5.2411079136524574e-5
0.0010597247104676382,-0.0005741624639701244,-5.792076622147637e-6,-5.80487757799149e-6
0.0009260676432213445,-0.0004630323740195866,-1.2399987140925238e-5,-1.2427384993168206e-5
-0.0005195838381192896,0.0002374781594850489,-4.6001625815763756e-5,-4.610323899383293e-5
-0.041597113721855636,0.005087888656988443,8.218591924266872e-5,8.23673856205298e-5
0.0005261659375353804,-0.0008276510797323638,-8.318753663651019e-5,-8.337119959198866e-5
0.0002061882014765274,-0.0001691135130538431,3.680980070839866e-5,3.689104021303789e-5
0.0013693528807928723,-0.0017242542335897332,-0.00011576974442851155,-0.00011602520128879455
-0.006330101782138257,0.002513547026623312,7.660827416596445e-5,7.677724119192467e-5
-0.00038100134660575945,0.0005374142235262211,2.0241779902555773e-5,2.0286419400070122e-5
0.0006074185753968942,-0.001710893647105482,-0.00015264506865000663,-0.00015298164117911716
0.00020895080011431013,-0.00011482426283238969,-5.020061944707884e-5,-5.031124581063996e-5
-0.0012149912899828655,0.00033710991563938944,6.0662540691914726e-5,6.0796175594114084e-5
-0.0030628358546863936,0.002038866881286023,6.24649860377672e-5,6.260256905781389e-5
-0.0002891065067233064,0.0006114658661682118,-9.0404709207648e-6,-9.060380427367234e-6
-0.00038742324140155686,0.0010622788009898047,-8.648696292324292e-5,-8.667739061083259e-5
0.0012472499091705964,-0.0015944679596902238,-0.00011098815774757786,-0.00011123244135724532
-0.010358524858610817,0.004472699457707815,7.660963396521653e-5,7.677817729042808e-5
0.00010157448316191055,-0.0002252114864499032,-2.844376985290751e-5,-2.8506340299005637e-5
-0.0004687621326469823,0.0009682626113557747,-9.500403653394792e-5,-9.521297428334359e-5
0.001392100294891802,-0.0012665128785612088,-0.0001121411927776549,-0.00011238772371081065
-0.009864646849277434,0.0020083607163124064,8.275595625385152e-5,8.293779448572124e-5
-0.0017151080178334508,0.0015682726120042837,4.899449309526523e-5,4.910213475676717e-5
-0.0003153686122920927,0.0007807086754376634,-0.00011846994856463897,-0.00011873019193609459
0.0007715153796537899,-0.0006521854098590017,1.7414916014225653e-5,1.74531542047566e-5
0.0010886132445605706,-0.001202882132504826,-4.8130848090988606e-5,-4.823650717227933e-5
0.0011153433222231045,-0.0008150301483274592,-1.0893439773467155e-5,-1.0917346140436952e-5
0.0011788860040921661,-0.0007861032729420004,-3.756965957621812e-5,-3.7652087218451894e-5
-0.011843834689389677,0.00512696714544138,7.544598844597404e-5,7.561146566580353e-5
6.112575109678058e-5,-0.0001479125994950565,-3.4227007198257645e-5,-3.430207040007709e-5
-0.00048025714022539666,0.001022258943943963,-9.666416283266212e-5,-9.687610286638762e-5
0.0012676815058900704,-0.0011805463510367665,-7.100103074134149e-5,-7.115664236709385e-5
-0.015129731035341681,0.006885238421694539,4.420233954249933e-5,4.429918230008418e-5
0.0019898492322967215,-0.016244325776024842,-0.00014000880476924759,-0.00014031552975433265
-0.0023732560745393146,0.0008934660641424566,6.242343460707431e-5,6.25600604303164e-5
0.0009852340611234706,-0.000910738506014996,-1.6745932169210873e-5,-1.678257809044871e-5
-0.001892613438739882,0.0015099403585779464,5.3810765471604934e-5,5.392849116645763e-5
-0.0004501483269243847,0.0009841763573003245,-0.00010563606999926608,-0.0001058671450330093
-0.0016513496269674347,0.0013823324729355837,5.14131661550923e-5,5.152558412472756e-5
-0.00020712112809599168,0.000458225599245426,-6.182939601394472e-5,-6.196457037553643e-5
0.003193747070312362,-0.004493269119318579,-0.00014402382798880175,-0.0001443386004937407
-0.00264944292502234,0.00044992143262413383,7.004622769723062e-5,7.019921588436385e-5
0.0006274369748643004,-0.0003639967878182982,-7.466800746022013e-5,-7.483106694409299e-5
-0.04873995655930501,0.006789215170924439,5.81838272734772e-5,5.8310829421377e-5
-0.00042323930653302114,0.0011190859790499055,-8.625828199086633e-5,-8.644655223857521e-5
0.0008066324193071612,-0.0009959014579448732,7.177604641808594e-6,7.193264930552912e-6
0.00012482229099264352,-0.0002233844197080154,-4.917760792758036e-5,-4.9284882424857304e-5
0.0020696625165349154,-0.0022830482848344748,-0.00012366699760829386,-0.00012393668007693905
-0.00044330978256798477,0.0001273204637784672,2.494503971956224e-6,2.499940961971424e-6
0.0016041647579202966,-0.0003554614019051347,4.450823829572579e-5,4.460522278815482e-5
-0.01454020732759698,0.006310947171223087,7.160611545596905e-5,7.176211838377297e-5
-1.2231643142976102e-6,-1.0818609382064785e-5,-5.9913856727701626e-5,-6.00443745994607e-5
0.002617246002104367,-0.004733724736665677,-0.00015751539984184334,-0.00015785842978182418
-0.0010847197748353713,0.0002655811090084604,-6.633914328312771e-7,-6.648351480077643e-7
0.0010644944583101143,-0.00018742724955200321,5.51435267775082e-5,5.526350102695572e-5
-0.0007160147629654538,0.0003431655760030555,-5.028852929772445e-5,-5.0397922823313546e-5
-0.02461271885897386,0.003741923166981226,8.578082744990244e-5,8.59673549415167e-5
0.0007582271979178612,-0.0009334100829686416,-3.0634263426384297e-6,-3.070087024666643e-6
-0.0025161677937663184,0.0034253356382237315,3.1340241572805476e-5,3.1408367815723234e-5
-0.0005303342840360372,0.003087434836184157,-7.995160690325284e-5,-8.012538205746814e-5
-9.069544133555444e-5,0.00016518229560796827,-0.00012672849099746954,-0.00012700383537185916
0.00045335846622903314,-0.0002817942336236244,-7.945386262234579e-5,-7.962641286780701e-5
0.0020223421457596174,-0.00034018785903189823,4.849481541441526e-5,4.86000843967509e-5
0.0009938529761952387,-0.0003943991387454789,1.5019808334360816e-5,1.5052406606431787e-5
-0.014880913153272737,0.006890726710396961,6.764891134355405e-5,6.779569999676866e-5
-0.00034075723712794073,0.0011451827258524444,-0.00010766425423978538,-0.00010789785006143201
0.0002538268289571746,-0.00029061850459181725,3.057397800261203e-5,3.064028427839092e-5
-5.557839037264384e-5,8.327937721181526e-5,-0.00012098327550778534,-0.00012124560926631028
0.0012032747341311335,-0.0008036562872347214,-3.424461511719126e-5,-3.4318835970934484e-5
0.0009372826446454441,-0.00042475658006005894,-1.2436246549726804e-6,-1.2463192491030656e-6
-0.010554490463052738,0.004527712843181444,7.514588188140408e-5,7.530866164078359e-5
0.005053678047119772,-0.011141828451217221,-0.00013292657947629492,-0.0001332144928996848
-0.0025763307079160838,0.00035852149783082137,1.4164588438391093e-5,1.4195241285852657e-5
-0.032930775351919815,0.004908709459013863,1.530278628211358e-5,1.5335894456865523e-5
-0.0012644767981673597,0.008349816888529378,-8.36271660204372e-5,-8.380808798878929e-5
-1.8163595652146712e-5,8.219995914299267e-5,-5.753519301446486e-5,-5.7659635552311304e-5
0.0005225369123742971,-0.0012890317214969067,-0.00014562072234055595,-0.00014593558858039696
-0.00058122807357962,0.0003025318800165005,4.448149669559662e-5,4.4577625099833824e-5
0.0015213587865183082,-0.001490894130330665,-0.00010488209760644268,-0.00010510871653003367
-0.014616433072886266,0.0042271394015819036,8.142824787585784e-5,8.160411095174288e-5
7.758427868339226e-5,-0.0001517036587378761,-4.997614471000574e-5,-5.0084068747048354e-5
0.0012463383957232658,-0.0014261071509678101,-7.009264646493282e-5,-7.024396716729537e-5
-0.008537324935380557,0.0050049193901075305,6.697143640832303e-5,6.711596884395784e-5
-0.0003247026459202234,0.0009784370019824478,-2.688516147723014e-5,-2.6943176804063726e-5
-0.0003711433847603748,0.0011496539935632346,-9.342932572884575e-5,-9.363089050523693e-5
0.002054302911412183,-0.002540380700075517,-0.00012680279118612017,-0.00012707624910243632
-0.0014058449804508538,0.00043605797055242896,-2.016946621632015e-5,-2.0212940913519023e-5
-0.006820574925791088,0.0009266000685173264,7.516514108186111e-5,7.532710422055523e-5
-0.0007725564618495498,0.00047247826300639593,4.979124825313913e-5,4.989852304677476e-5
0.0007160799702924322,-0.0009570745546963222,-5.461466672172284e-7,-5.473231431309691e-7
0.0006692343594483684,-0.0010985528585066926,-0.00010961693006870782,-0.00010985300896723358
-0.009512579670549108,0.005421891224613668,6.695013758398209e-5,6.709426560722681e-5
-0.00040047378715539754,0.001185811281281976,-0.00010413902506200275,-0.00010436318940866645
0.0012601332638018483,-0.0013503734909806671,-6.158991164057033e-5,-6.17224317041151e-5
0.0011010526073516502,-0.0006625435903211078,-2.503453930728048e-5,-2.5088387104874063e-5
-0.0004962624720176926,0.00021084682691198322,4.397166147449938e-5,4.4066215103586427e-5
0.0007668257772611947,-0.000602127283415912,-8.478109154141776e-5,-8.49633659681759e-5
-0.02912919817643275,0.007903129714131278,5.692178567771373e-5,5.7044114116748384e-5
4.181252247889216e-5,-0.00016871111502541087,-6.24828312525127e-5,-6.261710159187331e-5
0.001986461610697471,-0.004145790195765228,-0.00016031761451738404,-0.00016066201417725296
-0.00019691214121248372,5.44997782775746e-5,5.0134070567266486e-5,5.024170155736551e-5
0.0010867938413523946,-0.0006772500190854999,-3.3087075403785257e-5,-3.315809657039842e-5
-0.018816017348957437,0.007825250381371579,4.763862364532402e-5,4.7740849269001756e-5
0.002322448361967401,-0.015248557427241505,-0.00013662971272780376,-0.0001369228810947529
-0.0009414683523496643,0.0004062426166717497,-3.7206442280963185e-5,-3.728620812889434e-5
-0.02343949517726505,0.004489215751572927,1.5401063633972204e-5,1.54340702772362e-5
-0.0016902592734726117,0.013721524546438671,-0.00016064133809768282,-0.00016098559858314913
-0.0010436655470579652,0.006483721246936935,-7.278354323245015e-5,-7.293949912346214e-5
0.003530017199518358,-0.01334607785707557,-0.0001553319495459702,-0.0001556646976731128
-0.002241207738118103,0.0006512671999964413,6.291778074854806e-5,6.305245057462932e-5
0.001325066550275141,-0.0009859007937198434,-9.344874209068154e-5,-9.364873017773256e-5
-0.037752192751208676,0.005617760535964714,2.0228000814001275e-5,2.0271268750591977e-5
-0.0004954146143299456,0.003037400924929694,-0.00010325055388308244,-0.00010347139722159043
-0.0008375279109237557,0.005444307131343127,-9.139350873919786e-5,-9.158895961717186e-5
0.00023264221443260332,-0.0004496891352124399,-2.32777884834693e-5,-2.332754988429509e-5
-0.0006772687518499071,0.0012885699939073894,2.804479023812776e-6,2.8104727875279697e-6
-0.0005270256492029318,0.0017764475820159706,-2.6928604082257896e-5,-2.6986145904757838e-5
0.0015445662699130702,-0.008487241563250262,-0.00014278781795505274,-0.00014309287663388104
-0.0005194836229563888,0.00026994481653131944,4.2841958473314705e-5,4.29334216644765e-5
0.0008619405110683897,-0.0008454175722889025,1.8326715076560194e-5,1.836583377741229e-5
-0.0006422360180856207,0.0008724853353434132,2.3664285049178627e-5,2.3714786896639822e-5
0.0024508088452219264,-0.00716596078409897,-0.00016396469955203105,-0.00016431456035351726
0.00015066745708774528,-4.264588475711995e-5,-5.846672074153109e-6,-5.859138764412101e-6
0.0010621582947984883,-0.0003010601975446383,1.605984459872819e-5,1.6094079568580063e-5
0.0009931192488001242,-0.00034476736732299483,2.7929831561908118e-5,2.798935666494166e-5
-0.0003759423736975436,0.00019437758547560504,-4.5982630964766364e-5,-4.6080610936620886e-5
-0.00031414101703974986,8.856596350642734e-5,6.959377410189588e-6,6.974201353074473e-6
-0.02659922516498113,0.005856182635421166,2.405182048654504e-5,2.410303999739088e-5
-0.0005948782010502636,0.004539346238286471,-0.00017343100623744463,-0.0001738003171413113
-0.0009946915563671898,0.008062385779232623,-0.00018745917110778322,-0.0001878583159899355
0.0005957628145908351,-0.004515519526609303,-0.0001431436475154473,-0.00014344840661073883
-0.003685082829328525,0.0022237693062303657,6.306552437752019e-5,6.319969468499734e-5
-0.00026617626148719536,0.0004835286851080657,-9.938632311840367e-5,-9.959773779502842e-5
-0.006659470456352242,0.005076871237212163,5.740148727625055e-5,5.75235437290631e-5
-0.0002825124773052659,0.0010372616434279683,-0.00010812252262152363,-0.00010835240643273646
0.0009451311866914225,-0.001039450762795452,-3.5416569843297204e-5,-3.5491836635398956e-5
0.0011400638922419927,-0.0009076283249278793,-9.704636546163595e-5,-9.725254888472928e-5
-0.026227659505335007,0.004883881758865926,7.922856037619438e-5,7.939680861569404e-5
0.0008868509679040022,-0.001486553625655073,-0.00013083810071168217,-0.00013111592232778214
-0.0008111683456091081,0.00037116157206256833,-4.1553502618790236e-5,-4.164169498322648e-5
-0.0345292834436859,0.006532822345367968,2.9002597981018764e-5,2.9064131096792857e-5
-0.0004892224213481254,0.0027303934613773996,-8.609257325910494e-5,-8.627522127293854e-5
4.9488657325983234e-5,-8.587912989558219e-5,-3.875545434724618e-6,-3.883764278882618e-6
-0.0002903895335402765,0.0007207289391653309,-1.8308112792350568e-5,-1.8346930973086738e-5
-0.0001850331433468963,0.0005651539622001322,-3.0382985450837907e-5,-3.0447391975967487e-5
-0.0007033780840913724,0.002107861296603654,-1.877865495009249e-5,-1.88184530508752e-5
-7.582528737116133e-5,0.00032783754678015727,-0.0001220889783211345,-0.0001223476783220549
0.0012982451364455918,-0.0011994335157038288,-7.315449870358881e-5,-7.330942540517873e-5
-0.018079484974726584,0.007641238603314842,6.249686926260396e-5,6.262917793492297e-5
-0.00015370280701657658,0.0005491410038020423,-0.00011645336912896751,-0.00011669988666110804
-0.004167216905623958,0.003964208548457709,4.867779691414455e-5,4.878079243241153e-5
-0.0005070170375070859,0.002153980126879201,-4.057625666112896e-5,-4.066210072577019e-5
0.00027623559690449144,-0.0013592648298511338,-0.00012950711389350726,-0.00012978104494459474
0.002243023944392293,-0.0017665780519497399,-9.425974062341572e-5,-9.445900343893411e-5
-0.050929734272202445,0.0062090736360410825,6.530105473232894e-5,6.543902525869353e-5
-0.00012213047961195852,0.00026843584662695504,-1.3935891788350103e-5,-1.396533409084583e-5
-6.751963675865617e-5,0.0001893064480734825,-2.9099445608284884e-5,-2.9160911032505808e-5
-8.835433115054832e-6,9.725450366858638e-6,-5.084079327094881e-5,-5.094815680815692e-5
0.0018250915957492577,-0.0032180360377489707,-0.00015024651969230998,-0.00015056371421603109
-0.0018288580204340549,0.0005297359931082365,5.992262832553092e-5,6.004906025810967e-5
-0.00021623700284221465,0.0001388604379573485,4.296052580203624e-5,4.3051155165200714e-5
0.0003826599487397891,-0.0005666702446587271,-3.412580627555967e-5,-3.419778610724555e-5
0.0013869025373692424,-0.0015850675737309036,-7.63442082953803e-5,-7.650519382935327e-5
-0.0002939323281600546,0.00014697439548019164,3.8615422104085e-5,3.8696820830899246e-5
-0.0002017963612529932,0.00016168481808748105,4.087390562570184e-5,4.096004946652283e-5
0.0003570483660698291,-0.0007319169980189564,-0.00012713625280536008,-0.0001274041576485126
-0.00887970464054837,0.004866703509999777,6.671119128948767e-5,6.68517013968705e-5
-0.00011067414932245981,0.00028035629101603207,-6.098039527813894e-5,-6.110882173957637e-5
0.00039840446581903584,-0.0006512096569934472,-1.8984929240589074e-5,-1.9024899805780002e-5
0.00018359933924624706,-0.00032160943672521414,-8.242074681336836e-5,-8.259423320405668e-5
0.0009878639481428215,-0.000745004346259962,-5.950570016940169e-5,-5.963090828199418e-5
-0.009829324751815317,0.003670989303569808,7.538119157610447e-5,7.553975041087075e-5
0.0003132605864623427,-0.0005523285547094156,-2.2076556681192517e-5,-2.2122988108996964e-5
7.596578026167363e-5,-0.00014942818464828232,-4.570352134681622e-5,-4.5799622172792134e-5
-0.0007033905168226159,0.0008176073774797203,3.174085861126562e-5,3.180758113830908e-5
0.00014728160677517365,-0.0004406977373573212,-0.00013192634074536417,-0.00013220362200633525
-0.01036578038093309,0.0069167655563717005,5.508920671837469e-5,5.520493555819643e-5
0.0013272414042590536,-0.006952011191416284,-0.00013961903245682757,-0.00013991231250577222
-0.009144723475931949,0.005295347284370429,6.447714481917068e-5,6.461249172617112e-5
0.001557891017297394,-0.004725568929885346,-0.00015530450783469337,-0.00015563048203474358
-0.005173023167010757,0.0022930685428196604,6.888617585747973e-5,6.90306735206258e-5
0.00021677103473237037,-0.00032311796042784857,9.015302278234889e-6,9.034210650991694e-6
-0.0010372048039471089,0.0024376555926657797,-4.223127489726861e-6,-4.2319833128174765e-6
-0.0002499695263874718,0.0011727470743901507,-5.183278820024098e-5,-5.194146253781568e-5
0.0001952751873228091,-0.0005116610266298623,-3.1033007151586776e-5,-3.1098053859323305e-5
-0.0005631107208166047,0.004420615807770055,-0.00013659111609605717,-0.00013687737952926688
0.0008642243864956118,-0.0007055764584935708,-8.89851751608201e-5,-8.917154990552197e-5
-0.0022871082992929276,0.000568578207359194,6.259404676744113e-5,6.272509161997043e-5
0.0012751097555796398,-0.0008965292002321181,-3.176022908514343e-5,-3.182671156517509e-5
-7.239916154258435e-5,2.556717479140449e-5,3.84942413059374e-5,3.857479694263329e-5
0.0009732651599975345,-0.0008027809654229621,-7.364558807322326e-5,-7.37996758634479e-5
-0.023897576349065978,0.008300116705334062,5.061693654751594e-5,5.072280312598803e-5
-0.0004977921561585176,0.0025594245669110717,-5.4223796804943626e-5,-5.433719977009955e-5
0.003973888899981828,-0.013093402199420474,-0.0001487582514891871,-0.00014906927887704566
-0.021019533728069358,0.005115855544728439,7.610205160485149e-5,7.626103754430173e-5
-0.0009287016464029372,0.0017675524230693546,5.015162156134039e-6,5.025638503189397e-6
0.0007536090840018913,-0.002717701870637567,-0.00014190065847792123,-0.000142197030180217
0.0007916565812701806,-0.0005002841028522611,1.3164140316401154e-5,1.3191619104456343e-5
0.0007207235688802378,-0.0005371322107378527,-7.391280103053953e-5,-7.406705331005679e-5
-0.00844228883868453,0.0024072101349325845,7.568899927358786e-5,7.584689889723702e-5
0.0013442468548303162,-0.0015512256960012259,-7.317434723945545e-5,-7.332698281320707e-5
0.0008540198513760078,-0.0004788730117366071,-3.002425258087e-5,-3.0086859020927276e-5
-0.017479749316704544,0.006481910731962074,6.836776399609538e-5,6.851028301384464e-5
0.0017118289380776374,-0.004906067912677998,-0.0001558056429945058,-0.00015613040724007715
0.0004910251357419064,-0.0002132388164999523,3.0496748760231545e-5,3.056027746948465e-5
0.0004229900790420227,-0.00027678705083865866,2.657397123218307e-5,2.6629317595339295e-5
0.0013943772859210729,-0.0012501228348392355,-0.00010375158777292598,-0.00010396763230779671
-0.033628069888115134,0.00690758173505162,3.0912010953699805e-5,3.0976349169356964e-5
0.004347018856816471,-0.024287981261272115,-9.803115203610915e-5,-9.823517683951478e-5
-0.01847045147934091,0.004023564964481143,7.943710367056274e-5,7.960226344016206e-5
0.0009377127885513869,-0.0013899954746740457,-0.00010606166976863836,-0.00010628216471416673
-0.0003215703320616166,0.00017170057222146953,-4.6679928697874474e-5,-4.6776933184292156e-5
-0.024126606078721156,0.005539859285898326,7.339262874236978e-5,7.354509275626426e-5
-0.00034862064650676577,0.0006746640083955691,-9.429262946804652e-5,-9.448849475376697e-5
0.0012536199473926592,-0.0010418207276479932,-6.299398341791179e-5,-6.312478536954648e-5
-0.01362707904253769,0.005534514261205098,7.021659224339806e-5,7.036234221987204e-5
1.4065262318683958e-5,-2.8982784246865492e-5,-3.08283372596354e-5,-3.0892322384843174e-5
0.001136988616615991,-0.002698115764007939,-0.00014782216217527197,-0.000148128898938494
2.1195846645833235e-6,-9.079942946681773e-6,3.7867840273549514e-5,3.794637423992097e-5
-0.00024999098872474456,0.0001666432071824875,4.2650476134080974e-5,4.273891279631802e-5
0.0003545969620534133,-0.0005575467730012211,-5.904565306976483e-5,-5.916806598139074e-5
0.00012844478638891367,-0.0001323553979113504,3.6925066640540806e-5,3.700159563525917e-5
-2.5998461348233034e-5,2.0695293471976715e-5,-5.505981160766676e-5,-5.517390753693153e-5
0.0011014735479835639,-0.0012521279617545194,-4.821094129504245e-5,-4.831081509685146e-5
-0.0035660810591603793,0.00253361582360724,5.715357200410045e-5,5.727193613852566e-5
0.0022215535646719652,-0.005435062709745731,-0.0001562133209412913,-0.00015653679709083505
0.0010963982805728399,-0.0003537031450483655,2.8940859906684728e-5,2.900075002224515e-5
-0.006444161188390166,0.003037008383520105,6.863596375783296e-5,6.877797114756536e-5
-0.0015570967065987008,0.0028338848154768354,1.1863015932763995e-5,1.1887557617003033e-5
0.0037154027006824786,-0.01817416717159366,-0.0001341684180536144,-0.00013444594095321285
-0.002831266110571767,0.0008832716219381154,6.184011553421271e-5,6.196792131856506e-5
0.0011614684325357626,-0.0009764429423425825,-2.985431766638001e-5,-2.9916009060441727e-5
0.0006705102381681579,-0.00040147106319079307,-7.205658792924704e-5,-7.220544606969955e-5
-0.022700196813533028,0.003281121317692401,8.07486914502429e-5,8.091543278620482e-5
0.0007726426309659294,-0.0008519697282239778,-7.665496789637428e-6,-7.681324096481599e-6
0.0011834382361757332,-0.0013332937915397454,-5.920611276993464e-5,-5.932833030748445e-5
0.0004588824359759609,-0.0002999120454160861,2.4910648371229173e-5,2.4962054441504743e-5
0.0013135637518915714,-0.0011754735361182709,-8.351437585670404e-5,-8.36866842508985e-5
0.000844054091616205,-0.00027485260279057946,8.112860641476332e-6,8.129592813046652e-6
0.0003196939648590099,-0.00010445752314075351,-4.240130108910723e-6,-4.248873076703191e-6
-0.001366623107412713,0.00043971203174385514,-2.0843613449551746e-5,-2.0886581363807124e-5
-0.04682451696563117,0.006718141625859044,3.267741497359122e-5,3.274475640963116e-5
-0.0005277050451495853,0.0023233779899737056,-4.1632808512634064e-5,-4.171860072327294e-5
-2.5541678568753537e-5,6.432883670042803e-5,-0.0001169663950312972,-0.00011720737507677783
-0.005925825616014228,0.0054019618692945776,4.574062899778726e-5,4.5834818434566635e-5
-0.0003428061606419195,0.00192376414181877,-0.00011505944332455835,-0.00011529635239881625
0.001428343526542926,-0.0014116388628189396,-9.128207318721704e-5,-9.146992481697262e-5
-0.00026243391250032916,8.478129529628851e-5,4.464859668404994e-5,4.474044362867638e-5
0.0005913259076055048,-0.00038700959101279036,-5.684417809662025e-5,-5.6961092814904714e-5
-0.0006459398876913677,0.00021340767659750603,-9.157087828780163e-6,-9.175915383979321e-6
-0.015321242455555554,0.0033796915266417382,7.87985340624941e-5,7.896050563127631e-5
-0.002778983967755336,0.0035329790125969867,3.0756139848139696e-5,3.081935326438169e-5
-0.0008561506351717754,0.00576039421429801,-0.00011720356543009594,-0.000117444430166792
-0.0007353684406206549,0.004682135638163235,-8.35750255123333e-5,-8.374675463418574e-5
0.0001348567095194809,-0.00028139328867641015,-3.1649632802553855e-5,-3.1714642366903384e-5
0.0011426118167079853,-0.0020058541754818253,-0.00013575909828282014,-0.0001360378842737952
-0.0003900871242028176,0.00014463338431644704,4.2724250092883834e-5,4.2811941554507986e-5
0.0012819384758834523,-0.0009132715971810145,-2.2939506815814253e-5,-2.2986582037676797e-5
-0.008151312409139194,0.004457354212602059,6.47360434918383e-5,6.486885622904973e-5
0.00013678669412537408,-0.0003856312998119044,-0.0001273982576380737,-0.0001276596016310221
-0.010965802511859262,0.007071927242781701,5.3503956866844046e-5,5.3613662535072685e-5
-0.00043932765060228525,0.00224782034154034,-0.00010015009829475375,-0.00010035543131923079
0.0027043823589354863,-0.0033178024283381444,-0.00012655577296836305,-0.00012681512679757712
-0.0002324327151216695,3.8252827350221894e-5,5.706464378122207e-5,5.7181521123830415e-5
-0.00030600819528518947,0.0001712695036722099,-5.238351574079238e-5,-5.249078976696964e-5
0.0016818671558668703,-0.00035468383957202985,4.243104417451179e-5,4.251790637506497e-5
-0.013185512527650352,0.005671278676001343,6.777866969451508e-5,6.791739849215969e-5
-5.1856797068219545e-5,0.00012180276742262382,-5.356267523720005e-5,-5.367229693415009e-5
4.1766609596454986e-5,-9.666515787271867e-5,-5.373849320042821e-5,-5.3848443407591104e-5
0.0017204323157471544,-0.0018554353611750472,-0.00010629728264294276,-0.00010651470535229882
-0.0050812061334020615,0.001507226060827843,6.75652217775514e-5,6.77033601672377e-5
0.0004788692528012761,-0.00046501589404259787,2.9484399449671996e-5,2.9544672990800922e-5
-0.0015419063472296895,0.0025674201779718625,1.5927474230606775e-5,1.596002853038504e-5
0.0023214211423666638,-0.00983187987992947,-0.00014499968580147159,-0.0001452960099950405
-0.0005961816197478544,0.00028344516147582355,-4.5804656328394686e-5,-4.5898198717012965e-5
0.0015322835726938196,-0.00021183212160053402,4.494018233013822e-5,4.503192515074039e-5
-0.002940995065084787,0.0010567684470246784,6.016233445953913e-5,6.028513287629204e-5
0.001422061623411557,-0.0013264016039148808,-9.086227571538817e-5,-9.104770979186118e-5
-0.004452270107892395,0.001348910557275517,6.577332106982808e-5,6.590749878714782e-5
0.0016939543029466028,-0.0015483463170033827,-9.960395066010915e-5,-9.980711585768907e-5
-0.00021802264336149725,4.411341900028609e-5,5.465070337125701e-5,5.476212559207762e-5
0.000772734457841547,-0.00044321270417207244,-3.61016011605e-5,-3.617519422838585e-5
-0.01723759770741615,0.005922044686505755,6.925069744158066e-5,6.939182310109496e-5
-0.00036747331197483946,0.0008787511433990928,-6.891438832263622e-5,-6.905481670436876e-5
0.0005525482107700608,-0.0007289438462627596,-2.3527841689233315e-5,-2.3575769593452995e-5
-0.0037717390317100158,0.004189956753071293,3.798218648047316e-5,3.805953977506573e-5
-0.0005468640743089318,0.0030378998365068197,-9.949625747386856e-5,-9.969886757440001e-5
0.002201332634470608,-0.0027810838638910058,-0.00012737609011265666,-0.00012763535589651334
0.001478114086127421,-0.0003329175034954027,4.210861573487841e-5,4.219427936056094e-5
-0.0007445078180445316,0.00035277016209313923,-4.529975902471105e-5,-4.539189899459182e-5
-0.03354911883413191,0.005357104551807676,7.163499451865266e-5,7.1780648380661e-5
-0.0006833960898452406,0.0012353828517054982,5.1037272109472956e-6,5.114103728562179e-6
0.0008424520985967669,-0.0027386291144229926,-0.00013831006265688296,-0.00013859121764825727
-0.0019071404257850859,0.0011107288700756683,5.4668691912408125e-5,5.477976162274086e-5
-0.0016311155128436233,0.0024516932845199523,2.1567351111070918e-5,2.1611163142848227e-5
0.0009456496024957226,-0.0038311377853954254,-0.00013630102428312797,-0.00013657786898365544
0.0008760619829701816,-0.0005290372300748682,-7.186706448331784e-5,-7.201295107320588e-5
-0.018963032674872513,0.002460978839578958,7.797102154426881e-5,7.812922818631546e-5
-0.002027611332628484,0.0017659207622248891,4.6293323871094506e-5,4.63872456774167e-5
0.004684784740354717,-0.011951799223261552,-0.0001307822632544049,-0.0001310475655900791
-0.001688848194336044,0.0002941230030100173,7.190040677404302e-6,7.204614240184191e-6
-0.003839250986464339,0.0005475325102399696,6.565220396817152e-5,6.57852434392624e-5
-0.0025918531280260415,0.0014885848836435438,5.6562946858716695e-5,5.667755307217251e-5
0.0001866548775424853,-0.00031583035772304885,-4.723802201541856e-5,-4.733372147706795e-5
0.002240874147267463,-0.002337367353813305,-0.00011364018603144847,-0.00011387034452619641
-0.03912481566012191,0.0072264710716894815,4.3543107652466985e-5,4.363125094624731e-5
0.0007816746517277351,-0.002999784893817023,-0.0001348570499939578,-0.00013513002243855545
0.001230811598778236,-0.0007919851872767754,-2.1958474305612583e-5,-2.2002897008993532e-5
0.00042550482789398275,-0.00021601582599486792,2.6771481131473602e-5,2.6825626518574916e-5
0.0012164311947329392,-0.0008385913320161626,-8.139006911108947e-5,-8.15546494603385e-5
-0.023288275496180382,0.0032048551304412636,7.861539757092675e-5,7.877429343524858e-5
0.0022186792524201003,-0.002309380834117631,-0.0001131832873027926,-0.00011341202983355487
0.002019649520178824,-0.0003722965670630055,4.126937252374587e-5,4.135273459645983e-5
-0.000391310715511293,0.00014779779154885117,4.145863297118053e-5,4.154236340408507e-5
-0.009434792023448898,0.006670989095285056,4.747741653338773e-5,4.757328634161259e-5
0.004752665774164443,-0.030410206802460052,-3.560437603920035e-5,-3.567626532840696e-5
0.0006888401333403091,-8.45528646360725e-5,2.6155407054378773e-5,2.6208157939826528e-5
0.0016366894472214753,-0.0004005558402948172,2.730346554949503e-5,2.735852148800579e-5
-0.005695820034038895,0.002113698156732094,6.734073707328754e-5,6.747650012452632e-5
0.0025524877661254456,-0.0031265830828325135,-0.00012421019498153656,-0.00012446057955929805
-0.03780479552207676,0.007344830406773615,4.057549695561438e-5,4.06572446490093e-5
-9.581712467445448e-6,2.4525467657519e-5,-6.38879999213448e-5,-6.401670829543705e-5
-0.00012050867645986641,0.00021749079693093374,-5.013848957948097e-5,-5.023946632812074e-5
-0.0003717825873011636,0.0004813923954548389,2.2083822030658666e-5,2.2128285429896683e-5
-0.00010299146796953474,0.00023945901522074366,-0.00011441406715979126,-0.00011464439243480268
-0.002185372121329196,0.0016467302565498676,5.029103618320731e-5,5.039223204895104e-5
0.0006081156288794397,-0.0013554423706716744,-0.0001305630671652501,-0.00013082575309312835
-0.00034803392363709084,0.00018991291397535192,-4.934207147245034e-5,-4.9441297294431894e-5
-0.0009281488323088419,0.00021954903776145754,2.503731481015344e-6,2.5087647140242744e-6
-0.00043436773558954713,7.427110634959911e-5,5.658784310795153e-5,5.670157365360822e-5
0.0007979493069300986,-0.000427849050094878,-2.601035771646795e-5,-2.606262607091093e-5
-0.004032604804861142,0.0014641267370063974,6.241302520314494e-5,6.253841110858883e-5
0.0004849873102240892,-0.0005130927924683588,2.6209233531891673e-5,2.6261880061695656e-5
0.0004814428456647288,-0.0009098361057980032,-0.00011837857024068797,-0.00011861631847859233
0.0007362943807913205,-0.0003921512213212295,1.766105918671954e-5,1.7696513587764427e-5
0.0004768885730232066,-0.00030743266598369127,-7.270742866635042e-5,-7.285335878814435e-5
-0.0043990633944545506,0.0008246389773633488,6.642851238001015e-5,6.656178647197301e-5
-0.0029014880461690823,0.0019823604909294025,5.413507354615608e-5,5.4243669894402024e-5
-0.0010722933760296312,0.0022853586022375345,-8.39947530947674e-8,-8.416322820818626e-8
-0.0002752521369213541,0.0010812337238751157,-9.453291788230044e-5,-9.472249965259257e-5
0.002486596267316401,-0.002978700365250917,-0.00012192702374267367,-0.00012217144293992166
-0.03774304552709987,0.007366142447471974,4.205423995732054e-5,4.213849790616055e-5
-0.00010267593658298328,0.0004361799427060973,-4.538148394211501e-5,-4.5472403097883375e-5
-0.0004481485147233802,0.001217354705477539,-9.270528808868313e-5,-9.289096955788898e-5
-0.0005819429010642073,0.0005809007325911378,3.529049931894928e-5,3.536115674476458e-5
-0.0004592192472710436,0.001086545476846437,-7.547324614351275e-5,-7.562433482516279e-5
0.0020044736334333788,-0.002294281591943905,-0.00011752142027242274,-0.00011775660645894382
-0.03372397080147465,0.0076167862059328875,4.07782248926973e-5,4.085979042049218e-5
-0.00026576837167402976,0.0011416216647243624,-0.00010484488838447991,-0.00010505458971052934
-0.0024886952551110273,0.002592835227744567,3.988442661159073e-5,3.996416348399832e-5
0.005047559239078741,-0.017206213048000678,-0.00011789082760094148,-0.00011812648622108779
-0.0013605766860038011,0.00026489960016424195,5.265109076148964e-6,5.275624542512874e-6
0.0018104149985883342,-0.0002694133717819107,3.326877042485798e-5,3.333519896912913e-5
-0.01165496327103431,0.0035180858706014857,7.335792502459731e-5,7.350437503718996e-5
-0.001783150571576765,0.002603527152020377,2.0019506786926846e-5,2.005946917766459e-5
-0.0008998329278074755,0.006728181817878808,-0.0001200582324853018,-0.00012029786542873606
0.0011545937365624373,-0.001155481339276962,-3.39307611688371e-5,-3.3998449436327376e-5
-0.008394847388127574,0.005969218073848329,5.312849325665577e-5,5.323445053721338e-5
0.003038261995443455,-0.01293997662865336,-0.0001388542724039478,-0.0001391311724972192
0.0003945912554858552,-0.00014536819014619216,3.645174047395716e-5,3.652437777269961e-5
0.0003224152413919233,-0.00019266591492485673,-5.255528443166739e-5,-5.265999298017202e-5
-0.0007802960457754544,0.00023329739347444347,-5.805766712431665e-6,-5.817330035522482e-6
-0.028728037243766786,0.005929560088086399,2.1148265515580234e-5,2.1190375710571807e-5
-0.001078534144323404,0.007613001780635654,-0.00012202158164305695,-0.00012226453813724914
-0.0009270043986055138,0.005839585150268225,-6.7994530490808e-5,-6.812989453565038e-5
0.0005478618718182866,-0.0018519403055606764,-0.00012948721095280139,-0.00012974492678335074
-0.009340859778506063,0.006139815468579215,5.4953183182495174e-5,5.5062499809472044e-5
-0.0004888219146817099,0.0020549758200400867,-3.713726544362917e-5,-3.721113484483989e-5
0.0001054150642131905,-0.00048764183689382315,-0.00011142632697673348,-0.00011164791686312089
0.0016678980278145921,-0.0015321988847257666,-0.00010138146218384135,-0.0001015829818797164
-0.030305987364491922,0.005511623816177455,6.850200625261658e-5,6.863810503432091e-5
2.010326930816659e-5,-7.131442419861898e-5,-0.00010420289150393335,-0.00010440990503299976
-0.0035057834931482654,0.0022636046798790296,5.5744875582383724e-5,5.5855576414389235e-5
0.00025566569789065913,-0.0005648138845186155,-0.00011711817495222642,-0.00011735072595781549
-0.008827397060727485,0.005182859112556322,5.9430569691382805e-5,5.954852423406543e-5
0.005285882786478763,-0.015883366352799716,-0.00011491129712326952,-0.00011513934503272686
-0.0012671848261893704,0.00021745104765435322,1.2290013517488816e-5,1.2314382563833073e-5
-0.006105360066352138,0.0010441371408315932,6.806177074338654e-5,6.819669678359885e-5
-0.00127817704151999,0.0008866053442997534,4.8429618853808984e-5,4.852561458185786e-5
0.0002940594363251594,-0.0005313386708763057,-1.4564589297629364e-5,-1.4593454884946267e-5
0.002203537736455567,-0.0043377921645999075,-0.00014366522515877334,-0.0001439498962565603
-0.0002837890074509712,9.431168167407291e-5,-1.0745194924321626e-6,-1.0766473744923617e-6
-0.02370477018684585,0.005578249972652533,6.858536172911574e-5,6.872114949069648e-5
0.003298783186959201,-0.0067759786276744265,-0.00014204356357689607,-0.00014232476475400333
-0.0010637908541767489,0.0002449206452602602,1.3583323871138135e-6,1.3610196489795084e-6
-3.2682212351175276e-5,2.546122877924586e-5,1.5613140024299916e-5,1.5644020827602075e-5
-0.027495508980442073,0.005818743259104085,6.668039533863252e-5,6.681225344926462e-5
-6.733547491812146e-5,0.00010918103627127516,-0.00010664280546146,-0.00010685367231638953
0.0005929291581726391,-0.0004192466229963484,1.9126062350537025e-5,1.9163865348395648e-5
0.0005416827484267179,-0.0005158259888902231,2.6250471994701726e-5,2.630234663918619e-5
0.0018923168776508212,-0.0029455519170202243,-0.00013249983216499786,-0.00013276162689212774
-0.0012584777324727288,0.00035670132460091685,5.272538507355393e-5,5.282950637848142e-5
0.0004009988562160388,-0.000287174727792286,2.7662475982880623e-5,2.771709538754891e-5
-5.1176762586400676e-5,3.9276248816107435e-5,3.039324727463366e-5,3.0453247977438555e-5
-0.00015775100084618524,0.00031507013929840856,-0.00010916635600526724,-0.00010938183449354241
0.0009973994579292897,-0.0006733481035646375,-7.750608059516891e-5,-7.765900344307388e-5
0.0015504375163245129,-0.00022899149930514335,4.478135179444634e-5,4.486966876074374e-5
-0.0007412027150874125,0.0003081899192951823,-3.4765779798084256e-5,-3.483433380709708e-5
-0.001513797172326242,0.0002260373862821411,1.6526728685409143e-5,1.6559306234865813e-5
-0.034481812983334685,0.006126780042655089,6.257832529011012e-5,6.270165487172353e-5
-0.0007056083198721564,0.001611619137016847,-7.341666456354568e-6,-7.3561344583954865e-6
0.004921724827434082,-0.017199247917427125,-0.00011819035724276996,-0.00011842323089570414
-0.0010835401785755786,0.00022606306746347654,5.596321600910333e-6,5.607338719444305e-6
0.0008934038467779655,-0.00013698874924057816,2.092391087423656e-5,2.0965092927026612e-5
0.0016706568884130018,-0.00040938851028440626,2.7697593985963798e-5,2.7752097298347623e-5
0.0010306771325649978,-0.00039479144631982194,1.3948107394231636e-5,1.3975549429427077e-5
-0.0007459176875846285,0.0003546665770796155,-4.167504568687508e-5,-4.1757021983124434e-5
-0.00010974517151988225,1.652204934384879e-5,5.3637305835857936e-5,5.374277756229137e-5
-0.013691165153596809,0.007164760093178452,5.625683748523373e-5,5.636744464152562e-5
0.00012802020051285424,-0.0005591414764255553,-0.00011447657733934271,-0.00011470163298041428
0.001284684489517968,-0.001095902725891828,-6.459170028495197e-5,-6.471862369781933e-5
-0.00104336253422895,0.00042541810621313936,-3.239934439362753e-5,-3.246298844100425e-5
-0.01869162686961712,0.0030670926336559745,7.53052945870666e-5,7.545317428954437e-5
0.0014387691760595937,-0.0015874309083569271,-6.900550081566882e-5,-6.914099672190669e-5
0.0007299693101340277,-0.00038133007103912823,-2.5121297527287396e-5,-2.517060831364563e-5
0.0010325461843011178,-0.00036791759765605756,2.3317374981749536e-5,2.3363132562296646e-5
-0.0011802151101255156,0.0005683432313161892,4.496813992345044e-5,4.505636779492465e-5
0.0015239493734887017,-0.0015071900767865646,-6.606479918101582e-5,-6.619439886869972e-5
-0.006987230091458416,0.0032564650022283356,6.44339105405349e-5,6.456026964350181e-5
-0.00012396155468657712,0.0001990370135722526,-9.109735939321531e-5,-9.127598820540769e-5
9.788303221543347e-5,-8.626897036985343e-5,3.248288104641006e-5,3.254655205206566e-5
0.0008878600202229158,-0.0011437711487148259,-4.915804211482392e-5,-4.925438292946805e-5
-0.00034273534823381417,0.0002517925723971088,4.021007990068186e-5,4.0288861854942805e-5
-0.0004097518092259994,0.0007074942808282647,4.676402295656829e-6,4.685563251631968e-6
6.103300399501106e-5,-0.00011204971175757535,-2.8969505712233422e-5,-2.902624693228183e-5
-0.0013757709069949374,0.010728450038955397,-0.00010573080628989449,-0.00010593787048446134
0.0008397543675114414,-0.0012769440881675452,-7.987922492579155e-5,-8.00355948762653e-5
-0.010777733599073771,0.0070750756745466435,4.754917114645432e-5,4.764222063040586e-5
-0.0005563614336182389,0.003254532895857946,-8.030628241946439e-5,-8.046342274010199e-5
-0.0007815160868276089,0.0014067342470139323,5.309155683748681e-6,5.319540648042873e-6
-0.0014240471412639737,0.011937876962695142,-0.000173230158846715,-0.00017356897089445538
-0.0010233578403476158,0.007186561646734698,-9.496844420349655e-5,-9.51541710684172e-5
0.00045322566070451353,-0.0007243173503649107,-1.3996344664651447e-5,-1.4023705798404868e-5
0.0003505819749091192,-0.0006123218878863839,-8.68972137248571e-5,-8.706705111197545e-5
-0.0002054375127180849,0.00012501126704820369,3.6417235371248256e-5,3.648838624998428e-5
0.0006778647259958968,-0.0008597605136662789,-3.301434114706107e-5,-3.307883327773913e-5
0.0014871289671549845,-0.0014084579207649722,-5.9475990584145305e-5,-5.959214462424508e-5
-0.0005287191644541434,0.00026997511515407496,-4.755077903689085e-5,-4.7643614566673306e-5
-0.0007859093311261792,0.0001533498943596547,1.165765762975282e-5,1.1680409434531585e-5
-0.03187837298653196,0.0059741343235366244,2.0692656024483015e-5,2.0733032503398322e-5
-0.000683244568395802,0.00427506593946426,-8.291188162014975e-5,-8.307365562225655e-5
-0.0001588638385788357,0.00028701863567118805,-4.4642124742087677e-7,-4.4729196125248e-7
-0.00016021927234546212,0.00040513276100843514,-5.7429129076424566e-5,-5.754112107967812e-5
-0.001966022067072419,0.0030352212973795804,1.9290554997491873e-5,1.9328162533899238e-5
0.0034292194631764797,-0.016652932035028486,-0.00012774344884726414,-0.0001279924582929552
0.0006456410133001726,-0.00022925244873896989,3.2396601837439496e-5,3.245970409983755e-5
0.0003761360257361542,-0.00021035483420766226,-4.2847876848217466e-5,-4.293132157967947e-5
-0.0010618457009038058,0.00032805511563865507,-1.3298093155324421e-5,-1.332398285788328e-5
-0.017061528605642064,0.0028612272382646745,7.419285826221774e-5,7.43372627671308e-5
0.0008232220764190812,-0.0008767250696235803,1.5968124329757611e-7,1.5999200738443558e-7
-0.00029671654745381225,0.0003426793117368054,2.557891871060608e-5,2.5628689068655402e-5
5.0226539230995864e-5,-0.00012843507747726222,-3.551628397079177e-5,-3.558538004262147e-5
-0.00036211453258903594,0.000728603886865575,-8.80827017679159e-5,-8.825402409543272e-5
-0.0030084112161982515,0.0024983346062027187,4.695310093749699e-5,4.704439291917332e-5
-0.00012590490448354558,0.00033385088177809266,-5.701910603158731e-5,-5.71299568143666e-5
-0.0018819641889333788,0.003071853671304286,1.6005254612574666e-5,1.6036361558800776e-5
0.004688973091981766,-0.024926096082579816,-8.504710619591862e-5,-8.521237934620471e-5
-0.0010321797208954996,0.00023117349081100942,2.8867017506280826e-6,2.8923061900192446e-6
-0.0009693091602361217,0.0001901957303317965,9.235706925855213e-6,9.253633560940968e-6
0.0012332372207413396,-0.0002060936930990953,2.186791041547216e-5,2.1910347102703576e-5
-0.008669127510652262,0.002277401673081413,6.932639259338229e-5,6.946090140074196e-5
0.0008539265430215095,-0.0009344926477269082,-2.3230022392657142e-5,-2.3275088905642102e-5
-0.0058010413516022315,0.005140655775805775,4.462515713920542e-5,4.471170947833712e-5
0.0018940757932376809,-0.008861423130342806,-0.00013052598940289795,-0.00013077912599258301
-0.013721581174001548,0.00696131450398076,5.649460448658129e-5,5.6604097491957834e-5
0.0010031244286502095,-0.0037423116635782877,-0.000130544189572982,-0.00013079717893341422
-0.004799629539572395,0.0028258791531842417,5.7362903443709814e-5,5.7474009750499045e-5
-0.00014351002705446095,0.0002836885775455546,-4.710205381582476e-5,-4.719327574686869e-5
0.0005633063303385773,-0.0008077244723266069,2.437994060384552e-6,2.442714436886065e-6
0.0009483197978274732,-0.0018560067304517977,-0.0001262885219703353,-0.00012653299382996505
-0.0043728027168792325,0.0019148516315641952,5.9992136552673775e-5,6.0108215897306226e-5
-0.0026959677352223774,0.003552907362615658,2.6504681810953645e-5,2.6555959666267357e-5
-0.0003619316116902332,0.0024360429160423685,-0.00011983371902134309,-0.00012006553439130779
0.003755100066949599,-0.027388187959482856,-7.57461663401855e-5,-7.589267838787823e-5
-0.0006502044410257846,0.00016800816283328,2.2627055470934217e-6,2.267077901742061e-6
0.0016892051928627217,-0.00032679112933008277,2.414946155973215e-5,2.419611616715698e-5
-0.01038193684449622,0.0031420217574266774,6.967109192755174e-5,6.980566546169148e-5
0.0037050886883835802,-0.005045528850291127,-0.00011951950726395306,-0.00011975034217710173
-0.029346493004451055,0.004458505867220326,7.166185902407318e-5,7.180018082737706e-5
0.0023685599985522393,-0.003360090553355101,-0.00012621567488213813,-0.00012645927738402782
-0.014748449928909054,0.0033950296799248637,7.220375557195254e-5,7.234303868823034e-5
0.0006219222650592458,-0.0008344483789988414,-3.784991634543847e-5,-3.7922923057497164e-5
0.001243348026413864,-0.0011768005944769286,-3.2214967638989586e-5,-3.227708916692972e-5
-0.010257625554538616,0.006884633203626827,4.8427413141257366e-5,4.8520773590079835e-5
0.0025808292888995525,-0.0135111390452875,-0.0001255650121264329,-0.00012580706266163307
-0.001461900350196703,0.0006162560899309764,4.652120512214479e-5,4.661081966169374e-5
0.0007930937952828062,-0.0007194422432988405,1.4543454396228582e-5,1.4571465506229077e-5
0.0014105423404598874,-0.0017263733485661573,-7.627423124694e-5,-7.642111062474696e-5
-0.0002503255016902863,0.0001415006019695253,-4.818701877486883e-5,-4.827977998479172e-5
-0.0340942323735317,0.0073816903092703496,4.848488169351985e-5,4.85781857565176e-5
0.0030976906675571213,-0.01046687736468162,-0.00014043396105270587,-0.00014070419543287682
-0.003823478315421614,0.0012403590542278008,5.875390238458282e-5,5.886688468683757e-5
0.002123123810389887,-0.001932021166421304,-9.646102178129316e-5,-9.664648993798914e-5
-0.008215912210361505,0.0012504983674711313,6.72838555412568e-5,6.741316087129259e-5
-5.539952720366437e-5,2.5001922538883427e-5,3.414810797717226e-5,3.421372616111118e-5
0.0012340411073024072,-0.0016247549655758373,-9.363485629045023e-5,-9.381475450772037e-5
-0.012034227119554545,0.005445662546328743,6.168536233742896e-5,6.180383213708826e-5
-0.0008725848483343727,0.002370570761154055,-1.28547213729517e-5,-1.2879407355396619e-5
-0.000287335895678594,0.0012490190421174698,-8.508350632272555e-5,-8.524687243943542e-5
0.0005201919037280784,-0.000715153888065648,-3.2034676596187224e-5,-3.2096161648471375e-5
-0.0037509106955231717,0.0038303980950800906,3.91656975359409e-5,3.9240850619011944e-5
-0.0004899710238825775,0.002195669196751215,-4.3957735315517974e-5,-4.404207479952482e-5
0.003104631571743229,-0.0164067575181252,-0.00012132913208461312,-0.00012156187866608844
-0.014826922981044554,0.005475688793456245,6.424166195225916e-5,6.436480421436796e-5
6.25714827828601e-5,-0.00014772759293867622,-2.9794025517296964e-5,-2.9851131702662928e-5
0.0006214591496553426,-0.0013609603253318008,-0.00012185069806785446,-0.00012208419721895848
-4.101764512432959e-5,1.1783066024177516e-5,3.318903883602729e-5,3.325260921561329e-5
0.0014464828003869182,-0.0012261620437708232,-9.051367796823192e-5,-9.068701925852496e-5
-0.0012218059889409832,0.000252133947979865,3.375530796768422e-6,3.381992380354107e-6
-0.03022096054241773,0.004699146664999034,6.978508533486856e-5,6.991863997035822e-5
0.00042128057349756655,-0.0006532248052832268,-1.8599935574774285e-5,-1.86355294085297e-5
-0.0013106280649878008,0.0019061619285329371,1.9617659246536242e-5,1.9655192433832643e-5
-0.00020124241245973216,0.0006895833886652921,-7.223776452479278e-5,-7.237595386395105e-5
-0.0019063325600905418,0.0028768131519803244,1.9543918761464717e-5,1.9581293667672178e-5
-0.0005547104909524889,0.002602055919601438,-4.265386506670342e-5,-4.2735424421225503e-5
-0.00021653484721169703,0.0008847036475127596,-7.55739359122368e-5,-7.571841242873198e-5
-5.7810945824952176e-5,8.913467806927986e-5,7.677420091551787e-6,7.69209208925559e-6
0.0014430332248066184,-0.00370931248658609,-0.00013692304742640737,-0.00013718467322983944
-0.011908324105553305,0.005114666740042358,6.236125337130542e-5,6.248034662600305e-5
-0.00018876348881925837,0.0004860409604125862,-2.069023968038891e-5,-2.0729749034793867e-5
-0.0008038270863672269,0.0022871527936043894,-1.5788612459699115e-5,-1.5818755844213668e-5
-0.0002613937818581121,0.0013632098316421735,-6.776833703255213e-5,-6.789769957061082e-5
0.00043815492201187387,-0.0009024850003224272,-0.00011377014013873276,-0.00011398724447502352
0.0011013467315144588,-0.0006063159173401787,-8.891407025567319e-6,-8.908367036412438e-6
-0.009741986758089172,0.004671405119300285,6.120204233474705e-5,6.13187560114665e-5
-0.0009315675233473678,0.0023203545685123277,-8.760373647843352e-6,-8.777078336634054e-6
0.0005461559792403635,-0.002390491822213047,-0.00011876333991161036,-0.00011898976720349284
-0.0010754678075385585,0.0007543298140460703,4.4518293171071854e-5,4.460312518620299e-5
0.0005833431591603896,-0.001056833359903458,-9.808722425522092e-5,-9.827411002769011e-5
0.0002789838188148539,-0.00016614815509912888,-5.205129623681574e-5,-5.215043214082615e-5
-0.010745052393827592,0.002801973810105579,6.930435854824018e-5,6.943631201735196e-5
0.000775990389840752,-0.0009456327635229359,1.2574203097899083e-16,-1.494724946861392e-16
0.00039086180617955204,-0.0005810673757671274,-3.2353482974011004e-5,-3.241506487809758e-5
0.0019621917990274257,-0.002180137818518689,-0.00010122327067470318,-0.00010141589253080972
-0.001047746550642327,0.00032079246860068546,-1.2777886882763589e-5,-1.2802192124194399e-5
-0.04082590654877424,0.0068008395289409565,2.783967083013276e-5,2.7892611402606193e-5
0.004810907714377751,-0.022657921994707498,-0.00010417496347899238,-0.00010437305548524669
-0.00798217247506041,0.0018409795816576203,6.685785639838293e-5,6.698488006656911e-5
-0.004327832740195182,0.004025574073446923,4.216988435455664e-5,4.224999436037473e-5
-0.0004876615611533878,0.0020786481508406683,-3.9899571284758695e-5,-3.997536074620005e-5
-0.0004196339955816394,0.0021750868644583973,-9.116051655392393e-5,-9.133364631366365e-5
-0.002474695727239201,0.0030517343375108343,2.996833538563255e-5,3.0025226572834656e-5
-8.951474043564842e-5,0.0003208963970073204,-9.773270505010192e-5,-9.791821736409725e-5
-0.0004775027073394124,0.0004880396656053205,3.097931222814222e-5,3.103809120212297e-5
-5.623321070206861e-5,0.0001489635471721242,-2.3636632249089426e-5,-2.3681473445635095e-5
-0.00042207865587720963,0.0010241332884797225,-8.991998509780418e-5,-9.00905377548114e-5
0.001397094706738068,-0.0012928487923221722,-4.496882355537746e-5,-4.5054085763261563e-5
0.0008862811560073892,-0.0004932476339820683,-2.5869285809936264e-5,-2.591832101875795e-5
0.0002623472798871323,-9.03682139232093e-5,-8.82910214099285e-6,-8.845833347551772e-6
0.0011067058407239162,-0.00032616941136898593,1.3378378682185449e-5,1.340372476764336e-5
-0.015483441974156326,0.005517755698807838,6.337124683930228e-5,6.349128341601069e-5
-4.0717823633906435e-5,5.9370608993176616e-5,-0.00010537664828235446,-0.00010557623431453241
-0.00033923279001624136,0.00022254458152076324,3.744810011952753e-5,3.751899921751076e-5
0.00043615589060763004,-0.0006074120216582602,8.21696888427881e-6,8.232523463936541e-6
-0.0001302835162582293,0.00025925506652205594,-4.521492786184027e-5,-4.5300504708161674e-5
0.0006388139747429331,-0.0009567943180368542,-6.2574074700302e-5,-6.269247612624528e-5
-0.0002571519206485805,0.00018020545804848915,3.7317109962466686e-5,3.738769939185941e-5
0.0006154031473751862,-0.0010082448270819216,-7.662879027022542e-5,-7.677372128185836e-5
-0.0018085902298066348,0.0012616018744625195,4.63758644119682e-5,4.6463548060404106e-5
0.00021905261244220246,-0.00040987704276974327,-1.4203467076935927e-5,-1.4230318430491903e-5
0.0021124213272069184,-0.004433632701373822,-0.00013660596377181245,-0.00013686416379960186
-0.001116027009784541,0.00036028732670400477,-1.968315587540988e-5,-1.9720338228269137e-5
-0.03630856865946568,0.0046613189190737175,6.90713927082928e-5,6.920183304327751e-5
0.00043198306173364173,-0.0006249585858785497,-3.118442958933207e-5,-3.1243316574293864e-5
0.0008111006901631311,-0.0008976507292264811,1.3806367112789513e-6,1.3832431960843752e-6
0.0005766307487370685,-0.0007594297626261356,-2.796891425591938e-5,-2.8021706151340843e-5
-0.004152874695561147,0.004241611255437922,3.781217854222056e-5,3.788353267106957e-5
-0.00021837129454434158,0.0010030517830645056,-7.208831154114636e-5,-7.222433369408336e-5
0.0001390131066090918,-0.0002618278947035168,-5.639712330709489e-5,-5.650350176135298e-5
0.0026359885069036164,-0.002523906129084652,-9.74236781026638e-5,-9.760738994617985e-5
0.001892380865123952,-0.0002714631695794075,3.2920047285179065e-5,3.2982093906059554e-5
-0.00021757342919272423,8.201762018080012e-5,-5.778850845198693e-6,-5.789740884033323e-6
0.0010213975112985932,-0.0002425656304082129,1.388332994957069e-5,1.3909486418256671e-5
-0.00047915726843779556,0.0001389440006566833,4.469471136147347e-5,4.4778900504167914e-5
0.0008215640498976443,-0.0005289921611880223,-4.197269171657071e-5,-4.205174183639468e-5
0.0007270439791696077,-0.00025027949256186766,2.182988152961066e-6,2.1870983525101795e-6
-0.0015636631925415618,0.0005327992652812304,4.809311026474676e-5,4.818364201272841e-5
0.0007028437209847655,-0.0005551329250480826,1.402391896362902e-5,1.405031420206778e-5
0.0013156029917710556,-0.001342039098150208,-6.625059779426312e-5,-6.637526896488797e-5
-0.01598093695370548,0.007451292317558959,5.23540429151546e-5,5.245253204104808e-5
-0.00019423991475361869,0.0008955942232286229,-4.887709304983166e-5,-4.896903465186124e-5
0.0022757360844397057,-0.014785921173231844,-0.00011597517600225307,-0.00011619330215789544
-0.004544347338971703,0.0020072046510383663,5.8044740549933145e-5,5.8153832053345884e-5
0.0011488125374202861,-0.0015958565191027763,-7.452911412574183e-5,-7.46691704790496e-5
-0.011171212046047041,0.006797243104332147,5.0278591325450196e-5,5.0373044841123484e-5
0.001023885017322235,-0.004527138754101539,-0.00012084292829089263,-0.00012106992629606988
-0.006810183212613196,0.00440806959241521,5.293301407586157e-5,5.303239268936875e-5
7.597151149707864e-5,-0.000261769994396943,-0.0001096544506363687,-0.0001098603005566961
0.0008080984947218893,-0.0006010668261504968,-6.209105955564885e-5,-6.220757073817852e-5
-0.01408104081669414,0.004278378616161549,6.69702049598038e-5,6.709583042116406e-5
0.0008367595216982697,-0.0014737242765227013,-0.00010148728178313543,-0.00010167763892655002
-0.0007279704555671535,0.00038951435376559796,3.806905318679778e-5,3.814043072469477e-5
0.0011319167381654463,-0.0011787257967366344,-3.3849058061990444e-5,-3.391251365806e-5
0.001063290741575081,-0.0007869722592942661,-6.039699072671427e-6,-6.051018594416769e-6
0.0010229993573303345,-0.0007305891804974629,-2.704564859250492e-6,-2.709632623073586e-6
-0.0008580035737858721,0.0005876940901864882,4.214394268230589e-5,4.222289452812114e-5
0.0001896605820706679,-0.0003068407764090865,1.7172454269153658e-8,1.7204619723905265e-8
0.004704424406604121,-0.010868378840999253,-0.00011795446961438155,-0.00011817537623786455
-0.0029119951281944196,0.00042766003637190577,5.784356191230885e-5,5.7951812054079004e-5
0.00042690161360348555,-0.0002517207739957306,2.196982745859369e-5,2.201093750746315e-5
0.0007028915886551435,-0.0005748569608709014,1.541945419330893e-5,1.5448302050444483e-5
0.001350235447618943,-0.0014751702482088097,-7.646168348348313e-5,-7.660470800416892e-5
0.0009865665750482297,-0.0004345579048625928,1.0056219192235056e-5,1.0075023368532343e-5
-0.009719046556360992,0.004857766058485129,5.845457203674055e-5,5.856385494384458e-5
0.0027049938424818787,-0.006994204795411737,-0.00013841921474968047,-0.00013867797119238723
-0.001845000318461263,0.0005386861237656192,5.11500256857823e-5,5.124558524202149e-5
-0.008883572811692839,0.006477746974719341,4.49256637766299e-5,4.5009583445685715e-5
0.0024008928738756927,-0.012653833175009722,-0.00012052849822635816,-0.00012075362368104629
-0.00044535926389237604,0.00021914121467127572,-4.2539828309213774e-5,-4.2619231353082606e-5
-0.0020794892073658184,0.0003208080992190018,8.254669794951615e-6,8.270072337050408e-6
-0.041434646543197784,0.005721119175850315,6.027059060172273e-5,6.0383026637909754e-5
0.0036611591717093397,-0.006952393490096475,-0.00012658479937374513,-0.00012682093072266274
0.002090801253787096,-0.0003601482340312103,3.1451422199935055e-5,3.151005396677104e-5
-0.007977196320139456,0.0026799632154373364,6.405532347426072e-5,6.417471609440011e-5
0.0012903311316699547,-0.0017082285528873847,-9.179938056485049e-5,-9.197046720702219e-5
-0.0009944728141795445,0.0004371365757993696,4.053882988831102e-5,4.0614354275803336e-5
0.0009923653887546004,-0.0008695488886457242,-9.899907053921149e-6,-9.918347947261975e-6
0.0012035661133538878,-0.0009914078542713266,-2.8096941741116533e-5,-2.8149267491111585e-5
-0.01045271775602717,0.006183362035452105,5.212329422921483e-5,5.2220340830655736e-5
0.001136391779938082,-0.004278745344847629,-0.0001249160429658821,-0.00012514860080498628
0.0006265648279158304,-0.00036961754710678764,1.6291147220454893e-5,1.632146048835753e-5
-0.008641737440929867,0.006404196079240005,4.429304890410971e-5,4.437545071757296e-5
0.0034687516779205005,-0.018371334481860704,-0.00011251249394108382,-0.00011272179311129056
-0.000531412008212661,0.0001924506010115344,-1.2379095259062783e-5,-1.2402105689655352e-5
-0.006485501351775421,0.0014751935335564252,6.29964756467459e-5,6.311354534664709e-5
0.0018924202714768969,-0.001609856476696272,-8.809420914137029e-5,-8.825790092347947e-5
-0.01648918406937101,0.0024975850620554897,6.934133904011914e-5,6.947012651989402e-5
0.0008218305019251839,-0.0007841461760495216,4.750473859792595e-6,4.759296078234527e-6
-0.003767381080740016,0.004179722349210045,3.1865468475243564e-5,3.1924635330075395e-5
-0.0009058563402999118,0.005534843611519327,-6.179287392510614e-5,-6.190759864608143e-5
-0.000246149345543388,0.0008836684247868739,-8.095300909977284e-5,-8.110327248836157e-5
0.0005730469147159342,-0.000752891351473033,-2.584927166541435e-5,-2.5897235623731626e-5
-0.0006364212310364099,0.0006530803855408495,3.068906872826357e-5,3.074599978150353e-5
-0.0005402572048653342,0.0013923608789429022,-1.4785762297100419e-5,-1.4813187691295039e-5
0.003333189639006987,-0.011292109526554055,-0.00013241993531046148,-0.0001326655113228412
-0.020663450751866704,0.006322237754329333,5.936141899810338e-5,5.94714324333588e-5
-0.00045858217703886666,0.0011483195721611198,-7.142142312052768e-5,-7.155377753179562e-5
0.001993304888477787,-0.002308550288176282,-0.00010720555035345788,-0.00010740415576398907
-0.006294230719007169,0.0014584475934927685,6.237322279693426e-5,6.248872062919534e-5
0.0012865758181587069,-0.00112199720115948,-2.7036216086223523e-5,-2.7086273993837897e-5
0.0009525109040424953,-0.0006224480602647508,2.9249181137063684e-6,2.9303323141083404e-6
-0.002017452667105121,0.00137491875162432,4.600180043348134e-5,4.608693538778308e-5
-0.0008573430873694541,0.0016151745710248505,2.8642400480531564e-6,2.8695402134090126e-6
-0.0001507018330030154,0.0004965247456141703,-6.411382876846224e-5,-6.423245125390897e-5
-0.0012926070867296593,0.002097692268403564,1.2831224213029492e-5,1.285495724559567e-5
0.00026255101016700697,-0.0010464141424535158,-0.00011110812770776574,-0.00011131360952786458
0.0009594102395455237,-0.0007449817698505681,-1.9038615716419715e-6,-1.9073809100409525e-6
-0.007767822526015849,0.00608056438737467,3.898234392008267e-5,3.905438898332689e-5
0.0043849573782316345,-0.029825390675897068,-5.735814401610474e-5,-5.7464142465477475e-5
0.000490344834920791,-9.671198612107782e-5,4.6553536922330455e-5,4.6639485167286505e-5
0.00015327184792353707,-6.065114392920649e-5,-4.961154022220038e-5,-4.97031216698087e-5
-0.044033164918928024,0.00575602973754248,1.5977253038154943e-5,1.6006735788315498e-5
0.0004021538519795133,-0.002156179488995114,-0.00010937933674752462,-0.00010958116531143191
0.0009569399867163085,-0.0007449610383952585,-5.9532590745132735e-5,-5.964238414451838e-5
-0.0028249076321771624,0.0009497215252436443,5.251306791845127e-5,5.260988505912335e-5
0.00015229928604141435,-0.00014825046738069076,3.055884836220857e-5,3.061518169425813e-5
0.0010441394811135556,-0.0017940973944938195,-0.0001145052383843787,-0.00011471629128284618
-0.019393796230224667,0.00798123962625972,4.7546629856350685e-5,4.763422851028009e-5
0.002663473666491984,-0.01191624411064555,-0.00012408642118338884,-0.00012431501992436726
-0.018318544790764786,0.007620588755616731,5.064607674315496e-5,5.073931879516471e-5
-0.00010358170685770988,0.0003832208668188403,-6.382645035746938e-5,-6.394395015666637e-5
-0.0016941703362986864,0.002960303305729729,9.785849650390287e-6,9.803859216854672e-6
0.002638600752556049,-0.015656307801832046,-0.00011279538594734766,-0.00011300294789936757
1.337039810873801e-5,-1.138482139016599e-5,3.330106675905095e-5,3.336230249795474e-5
-0.005764073034007305,0.004043256387115869,4.931809612972821e-5,4.9408770389459595e-5
-0.00030964760082929346,0.0009048220406957829,-6.702030305092227e-5,-6.71435119575854e-5
0.0004909208942358739,-0.0007028483514161359,-3.581570078277967e-5,-3.58815237160638e-5
0.0008216529053915162,-0.000835880454919348,2.8096807399271653e-6,2.8148431621252078e-6
0.000759617070092908,-0.0009085353366543029,-3.391354063129472e-6,-3.3975840566503668e-6
-0.001075088496701045,0.001421183528269932,2.1577075093739048e-5,2.1616704996719834e-5
1.573592747443889e-5,-5.883112621269869e-5,-4.850599309947172e-5,-4.859507101095976e-5
-0.0004334174690698914,0.0008874354906758456,-5.305436704116021e-6,-5.315177278957842e-6
-0.0004019827213399409,0.001170642117874769,-8.535183691536129e-5,-8.55085137641712e-5
-0.002061513490805358,0.00214987202103681,3.397874375057796e-5,3.404109513627714e-5
-0.0006436661422444052,0.0021196953576170427,-2.275002122150291e-5,-2.279176298076495e-5
0.00412280457203841,-0.0181640797557629,-0.00011180816478179514,-0.0001120132752544335
-0.018987149400308993,0.005056510154967381,6.3886438202182e-5,6.400354701225453e-5
-0.00010053894135023827,0.00020242778614159047,-7.2778953362546844e-6,-7.29123524212386e-6
-5.2841787398624964e-5,0.0001239709933966743,-4.534646965857455e-5,-4.542957241239337e-5
0.00218401976651131,-0.003772710219240996,-0.00012602375241518198,-0.00012625464812587422
0.0011959684008086915,-0.0003132362978402337,3.384818317521016e-5,3.391016585832755e-5
0.0003811509081758111,-0.00017880116236078787,-2.3930655084570922e-5,-2.3974469936506095e-5
0.00018356638980777641,-4.46988195744621e-5,-1.0258771434460996e-6,-1.0277549512544814e-6
-0.009154708836170665,0.0025110610517901847,6.439483606468089e-5,6.451268137503729e-5
0.004045669047990542,-0.004629030968592597,-9.992875694799735e-5,-0.00010011161221079954
0.0010363273470485382,-0.00011572971282740796,3.127519176279974e-5,3.133238933494599e-5
-0.01929890294313743,0.005436160495884195,6.206286480362176e-5,6.217635083070517e-5
0.00010741994332413573,-0.00026130574060623653,-0.0001012934793749841,-0.00010147868707041337
-0.0010702615134903595,0.0006677058989381288,4.184509644131193e-5,4.1921577540048555e-5
-0.0020019268220817024,0.002851095180269235,1.763268965635449e-5,1.766491295648745e-5
0.0036765864306447546,-0.02720851909014785,-7.60106022445928e-5,-7.614949705994947e-5
-0.03151360193111888,0.007725255819759893,3.7481112175992415e-5,3.7549540006731215e-5
-7.248955749118939e-5,0.0003346933048313382,-5.022187010166122e-5,-5.031355338242652e-5
-0.0005613766607028469,0.0014157316797330536,-1.3587540545262885e-5,-1.3612338945856922e-5
0.0024456706465025577,-0.00830572402203314,-0.00013132161769230862,-0.00013156124948915187
0.0007684904286039967,-0.0003007422614256223,-2.1621587592923774e-6,-2.1661018580505247e-6
-0.019979281879026704,0.007326055108872356,3.0925666100121796e-5,3.098205273710994e-5
-0.0015574726780054572,0.011843960181577377,-8.664062461197194e-5,-8.679858798117376e-5
-0.00017234627149919892,0.0006134519867843054,-6.723489397488911e-5,-6.735745000239442e-5
-0.001758509534269247,0.002734340615077762,1.3295994657096852e-5,1.3320223075414948e-5
0.0037431882363075995,-0.02660446230616665,-7.823005881001109e-5,-7.837259867386083e-5
-0.0013633492524378881,0.0003337560386307138,5.006451547434142e-5,5.015565511485417e-5
0.0011105531412949473,-0.0007332724569503659,-3.7939310173552e-5,-3.800836751564707e-5
-0.0001274807639447228,4.392843353545201e-5,3.448337121961677e-5,3.454612103711214e-5
-0.002719998941720457,0.0017982042067931454,4.721843477764217e-5,4.73043454276707e-5
-0.0009869789247261753,0.0019640992894745493,8.941832233386532e-7,8.958099400217062e-7
-3.0766588823916306e-6,2.4089229842046995e-5,-4.3271649391426e-5,-4.3350358659385235e-5
0.003427176367572298,-0.008546099909588007,-0.00012934229758584595,-0.00012957750863069545
0.0017891838461537369,-0.00040301285570892685,3.0286664227509025e-5,3.0341705392578895e-5
-0.02015705237717913,0.008123397985694713,4.18507948255771e-5,4.192683976685732e-5
0.004193912347933091,-0.022222259683979183,-9.593767840486684e-5,-9.611199147568357e-5
-0.02599374772142491,0.006765387915465277,5.4097182360958935e-5,5.4195393868148314e-5
-0.0003186418467264188,0.0008490217720553904,-6.380817743298781e-5,-6.392401138941665e-5
0.0005255296200503591,-0.0007216709838974211,-3.005540821857255e-5,-3.0109953168465596e-5
0.0008468126546337511,-0.0008881515034216376,-1.4871617220682903e-5,-1.4898600081948352e-5
0.0014472796595909247,-0.0013710955514973744,-4.7798970762165124e-5,-4.788567784967189e-5
-0.014075882088575124,0.00746688240772311,4.75418240245661e-5,4.7628040806962226e-5
-0.00014532873840645416,0.0006264592731526471,-6.49992419781435e-5,-6.511710934127855e-5
0.0002250994854347578,-0.0004093604647692151,-2.4764751381670244e-5,-2.4809644885413346e-5
0.00035750604023571916,-0.0005916830114652057,-5.674846873431399e-5,-5.6851320207084916e-5
-0.0020847210447204664,0.0017893021236305281,3.9562504410912946e-5,3.96341877138638e-5
0.002599533285724068,-0.006616090670997758,-0.00013289653213229585,-0.0001331372998144754
0.000619718545894943,-0.0001786836612750911,4.4397499505420835e-6,4.447788722044284e-6
0.0011512271721106806,-0.00034842204793279763,1.2958982559083499e-5,1.2982441772593507e-5
-0.0016263125751551926,0.0005956361136969182,4.4987424060628566e-5,4.5068847962190905e-5
-0.007124734081051012,0.005783047084956486,4.144000220275095e-5,4.151499522236748e-5
-0.00034785517589202696,0.001689912275578289,-7.881985517485807e-5,-7.896248188836493e-5
0.0008218311571259828,-0.001172585531228173,-6.100754212708415e-5,-6.111789633638865e-5
0.0008396733882549292,-0.0006072334426055805,-5.408675978078707e-5,-5.4184566703906534e-5
0.0008728207207156034,-0.00027679822442305704,6.532183735705815e-6,6.543992532094058e-6
0.0005593665996278333,-0.0001962647564521752,3.1093455971389134e-5,3.114965513722236e-5
0.0011526537993973808,-0.0006739038786464742,-1.010513183191641e-5,-1.0123393217256795e-5
-0.015536227396163421,0.007841672748486357,4.046542087581636e-5,4.0538531530495274e-5
-0.0006306402482206458,0.003840766423309636,-8.535155045561295e-5,-8.550574936793174e-5
0.0005743798679650764,-0.0007821635621776814,5.918729775624496e-6,5.9294185022500305e-6
-0.0005897846926601639,0.001192679205901836,-3.264403294386367e-6,-3.270297571372493e-6
-0.00029794018625297876,0.0009243685407356962,-6.827125550352724e-5,-6.839450829528983e-5
-0.002314478437208401,0.003227600905003983,2.11055398443878e-5,2.114363087179005e-5
0.0015292970356498132,-0.0075721949815355195,-0.00011575079916486405,-0.00011595968254006623
-0.0014035625913043847,0.0007672056137781786,4.2344644243517034e-5,4.242101470652849e-5
0.0006465580151357145,-0.0007988603791135931,-1.506001029615864e-5,-1.508716804633598e-5
0.0008099852748087409,-0.0009309274348155849,1.1054105495338034e-5,1.1074035202201081e-5
0.00012354101277042858,-0.00020451055304004822,-2.245888086506022e-6,-2.2499365917349863e-6
-0.00016687929490349972,0.00037695409749410164,-4.737953692457278e-5,-4.746493052884322e-5
0.0008271272213956691,-0.001279865283939515,-7.39343601823505e-5,-7.406758061312688e-5
-0.007142287102561525,0.004670525983318133,4.9417674078609416e-5,4.950669026980558e-5
0.0017194571473861183,-0.005417024448886895,-0.00012726838251952952,-0.00012749761076646444
-0.00941068772516995,0.0042825596626272135,5.739890508563724e-5,5.750223341092105e-5
-0.00015284278892612515,0.0003251519467862445,-4.501036893128867e-5,-4.509138848853959e-5
0.004732394883053905,-0.006973571057019793,-0.00010591684007251456,-0.00010610744508764285
-0.05266391417081101,0.006691189095754695,4.1383633175815964e-5,4.1458060744289646e-5
-0.0006265786174204557,0.0018299937322985237,-2.0015754521423853e-5,-2.005175056338161e-5
0.0004453528217895425,-0.0029022790846318755,-0.00010799179505759373,-0.00010818598094458367
-0.0008204758372901196,0.000574088696240493,3.9194839748903556e-5,3.9265279086897694e-5
-0.0006489836828843879,0.0010892774295019037,6.475978205773499e-6,6.487615065761256e-6
-0.0005026998228627161,0.0016611641793562331,-2.670563830121768e-5,-2.6753619532350805e-5
0.0003307350981332809,-0.002120534833478051,-0.00010668707962206441,-0.00010687873513648463
0.0008811043709770407,-0.0006660169484647848,-5.792530421435406e-5,-5.8029306576481605e-5
-0.0009963356859833872,0.00034295401550477885,-2.1783265887834138e-5,-2.182236471019426e-5
0.000526391137452477,-6.421004391252926e-5,4.3926383052717935e-5,4.400520387094375e-5
-0.004338037222547771,0.0017468384891359458,5.408157034303017e-5,5.41786008661448e-5
0.0007812185029292193,-0.0009473372633146682,-3.020247399314864e-5,-3.0256655506407983e-5
-0.00020340028205248227,0.00016558866409347218,3.202961005854294e-5,3.2087055769484455e-5
0.0004723799955873054,-0.0009519811067569848,-0.00010467367759389761,-0.00010486138712073794
0.0006571273864727055,-0.00035527377569035816,-2.9174284728627417e-5,-2.92265817386154e-5
-0.008552507639288593,0.0028134039853922434,6.1244140030036e-5,6.135389629584953e-5
0.0012211163234359854,-0.0016601252046160074,-7.04515756092589e-5,-7.05778200317082e-5
0.0008837184596411146,-0.000529951157269461,-3.391621238262083e-5,-3.3976968987513696e-5
0.001129721928688884,-0.0003944667543439158,1.6377447840697732e-5,1.640677823397198e-5
-4.801140569116942e-5,1.5104066331052045e-5,3.1340468676138306e-5,3.1396586283427834e-5
0.0003403513770383408,-0.00027024335955481483,2.2664670312967813e-5,2.270524691029616e-5
-0.001018273767307496,0.0011917707971421233,2.549159818869429e-5,2.553722858250123e-5
-0.0004170386370264152,0.0012011530551528727,-8.14749182222613e-5,-8.162074184706763e-5
0.0007917394887567217,-0.0008550099063835487,-3.7681123780707147e-6,-3.774854248068169e-6
0.002416168207544808,-0.002762949459055921,-0.00010325171956267276,-0.0001034364208836588
-0.006621245391968906,0.0012800805770301956,6.0077436057055747e-5,6.0184855064392655e-5
0.0011529958087414724,-0.0008951391726495416,-7.718239470646016e-5,-7.732038278158734e-5
-0.008112494102833274,0.0014827046332965264,6.157549862481248e-5,6.168554122062813e-5
0.0010479928775883975,-0.0008557820524826157,-5.8178096547350956e-5,-5.82820568617898e-5
0.0009681783344307463,-0.00034602177025380915,6.2373339596143865e-6,6.248476273344188e-6
0.001034276232410921,-0.00040118655575745535,1.4078542888606302e-5,1.4103687744114176e-5
-0.0016437205170613898,0.0007796326480604316,4.269278767569218e-5,4.276902486686556e-5
0.0012413199166556735,-0.0013062415318332145,-4.333812465761769e-5,-4.3415503792486715e-5
0.0010584869269227094,-0.0006817485108592263,-2.2245382854648922e-6,-2.2285091017377964e-6
-0.0013462315899869701,0.0008382668534493514,4.2254105232472854e-5,4.232951386951909e-5
-0.0007963745995696931,0.0012040066750254985,1.3063115741287024e-5,1.3086425834836605e-5
-0.0005753450326064862,0.0019118274787576423,-2.335241244389021e-5,-2.3394077402211664e-5
0.0006199665494962188,-0.002535880027096215,-0.00010940504206812057,-0.00010960020619419435
0.0013110677170895325,-0.0009403967521948045,-2.518049816538639e-5,-2.522539549553598e-5
-0.00030522844792700825,0.0001700957079150855,-4.6667647109312924e-5,-4.6750836635650446e-5
0.0020521608732082977,-0.0003528663884314961,3.7141721636451905e-5,3.7207908876064834e-5
-0.00034279965874852716,0.00014905213467989313,-2.108784554544543e-5,-2.112541910913788e-5
-0.031072224837709755,0.007464234151956329,4.297483444899019e-5,4.3051386039818694e-5
0.0018402213476171512,-0.00663368268545037,-0.00012517925056138517,-0.00012540222144656125
-0.014378529692461778,0.006791235988324168,5.0998363609719443e-5,5.1089152823466845e-5
0.005415222715513889,-0.01868492326256735,-9.231727372665224e-5,-9.248160837891423e-5
-0.017588480392292254,0.0027518180476899658,6.569956148577417e-5,6.581641955783572e-5
0.001464457242000804,-0.0014832015589328765,-7.547232955581021e-5,-7.560655845446444e-5
-0.01678732678289468,0.006149045396940328,5.542596325776924e-5,5.552450619584558e-5
0.005852334080492437,-0.01579795272654396,-8.994719042737887e-5,-9.010709764680291e-5
0.000800608008337168,-8.828832732450713e-5,3.737794497465092e-5,3.744434292038183e-5
-0.0011851169884048544,0.00042442163433047104,-2.2345561412981354e-5,-2.238525048691092e-5
-0.01665250650992566,0.002598184231623036,6.531884596771492e-5,6.543483019114308e-5
0.00148135594146116,-0.0014581839002513928,-5.1577536632798295e-5,-5.16691128092373e-5
0.0007247314698423851,-0.0003829709174096337,1.5121364833865695e-5,1.5148205392978095e-5
0.0005509983223819567,-0.00036782146863391786,-5.3697284720401306e-5,-5.3792581050868474e-5
0.0012374556548757885,-0.0003354041914540839,1.4018743871240642e-5,1.4043615256495066e-5
-0.005443390333988529,0.0018671004087153005,5.627813713399691e-5,5.6377964911254724e-5
-0.003696420176726985,0.00409728658883738,3.0570065246172824e-5,3.0624285307022e-5
0.00397053410435234,-0.02044864670389394,-9.94812120328655e-5,-9.96576387814714e-5
-0.0007249818194913795,0.00022547862403925328,-7.23472081452218e-6,-7.2475415978151435e-6
-0.030147942909914374,0.006196015876234988,5.376664107790052e-5,5.386190005857302e-5
-0.00048456849941485826,0.0011145245185903946,-7.348845862033385e-5,-7.361865083270926e-5
0.001161627819796878,-0.0011788036868792455,-3.0665446015722624e-5,-3.071975596394313e-5
-0.0019543538434060757,0.0013884593488383429,4.214182407767225e-5,4.221644141470021e-5
0.0010520504774406327,-0.0020790773034915265,-0.00011445176599620777,-0.00011465439351265213
-0.002494743749022168,0.0010648511861653667,4.698290905638912e-5,4.70660521932658e-5
0.001534667572848558,-0.001609869444838688,-8.036177247154838e-5,-8.050396638044504e-5
-0.021202014977291878,0.007397101773836834,4.926450741972297e-5,4.9351646737128826e-5
-0.00014281088896077088,0.0005861892272357747,-3.803819124703412e-5,-3.8105469065971505e-5
-0.0009978384962641674,0.007079142658674673,-7.251360846878168e-5,-7.264184647405374e-5
-0.00037116550453297867,0.0009349150840053051,-8.638587049291203e-5,-8.653859969148102e-5
-0.004181331229695399,0.003693417317306872,3.92490417246499e-5,3.931840936276621e-5
0.0013579267567529097,-0.004979780337712008,-0.00011905540613621102,-0.00011926580109946487
0.0010832627844496862,-0.0005841013812175484,-1.0222630550141136e-5,-1.0240686648145974e-5
-4.191756622703233e-5,1.264762404245208e-5,3.0415037445765807e-5,3.04687475238459e-5
0.0006801641206411433,-0.0005326423586855351,1.3054693010960491e-5,1.3077742826622345e-5
0.0008919850586120338,-0.0009158324012108747,-1.603118790086457e-5,-1.6059488256774235e-5
0.001375640281158452,-0.0012386072644037043,-7.066848050248838e-5,-7.079320721810297e-5
-0.01975911628210088,0.006420629709886566,5.449022917129859e-5,5.458637014072065e-5
-0.00023209678734586482,0.0006050699446798048,-5.5052250592358754e-5,-5.514937643713328e-5
0.0004246937621217238,-0.0006514766642062523,-4.7894087471312534e-5,-4.7978561861204894e-5
0.0008040296702354635,-0.0007267217779527408,5.619074674405585e-6,5.628982872655892e-6
-0.001574402270227442,0.0016722648114210308,2.999190215422935e-5,3.0044777819668373e-5
3.778866270975549e-6,-1.776009142984332e-5,-4.400673914588774e-5,-4.4084314163018313e-5
0.0011789469540285462,-0.0023918977643989344,-0.00011668917167431952,-0.00011689482194307381
0.000990770393573236,-0.00040860662996138666,3.5013077485586237e-6,3.5074756050449827e-6
-0.0007530345900815794,0.00033966943257886413,-3.440933312285778e-5,-3.446993627487353e-5
-0.01141756409111701,0.0018906226732758834,6.253094475752228e-5,6.264104414993897e-5
0.0002498050010626686,-0.0002277961897191627,2.6886761351519308e-5,2.693409684796267e-5
0.0012998027479826863,-0.002083373660829928,-9.992252279025608e-5,-0.00010009841650840263
-0.012491078655128812,0.005570328383465636,5.401159856816932e-5,5.4106638737981574e-5
0.002991785011373829,-0.008125435608267456,-0.00012692567612812146,-0.00012714900020227655
-0.0002607233283703945,6.922913103975801e-5,4.112886636136626e-5,4.120118858325397e-5
-0.002513522968499821,0.0015207687073560102,4.547130342247478e-5,4.555125055133238e-5
8.595633630536587e-5,-0.00016732354423781495,-4.1108003127307495e-5,-4.118027039833083e-5
-0.0002914184183545805,0.0003183645695324137,2.3666026103412028e-5,2.3707620479152492e-5
0.0014793643017822137,-0.0036726698854883818,-0.00012325573074675666,-0.00012347233177505305
-0.0005888356370352971,0.00026357491034444954,-3.507660405964445e-5,-3.513821503012942e-5
-0.01694435914113814,0.0022459569927424125,6.371935101834958e-5,6.383123703038766e-5
0.0008889174084784014,-0.0007698729710704977,-1.8922949392120094e-6,-1.895617359218196e-6
-0.0015269792251840215,0.0013581720170796736,3.520119613234571e-5,3.526298916507495e-5
-0.0010732162747205658,0.0026856013733042392,-9.129758739057822e-6,-9.145783491996372e-6
-0.00043951535557110074,0.0023821469815866604,-7.289012816960731e-5,-7.301804984517901e-5
0.0004959628162516876,-0.0008248013882754684,-7.617229247585525e-5,-7.630592882644976e-5
0.0010830712945770445,-0.0007208244843634546,-4.206070036025111e-6,-4.213446802167543e-6
0.00045875410753418286,-0.00029366065700059,-5.048547712174796e-5,-5.057400269135591e-5
-0.01098594575759422,0.002980823780767468,6.172166069553652e-5,6.182985646533929e-5
0.0005842499737055425,-0.0007658170873624649,-2.5447265496389212e-5,-2.5491869487257276e-5
0.0008022008507153241,-0.0008417011200755164,-3.8361142844557776e-6,-3.842836739313285e-6
0.0013385335571871966,-0.0015037679019098377,-7.151813306435577e-5,-7.164343854712886e-5
-0.00020922123766752292,0.00011226774094232631,-3.9739424238975926e-5,-3.980902879435696e-5
-0.049033602637828175,0.006325424370509165,4.74537735520409e-5,4.7536862727207626e-5
0.00041727059491102064,-0.0010010821343438736,-0.00010643951647106176,-0.00010662587651930301
-0.010997561898408718,0.006331512101047052,4.764707812955544e-5,4.773046728856996e-5
-0.0005760808394742955,0.00222008843087597,-3.113136475540819e-5,-3.11858448895275e-5
0.0010217566602294457,-0.0052889571433585945,-0.00010711518247713463,-0.0001073026050245085
0.0005361745091305932,-0.00035656954463387304,1.6513515299849167e-5,1.6542394094305612e-5
0.0008582430669140288,-0.0007663713947421188,-3.595996585099441e-7,-3.602284200939448e-7
-0.005340201892268576,0.00508965097070362,3.1717389855996615e-5,3.177283738984782e-5
-0.0006174438328423145,0.004090781578460574,-9.39317799643841e-5,-9.40959765660748e-5
0.0019947610105618876,-0.0021295690923711958,-8.999423999729934e-5,-9.015148385663984e-5
-0.001387294318242837,0.0003656392425770111,4.640402554234264e-5,4.6485074011712916e-5
0.0009181659589044193,-0.0006310550336944091,2.7896023525308745e-6,2.7944740041979103e-6
5.024531986234538e-5,-4.992527214190673e-5,2.7723286902438403e-5,2.777169263386499e-5
-0.0027732130635621886,0.003603434369804914,2.2995651403755842e-5,2.3035796716913355e-5
-0.000522759142755931,0.003021907081925426,-7.695476072438597e-5,-7.708909378572816e-5
-0.0008676364580826627,0.0055486231384851105,-6.13385121661446e-5,-6.14455706822623e-5
0.0021179686900919753,-0.006958000726362342,-0.00012335143985565662,-0.0001235666838714934
-0.01232354333814193,0.005182370825254548,5.452690586576183e-5,5.462200162987657e-5
0.0020748880509625102,-0.0052076274578504505,-0.0001255664730498965,-0.0001257854456769901
-0.008837745864231169,0.003072998627555352,5.8586642532185645e-5,5.868875672789294e-5
0.00013357863278663697,-0.00019678356815453727,6.115942351592777e-6,6.126601191080911e-6
2.0321966549256685e-5,-5.440476561437414e-5,-3.382960521904302e-5,-3.388855457312081e-5
0.004126447509281486,-0.00788493750123928,-0.00011200558071770019,-0.00011220071238856279
-0.0013123121413863568,0.00023403222251157518,3.203824458660392e-6,3.2094025638208336e-6
-0.02633281577112458,0.0032147285711855143,6.429702634408206e-5,6.440894845110507e-5
0.0015847402802052475,-0.0016075168545559607,-8.031977776192869e-5,-8.045957960698739e-5
-0.0004568988090961851,0.0001600637250131666,-8.773338898859275e-6,-8.78860408849413e-6
-0.025401502155808442,0.005855033603209924,5.4969689863160454e-5,5.5065312947419845e-5
-1.249076469270663e-5,3.7664277386765206e-5,-1.932516771681717e-5,-1.9358782810503634e-5
-0.00015801109356789516,0.0003436427746747346,-9.181251863011582e-5,-9.197219212656826e-5
-0.006273071268966975,0.004687038526681594,4.30814124070119e-5,4.315630937090574e-5
5.945252381779701e-6,-1.1047771393279156e-5,-4.0632740522273506e-5,-4.0703374292434076e-5
1.0080755649132077e-5,-3.0512770006679487e-5,-3.478369644255463e-5,-3.484414866511011e-5
0.00020224353688406009,-0.00039256437506003325,-2.198661666630273e-5,-2.2024819912286538e-5
-0.0014272252376211045,0.0026164741081197737,3.932425136853865e-6,3.939256643075568e-6
0.0026437598193768826,-0.017955503393161914,-0.0001006472709169414,-0.00010082210033768622
0.00010584054742220768,-4.730477323878929e-5,3.0270320738283107e-5,3.0322864991180942e-5
0.0006112972371703951,-0.00041873785620385426,-5.368550931470967e-5,-5.3778684395967706e-5
-0.01094860944266774,0.00306245167591313,6.063491180225616e-5,6.074011638845511e-5
0.004310743567912837,-0.005643746069345722,-9.936084510779333e-5,-9.953322541796778e-5
0.00010513426387375127,5.591807847754703e-6,2.188498658684046e-5,2.1922933826675906e-5
-0.0071368404923325204,0.0016716478904000667,5.801002022794049e-5,5.811059000833069e-5
-0.005176240177531494,0.004686964351087053,2.9094211351557894e-5,2.9144645698288048e-5
0.004111713469901555,-0.034032184165224036,-4.0244165455068986e-6,-4.0313923306624755e-6
-0.049086691059614135,0.00650148834246526,2.4586242272990045e-5,2.4628815371146088e-5
0.0040584303665000925,-0.01640135203972877,-0.00010987811735264101,-0.00011006837197303568
-0.017036571995874744,0.004520294841141097,6.0104453852454803e-5,6.0208452263536846e-5
0.0003488337930677698,-0.0006374233546833023,-7.8394241703901e-5,-7.852987629197398e-5
-0.0026267921204556834,0.0017638689396477611,4.321655545666958e-5,4.329130304294939e-5
-0.0009228908362911771,0.0018630084500618135,-1.0066640321679757e-6,-1.008404973789347e-6
0.0028234453072747668,-0.010402605574764974,-0.00012160272014520008,-0.00012181299234942843
-0.019138046521614386,0.006929005852884914,4.996796186432323e-5,5.005431328708551e-5
0.0005435139298433651,-0.001752252318642455,-0.00010787300766456831,-0.00010805941448850583
-0.008543961028645042,0.005508971900347387,4.555939113634531e-5,4.5638084495999226e-5
0.0003674694259095084,-0.0013694565430072724,-0.0001043812145172881,-0.00010456149446111766
0.0006788488628254516,-0.0004821902422389272,-6.468644991370157e-5,-6.479812295523058e-5
-0.02900187964453839,0.006181274761766,5.166042585465688e-5,5.174958050462862e-5
0.0008600813078176932,-0.0020954803729283907,-0.00011297416074706074,-0.00011316911759869548
0.0001459553409132923,-6.825807171564728e-5,-3.0178196656709852e-5,-3.0230251782806366e-5
0.0014527708066026772,-0.0004043736124040318,2.4260155957890416e-5,2.430199218312048e-5
-0.008247680053183395,0.003600628894417693,5.476383302088117e-5,5.485825729425953e-5
2.712929372302905e-5,-6.763679987369384e-5,-3.300186190464907e-5,-3.3058758883111104e-5
0.0008641472196522696,-0.001320404129641226,-6.868686920653975e-5,-6.880526300590123e-5
-0.0004774608813696106,0.000303805032451959,3.285660971433665e-5,3.2913226824991774e-5
0.0009754827375000434,-0.0012857221785059516,-5.440229667006221e-5,-5.4496027654521334e-5
-0.0059120938141597025,0.004050257559625923,4.507556286287253e-5,4.515320343469136e-5
1.4952016082140656e-5,-4.282510720305369e-5,-3.7803474914964014e-5,-3.7868583783132143e-5
-0.0009074348612120772,0.0020315121213839906,-5.582598589713313e-6,-5.59221136751744e-6
2.4039567018575024e-6,-3.681985811870742e-6,-4.4263610670325335e-5,-4.43398180093291e-5
-0.0009885395101149354,0.0023807928484098667,-7.927015636732427e-6,-7.940660080832309e-6
0.0016113952395640852,-0.006954091298800296,-0.00011244166499553779,-0.00011263517873532345
-0.013965411637853722,0.007546285851070061,3.575396468570322e-5,3.581546493092997e-5
-0.0007845149313149679,0.005260836730772184,-7.555101777371373e-5,-7.568096516680511e-5
0.004561670080512873,-0.007943539726983476,-0.00010397603554351195,-0.00010415481448061452
-0.01780048986656267,0.0023484166378861084,6.20538160739035e-5,6.216044717470333e-5
0.0014905554092605466,-0.0013130704041279312,-4.891889366731523e-5,-4.900294691058901e-5
-0.0025105929355616267,0.0011295307263657778,4.5026044881393495e-5,4.5103388290039504e-5
0.0011025081184024125,-0.001246553185143968,-3.703984778509406e-5,-3.710346517060581e-5
0.0009096247661287105,-0.000676717147136767,-5.155094612257479e-5,-5.1639465444096925e-5
-0.0001429506740082416,4.4848904399214097e-5,3.470818004781862e-5,3.476776119375183e-5
-0.002757638446679598,0.0017488749255640797,4.389293428234169e-5,4.39682715838638e-5
0.0001338564356296589,-0.00024528726721825567,-1.048251050502862e-5,-1.0500500596204923e-5
-0.00017856240861775883,0.0003905980386274197,-4.39968968254948e-5,-4.407239148831103e-5
0.0008922728642971088,-0.0013560026457550079,-6.988821107085412e-5,-7.000810418894493e-5
-0.0007818617351849195,0.0004902313840427594,3.547368915334178e-5,3.553452581401516e-5
0.0005366240809062293,-0.0007340637693227117,-1.56049289889987e-5,-1.5631687635992834e-5
-0.0010314832581795952,0.0013113325220115836,2.0306667710920834e-5,2.0341481809739804e-5
-0.0006429808387461647,0.0021002070838931843,-2.1820087850329768e-5,-2.1857492143087856e-5
0.0034856784426042786,-0.014647940500526518,-0.00011289798567932875,-0.0001130914851808178
-0.0003327552509128136,0.00010449673881232933,3.6702282023088505e-5,3.6765146203275125e-5
7.753616139788907e-6,-1.5254856164342557e-5,2.488543804756016e-5,2.4928056282149195e-5
-0.003960826150649136,0.004136925052412839,2.6592614015927433e-5,2.66381491080347e-5
-0.0007949566250015451,0.005782738905971846,-9.494823711752471e-5,-9.511080675945521e-5
0.0013444934305336291,-0.0014715318482337787,-5.037797222650657e-5,-5.0464191243281604e-5
-0.000670752921721577,0.00038220373998880793,3.293757781536173e-5,3.299393350078163e-5
0.002099392809662114,-0.0023212446569367768,-9.007296641541361e-5,-9.022705861694965e-5
-0.025836088799179882,0.00686598687931431,4.8288386790485765e-5,4.837096382849051e-5
0.00035217425518558893,-0.0010656450123875218,-0.00010495355516732326,-0.00010513302334838103
0.0008226043535801011,-0.00052124571576722,-6.071059353777642e-5,-6.0814364116466874e-5
-0.04182734414426935,0.006377242867519059,4.556128597743191e-5,4.563913408658738e-5
-0.0009000994374017388,0.002286227250939753,-1.0607501995987134e-5,-1.0625625478228345e-5
0.0059368795936132705,-0.024904636178221334,-5.974791305738967e-5,-5.984998064342949e-5
-0.008843687318892618,0.0011823675195676217,5.6992925870799245e-5,5.709020364714827e-5
0.0005225550802701955,-0.000354408373652324,-5.571041779602578e-5,-5.580549725543563e-5
-0.02304144702165797,0.005843176664406152,5.355442269167823e-5,5.364579443059767e-5
-0.000478458525664705,0.0010681535055080617,-6.350574184203208e-5,-6.361408487917355e-5
0.0020328974403629042,-0.0021876523061967195,-9.326787048332888e-5,-9.342694359088335e-5
0.001762543174085456,-0.0003650888741574191,1.978372283347777e-5,1.9817450898562496e-5
-0.011136316193339888,0.0035429058648323557,5.824119985789631e-5,5.8340475517836736e-5
0.00047978397724149526,-0.0007446466231311319,-1.2299022930951046e-5,-1.2319985531002159e-5
0.0002028772154279216,-0.0003618664246744283,-6.500577201439141e-5,-6.511654825586371e-5
0.0013618041469364395,-0.0010440365099089988,-2.959789751949022e-5,-2.964832067931113e-5
-0.0009956853598070893,0.0005020806482718538,3.5077228622008155e-5,3.513697230316262e-5
-0.004547599335511956,0.004504279300712103,2.704201105821277e-5,2.7088062864496207e-5
0.0017660063986510229,-0.013589650903405902,-0.00010462772668819536,-0.00010480589211349188
0.0005394578594722551,-0.00026354433349156037,1.904380930943811e-5,1.9076216976980923e-5
0.0012706615840931959,-0.0008362449097121857,-6.328810492214452e-5,-6.339578752613584e-5
0.0005886962201487377,-6.046433862706374e-5,2.2761103402727947e-5,2.2799815848515576e-5
0.001741535310128499,-0.00043170874337874376,2.4403016649121653e-5,2.444451529393795e-5
0.0005672731629329703,-0.00023321594436640576,2.3082736488191532e-5,2.312198381800065e-5
0.0011733556404775723,-0.0007222933838997643,-9.428863490693453e-6,-9.444892767100718e-6
0.0009473996711656197,-0.0005183028019644407,5.579904277698208e-6,5.589388299802022e-6
0.000916322307436039,-0.0005614071835641579,4.654648179251577e-6,4.662558130560084e-6
0.0009760997081349363,-0.0006639535831529527,-3.788236632670602e-5,-3.7946730641759645e-5
0.001017655642057087,-0.00038350157610090495,5.926218727394446e-6,5.936285136890233e-6
0.0004884921843376302,-0.0001959497723298545,-1.0299056679510255e-5,-1.0316547660104184e-5
-0.0012843573736219533,0.0004141906428551246,4.116601774554037e-5,4.123591537242415e-5
0.0019166978738395807,-0.001386882756728155,-6.818133753944456e-5,-6.829709073421456e-5
-0.05382265080967925,0.006584960576264125,3.85696107167007e-5,3.863506457302109e-5
-0.000897066972503339,0.002491045490221467,-1.4311387051380527e-5,-1.4335672734648052e-5
-0.0006158249190977593,0.0030549707187217064,-4.327874259000708e-5,-4.335217398551619e-5
-0.0002659849103650865,0.0011402938844081107,-6.796135538138587e-5,-6.807664508868115e-5
5.7719173428417705e-5,-8.382788737107927e-5,6.073183282138097e-6,6.0834825445858745e-6
0.00222060091625432,-0.0055313445823794456,-0.00012140391925178785,-0.00012160977387345198
-0.0031728940356028005,0.001046706067233857,4.790531130480473e-5,4.7986498146290105e-5
0.0013511391272335005,-0.0012262769522736554,-3.036262362500051e-5,-3.0414074227594795e-5
-0.010650585148849007,0.006605154754563064,3.175401880926296e-5,3.180781467311823e-5
-0.0013194066244618624,0.010652012560513232,-8.496305144808821e-5,-8.510698280048583e-5
-0.0002882075576795086,0.000535534190473501,-6.925009424963429e-5,-6.936737093233545e-5
0.0008695166889608281,-0.0007569942659656902,-1.016894394391312e-6,-1.0186160182888344e-6
-0.0033234987813599683,0.003053912162882652,3.494064291308025e-5,3.499978730733061e-5
0.003918702121875719,-0.01333197864171358,-0.0001122196978547324,-0.00011240963498266741
0.0016531419385385398,-0.0004192070999897362,2.0623407658898143e-5,2.0658291037584184e-5
-0.0007868338534207193,0.0003217831431851284,-2.8745363304035534e-5,-2.8793976724499535e-5
-0.013189228979005197,0.0018258456524112752,5.915939081952801e-5,5.92594109658665e-5
-0.0038572830137164216,0.0030539207904680785,3.950780506102099e-5,3.9574594455573095e-5
-5.493252532729136e-5,0.0001511170374741999,-4.52749430510492e-5,-4.5351474718907975e-5
-0.00017992769418173767,0.0003000111965635225,-5.786189661987681e-5,-5.795968170520408e-5
0.0020724505188201028,-0.0019456356881986253,-8.480507339912896e-5,-8.494835293516215e-5
-0.014899082064303513,0.0025850374856285253,6.051439384564647e-5,6.061659157134185e-5
0.0012989062744052362,-0.001333265245209835,-3.6360007453900043e-5,-3.642140758621625e-5
0.0005797200934097747,-0.0003834860212791011,-4.822019832893689e-5,-4.830160688426128e-5
-0.0014785462308133728,0.00042341059305567254,4.3397495804308286e-5,4.3470741569986945e-5
0.0006211326050179217,-0.0004361632918933588,-6.15589123421456e-5,-6.166279781731012e-5
-0.0009529798738494288,0.0002351417560336151,-4.733132403828747e-6,-4.741117305509884e-6
-0.019618690802260006,0.00279326715403024,-1.4952609309071207e-6,-1.4977829017306078e-6
-0.0014739059636211238,0.012449240630056563,-9.726599853063957e-5,-9.743004576874886e-5
0.0010439545724419959,-0.001440384319820888,-6.052007608083692e-5,-6.0622109054704994e-5
-0.010800854579720461,0.007022558182113171,3.554550614956274e-5,3.56054167504967e-5
-0.0011216453151599774,0.007418510430040338,-7.698148732773742e-5,-7.711122851801068e-5
-0.0003296385752740046,0.0015686327103669757,-7.645165340070106e-5,-7.658048056678248e-5
0.003895858946733846,-0.004871657521149685,-9.600491908401636e-5,-9.616663695065352e-5
-0.003626791967731559,0.0004987378079799235,5.0713707696028644e-5,5.0799090010183585e-5
-0.012136197343720517,0.006889278924427926,3.119492498958805e-5,3.1247439633178455e-5
-0.0010985569092752015,0.008759314994836107,-9.739536700468491e-5,-9.755931679316827e-5
0.0023227884842721676,-0.0026166585509672584,-9.486238992198363e-5,-9.502200841703748e-5
0.0019240803645588771,-0.0003719281115735435,2.0972780640175862e-5,2.1008054878734467e-5
0.001302398073955424,-0.00040820546917217867,1.784218332174321e-5,1.787218744745613e-5
0.00034334068329603984,-0.00015396313491267239,2.4091410699248356e-5,2.4131917135517176e-5
0.0008191089200311933,-0.0005604852190455649,6.487018025069628e-6,6.497923398940201e-6
-0.0015125401877965267,0.0011743909180097073,3.587818923848799e-5,3.5938493783554695e-5
0.0006729742481855894,-0.0014246148639128562,-0.00010267234178258011,-0.00010284489548154168
-0.014612855971780693,0.007406192253695619,4.2212526915365474e-5,4.2283442429027904e-5
-5.306190755791317e-5,0.0002305476899140858,-5.022976831730345e-5,-5.0314147039719626e-5
0.0009099093118313603,-0.0020111412489875347,-0.00010808398094611325,-0.00010826549965046755
-0.003638148760558768,0.0016974298475625799,4.682616070583856e-5,4.690476878677974e-5
0.0019662940680659886,-0.002604153042417937,-0.00010092973522340617,-0.00010109914949388803
-0.01358006554904228,0.00357270208387475,5.857191702046667e-5,5.867019093153294e-5
-7.950462618377413e-5,0.00011371181760324942,9.876284538083592e-6,9.892853919723432e-6
-0.000387873765218076,0.0009710802574501757,-8.047201528289601e-5,-8.060700445306087e-5
0.0016178013682639314,-0.0014329489766031593,-8.028272278465006e-5,-8.041735014999373e-5
-0.008025509226625163,0.0014302786025975338,5.6157178247539014e-5,5.625131189450992e-5
0.0009258560834399279,-0.0007497428951687602,-2.308668375587611e-6,-2.312537913378514e-6
0.0007624706419617221,-0.0006452380352904871,7.412004862999526e-6,7.424425755069633e-6
-0.0026904044807554953,0.002769196975640554,3.019743284843578e-5,3.024802861274275e-5
-0.00024763817617015773,0.0008342649985858465,-8.631035854982093e-5,-8.64549571337538e-5
0.0008098163014660822,-0.000785985747414749,4.052938250068594e-6,4.059725802065364e-6
0.000814322032823384,-0.0009579774304369475,4.760246786254437e-6,4.768217534957795e-6
0.0004248275606738034,-0.0006692009662513927,-4.495228403411395e-6,-4.50275419757471e-6
-0.00021875358796288888,0.00040921133534661976,-7.74872789868957e-5,-7.76169852128704e-5
0.0007905071355872207,-0.0006062827238286639,-6.289569081891934e-5,-6.300093888922399e-5
-0.005537581111814659,0.0014129206016310313,5.27839602615841e-5,5.287225938716981e-5
0.0012476680953275715,-0.0010992737896062515,-7.652820357506624e-5,-7.665620965718071e-5
-0.02666120587385122,0.005847409622659471,5.1222469260019296e-5,5.130811599331475e-5
0.0016679344203691772,-0.0037580406370516426,-0.00011640627503236876,-0.00011660090055599169
-0.015225620237660255,0.005549633947799658,5.191896257018918e-5,5.200572764994404e-5
-0.0002268144237375301,0.0005179967915583346,-8.566395177512213e-5,-8.580709995749516e-5
-0.00018359028154383447,0.00012953178269906897,2.9641900936712782e-5,2.9691416921782364e-5
0.0013915913050285102,-0.002246299826141422,-9.577251694670406e-5,-9.593248189847787e-5
-0.015629832064671303,0.0067435098893398205,4.678830201519465e-5,4.6866421623121034e-5
-0.00017700291351634178,0.0005582339459248396,-5.5634820951940295e-5,-5.572770478563345e-5
-0.0015444876642454332,0.0024907254597543445,1.0710263215288055e-5,1.0728139550212228e-5
0.0024093072508330126,-0.010130609664733548,-0.00011030268821779452,-0.00011048677171298834
0.000299265471207295,-0.00013611729366098458,2.4204723880801815e-5,2.424509628427225e-5
-0.009690938502291385,0.006618371385061335,3.8434802014853474e-5,3.849889988884078e-5
-0.0003463393717428806,0.0017013113865265589,-6.966150669614953e-5,-6.977767333500725e-5
-0.002133256505443929,0.0031050323147408443,1.602884551914698e-5,1.605556614076782e-5
-0.00016930029103164257,0.0007911826935224987,-5.804849773760437e-5,-5.814525664663697e-5
-0.00010173408215731308,0.00016579023850320468,-4.427433064244054e-5,-4.434810888719966e-5
-0.0010749428728247389,0.001252147282310585,2.259187230401576e-5,2.2629510129621193e-5
0.0016879923884482102,-0.005129547590904284,-0.0001154138314122136,-0.0001156060879784255
0.0006481671865301863,-0.0002782035397088764,-1.0318085196783686e-5,-1.0335264557534959e-5
-0.015725877447778428,0.0054803695350649825,5.2175608445630347e-5,5.226246141564074e-5
0.005477309494709328,-0.012933293763305102,-9.092224234398874e-5,-9.10735832133577e-5
-0.0020293458954711483,0.00025193405719323023,4.6161726403966736e-5,4.6238510053404894e-5
-0.00023341788982257208,0.00012233195718202685,-3.2746268936202546e-5,-3.280073185824814e-5
0.001497695245703724,-0.0003529829565060562,3.074459464138159e-5,3.079571508096775e-5
-0.001974374422732653,0.0008998629539864467,4.0230254416383597e-5,4.0297137728054294e-5
0.0013995384318801546,-0.001479218917331239,-6.63042582149609e-5,-6.641447636187198e-5
0.0009472599779898728,-0.00039530849183907004,-3.754363581327988e-7,-3.760602611746644e-7
-0.010315181642460824,0.004212027112693007,5.234424926656865e-5,5.2431218845991635e-5
-0.00022762818825046376,0.0004561688887381408,-4.347216188603069e-5,-4.354438472112946e-5
0.0006998231957741084,-0.0009578732417088876,-3.851241534938448e-5,-3.857638323116368e-5
0.0010127255057403746,-0.0008996582459993816,-1.1622925253844907e-5,-1.1642226018837945e-5
0.0010366165833085455,-0.0008421047162228602,-8.297753997449861e-6,-8.311530347198184e-6
0.0012254416817821783,-0.0009429613369441506,-2.1694160088611973e-5,-2.1730170874778865e-5
0.0004526107557966411,-0.00026928732605914626,1.72246847338336e-5,1.7253270313584937e-5
0.0009625808563439516,-0.0007838489652980755,-5.8476368309706186e-5,-5.85733986790088e-5
0.0012754079108163664,-0.00040793032117749685,1.7405258129024744e-5,1.7434130285810453e-5
0.0010063265502581772,-0.0004485147773486436,7.454750039012936e-6,7.46711411474714e-6
-0.0037994050368639655,0.0019127281715219568,4.606584108215994e-5,4.614223016486947e-5
0.00036700523232481016,-0.0005700633039307255,-2.0204348912228294e-5,-2.0237849432070956e-5
0.0011140518571962146,-0.0015513773118029696,-6.541184613087488e-5,-6.55202832536569e-5
0.0004213163842824485,-0.0002531525338277286,-4.0716088563424783e-5,-4.0783566509290114e-5
0.000557532897311505,-0.0001495850464261903,3.4816077752541385e-6,3.4873762386339494e-6
-0.0018548532059896106,0.0005355138021036981,4.34732790336943e-5,4.3545293791649494e-5
0.0007740231003443928,-0.0005741784396036503,-5.512978697299184e-5,-5.522110013539358e-5
-0.0035960412684069116,0.001046019972647493,4.7792230780256876e-5,4.7871367296147696e-5
-0.0020563057097620994,0.0017227984103921133,3.489877868777929e-5,3.4956559207250413e-5
-0.00011839817375497121,0.0003196121327145294,-2.2290117207805522e-5,-2.232701824641661e-5
0.0027634245259945153,-0.007260889931644822,-0.00011778418288172731,-0.0001179791383004573
-0.013409982026615112,0.003913473772209739,5.6346014052801856e-5,5.643922665626398e-5
0.0004113807787956728,-0.0006887460084328167,-5.712571376469695e-5,-5.722020862358295e-5
-0.004114948034439673,0.0033098296988788613,3.7695865932669974e-5,3.775820406588218e-5
-0.0005179721353883572,0.0017340759117685741,-2.7746557348489746e-5,-2.779243800040329e-5
0.0010345349150028668,-0.006716753916615018,-9.828753805313131e-5,-9.845004260049763e-5
-0.0038732378863190627,0.0024139661653807746,4.3280112898401306e-5,4.335163165796184e-5
-0.0007866223908523276,0.0016816517545961062,-5.033713989448571e-6,-5.042031198274904e-6
0.0003938716045914807,-0.0014517665402252425,-9.922157871436799e-5,-9.938549963178767e-5
0.00063132727345445,-0.00044554355546857436,-5.422704495779987e-5,-5.431659416458171e-5
0.0014684733021386137,-0.0003957536931116321,2.590940052089379e-5,2.5952174036812835e-5
-0.009767698416509598,0.004468354901803664,4.982492572087459e-5,4.9907168991987045e-5
-0.0006163247368585041,0.0014898930465490972,-1.1426345564834564e-5,-1.1445204902350553e-5
0.0012082204980924855,-0.004190206281128295,-0.00010992748894980066,-0.00011010889833870957
0.000973902832877049,-0.0005319689775194922,-1.769964389421636e-5,-1.772883935155417e-5
0.0007554944866263628,-0.0003074183221356101,1.8966531165747868e-5,1.8997809590535935e-5
-0.006212248639873122,0.003542532689941925,4.626033425952357e-5,4.6336611955520435e-5
-5.330496095754418e-5,8.887397062617293e-5,-8.888262978768642e-5,-8.902917362726832e-5
7.22121767354964e-5,-6.205736894276358e-5,2.3581843063938634e-5,2.3620709644921935e-5
0.0007933447320767613,-0.0009503067321555118,5.891072946177872e-6,5.900780990563482e-6
0.0031404657311590806,-0.005241365797903322,-0.00010633651938746813,-0.00010651172726670443
0.0014790496810209827,-0.00026245659817115865,1.707318027742613e-5,1.7101296608671575e-5
-0.017021967468929377,0.004689470459070856,5.5008718204454844e-5,5.50992927427171e-5
-0.00019754495499618163,0.00033438887266781206,-5.186134788572903e-5,-5.1946733894412534e-5
-0.0003080511047846574,0.00029992593185108955,2.4714587285834975e-5,2.475526774395557e-5
-0.0004976733172722329,0.0011100578513961728,-6.726223845449536e-5,-6.7372939669791e-5
0.0012881869028875735,-0.0012746881477192513,-3.2265241305509717e-5,-3.2318328554881514e-5
0.000793468207311339,-0.0005144506036482842,-5.927837224904141e-5,-5.9375882932024e-5
-0.033198664640028026,0.005280917175729411,5.210120882492294e-5,5.218688358912047e-5
4.718219378398938e-5,-0.00010311285061780781,-3.105253442367667e-5,-3.1103593846406196e-5
-0.00012512519018516535,0.00018112305839646049,9.192635361827774e-6,9.207747563796234e-6
-0.00025824777345737326,0.0006627501243195834,-5.001883749384236e-5,-5.0101054964741614e-5
0.0005989509375921165,-0.0009114871783272118,-5.23827051933995e-5,-5.246878693524595e-5
-0.007192168820829581,0.005661882108718174,3.614876015456892e-5,3.620814890134069e-5
0.0027309502786313994,-0.012824721842800273,-0.00010380029509797317,-0.00010397081550683083
0.00017245821270333076,-7.535265287851393e-5,2.6588420185052646e-5,2.6632073151263582e-5
6.4248446478444924e-6,-1.4812159762898465e-5,2.3894688690506416e-5,2.3933913423100835e-5
0.0015248649060134246,-0.0017645265211053622,-7.72957962895615e-5,-7.74226646849931e-5
-0.010118307655164591,0.003798220931560335,5.2749656422001234e-5,5.2836207962609956e-5
-0.00014211040653419745,0.00022838799192714,-5.9940332667858266e-5,-6.003867456957635e-5
0.0010081619144221374,-0.0009091910011250698,-1.2304406796156642e-5,-1.2324588703383208e-5
0.0012886676014502224,-0.001030127644264045,-7.16188877387311e-5,-7.173633537544988e-5
0.0009623497619089338,-0.00017338503372242792,3.8389479630865875e-5,3.845241141862839e-5
-0.013936681727499551,0.006645393539706226,4.4543323376321946e-5,4.4616334189916206e-5
0.0022273922492124696,-0.00773516912601745,-0.00011415616754032472,-0.00011434326782691612
-0.005125857529548613,0.0021144960228833003,4.8834468075177177e-5,4.8914465114617854e-5
0.00223724693088824,-0.0030081470556779736,-9.580906975062337e-5,-9.59660013287593e-5
0.0007074712141489405,-0.0002064346660429864,3.018472397923226e-5,3.0234145778862084e-5
-0.009181798159490752,0.004960138747988178,4.5778216651432086e-5,4.5853159490101874e-5
-0.00041981662610721696,0.0012587323082840374,-2.4039718477047996e-5,-2.407907045672979e-5
-0.001023793039886727,0.007544907094113006,-7.241584537591152e-5,-7.25343742392497e-5
-0.0004345288245911206,0.0009681206785903871,-7.374949954693592e-5,-7.387017873485462e-5
0.0013940822213385359,-0.0012367245142020096,-3.055174060830048e-5,-3.0601718321010144e-5
-0.010227418596432692,0.006059713695915946,4.2366471647528406e-5,4.243576061562281e-5
9.757459349146862e-12,-8.543317563579481e-10,-4.269226003847972e-5,-4.27620767216432e-5
-0.0003488047600494201,0.0008022820908594681,-1.2280434486060512e-5,-1.2300512675186059e-5
-2.1032524737819465e-5,7.203141252209437e-5,-3.2776283057156476e-5,-3.282986306629151e-5
0.0028418086717991397,-0.0067255270672707855,-0.00011510668456838382,-0.0001152948138127002
-0.015634761450730218,0.0041168084171254145,5.573536849241308e-5,5.582641309215659e-5
0.0004275331018383946,-0.0007170553470213981,-5.730179215854516e-5,-5.7395388403110566e-5
-0.0050655490811225235,0.004033186253911444,3.716991817561984e-5,3.723061499742772e-5
-2.4656185915791765e-6,1.5856225178078646e-5,-3.8408432500758835e-5,-3.8471146348484565e-5
-0.0007642383886471336,0.0018489473662403222,-1.0205581372834209e-5,-1.0222241601109344e-5
0.003070974564070378,-0.011434250235817388,-0.00011120682477331492,-0.00011138833957490757
-0.018848300968745093,0.006349015850055913,4.757192799022492e-5,4.764953086664599e-5
0.0034599794130539983,-0.009623582874703124,-0.00011169590365307345,-0.00011187809862212574
-0.016114793937705322,0.0038929421475785374,5.5989477974518494e-5,5.6080752499091195e-5
0.0010217304617924131,-0.0015762704807123877,-8.219337707491852e-5,-8.232735929341955e-5
0.001054764307206798,-0.0005325558186388343,-4.632046982725739e-7,-4.639595135068214e-7
-6.277850787074631e-5,3.845229662297781e-5,-3.260925809518367e-5,-3.266238675562425e-5
-0.020712357616660116,0.005197040068131616,5.228712573364207e-5,5.237229296222973e-5
-0.0003666792132125828,0.0007109529117500114,-5.509814172262413e-5,-5.5187881671711264e-5
0.001427219041788898,-0.0015045450936224773,-6.681521073420656e-5,-6.692400641015963e-5
0.0006434407607165375,-0.00026010029528146365,2.086895697056416e-5,2.090292781720289e-5
-0.006984374209202283,0.00414318333388826,4.4053459755971866e-5,4.41251598826071e-5
0.003948984777086109,-0.010420050030069137,-0.00010734818355152977,-0.0001075228856690724
-0.026840001559698963,0.0055360678595487425,5.0313138397523955e-5,5.0394969960198734e-5
-4.622612626672e-5,6.005530316152119e-5,-8.296640149641137e-5,-8.310133354583459e-5
0.0013111038546804823,-0.0009083258306547035,-2.1694429089859153e-5,-2.1729700127350048e-5
-0.0005937496462569454,0.0002930589920205463,2.9182634147896978e-5,2.923006937985636e-5
-0.002967910031648628,0.0026674763150112235,3.287562013677175e-5,3.292905092428275e-5
-0.00020982319230543922,0.0006983095306596059,-2.7343476201229588e-5,-2.738791171102477e-5
0.005363482937045831,-0.015972493225471483,-8.65102221460806e-5,-8.665078285083149e-5
-0.023906069878808944,0.0035240960473943545,5.763826459139841e-5,5.773184868895175e-5
0.0012715785941458484,-0.0015152623909084387,-5.2177878651751914e-5,-5.226259084360915e-5
0.0009687066289960321,-0.000570126364589161,-5.303780101409932e-5,-5.312388680832764e-5
0.00076536488268279,-9.551060410702487e-5,3.765472921296099e-5,3.771582546127926e-5
-0.019234163740205937,0.007819798962795377,3.7960829835314785e-5,3.802241545247203e-5
0.005725442499824105,-0.02605899733685321,-6.109015545342516e-5,-6.118925923291267e-5
-0.0013431339056448259,0.0002473076915576424,3.4311085781380342e-6,3.4366702972867463e-6
-0.003408153787023919,0.0004876354525653144,4.7968667935166526e-5,4.8046408684441154e-5
-0.0029579117410205706,0.0017013204854100005,4.153261222522364e-5,4.1599915430585474e-5
0.003672560786101219,-0.006054601708433109,-0.0001019674699777716,-0.00010213269004462313
0.0011438763018071147,-0.00018132697404085797,3.757121022593292e-5,3.763205515092065e-5
0.0008800706347187632,-0.00039634287332140016,1.265664300441704e-5,1.2677137417795178e-5
-0.003535049976215295,0.001996981309809527,4.284011053613715e-5,4.2909468608332306e-5
0.00040489757146448726,-0.0007426293094286602,-7.494954171583253e-5,-7.507087269861191e-5
0.0004660146356645405,-0.00030668970459495103,-4.926313026218232e-5,-4.934285479063674e-5
-0.0011611571568423964,0.00033005650652388107,-1.1590967565244624e-5,-1.1609720394317858e-5
-0.0019311486268727427,0.00029005881546778124,8.137124946837743e-6,8.150286783889432e-6
0.002245791309420627,-0.00033279413665364063,3.0032761016610263e-5,3.0081330523626144e-5
-0.02170087355181959,0.007663220346565078,2.670589661768342e-5,2.6749080162713545e-5
-0.000878648035514684,0.0059037806263122095,-6.134222933247124e-5,-6.144141530704227e-5
0.0019320439012790749,-0.0058423272478736995,-0.00011202012465014508,-0.00011220121206836138
-0.0007688408067685286,0.0003370361744449488,-3.159167810571661e-5,-3.164272298474861e-5
-0.00473093130792846,0.0006828936802975652,4.940465047094902e-5,4.9484454742574565e-5
-0.006996251930008268,0.004306633910601361,4.2620314764784504e-5,4.268915332827083e-5
-2.473740147857929e-5,2.584026541958724e-5,-8.88185792038155e-5,-8.89620234527151e-5
0.00121834814678489,-0.0009283663388924639,-1.9739670846104167e-5,-1.977153950713581e-5
0.0003149765988101208,-0.00017288081968256166,-5.0401260067133926e-5,-5.0482613319838075e-5
-0.03907013287669357,0.006308086680471454,1.7410712859853545e-5,1.7438806713248745e-5
-0.00039984700300631904,0.0020723881050411946,-4.330024493698107e-5,-4.337011122692214e-5
-0.0002479745039625183,0.0007444682027544681,-7.944099018328127e-5,-7.956914367175911e-5
0.0014330572339921156,-0.0013995340748738495,-6.529518073817221e-5,-6.540047943815005e-5
-0.021858030019315806,0.007877049526817382,3.749679143053291e-5,3.755724269797128e-5
0.0003740047451508347,-0.0016693877517311164,-9.175419427333726e-5,-9.190210967869079e-5
-0.007738786677939947,0.006024971810521344,3.377158996110353e-5,3.382600974929067e-5
0.005005386230356364,-0.026331597568199156,-5.734955123732118e-5,-5.744195818846839e-5
-0.02677569881339686,0.004900711931219724,5.2568503689851135e-5,5.265313958640727e-5
0.0026684518686217076,-0.004620963968038196,-0.0001063105457607884,-0.00010648169608849144
0.00027661724528449226,-6.274792603875341e-5,3.851001044783412e-5,3.8571977672404535e-5
2.6614479377890234e-5,-2.7155494159902496e-6,-4.6602118679256945e-5,-4.667709803968636e-5
-0.02446691089321303,0.004040700580410073,5.5628371788203045e-5,5.5717846315574386e-5
0.0006063749663908701,-0.0008484022781148399,-8.51572050193362e-6,-8.529416528215686e-6
0.0038314605434744053,-0.005806829804682659,-9.878052471871273e-5,-9.893936862867471e-5
-0.01864787563130808,0.0029397323215405793,5.678302789116329e-5,5.687429104268517e-5
0.0026569048963520775,-0.0028062000266978397,-8.600897306128001e-5,-8.614719821036011e-5
-0.0076415593721714135,0.0012517103982771136,5.227213188773278e-5,5.235610288469997e-5
0.001369167637934527,-0.0010144641105483937,-6.605357852649521e-5,-6.615967840546798e-5
-0.026411350372077622,0.004024987733766428,5.574134753976062e-5,5.5830850555874165e-5
0.0013170487475937436,-0.0017732664858951866,-7.810003503316791e-5,-7.822543046410225e-5
-0.0053691904014951785,0.0023744507702484876,4.723947368104087e-5,4.7315295890570736e-5
0.0006083473520792792,-0.0009553157284534527,-5.680264870059391e-5,-5.689381167512341e-5
0.0004993430150638494,-0.00038427116019156926,1.8032551494461802e-5,1.8061484418747542e-5
0.0027079660973221478,-0.003104196038794795,-9.016678202863192e-5,-9.031143237396168e-5
-0.03711601411601262,0.0065700105861686295,1.8962431937372167e-5,1.8992839357475123e-5
0.0003169751875539954,-0.0016617675135631453,-8.934871904373091e-5,-8.949198933237376e-5
0.0010995464354107913,-0.0008942509632850775,-4.6968475656311025e-5,-4.704375660663553e-5
-0.015048268904533344,0.005904872303998415,4.6626876727181356e-5,4.670159073015668e-5
-5.718251008118416e-5,0.00011471774396471467,-8.72457525627593e-5,-8.738554402859594e-5
0.0007695120257881295,-0.0005845709638943492,-5.690627036324403e-5,-5.6997417663443845e-5
-0.023537418494232555,0.006470543802614128,4.5329857782185504e-5,4.5402441631350966e-5
-0.00033049228004324824,0.0008737302885540654,-5.315819566613269e-5,-5.3243309498237075e-5
0.0005878139340086903,-0.0008351325490250514,-3.613682198930336e-5,-3.619466755943193e-5
-0.0020254259702918915,0.001856617888831402,3.0319154988383353e-5,3.0367677135195123e-5
0.004104775653605359,-0.01151074879190256,-0.00010199165427912938,-0.00010215486332374799
0.0015797135207040911,-0.00030594974285746084,1.5885454574155266e-5,1.5910859106789406e-5
-0.0008067667554088159,0.00025476846545731223,-9.324814527403095e-6,-9.33972474025666e-6
-0.0017442901935158187,0.0003369084690094563,4.418037508616599e-5,4.425100366282696e-5
-0.004104718497660158,0.0025127434686339923,4.1468931526939654e-5,4.153521828373804e-5
0.004448523129784952,-0.009329331772661237,-9.773147024844304e-5,-9.788767622304463e-5
-0.009526058694921171,0.0014059709826119147,5.279667639147433e-5,5.288101178051949e-5
0.0008164019823093103,-0.0006081631622017898,-6.234885714147866e-5,-6.244844186377042e-5
-0.013499811003505141,0.0028146395452332508,5.5198279989380174e-5,5.528641493276604e-5
-0.0031019420054119082,0.0035269561902372846,1.9209417923484738e-5,1.924008705883107e-5
-0.0011314238445077345,0.008864305807738395,-8.778716401619137e-5,-8.792731226790904e-5
0.0005943465889182035,-0.0007604415859290572,-1.5554749318593695e-5,-1.5579572420654487e-5
0.0016447952069693255,-0.0019237450175209915,-7.914224937856749e-5,-7.926852520686716e-5
0.00011127261548654086,-4.0321913164259014e-5,2.8940615975463562e-5,2.8986776897422235e-5
-0.0014049169645611933,0.0008663262411378617,3.552192304083146e-5,3.557857365921064e-5
0.004946095048118413,-0.007367212185755692,-8.993475356421534e-5,-9.007816598384018e-5
-0.015106634133928478,0.0018267503712488004,5.41875484668067e-5,5.427391054911993e-5
-0.008296351007470478,0.0062922740646770186,3.201811798625196e-5,3.206914296996522e-5
-0.0006998201908963096,0.004198588393969588,-5.174359517797007e-5,-5.182604978290651e-5
-0.00038622951827015333,0.0012681841984414413,-6.44773884413542e-5,-6.458011338708157e-5
0.0011422834289254364,-0.0015049699099375818,-7.001352452801454e-5,-7.012503765498022e-5
4.934110827137824e-5,-8.47060785689005e-6,-4.09941569910146e-5,-4.105943045355928e-5
-0.002088864752057802,0.00031225482977824897,5.5507967402831825e-6,5.5596323588316135e-6
-0.00014491391769095053,4.085328241578329e-5,1.609425307930192e-5,1.6119866818028332e-5
-0.031230274218366945,0.006645352097074644,4.034519076905852e-5,4.040938963180567e-5
-0.0002768751333015932,0.0007516938860035648,-8.103103886086032e-5,-8.115997186561213e-5
0.001033934182169463,-0.0008949593513942125,-5.78653710622632e-5,-5.7957413226640406e-5
0.0011218936662791318,-0.00038012394321790537,1.7920101221006492e-5,1.7948597268301282e-5
-0.0026957145061130006,0.0013032808890692238,4.076013949767925e-5,4.082494530867187e-5
0.0006036520942700532,-0.0007851158853953455,-2.4578826426289457e-5,-2.461790081531896e-5
0.0016534440560293578,-0.001672174349009347,-7.45472057718972e-5,-7.466569375272282e-5
-0.018316015761175326,0.005293472983133091,4.982399985336665e-5,4.990316555032496e-5
-0.0006551321384635527,0.001455176922659169,-1.0508012829166211e-5,-1.0524707969641194e-5
-0.001386492064692702,0.011214605549589996,-7.743304153674184e-5,-7.755605620221186e-5
-0.0009017910070106891,0.0025705614885893394,-1.693622621448416e-5,-1.6963125820857825e-5
0.0005558417994488016,-0.003211649020920733,-9.01224828574527e-5,-9.026560586317575e-5
-0.0008166409728617332,0.0005888738466705804,3.168481318135359e-5,3.1735108229507984e-5
3.673881676664232e-5,-9.157141364643634e-5,-4.441991251390561e-5,-4.449041475633539e-5
0.0015601705724326473,-0.0016419019050505613,-7.228037664427028e-5,-7.239507149635079e-5
-0.015028473324108449,0.00502849071391952,4.94514543191579e-5,4.952989919394762e-5
-0.00019943545501194124,0.00045205945163806396,-1.3061055240095832e-5,-1.3081772550938299e-5
-0.0005031603164394937,0.0013466466566689223,-6.760243530572144e-5,-6.770964895812102e-5
-0.0009332650125622193,0.000978425827041504,2.348972741377661e-5,2.3526969976266338e-5
-0.0007123444551389678,0.0020067572273126436,-1.5980810819723977e-5,-1.6006145412895357e-5
-0.00021038388847961098,0.0007691147035985702,-7.428809317644673e-5,-7.440584574329091e-5
0.0007276511276211576,-0.0008271272880582669,-1.2162090885216985e-5,-1.218136243492747e-5
0.0007899120062855115,-0.0008570485660588262,-1.3432119482417505e-5,-1.3453399572712982e-5
0.0008742025210285891,-0.0008744867241051991,-1.1866195777394233e-5,-1.188499151743057e-5
-0.0008203148340185578,0.0007388433449562056,2.7476980705968e-5,2.752049543182224e-5
-0.0004067097333564681,0.0009113968338440046,-7.337846193547468e-5,-7.349465738628404e-5
-8.965027119508906e-5,6.322199524381131e-5,2.5692254796348456e-5,2.57329263996078e-5
0.0015084039520626385,-0.002682615382514592,-0.00010194850467476709,-0.00010210987296086189
-0.01563521802850325,0.0053448805286124505,4.82933267427654e-5,4.836973613044685e-5
0.0009891338798920814,-0.002325557837528922,-0.00010301545549043423,-0.0001031784347606785
-0.000247269188611224,0.00012332870156359058,-2.683460139046781e-5,-2.6877038758100154e-5
-0.0030098599149566167,0.0007386170649592486,4.446441585975422e-5,4.453471706668668e-5
0.000726127434303847,-0.0005414998659200439,-5.499478155119235e-5,-5.508172269662035e-5
0.0014098145692609172,-0.00037813155266479216,1.273280165423656e-5,1.2752925102425529e-5
-0.0005866604678879646,0.000229958723763856,-2.4250598467904187e-5,-2.42889190026928e-5
-0.03962499942255969,0.004812161083039544,5.183225969125133e-5,5.191414245928576e-5
0.0003351410051066943,-0.0005169484235936101,-2.837003564790679e-5,-2.8414850929398896e-5
0.0012504710847126195,-0.0014407005575759475,-6.083995851310033e-5,-6.093604585640457e-5
-0.000523609120121902,0.0002676697338556001,-3.690546034497778e-5,-3.696373063570926e-5
0.0016106544984456012,-0.0002923524248245366,3.4605420630929195e-5,3.46600444950057e-5
-0.0069972158541058566,0.00319173480849416,4.670497113004262e-5,4.677868491593113e-5
-0.00017202605626082028,0.0002862824344427166,-6.565879285479832e-5,-6.576241231071928e-5
0.00032323021921281585,-0.0002646122268934611,1.8807765385019687e-5,1.8837438533273645e-5
-0.001086719790618371,0.0013863668299084176,1.6925662295344758e-5,1.695236237952672e-5
0.0040602085235376725,-0.013149932382817024,-0.00010026996448095865,-0.00010042812236792968
-0.027555424409942724,0.0063886364361580746,4.272801643380511e-5,4.279537087916349e-5
-0.0005070260353994574,0.0013222024997977708,-6.095725230223963e-5,-6.105333714978963e-5
0.0008112744740378924,-0.0009495695426593902,2.9060921045310708e-6,2.910671637426582e-6
0.00029953430526784075,-0.00048789012181942466,-4.201083189009263e-5,-4.2077024192057487e-5
0.0007958918763658945,-0.0007605223359520606,1.1462034517654183e-5,1.1480089944180659e-5
0.0004531379919886111,-0.000645031077672878,-1.902142411825718e-5,-1.9051383086808197e-5
0.002219510438913817,-0.0027541770836041718,-8.718465145239726e-5,-8.73219425100303e-5
-0.009032262725513116,0.002527540290646439,5.149033212094209e-5,5.157138467876674e-5
0.0009204278445619575,-0.0011183502002657568,-3.3563485877760616e-5,-3.3616314602093506e-5
0.0014080565177133615,-0.0011469979671316233,-3.48144615403319e-5,-3.486924726995788e-5
0.001011193173908022,-0.0004937894140705592,-6.215554744537498e-6,-6.22533358602026e-6
-0.00407130434564878,0.0017775001537615933,4.3541733427060446e-5,4.3610224180834965e-5
0.001298697057935227,-0.0016983759504593714,-7.407134653887168e-5,-7.418784827098672e-5
-0.017452767125601922,0.007767638382851113,3.2633986437144625e-5,3.268529834737066e-5
-0.00045467452522165286,0.0024743088234758766,-6.756516293485792e-5,-6.767139307739807e-5
0.0009233271208278514,-0.0013421879846645327,-7.068279830817999e-5,-7.079389402925256e-5
-0.012388288234684991,0.0066630757999695134,3.942192847818712e-5,3.948387158761517e-5
0.00010336134823640136,-0.00045341728546899806,-8.740250731882677e-5,-8.753983259318406e-5
0.001317692771343557,-0.0010592443379082678,-6.84774866569126e-5,-6.85850359458667e-5
-0.008261708665331435,0.0014629758021418341,5.115355415115265e-5,5.123386654895274e-5
0.0014646307819758861,-0.001175895496632306,-6.866283887946989e-5,-6.877063158893024e-5
-0.00012665600337975842,4.2993407021334266e-5,9.415160584705649e-6,9.429935982761652e-6
0.0013820261188443404,-0.0002806285955145113,3.360200980583307e-5,3.365473334986874e-5
-0.0027147386631236592,0.0012961828501072711,3.99552955639805e-5,4.001798011523212e-5
-0.002922195618020885,0.003658144675715274,1.9259814719428318e-5,1.9290027562657858e-5
-0.0006744664026255505,0.0037831712558461903,-6.230821847710875e-5,-6.24059529278035e-5
0.004362547558909423,-0.02478217148313976,-6.876423191239221e-5,-6.887207832518661e-5
0.00039418310339117593,-9.694604694356998e-5,3.4801382759196694e-5,3.4855923953710346e-5
-0.0018008565651039209,0.0009961350798707276,3.620339601746879e-5,3.626012758667608e-5
0.0011769101493069405,-0.0016075793387966442,-7.330155033789584e-5,-7.341640281536586e-5
-0.0020653161245360006,0.0009729306392800008,3.706858306364845e-5,3.712664625897493e-5
0.0006573584908686727,-0.0007368665667471063,1.0869141922478236e-5,1.088616510506347e-5
-0.00012067542451480184,0.00018372506794795491,-5.3328860766504774e-5,-5.341237278045491e-5
0.0029541668689192003,-0.0026760798209644956,-7.28506419745174e-5,-7.296469607708951e-5
-0.04999584767444784,0.006080415712995735,3.976560175855722e-5,3.982783224715253e-5
0.0016737041453370688,-0.0037818298047758462,-0.0001070159564332338,-0.00010718342094564323
-0.01909252465715412,0.006902791474280396,4.160219822206673e-5,4.16672709134971e-5
-0.00037008444580240813,0.0011747300067460173,-5.901586675284596e-5,-5.910817180067986e-5
0.0011379596775158778,-0.0015984220480827435,-6.276348188809636e-5,-6.286162220601892e-5
0.0011692546978797585,-0.0006981261111141933,-1.1978575767450798e-5,-1.1997300928414664e-5
0.0002480802659274213,-0.00011897854374218509,-2.598813233413421e-5,-2.6028749688002404e-5
0.0008305270810972893,-0.000236339734836127,2.7967777092192378e-5,2.8011478434297503e-5
-0.00023130812312967833,0.00013233539190078778,-3.928902165327711e-5,-3.9350405025721527e-5
-0.019048140455234883,0.004037019598587356,5.24711367524721e-5,5.255309339370234e-5
0.000683674183510638,-0.0010676404984437614,-5.736602212983657e-5,-5.7455618062583594e-5
0.0007262593335073458,-0.0005318551312166672,6.917077932360686e-6,6.927878397569062e-6
0.0007773709317459927,-0.0006983038945042006,5.022213743014104e-6,5.0300542893733535e-6
0.0007962225401596312,-0.0008887490915654902,-4.621340175499796e-8,-4.6285537597686885e-8
-0.001994855977802174,0.0026741002176694493,1.6394502489156478e-5,1.642008911923969e-5
-2.8608722946802705e-5,6.435759758625838e-5,-8.318389284971881e-5,-8.331370395347363e-5
0.001006428700255124,-0.0009056055818539196,-1.2212267577195914e-5,-1.2231318014634504e-5
-0.004729456708438466,0.0037812018767559826,3.401435556190816e-5,3.406740614854757e-5
0.005570842472024506,-0.018670807630443056,-7.412167091625807e-5,-7.4237265313921e-5
-0.004407964104287853,0.000641068081507328,4.65332926601899e-5,4.6605811262715716e-5
-0.0008995286630066168,0.0005435878637848692,3.068603528065845e-5,3.073385252449423e-5
-0.001132272357862211,0.0014582936126889105,1.6193184538090083e-5,1.6218414955640767e-5
-0.0004404218053272985,0.0015527390606221826,-3.1420414242253036e-5,-3.14693648262108e-5
-0.0007404739248378253,0.004953859779435768,-7.793067887746171e-5,-7.805207510671344e-5
0.000708253848095889,-0.0008752926397995081,6.209285438782901e-6,6.218954403180214e-6
-0.0004746096547103682,0.0009099949758039996,-3.35808938630209e-6,-3.3633178089636235e-6
-0.00010180552987420492,0.00030306502411390823,-4.251085752871763e-5,-4.257703656517554e-5
-0.0015352112988810947,0.0029077797809501076,1.710706779670787e-6,1.7133693458375003e-6
0.0007211080028434032,-0.0037426835141634394,-8.942852410457411e-5,-8.956769719863649e-5
-0.0012465257972233308,0.0008632264180974782,3.3392077702330465e-5,3.344402064344955e-5
-0.0005445346319305516,0.0010269033212179572,-2.2218416238821454e-6,-2.225297442358133e-6
-8.380289445171305e-6,0.0001151297501445865,-3.5182331544502616e-5,-3.523704645512839e-5
-0.0012556048076868109,0.01004375727689497,-8.483030877073883e-5,-8.496222238333549e-5
0.0019450019544271465,-0.0026820576422534824,-8.9149593418434e-5,-8.928817538556954e-5
-0.020540582009976757,0.006608128247399285,4.2074417628797414e-5,4.2139798010969734e-5
0.00015059386143504867,-0.0005001223703927258,-8.959658414620053e-5,-8.973580214742187e-5
-0.009213749002934759,0.006568980030148365,3.051196864388178e-5,3.055936186778566e-5
-0.0007740116267926699,0.004812614649671883,-5.340090918762713e-5,-5.348384990284728e-5
-0.0002880214830840294,0.0010265660076252722,-2.7388668569580194e-5,-2.7431199294048863e-5
-0.0004012920433398,0.0012577492408392043,-5.9778906436565634e-5,-5.987171833735533e-5
0.0008771817225873237,-0.0011965208690984876,-4.252314210318266e-5,-4.2589145200843e-5
0.0008784648942798547,-0.0006905113493754811,-6.227771690960967e-5,-6.237435999015183e-5
-0.0018095002839801503,0.00040337735441075574,4.141936800680692e-5,4.14836226258707e-5
0.00030994711751340074,-0.00021317811712291544,1.8972761510221916e-5,1.900219113919788e-5
0.0020577113540680534,-0.002109695337519284,-8.093027374140166e-5,-8.105579153869672e-5
-0.013207359016554773,0.002557970862380442,5.27324444110168e-5,5.2814198031658454e-5
0.003685105881155023,-0.003885413092536874,-7.893080217953508e-5,-7.905316258507238e-5
-0.030493357699710618,0.0038031934492287387,5.334603790448162e-5,5.342869959874989e-5
0.003534969004583819,-0.0041562366745984845,-8.51346849557559e-5,-8.526659559964078e-5
-0.0016981520366130738,0.0002723340730950828,3.680128934705332e-6,3.6858284929644774e-6
-0.001987498854424566,0.0002514878199155783,4.1770346090052e-5,4.1835025598737995e-5
-0.007232674261881467,0.0035906460950839085,4.389082000643699e-5,4.3958776058356224e-5
-0.0009064749417787139,0.0019897381013344153,-6.147035084395369e-6,-6.156551750187487e-6
0.005625564005271623,-0.0216011753971462,-6.548663117624586e-5,-6.558800271286514e-5
-0.04446865518557025,0.006578795720485622,2.1666519704745356e-5,2.1700034407351153e-5
0.0003419367155685688,-0.0014286259008178628,-8.751818246078663e-5,-8.765355382275028e-5
0.0010948031568871882,-0.0008538004099040721,-9.800727941432856e-6,-9.815881539604624e-6
-0.006983005908756339,0.004923540148973242,3.595057844403306e-5,3.6006154018243255e-5
-5.9418244165280225e-5,0.0002006262928713904,-4.582853885165247e-5,-4.5899379308189244e-5
-0.0009851809825109576,0.0019221709969315692,-4.5965000834000345e-6,-4.603603564604292e-6
0.004615602063622246,-0.036487739598887396,0.0,-1.2132563626927896e-16
-0.002487262247418041,0.0003442435255545144,5.869990546437814e-6,5.8790530833929466e-6
-0.04152722480363887,0.005365519619729817,8.515871544569393e-6,8.529016694268962e-6
0.003725028216658599,-0.02022997636134093,-8.155757257765225e-5,-8.168346084228895e-5
-0.024939791555544252,0.007729981387700589,3.3465560189204844e-5,3.351718254431314e-5
0.0001549522283304003,-0.0007011819898353941,-8.524248242526066e-5,-8.537396672848165e-5
0.0008269133956817047,-0.0006838719322198795,1.7891918063070072e-6,1.7919505197411446e-6
0.0008204849502898447,-0.0007790699700273945,8.706337446008452e-7,8.719759379699766e-7
0.0020742230851626764,-0.002267485622734862,-8.335200591426991e-5,-8.348048323098892e-5
0.0021170236517700624,-0.000435204850671706,2.2805356534023353e-5,2.2840494931991032e-5
-0.019833308999000744,0.007473252682857676,3.562759438058865e-5,3.568248175257378e-5
0.0009283337775991091,-0.0039074311372399905,-9.272057859118009e-5,-9.286341488749355e-5
-0.010036884048222144,0.006461235369060436,3.476587470551636e-5,3.481940843132407e-5
0.005496968836454902,-0.02513515930500175,-5.928569134454832e-5,-5.937697556547247e-5
-0.0017598491104262534,0.0002944353983968873,4.2257685921018415e-5,4.232270323321558e-5
0.0001530029650553744,-7.90344036037285e-5,-4.713113410588214e-5,-4.7203642244364063e-5
-0.039506312928722705,0.0068292440680047875,2.786522302361315e-5,2.790807913799768e-5
-0.00013384388379754982,0.00042824005921073916,-7.935714593086646e-5,-7.947919015283886e-5
0.0008433686771087922,-0.0007738605095854732,-2.9555996564363085e-6,-2.960143537779956e-6
0.0012788282187577856,-0.00126298466978857,-3.398871760323634e-5,-3.4040962480923086e-5
-0.0058332904497212495,0.0036042683536018157,3.9033484315527573e-5,3.909347039909155e-5
-0.0004165003351704538,0.0010303964726884162,-5.245546751919499e-5,-5.2536073659949254e-5
0.0007371943219734837,-0.0009547857060255219,-3.169027309149811e-5,-3.173895824363666e-5
0.0003915870132944042,-0.0003547461362429292,1.841240149132809e-5,1.8440682147863108e-5
0.00030280534155444126,-0.0004663059045592495,-1.2935414992247514e-6,-1.2955280713089085e-6
0.0006521726653041659,-0.0015128905493485996,-9.400510877369905e-5,-9.41494581957656e-5
-0.011454774490316837,0.005926546069546888,3.968488438250523e-5,3.9745799896769074e-5
-0.0003453932717581542,0.0011225443271373342,-5.5785085621211356e-5,-5.5870708886602886e-5
0.001768689437653455,-0.0025775174030705666,-9.271030076111393e-5,-9.285256304983898e-5
-0.02114816514152673,0.006314409936315438,4.264104228902029e-5,4.270644932103653e-5
0.004120699071115314,-0.011210785445468326,-9.675535903254021e-5,-9.690376324516583e-5
-0.0348186720784222,0.006967432229354095,3.160966117850212e-5,3.1658116032365364e-5
-0.0003748833111140205,0.001248723114351373,-5.913852943814115e-5,-5.9229179429245237e-5
0.001626528544448561,-0.002253274978591462,-8.298504931643182e-5,-8.31122181212706e-5
-0.004476425764501931,0.0016625332713924633,4.312743963495999e-5,4.319350719408313e-5
-0.000350410650676374,0.00038836550080820095,1.8042418290945207e-5,1.8070055003088938e-5
0.0016092912381775444,-0.004134367748417275,-0.0001040456424333031,-0.00010420499813120543
-0.00013705234649976522,6.555578358325071e-5,-1.6693098038191688e-5,-1.671865394996284e-5
-0.0013665649054126127,0.0003538305153684277,3.85178152628744e-5,3.857677080756907e-5
0.000882386713851289,-0.0006121801199287417,1.926232977803269e-6,1.9291809530858095e-6
0.0006029654472924084,-0.00047000784195949083,1.2407341846468198e-5,1.24263273845875e-5
0.0009124695031751992,-0.0010055256527850352,-2.3275916931840473e-5,-2.3311528312772135e-5
0.0007042901866913919,-0.000603024407133122,1.0772531524820581e-5,1.0789009882855611e-5
0.0007656957846121846,-0.0009195943543633369,-3.1191675764866173e-6,-3.1239381737072583e-6
0.0006590311041154118,-0.0009508758757109912,-4.526851127503475e-5,-4.533773615248643e-5
-0.0037544349619346223,0.002940827826645687,3.30977619869318e-5,3.3148363407326775e-5
0.0003405873673366983,-0.0010472499079458683,-9.131207933549295e-5,-9.145166951868241e-5
0.0005646605839529427,-0.00037163155381221053,1.1614015515218136e-5,1.1631763411975585e-5
0.0014153582745911504,-0.0012371859779388595,-3.5443696272851914e-5,-3.5497851353881804e-5
0.000597577934480861,-0.00031464730395091477,1.3274360106180395e-5,1.3294637677092345e-5
-0.0007421781179939973,0.0005059960683927926,2.9286814575467903e-5,2.9331545727906744e-5
0.0005285691141157695,-0.0008565597909553904,-5.405365216200994e-5,-5.413620165812557e-5
-0.0026370343361649365,0.0020049281578591377,3.297925235113547e-5,3.3029604849737345e-5
-0.0009362329614982576,0.002370127400809548,-1.4117990701496314e-5,-1.4139543957996311e-5
0.0010003009031281619,-0.006672360493646995,-8.811809677999023e-5,-8.825260872607727e-5
0.00034930643015955307,-0.00022775957328391235,1.6739906721895656e-5,1.6765447329066285e-5
0.0004005229676012036,-0.00038563808076273867,1.7885387334099374e-5,1.7912671830301244e-5
0.004642226205295418,-0.007933285890976086,-8.781956534454641e-5,-8.795351923120152e-5
-0.02989736625721967,0.0038510894845901708,0.0,0.0
-0.0008689885440474668,0.0061279479009890446,-6.263109041363917e-5,-6.27265685484392e-5
-0.001026917597227702,0.002694566802575081,-1.2198129351826158e-5,-1.2216720438018212e-5
-0.0002625527322060302,0.0013057128953737614,-4.074045776082362e-5,-4.0802542326251466e-5
0.0028831456723124433,-0.008370382808431262,-0.00010392489094632684,-0.00010408322983814552
0.0013594137168016173,-0.0004010984157749528,2.0241145001787227e-5,2.027196820637819e-5
-1.0679719850151844e-5,2.4380952016765826e-8,2.3382720270749223e-5,2.341832250481e-5
0.000715502469662503,-0.0005749108751489288,6.967833272862883e-6,6.9784410037508e-6
0.0011454049088466863,-0.0011708424750104533,-2.705862540997619e-5,-2.7099812864505415e-5
-0.0030538443366979343,0.002191592015814211,3.441886413402959e-5,3.447124427010646e-5
-0.0003472186851768442,0.0008632106819435332,-1.546717894284551e-5,-1.5490715438174567e-5
0.000318976836089025,-0.0010049779795930879,-9.036019978092582e-5,-9.049768082818282e-5
0.0011164831878649345,-0.0007406817616311777,-6.769670524374136e-6,-6.77996659971363e-6
-0.003734000229044857,0.002298051560155257,3.758562109859784e-5,3.764277541066147e-5
-0.00036805080432176997,0.0007798717931156053,-8.69692407010505e-6,-8.710147787690663e-6
-7.32360741443958e-5,0.00021372613549425573,-3.791347232488208e-5,-3.797111195856572e-5
-0.00013696869463859684,0.0002527146199186725,-3.6158202248586024e-5,-3.6213162066659755e-5
0.001808950270081119,-0.0024651795686368326,-8.45528971212835e-5,-8.46813893670811e-5
-0.0005851957319901991,0.0001958626943355975,3.116359378189463e-5,3.121093572168102e-5
-0.00947378255911692,0.006585930279931872,3.0475900012089976e-5,3.0522191648509484e-5
-0.0008084763265370911,0.004685971453884261,-5.194894772168057e-5,-5.202785115476852e-5
-0.0005836255086509328,0.0026675080507739075,-3.572494314035441e-5,-3.5779195570333776e-5
-0.000606527171620284,0.0027939252379609114,-3.7502738619887876e-5,-3.755968178853054e-5
-0.00029049092413544495,0.0013152246995486573,-7.079930410282854e-5,-7.090678752365293e-5
0.0014576059832146872,-0.001676246552508976,-5.346838737811786e-5,-5.354953267509095e-5
-0.0018225394183185538,0.0009538544600563448,3.4187164303101896e-5,3.4239034521521725e-5
0.0004793992786858916,-0.0005973749701642141,8.463969654307787e-6,8.476810142471322e-6
2.7710262900594243e-5,-6.610157472565788e-5,-2.7230752917614626e-5,-2.7272058783359656e-5
0.002549863920400014,-0.004423461040108221,-9.879368114241321e-5,-9.894351188737167e-5
-0.03114058311985599,0.0071019596258282075,3.1279403550572844e-5,3.1326820406343187e-5
-0.0002636076517207094,0.000927315289474503,-5.339637961915324e-5,-5.347732009096542e-5
0.0008518991145467073,-0.001376119389758175,-7.454405205461838e-5,-7.465702050817563e-5
-0.0023081275529177065,0.0012234243604586853,3.627047327165081e-5,3.6325423122279884e-5
0.0027509987144893277,-0.0037879283888516417,-9.189003958059442e-5,-9.20292387786923e-5
-0.026796891788695158,0.00531064819202983,4.505915188931116e-5,4.5127380444618446e-5
-0.0003812328317953558,0.0007406407701598472,-5.0808229885755e-5,-5.088515928174952e-5
0.0016532555405537337,-0.0017371973983915517,-7.179306731089372e-5,-7.190174399173476e-5
-0.004007773909797683,0.0011948799121198669,4.2368811125291e-5,4.2432926489139866e-5
0.00010953486904265966,-0.00010918826970594932,2.1165908065329973e-5,2.119793455693301e-5
-0.0005155378094165456,0.0009660354861022601,-2.5438707758325316e-6,-2.5477195047463057e-6
0.0021914034119712806,-0.006902519998159979,-0.00010271808228188005,-0.00010287346904478407
-0.009237049008999491,0.00359252573453833,4.567842915620366e-5,4.5747496275615676e-5
-0.0015554931414647891,0.002890936854463527,1.6966256216872803e-6,1.6991907709909307e-6
0.0031430411822150313,-0.015976753815652785,-8.728738248845408e-5,-8.741933997625259e-5
-0.000937308994404977,0.0003637025319970811,-1.9725963928087308e-5,-1.975576752448304e-5
-0.0081472086719865,0.0015932339968678388,4.819729961810392e-5,4.8270103810563366e-5
0.0014542474898970813,-0.001275736798746271,-4.29152958932572e-5,-4.2980115755163496e-5
-0.01615148188910912,0.007229775170978667,3.6186738448146404e-5,3.624138229516199e-5
0.0016145459965203797,-0.006462153007129017,-9.598129421563188e-5,-9.61262225571676e-5
-0.014323264479363261,0.007316956039243472,3.3789682428144414e-5,3.384067994376729e-5
0.0060042089604923216,-0.028139724312826225,-2.903693042666394e-5,-2.9080752269327888e-5
0.00020575041505344402,-5.8410966784066816e-6,1.8490588705199048e-5,1.8518472082857392e-5
-0.00518753347526115,0.0012494599460652473,4.486665513413001e-5,4.4934303796953604e-5
0.0010658121690783429,-0.0009183140592664245,-4.95524574755387e-5,-4.962716421324683e-5
0.0005959031744164575,-0.00021919420714390818,-4.922809146415128e-6,-4.930229017987692e-6
-0.0024680554819170608,0.000819493027353619,3.811286084926065e-5,3.81702958273201e-5
0.00254345892095526,-0.0021568405075441666,-6.703635309841666e-5,-6.713736411380714e-5
-0.0446931979455064,0.005537075769125185,4.232144913248278e-5,4.238519483028001e-5
0.0019341670539395122,-0.0036806057144078406,-9.985479977826446e-5,-0.00010000519599888891
-0.009412392347513617,0.0027777093946406146,4.788190907504004e-5,4.795399562606593e-5
0.00040610234372345897,-0.0005300722180583239,6.827445524642641e-6,6.837723451505628e-6
-0.00042999765455610793,0.0009161865076313948,-4.8874986307531484e-5,-4.894855260926839e-5
-0.0029424798958407657,0.003426574393361851,2.019446141358681e-5,2.022485085645982e-5
-0.0005511761241764533,0.002650573426725644,-3.712473802576516e-5,-3.718060011522521e-5
0.006079656947773663,-0.02459709769117493,-5.4510067192549625e-5,-5.4592075412423934e-5
-0.0016531313250575438,0.00026271636678327386,5.905010303141228e-6,5.9138876786909635e-6
0.0015287101624954834,-0.0002290372901454441,3.2121308797734704e-5,3.2169590723806374e-5
0.0008835705211303899,-0.00037095020355144213,-3.83154203562572e-6,-3.837300620589266e-6
-0.003490615235473387,0.0013625682488845364,3.990794302704926e-5,3.99679117864928e-5
0.0007675723635379867,-0.0008486528272903623,-4.458855638938115e-6,-4.465555183724161e-6
0.0010531392261905312,-0.0013012938962884957,-4.374900124870664e-5,-4.3814724756830984e-5
-0.002807945489522695,0.0018803102911481907,3.429311552568315e-5,3.434462165204654e-5
0.0027596168585048066,-0.005690730301949948,-0.00010137082723154225,-0.00010152306572910487
-0.0009551318929480103,0.00022485063267441708,3.7384069386422355e-5,3.744018587723938e-5
0.00030509572189131145,-0.000190174057412395,-4.940333007857419e-5,-4.947748044649378e-5
0.0010113015337221273,-0.0001893635630260356,9.92055261157179e-6,9.935438298099092e-6
-0.02806580226507616,0.0072856784431902175,2.0992247727645463e-5,2.1023741501102485e-5
0.002287088047056909,-0.012763485006020694,-8.692626356563412e-5,-8.705666989770948e-5
-0.004901620090008158,0.0022853108752352333,4.124911331609818e-5,4.131096178525325e-5
0.0011929870037172081,-0.0018948734990335003,-8.738594992176e-5,-8.751696368000901e-5
-0.0035313577625277746,0.0013265239193490435,3.9977470249185905e-5,4.0037385661170476e-5
0.0011334747030954668,-0.0012155006475050233,-2.9985492912333093e-5,-3.00304285251142e-5
-0.008395278183860242,0.006054916762817349,3.1089375827158226e-5,3.113595604404735e-5
-0.0005785106180148049,0.0028955952752918487,-3.922740788441338e-5,-3.928617718619826e-5
0.0034940562804086873,-0.014107561783619754,-9.172621754666187e-5,-9.18636156886603e-5
-0.011199234998908575,0.003452733255802082,4.757071287983435e-5,4.7641929199576054e-5
0.0004521618159207554,-0.0006897981763294215,-3.853291731595505e-6,-3.859059909006073e-6
0.0008948141097443054,-0.0018759007052889037,-9.255294564559616e-5,-9.269147305873659e-5
0.00048001950457351436,-0.0002221714882587031,1.7201348074830833e-5,1.7227084537795326e-5
0.0012046939270557832,-0.000820031197153776,-2.704520279620916e-5,-2.7085661897359685e-5
-0.006399584676807097,0.0027566530167340312,4.3075209280088685e-5,4.313963533559975e-5
0.002627714985373709,-0.004319185816948196,-9.537346991731168e-5,-9.551610459066108e-5
0.0018836503734427396,-0.0003910489572201934,1.5407678569093514e-5,1.543071103938836e-5
-0.003622286793543602,0.0011572418753065122,4.081765536806131e-5,4.087866369453242e-5
0.0017828434990177513,-0.0016449952833317923,-7.216772902104598e-5,-7.22755840964606e-5
-0.02732228126441672,0.004700418517209602,4.6774567446998084e-5,4.684444702102479e-5
0.0019051871666911709,-0.0031899043879376645,-9.574595840033582e-5,-9.588899106003332e-5
-0.008623545365020817,0.002391663317220797,4.7091265200472e-5,4.716158506812255e-5
0.00232113269468674,-0.0027036072482925525,-8.113764773725844e-5,-8.125879781973981e-5
0.0005729793731579457,-0.0001212854290916686,5.067186299913638e-6,5.074749589513607e-6
0.0016880538084297371,-0.00043579387140311245,2.2020511820182047e-5,2.205337429643361e-5
-0.015510890542947698,0.006988601458290452,2.275427141818448e-5,2.27882244345991e-5
-0.001072036749039506,0.008297746155759454,-8.06613232787557e-5,-8.078167742613972e-5
0.0014629802294739162,-0.0018399281175718748,-7.256352581444811e-5,-7.26717591942664e-5
0.0005172630123552804,-0.00019626523203636215,-7.336999145230967e-6,-7.3479394433047654e-6
-0.0011867527928697964,0.0004100727791396442,-1.759080514719461e-5,-1.7617030229572752e-5
0.0005626216302188393,-8.90902551934392e-5,3.5385627593607346e-5,3.543837012145256e-5
-0.007795007313928038,0.003781181038104274,4.132376000588914e-5,4.138534679370278e-5
-0.0012019679462495132,0.0027425710644157493,-7.129546014975673e-6,-7.140170711076753e-6
0.0015666349823590536,-0.007708932559967303,-8.88013224850082e-5,-8.8933642422856e-5
0.0010631729854415225,-0.0005963068923548715,-2.199538139635256e-6,-2.202814041578746e-6
-0.0030135581338064116,0.0016766073322426888,3.63094221613002e-5,3.636349085128313e-5
0.0005672145487471008,-0.000947404336151327,-6.578879575650298e-5,-6.588675303533968e-5
0.0006594333669109327,-0.0004174822319070745,-3.431138513637306e-5,-3.4362459527984235e-5
0.0010703618639944434,-0.00034806461123631247,5.134652772290002e-6,5.1422942325545916e-6
-0.011549261937569524,0.004263318263982575,4.4591335737712954e-5,4.465768654806957e-5
-0.0002361906926610737,0.0004375346532502526,-6.693860773406174e-5,-6.703820364662526e-5
-0.002785208479805819,0.0021100158293095705,3.157581185285089e-5,3.1622779454011144e-5
-0.0005047413062384936,0.001239870285176307,-5.159406358495749e-5,-5.1670800595141144e-5
0.0007625787264895399,-0.000945969304786283,2.5261470971551145e-6,2.52990339137508e-6
-0.00019809113129791428,0.00036024556837476097,-2.9599624603434526e-6,-2.964363219978224e-6
0.0026269053672351504,-0.007329599264471964,-0.00010167104715522379,-0.00010182218829242834
0.0010736243314564057,-0.00032964547071212227,2.228895624879137e-5,2.23220741150276e-5
-0.0077754182935204814,0.004063662637060679,3.96712759072779e-5,3.973021342482112e-5
-0.0007810291271595604,0.001976523362396927,-1.2367935795091376e-5,-1.2386308807423466e-5
-0.00021640137842051494,0.0008083557970617524,-5.069276638658545e-5,-5.076806238927516e-5
0.0026148752944292896,-0.004406079383485205,-9.518570448365559e-5,-9.532705303099172e-5
0.0021523976663051394,-0.00045944065645789654,1.845974973281224e-5,1.8487149802712428e-5
-0.0006918267878428243,0.0002635714315552744,-1.660229240228169e-5,-1.6626932055079106e-5
-0.00941005934115186,0.001925887364249558,4.763269344521952e-5,4.7703370670091775e-5
0.0014942812377750278,-0.0014373604977563675,-4.450199615644433e-5,-4.4568022601469684e-5
-0.0004106814230423642,0.00020912429403769018,-3.115584887440446e-5,-3.120206298980947e-5
-0.004130929233554316,0.0008881712732141103,4.273417975000186e-5,4.279755305945585e-5
0.0007243074107668208,-0.0005509027261206944,-5.188255104918193e-5,-5.195948380380596e-5
-0.0008641007603033729,0.0002626713521988916,-1.1653179501583367e-5,-1.1670454447617006e-5
-0.004004172318200456,0.0005959041625326786,4.2745706239224435e-5,4.280906002287783e-5
0.0005262055136235592,-0.000328041577351116,-3.583781016270335e-5,-3.5890920789796986e-5
-0.006890134244631402,0.0021228272893590514,4.4730825286688625e-5,4.479709961575422e-5
0.0007170036296617956,-0.0008309457968886484,-7.558396531945944e-6,-7.569594263535572e-6
0.0007603247864958401,-0.0009395547644932237,-2.720004828731219e-5,-2.7240338536118514e-5
0.000785183697154516,-0.0007073614248356648,2.0688569692114583e-6,2.0719208718757758e-6
0.0007963704356674713,-0.000859476127952272,-3.0282352321116614e-7,-3.032719265808166e-7
0.0006055843632795053,-0.0008061455502579542,-2.758536816289063e-5,-2.7626208824304138e-5
0.0008003963578078564,-0.0007761142636608523,5.037998067434992e-6,5.045455454715714e-6
-0.002417365787188583,0.0030660671051177387,1.6417891124802373e-5,1.644218987798752e-5
0.0008348627741998833,-0.003861137305574068,-8.56949684143417e-5,-8.582178732884579e-5
-0.0013085332891031643,0.0008649724106925206,3.0524863056640526e-5,3.057001735528612e-5
0.0002792007208527831,-0.0004782829094735805,-1.869779963778489e-5,-1.8725455778070238e-5
0.0004743027589857075,-0.0007853537213690627,-5.243572657435872e-5,-5.251327173412811e-5
-0.00032636648673208744,0.00024231940203586904,2.466597188451062e-5,2.4702440551857807e-5
0.0028537881809034783,-0.0047733281300418855,-9.334978827178059e-5,-9.348779088772161e-5
-0.0009218538748726527,0.00020927975729471602,-2.974333980678198e-6,-2.9787290460385443e-6
0.0011829858530364933,-0.00015589548286284205,3.203965825137143e-5,3.2086993070278256e-5
-0.001523386512441068,0.0006235309733469811,3.170026903856505e-5,3.174709735245837e-5
0.0027854882534110556,-0.0024693106158897656,-6.721302416685977e-5,-6.731230147463282e-5
-0.0007174762368075224,0.00011049396588137336,1.4876616143976312e-5,1.489858117947693e-5
-0.032559273323422636,0.006998223602386497,2.765102991639332e-5,2.7691850446105384e-5
0.004292983897755088,-0.01615024002024237,-8.491151342717548e-5,-8.503686063573996e-5
0.001938664083728745,-0.0004355596178013459,2.3053000683323892e-5,2.308701108602628e-5
0.0009898529388345614,-0.00041902442203449827,-9.516841467955122e-7,-9.530880005354354e-7
-0.000357926912577158,0.00016287470978037697,-2.168229408714329e-5,-2.1714272852206323e-5
-0.0014604284527890673,0.000338553402804349,3.721273677167226e-5,3.72676091489813e-5
0.0009117359685511598,-0.0006083292015361045,8.612571074144171e-7,8.625269501622633e-7
0.0009767901500914965,-0.0007178324919219336,-3.6398917726178287e-6,-3.6452576004490587e-6
-0.0008788730347350527,0.0006402165856325498,2.7804946802784723e-5,2.7845929342799814e-5
-0.000107011061792732,0.0002074319439863009,-5.609638514166127e-6,-5.617905877186321e-6
0.0018938365307433177,-0.005104018501128632,-0.00010007468186992275,-0.00010022215019739902
-0.0009049336067632833,0.00036309877058775665,-2.4692965543009563e-5,-2.4729336698576084e-5
0.0006950665634831871,-9.850402273996734e-5,3.424568514119643e-5,3.429611455774298e-5
-0.00026268104278961003,0.00013765474678442192,-3.4335349518171406e-5,-3.4385905652655365e-5
-0.037515752453301694,0.005009036483925597,4.392113797239235e-5,4.398579080123991e-5
0.00015330690066754486,-0.00029227597070372366,-4.7729727371473955e-5,-4.779998271938314e-5
-0.005878161050465729,0.005299957950052543,2.3064214700876918e-5,2.3098156008776113e-5
-0.0006761905217509099,0.004342222345031685,-7.050745523595918e-5,-7.061120742908117e-5
0.0020880068103155593,-0.0026039624450537834,-7.986545960508481e-5,-7.998294228455767e-5
-0.019150205542022316,0.005581284065545824,4.205094549462905e-5,4.2112781677008683e-5
0.0021389346923800004,-0.005066284024592914,-0.00010033616178182171,-0.00010048369797556807
-0.023241589958430654,0.007497131210560367,3.058013969418686e-5,3.0625085385229844e-5
0.0007671667360267726,-0.0032988966627816537,-8.643101850137026e-5,-8.655804580936401e-5
-0.002504486854378102,0.001638018885204143,3.274943595058491e-5,3.279754788933863e-5
-0.0002162116994062437,0.00037973173644915964,-6.363439501238656e-5,-6.372787105369184e-5
0.000992249778734982,-0.0007699908016939697,-5.847165876819542e-6,-5.855752790908441e-6
0.0009954155435934714,-0.0007668258891152519,-5.758159347888847e-6,-5.766614141356428e-6
0.001117967495711505,-0.0008547623782522583,-3.4256680783734235e-5,-3.430697201286122e-5
-0.000546282941246099,0.00023292117556007643,2.5517488991443992e-5,2.5554942233425885e-5
0.0010499348613156865,-0.0008489761071165747,-9.701971265375994e-6,-9.716209579049939e-6
0.00011999898332504528,-9.81050224518936e-5,1.8702315758473216e-5,1.8729757967782756e-5
-0.002771299856426148,0.0035326739354108803,1.3401030740553208e-5,1.342069185700623e-5
-0.0007861176339865548,0.005214748811811719,-6.830991766780947e-5,-6.841013017823884e-5
0.0004132424942330462,-0.0005976022192841141,-1.9621123530965287e-5,-1.9649899119418842e-5
-0.0029209533272477593,0.003594771527817353,1.4167912255394323e-5,1.4188686700757488e-5
-0.0008982450064004963,0.006270083744896894,-5.932275084334929e-5,-5.940972975844915e-5
-0.0005403912993182056,0.0016121279117459234,-1.929736112746084e-5,-1.9325648934232707e-5
-0.0003594737703884977,0.0012557657303449215,-5.4282958954632275e-5,-5.4362520225932054e-5
-0.000917829391857676,0.0013616373947065881,8.177575958043504e-6,8.189558618385748e-6
-0.00020078251220209873,0.0006634614066897026,-4.674763827602659e-5,-4.681613069029018e-5
0.00370267812530843,-0.006206456037404792,-8.925449282313359e-5,-8.938523418460645e-5
-0.03948915210126099,0.006226451890812522,1.4683144306532954e-5,1.4704641955021158e-5
-0.00021732599211084742,0.0010090869725140194,-5.0529851461118236e-5,-5.0603829663336205e-5
-0.0012265787578325414,0.002306808349811077,-3.704627575416557e-6,-3.710049976811742e-6
0.0014355838583258072,-0.01083531292124083,-8.492809863353604e-5,-8.505239646818189e-5
-0.004072210872397363,0.002164051932247745,3.728573335299842e-5,3.734027470032035e-5
0.0001435808457091057,-0.0002633208972193946,-2.422179087515952e-5,-2.4257219225198133e-5
0.0013706417635166994,-0.0020205991334746333,-7.747957223251606e-5,-7.759287855306804e-5
-0.006604905843761513,0.0027581165290503757,4.179173654117859e-5,4.185283374738483e-5
0.0004568942946534137,-0.0007779994675476837,-5.44646780393278e-5,-5.4544295856663975e-5
-0.008106484616136497,0.006160141479850599,2.5316281759085565e-5,2.535328060937857e-5
-0.00029542926546991406,0.0018383737284119227,-7.634570211910385e-5,-7.645727209306423e-5
0.0007988708684140162,-0.0007655984078032348,7.653381742776478e-6,7.664561889808199e-6
-0.0014354812893868118,0.0019418005191317587,1.2481565435064858e-5,1.2499796175996203e-5
0.004888922624244366,-0.01828613036820131,-7.52066788366788e-5,-7.531651610687441e-5
-0.004896759808114617,0.0009182503890369737,4.288372533349888e-5,4.294631608848718e-5
-0.0006684121899688577,0.000480468650677175,2.6343394479519923e-5,2.638184040851486e-5
0.0006299088839241819,-0.0011030342853868003,-7.003344546109298e-5,-7.013564254672353e-5
0.0009394763609958278,-0.0005647009263834694,1.62066269653857e-6,1.6230269925970122e-6
-0.0005935807880065383,0.00038034964707518633,2.534000312880946e-5,2.5376964476097544e-5
0.001263155731408974,-0.001711956628842481,-7.015294116090133e-5,-7.025525587472492e-5
0.0010458784846992923,-0.00046228853563582106,1.691973721080061e-6,1.694440664470443e-6
-0.015102007284102568,0.0071258651467779625,3.278820565665644e-5,3.283600410527179e-5
-0.00036591303173226866,0.0015133617391797465,-6.0906963750103196e-5,-6.099574861078073e-5
0.001145958055414272,-0.0015248462424402047,-6.515165042415751e-5,-6.524659547726733e-5
-0.014401826824875041,0.006909580226498172,3.359434845968356e-5,3.364329170439032e-5
0.0017012456843413608,-0.006953183409512646,-9.051368438161778e-5,-9.06455452567674e-5
-0.012845659792943285,0.006568289635668334,3.431090055311033e-5,3.436086232464751e-5
0.0006598568116415346,-0.002572794050790528,-8.649763632136772e-5,-8.662358217568566e-5
0.0012099030562053945,-0.0007958784777796294,-1.3478480196538635e-5,-1.349809796386258e-5
-0.0009276736569195282,0.0004951061040539283,2.6545341272702925e-5,2.658397071091751e-5
0.0012620606404114996,-0.0013707634470769945,-5.284036515936242e-5,-5.291725091905716e-5
-0.0030171222337561404,0.001419171704306804,3.659102858391107e-5,3.664425727713353e-5
0.0006706407312242784,-0.0009046802645104717,-6.072269132470803e-6,-6.081101571509374e-6
0.00021987781444355765,-0.00037430616051726547,-3.9012660405446005e-5,-3.9069397976984235e-5
0.0018829729644714336,-0.0018223343709931443,-6.891405266255933e-5,-6.901425566583498e-5
0.0007697621069835723,-0.00015958125225389318,6.246129140519576e-6,6.2552082199378265e-6
-0.01749779254717232,0.004576875949157858,4.425864526633606e-5,4.432296753776847e-5
-0.0001342991230114353,0.0002241412017896477,-4.090498761948544e-5,-4.096443218958859e-5
0.0013884631743898822,-0.0015809353442310086,-4.832094174170373e-5,-4.83911484683996e-5
-0.001273788996378914,0.0006915570970749885,2.883989634553603e-5,2.888178855183716e-5
0.0012743389967864462,-0.0015280394031606875,-6.151025412810927e-5,-6.159959278728453e-5
-0.004923130481787478,0.002205834945093953,3.9311056647371835e-5,3.936813734469538e-5
0.0003712541413026741,-0.0005561318312538028,-1.458049049745692e-6,-1.4601659908425258e-6
0.0009281976806992863,-0.002098731376859737,-9.109357881860286e-5,-9.122582027144672e-5
-0.0017939385471146421,0.0008162523750252934,3.144282703679709e-5,3.1488456158088706e-5
0.0008251640943168634,-0.0008605710714967025,3.7432757289214485e-6,3.7487072997630917e-6
-0.0021898068268595998,0.003046000164816336,1.1797488530156394e-5,1.18146045553222e-5
-1.659033668692916e-6,-5.6095993011260063e-5,-7.478163484337393e-5,-7.48901201202676e-5
0.0020383899107016133,-0.0018241001759040853,-6.7926775571675e-5,-6.802528047060243e-5
0.0014658598313586956,-0.00021529108763019354,3.0826694784618475e-5,3.0871382392523844e-5
7.778916311414266e-5,-3.673668956306775e-5,2.1964312652754986e-5,2.1996149561429956e-5
-0.008469181068271726,0.0061829993188399265,2.763151419224387e-5,2.7671560590593734e-5
-0.0002825810179257063,0.0015180581921676942,-4.7063194573059867e-5,-4.713139913602428e-5
0.0003042717392294759,-0.0007437864613659109,-8.308672001012815e-5,-8.320710293705629e-5
0.0008466868235835367,-0.0004840038957662827,-4.568979435758688e-5,-4.5755971572260536e-5
-0.0026092825228565303,0.0003344480695875249,3.868571382110578e-5,3.8741729165309926e-5
-0.0059762110939709364,0.003149464149756821,3.7802852037286884e-5,3.785758393135942e-5
-0.00047703604085242736,0.0010419764526688443,-9.523714673177824e-6,-9.5375022519945e-6
-0.00037020285265376533,0.0011285826779609586,-6.795122083170678e-5,-6.804958167214163e-5
0.0006345433313901987,-0.0006412614789695991,1.106710897006459e-5,1.1083124187989301e-5
0.00040723991842488627,-0.0006684921701111289,-1.2050944237612895e-5,-1.2068380995019467e-5
-0.00021969290089434457,0.0004154326744014525,-4.971665986931208e-6,-4.978858501498499e-6
0.0006709546818566808,-0.0019358101529234931,-8.942535408126757e-5,-8.955470937999182e-5
0.0008159640797702314,-0.0004587490081431505,-2.20520876102379e-5,-2.208397452025304e-5
-0.0010269115516286975,0.00039709965923364726,-2.265040420330655e-5,-2.268314969796549e-5
-0.025229206684046875,0.003858697149057247,2.6494445758274904e-7,2.6532739568218507e-7
0.0012924521968491586,-0.00972233955136559,-8.372834268606366e-5,-8.384935604037522e-5
-0.01292616026959245,0.0071710475878904,2.4301838278737644e-5,2.433694400267971e-5
0.0018241823736061692,-0.01276558832208726,-8.084196175751756e-5,-8.095873793338862e-5
-0.0009747253188777897,0.0004815341038558111,2.6488193356063624e-5,2.6526435281966185e-5
0.0006885668518338125,-0.0006846729359772097,8.915133163994971e-6,8.928002772388112e-6
0.0007837804740292294,-0.0011975047181266012,-6.486033528018019e-5,-6.49539535178074e-5
0.0009942336292121075,-0.0005606675551925496,5.904461303664461e-7,5.912981376429006e-7
0.0011296750017214389,-0.0006664694510876101,-4.6505049296023226e-5,-4.6572145027004566e-5
-0.044100755019768394,0.005407321103694396,3.942062958903843e-5,3.947748643150632e-5
0.0001910949169188371,-0.0003627933126983126,-1.9051033518537312e-5,-1.9078509685285404e-5
0.0008322032370441354,-0.001547738296395762,-8.439416480436879e-5,-8.451586176143984e-5
-0.0005378960426343075,0.00025247218301395865,-2.5721190615727297e-5,-2.5758268331390724e-5
-0.009388517434831593,0.00208388044918045,4.5337352740276126e-5,4.540269315419405e-5
-0.0037032758365107845,0.0037735726543028122,2.195880067507655e-5,2.1990445281988305e-5
-0.00036474917291580807,0.0016041841142541335,-6.334206500267657e-5,-6.343333963187875e-5
-0.002554639194200271,0.003116814296510281,1.6426046978450425e-5,1.6449709415162463e-5
-0.000500331900558803,0.0023617280916371033,-3.498806773281029e-5,-3.503846536546634e-5
4.421431146007242e-6,-7.2076385874634e-5,-7.770006086933132e-5,-7.781196335257197e-5
0.0012201606371312482,-0.0010096983477776117,-1.817485470494378e-5,-1.8201020746221704e-5
-0.007293331795421929,0.004724567982664276,3.292462773929917e-5,3.297202008724039e-5
-0.0007480618604246167,0.0025914674037777496,-2.4523340156480063e-5,-2.455863705270742e-5
-0.0002636305620828661,0.0013789159036751192,-4.361438240937384e-5,-4.367714949130857e-5
-0.0007550085438900319,0.001996018013463701,-1.849188375463529e-5,-1.851849044966751e-5
0.004131072553697772,-0.02970392852486323,-4.19685962342863e-5,-4.202897637407113e-5
-0.0297745256329072,0.006342577726974978,3.365032134401136e-5,3.369869893669441e-5
-0.0005263981317645888,0.0014629912426228587,-5.473819703625296e-5,-5.481688795744215e-5
-0.0015445192757967637,0.0018896681501039483,1.527569431426223e-5,1.529764904009987e-5
-0.00043819115093164586,0.0015240112524210945,-6.611490295942595e-5,-6.620991669377424e-5
0.000792360250517836,-0.0008591934608008463,-9.335255569143492e-7,-9.348667337418028e-7
-0.0013941595965378726,0.0018253813775396832,1.2835244270032288e-5,1.2853681717109833e-5
0.004516737725886915,-0.016430419990452368,-7.804526288947267e-5,-7.815736198195552e-5
-0.0065698112521233335,0.0013396225806810982,4.3212140913127127e-5,4.3274170602498064e-5
-0.006693323714519535,0.005611361370488834,2.260307428719786e-5,2.2635517536970547e-5
-0.00037972103051348905,0.002757421480192843,-0.00011486065351883145,-0.00011502550853081756
0.0012625907191391736,-0.010199675547200424,-8.47220049876218e-5,-8.484359552801734e-5
0.0007805550115695472,-0.0004285366764119852,-2.0874444307328773e-5,-2.0904387254209126e-5
-0.0008036816995482928,0.0003141221075626016,-2.3268204937661864e-5,-2.3301574984789923e-5
-0.0283807849103639,0.0037500466803364048,4.6583259018195216e-5,4.665005029904991e-5
0.0007453585149766217,-0.0009423036188675371,-2.8581849894519043e-5,-2.8622828160153777e-5
0.0013426410811121533,-0.0011946473273242943,-2.6909105454837712e-5,-2.6947677986743856e-5
0.0004848904384270145,-0.000292434015541718,-3.225888029568283e-5,-3.230511224948076e-5
-0.00025324573212849447,7.802774189171262e-5,2.819454749083689e-5,2.823494570969644e-5
-0.009162932777066429,0.006011522238557342,3.0205269260910128e-5,3.0248543591495787e-5
-0.00043604826043891536,0.0020454722487282095,-4.804914423285504e-5,-4.8117978713985385e-5
-0.000702381490444301,0.004464793654692209,-6.222093674371439e-5,-6.231006351294541e-5
0.00015695060499376452,-0.00027812474880726314,-3.711945013971605e-5,-3.717260576362837e-5
-0.0017492453817378648,0.0017613047926116885,2.118947264010975e-5,2.1219810044967316e-5
-0.00029974789261323127,0.0008615192880493867,-7.05244170843405e-5,-7.062537922613874e-5
4.942904404815319e-5,-5.37924577149821e-5,1.9069961535002986e-5,1.909725382808954e-5
-4.9268345309811476e-5,5.721171964114393e-5,-6.755591513916752e-5,-6.765258851421941e-5
-0.0023977213916648275,0.0016106111693877838,3.05470854512514e-5,3.059078659701119e-5
-3.128774109728093e-7,1.3397380443089513e-5,-1.2007328852895683e-5,-1.202450516640036e-5
0.005061454583712283,-0.012585431668816201,-7.62452949359719e-5,-7.635434746163812e-5
0.001604848813166944,-0.00020114326124147638,1.9449730454889032e-5,1.9477532880086065e-5
0.000545667237819566,-0.00014215396751124463,1.0799665025208669e-6,1.0815100696149749e-6
-0.02613764171744416,0.007457763781991843,2.204191648718293e-5,2.2073415308957797e-5
-0.00027054190112072156,0.0013452704698553556,-6.943926211028234e-5,-6.953848954311626e-5
-0.004044861037216952,0.0041569911875006145,2.0601697084822972e-5,2.0631126422061326e-5
-0.00034982344902344015,0.0017458177111274325,-6.70665510241606e-5,-6.716234806379411e-5
-7.279623189043386e-5,7.678374006042154e-5,1.4505191170340892e-5,1.4525903376333365e-5
-9.787688346114802e-5,0.0002288074605731829,-3.094413814124766e-5,-3.0988319139088e-5
0.0025067257218618576,-0.0045418111263666764,-9.182297798073882e-5,-9.19540558695185e-5
0.0012982631368416982,-0.0002824455169583118,8.770134010173893e-6,8.78264798419917e-6
-0.018107540909080528,0.005242589669565817,4.064844642711407e-5,4.070643858718626e-5
0.00493227769578744,-0.010968283860917223,-7.819860328461431e-5,-7.83101607480147e-5
-0.04436613385921837,0.005801024628147185,3.42508379328395e-5,3.4299672496890916e-5
0.004430081782783218,-0.00988749981999693,-8.313649616031373e-5,-8.325502603287392e-5
-0.041290157127693905,0.006213479710331534,1.4997045316011525e-5,1.5018415418408983e-5
0.0007081027769285295,-0.0031889999884329298,-8.114220903022834e-5,-8.125782871226e-5
0.0009671673668836975,-0.0006720076670259418,-2.588955590979954e-6,-2.5926431339871704e-6
-0.00834487635890159,0.00597293086082402,2.7848194104628904e-5,2.7887853053544936e-5
0.002480555717399996,-0.012039556073129388,-8.375106577167175e-5,-8.387032922768635e-5
-0.0008020717832793793,0.00036124133929247724,-2.690706118908775e-5,-2.6945358158842835e-5
-0.002176039597236535,0.00040480959149710103,3.7795473444288825e-5,3.784925563058874e-5
-0.0051886058950930194,0.0033038783047929527,3.297542946907304e-5,3.302234841951716e-5
-0.0005808259646634462,0.0014424623527251742,-5.279645887878549e-5,-5.287157425742913e-5
0.0007642767073859553,-0.0008906852938074515,-4.0710607838507205e-6,-4.076851442187017e-6
0.0010571249640724007,-0.0014496955404234052,-6.340764510047618e-5,-6.34978226163416e-5
-0.002909613983515522,0.0014374374151782563,3.4457400839949624e-5,3.4506392490504485e-5
0.0020286818399204323,-0.0028533073748462355,-8.017840099127671e-5,-8.029238825485234e-5
-0.022092630027316096,0.007107356935659487,3.110761275198377e-5,3.115182269553538e-5
-0.0001428169771936438,0.0005156798729349361,-4.394028894865853e-5,-4.400273353269566e-5
-0.0006693293582837251,0.0012683981629545429,-3.233153926043356e-6,-3.2377476241703865e-6
0.0045798728016533605,-0.01543271969477478,-7.724496558198971e-5,-7.735470328821475e-5
-0.03453305136941045,0.006446678134357134,2.88865135379126e-5,2.892752661297297e-5
0.005029000002564331,-0.015489021115332624,-7.305277318243286e-5,-7.315648893715604e-5
0.002505991288785244,-0.0003896397157341848,2.5388150680223132e-5,2.542417342889035e-5
0.00028074494534897676,-9.884525844433706e-5,-9.250018665379563e-6,-9.263141843336687e-6
0.00044604822805265927,-0.00013472385179641108,2.507412572891066e-5,2.5109692513805947e-5
0.0010734924734263612,-0.0006402730994371528,-4.273512076666321e-6,-4.2795731974920285e-6
-0.0011346812393901993,0.0006532940811685074,2.7025158701286585e-5,2.7063482287466614e-5
0.0009010948779759548,-0.001166914109193294,-4.098708780524983e-5,-4.104520421483987e-5
0.0005607354299640641,-0.0004088844954861045,1.0106995378584847e-5,1.0121323180087706e-5
0.0014014652330670268,-0.0014230081987147976,-4.118335420835724e-5,-4.124172842707375e-5
-0.000132943806005307,8.366534667753183e-5,-3.935714795141313e-5,-3.941292125067688e-5
-0.01364745801685457,0.0021571774623867787,4.546529334608866e-5,4.5529705342935254e-5
0.0008101220204015171,-0.0007647735461687432,-2.2624026106406043e-6,-2.2656075864577978e-6
0.0015116175847016786,-0.0016012097893795128,-6.463179435212662e-5,-6.472333965724036e-5
-0.02225825508598215,0.007230947126283318,1.90022397790789e-5,1.902914705660364e-5
0.004097367343447468,-0.0261889405198941,-5.205752981073038e-5,-5.213124055346618e-5
-0.001343289913938953,0.000321610996365961,3.478992035707386e-5,3.4839148083744895e-5
-0.00036283541103126224,0.00023657463344453942,2.2044902654800916e-5,2.2076093070692273e-5
0.0006586650150762664,-0.0008880650595131883,-3.117817454098027e-5,-3.122228230468881e-5
0.0014063163772351324,-0.0012728531029115996,-3.673678104518152e-5,-3.6788742382337124e-5
-0.003480541531006479,0.001738436794805219,3.459747413847688e-5,3.464639904870314e-5
0.001907423515951047,-0.0028185323524563496,-8.558646962755318e-5,-8.570748800896409e-5
-0.015278637938930707,0.004167282782859095,4.3007725767908625e-5,4.3068516105989605e-5
0.0005543541877372023,-0.000994178457307596,-6.755921389449461e-5,-6.765470095150033e-5
0.0009462399906394488,-0.0005774910474470506,-2.4394834771692025e-5,-2.4429304505925652e-5
-0.006927780399683481,0.002657312659589078,4.017094133275418e-5,4.022769126952889e-5
0.0014294924718965048,-0.002192563397513311,-7.725393062653182e-5,-7.736305947230871e-5
-0.018159146631261384,0.007434857138200044,2.907971952077309e-5,2.9120784713567294e-5
-8.639054881509708e-5,0.00032433199458433847,-7.128654818678199e-5,-7.138721109980395e-5
0.0007822878974559457,-0.0007331277211856472,5.07422825836925e-6,5.081391077231218e-6
0.0021309890768878245,-0.002655425357320035,-8.028629371735583e-5,-8.039961115132969e-5
-0.000809410536370557,0.00020345899957180432,-3.4789927615659776e-6,-3.483901295744607e-6
-0.021634720375346382,0.0036365238729512426,4.4974592682078464e-5,4.503803639950866e-5
0.0016953982282019307,-0.002269255218225122,-7.560635845157851e-5,-7.571300641897539e-5
-0.0011684812724377881,0.00042210524410093254,-1.838539909626084e-5,-1.841132481491744e-5
-0.0018697018152524197,0.0003126297155181361,3.702959520097836e-5,3.708180049830566e-5
0.000315966102129184,-0.00019628972013264898,1.4585709687660872e-5,1.4606271097180083e-5
-0.005742018653363802,0.005205710695307289,2.083168141615994e-5,2.0861043976728413e-5
0.0020094962239531684,-0.012664876049645054,-7.80145360646459e-5,-7.812449187824915e-5
0.0002359004909916427,-0.00010079678524028548,-3.641597098409736e-5,-3.6467270634236106e-5
-0.0025982767108907365,0.0003236655757006364,3.672757236242738e-5,3.677929670945291e-5
-0.0013327518397911286,0.0006889342379932172,2.7434713795926146e-5,2.7473347277327866e-5
0.0007272660117440052,-0.0008258889659473481,-7.0427164797058864e-6,-7.052632953374056e-6
0.0005868837981543249,-0.0007103493131212611,6.1006173587360294e-6,6.109206006035307e-6
0.001730263227180981,-0.003448009823445654,-9.191744160979816e-5,-9.20468304595901e-5
0.0007504343863918758,-0.0002367123675405797,2.2477556830199268e-5,2.2509185164611726e-5
-0.00011308411106078672,7.187281609812647e-5,-3.934632653079482e-5,-3.940168439454744e-5
-0.00957453601422324,0.002036026359993686,4.361682749689943e-5,4.367817848258884e-5
-0.0044087685515217115,0.004420285157574472,1.9048376906582094e-5,1.9075168085942415e-5
-0.0005152575868245842,0.0030710913478997253,-5.451800383900094e-5,-5.459467731230085e-5
-0.00024424029601947874,0.0004195844986279398,-5.616420832296701e-5,-5.6243176836527785e-5
-0.0007732041001625163,0.0006134476513225813,2.375871781160073e-5,2.379211505062813e-5
9.02419651369967e-5,-0.00017608112034822506,-1.6146940821712092e-5,-1.6169636123115094e-5
-0.0004892273767776005,0.001132413639267012,-1.1809160274992945e-5,-1.1825756174511614e-5
0.0031527815421711443,-0.010183915651572664,-9.052715241145844e-5,-9.065435748997254e-5
-0.0012290877279134214,0.0003800558059589755,-1.351474692469292e-5,-1.3533727799422956e-5
0.00210259952059518,-0.00030247367675396693,1.8649712103613683e-5,1.8675899474235362e-5
0.0011154375887074777,-0.0003352852201252594,2.0944907929322346e-5,2.097431453150485e-5
0.00020509511517879223,-0.00010631470056769871,-2.7416772398709513e-5,-2.7455260783508283e-5
-0.014824326276913734,0.004274244905955913,4.188944800862321e-5,4.1948241112491625e-5
0.001356122546386367,-0.002480578022622168,-8.768457072604357e-5,-8.780763077469087e-5
-0.0007218431343067401,0.0002530584978097639,2.729397836982305e-5,2.733227003112376e-5
0.0011828428072457506,-0.0008824082995344034,-1.8442505569584072e-5,-1.8468376328721325e-5
0.0011119851203290434,-0.0006370155286882366,-9.337091147510254e-6,-9.35018664741472e-6
-0.011433285772189383,0.005718351724694976,3.3900844700080537e-5,3.394838343746077e-5
-0.0006200482641346792,0.0020627740225563976,-2.188129337436287e-5,-2.191197535038808e-5
-0.0001226174316128787,0.00043128678045360633,-7.108127748002063e-5,-7.118093392364653e-5
-0.005633840809960391,0.005099982958688554,2.1864657834149756e-5,2.1895302214809733e-5
-0.0005281502901512286,0.0029907061319214,-4.3249274756346064e-5,-4.330988677920597e-5
-0.00039010062597613204,0.001210840541347775,-6.570605394117754e-5,-6.579812116978908e-5
0.0006735447320017344,-0.0006793112456013171,8.862551908394092e-6,8.874966585324235e-6
0.001417447994598806,-0.0022564679930803504,-7.808839803801538e-5,-7.819777096209803e-5
-0.005785660378936845,0.002371130793979292,3.826184983304336e-5,3.831542370098589e-5
0.0008531944379910167,-0.0012957460994711578,-6.471303773441393e-5,-6.480364088043264e-5
-0.0044759386484749,0.0023682092211475816,3.4714660432399734e-5,3.4763250467405326e-5
0.000494685187752909,-0.000940870956467802,-7.639372860033368e-5,-7.650064793117e-5
0.00039955384530710554,-0.0002103167559941658,1.4099934643884417e-5,1.4119662654500675e-5
0.001251217101403067,-0.0009622032436918521,-1.7886172539994622e-5,-1.7911194840517342e-5
0.0007537310454539135,-0.00045211328614087285,-2.7713508151126077e-5,-2.775227168738918e-5
0.0011003014935112119,-0.0003712470108696281,3.7362938656644904e-6,3.741518827114125e-6
-0.0006320265566917146,0.0002568631196384137,-1.8549183464362803e-5,-1.8575119380070266e-5
-0.009853447450819926,0.0020738357129458786,4.3282371709907486e-5,4.3342877822029224e-5
0.0013109741619348634,-0.001349145354633678,-3.754788281898462e-5,-3.760036845888136e-5
-0.0009988559834709513,0.0005692258104295381,2.534785090505141e-5,2.538327542603196e-5
0.0036587375302013204,-0.004389548058967255,-7.490867926196095e-5,-7.501335560155059e-5
-0.014749260069775054,0.0019993043697772188,4.425165341090268e-5,4.431346461811362e-5
0.0021717538401956372,-0.0018365064041188431,-6.187444776453789e-5,-6.196086842047518e-5
-0.039448555697552706,0.005263471447004995,6.741628534775468e-6,6.751041342996091e-6
0.0005221509745106951,-0.00281329767259702,-7.597403109492129e-5,-7.608010417485807e-5
0.0011779561489128727,-0.0008772182075347039,-2.1586001034093373e-5,-2.161612686124907e-5
0.0006463448738581471,-0.00034348861316646446,-2.075873471238176e-5,-2.0787700589998662e-5
-0.014200206014178866,0.004926834352402314,3.866439018150069e-5,3.871833043920276e-5
-1.534924217606026e-5,3.379244609692598e-5,-2.5460986468867553e-5,-2.5496504623344353e-5
0.0014245656948366598,-0.0028060364730421398,-8.910167397037624e-5,-8.922595041657664e-5
-0.009455436820097632,0.0033247831922726145,4.068147557418493e-5,4.0738195852601154e-5
0.00038080743618817086,-0.0006201020396426653,-8.248250677582333e-6,-8.259749990763934e-6
3.175164199550226e-5,-7.11140990510608e-5,-2.415474824505863e-5,-2.4188419059988204e-5
0.0001283985031866937,-0.000223635097415196,-9.387977514936337e-6,-9.401061837830631e-6
-2.5184766999309847e-5,6.606484753370841e-5,-2.393476387137817e-5,-2.3968118065456125e-5
-0.000548988460142364,0.0011659201749739264,-5.206910990716567e-5,-5.214165893679957e-5
-0.000163271315812355,0.00015835106514567183,1.6575524478143963e-5,1.6598614113452263e-5
0.002413999796430129,-0.0055294846598013024,-9.318029188856196e-5,-9.331007860889522e-5
-0.016846177328987112,0.004721291034866516,4.027937335950646e-5,4.033545231424272e-5
-0.0006092198008534344,0.0012469416754812854,-6.653498392863727e-6,-6.662761168047978e-6
-0.00017323825475659224,0.0005700579766819579,-4.01104264969768e-5,-4.016626025855121e-5
0.00268635742496874,-0.00507767376375399,-8.901944491968642e-5,-8.914333493718253e-5
-0.008137092846191225,0.0017635631780373636,4.200864236464712e-5,4.206708094133899e-5
0.0015954078023185903,-0.0015259759818331414,-6.339515945177334e-5,-6.348334200895724e-5
-0.00028596932642659947,9.090842190410522e-5,-2.4007508095901674e-6,-2.404089257817723e-6
-0.0007322356346223814,0.00015940553563966237,3.280857121871888e-5,3.2854186726196396e-5
0.0004198438827799758,-0.0002614619740757888,-3.454060623464848e-5,-3.458862513692108e-5
-0.00752942599553614,0.00226059891392254,4.06581662569028e-5,4.071467738207616e-5
0.002189744208820888,-0.0026107053186214565,-7.510646377205565e-5,-7.521084654229433e-5
-0.013462941172164261,0.003332418804646159,4.281543986289627e-5,4.28749247524926e-5
0.0006180060426778674,-0.0008823411186956013,-4.917487561946253e-6,-4.924319126501845e-6
0.0005884387973369312,-0.0011175889069075908,-7.770690094856504e-5,-7.781483990521132e-5
-0.0003545575905018695,0.00018917248120463287,-3.512655889720197e-5,-3.517533640703771e-5
-0.027666057114797613,0.004135408948508878,4.267940766997921e-5,4.2738658073836184e-5
0.0018403744023219209,-0.002646202874670486,-8.251934272111618e-5,-8.263389502614836e-5
2.728674813636973e-5,-8.356139632898242e-6,2.803098853683263e-5,2.8069887112761774e-5
0.00016918531438985378,-9.6872402737523e-5,-4.462711075730019e-5,-4.468903309120543e-5
-0.03092920795040649,0.005695387532108311,3.390801522228469e-5,3.3955051709221306e-5
-0.0011554263700270081,0.0028420890845006924,-1.1956558441849484e-5,-1.1973143535757494e-5
-0.00043191373487555534,0.0024776508570615767,-4.500975306120821e-5,-4.507218038054749e-5
-9.079574723122672e-5,0.000260402452842283,-2.605078688544831e-5,-2.608691134364508e-5
-0.0004318360910556993,0.0010690234937264331,-1.4682146988222252e-5,-1.4702503311108681e-5
0.002809454869651169,-0.008912589410582723,-9.031729565640424e-5,-9.044250101640072e-5
-0.02162847399615587,0.006833372892405883,1.4789213192830951e-5,1.4809705492445206e-5
0.0016184257237219146,-0.01166827547030249,-7.86379693468434e-5,-7.87469279159612e-5
0.0005232235337366183,-0.000277542962831416,1.1742181487790337e-5,1.1758443030988348e-5
0.0005420733525257846,-0.00040595631391042447,1.0742526482728868e-5,1.075740166283787e-5
0.0020241185032524468,-0.002177933900337389,-7.050743080002588e-5,-7.060505002481901e-5
0.001657850734005291,-0.0003855826579775596,2.335851300557263e-5,2.339084296325463e-5
-0.004042780732094734,0.0019272805700652012,3.443740068604844e-5,3.448505921154983e-5
0.00028662951489846555,-0.0004466306408495397,-2.2964662649889834e-5,-2.299644111053931e-5
0.0005909684164042943,-0.0007393933726287145,-1.671807353997302e-5,-1.674120398744624e-5
0.0013985451158434125,-0.001543111792829259,-6.084872421662179e-5,-6.093289809825977e-5
-0.006232059714423688,0.0023055799603344533,3.8414483859570597e-5,3.846760946152025e-5
0.002856019290187295,-0.0038881226007230394,-8.112261869761032e-5,-8.123479879457964e-5
-0.006947722474999688,0.0012703230124604722,4.08146378795504e-5,4.087105597507297e-5
0.001117204427620548,-0.0009142544326866933,-1.3805864798236671e-5,-1.3824947109275657e-5
-0.0008915357751687043,0.0006101180002530493,2.483698611197719e-5,2.4871309715661767e-5
0.00018737941607383472,-0.0003414050054335277,-4.428854604446291e-5,-4.434974482929897e-5
0.0013281712098026934,-0.0011949098891274362,-3.103756884333172e-5,-3.1080447893679855e-5
-0.012956269710561451,0.007149776261619729,2.5541853442210723e-5,2.5577132993988478e-5
0.0033116898299291255,-0.01817575754982861,-7.12895701520201e-5,-7.138803342980237e-5
-0.002286252988511328,0.0007750415536845497,3.227710125426872e-5,3.232165672272766e-5
0.0012890406836467243,-0.0011368966005580118,-2.7496509291611422e-5,-2.7534461870701828e-5
-0.006932757448414426,0.003999263240455193,3.2543844057108424e-5,3.258875464755715e-5
-0.00034885775062072156,0.0009775886954721778,-1.945434568444404e-5,-1.948119085351516e-5
0.0013858141007019327,-0.004305044187755618,-8.86578957620758e-5,-8.878021790264421e-5
0.0009548159147746662,-0.0004458156570722806,-6.321189713452177e-6,-6.329907654116461e-6
-0.008646112759323527,0.0036633528134918636,3.734853935877313e-5,3.740004061583997e-5
-0.0011088916754691933,0.002320263996302122,-9.377473107380189e-6,-9.3904031465361e-6
-0.0008506190481608548,0.00618375640964116,-7.126022292761856e-5,-7.135847151695813e-5
0.000984141904650734,-0.0011648135402728646,-3.138657296214378e-5,-3.142983206473881e-5
-0.006450218404122979,0.0048932718673163275,2.630069471852956e-5,2.633693705213506e-5
0.004075356593103492,-0.01672031290997461,-7.792128684977156e-5,-7.802865518049011e-5
0.00011030259154898818,-1.528674775722824e-5,-1.975003858788155e-6,-1.97772374707218e-6
-0.02590007111710562,0.006561053710562465,3.0068645547747477e-5,3.0110048069721765e-5
0.002099370387432649,-0.0066548364842834475,-9.018218130354317e-5,-9.030635034475547e-5
-0.000565607025986397,0.00023197024896743149,-1.7711760840620324e-5,-1.773613701925268e-5
-0.022034601011660927,0.00493650778642594,5.17611226367197e-6,5.1832345892915705e-6
-0.0012354373191489848,0.00997804248226201,-6.890756883762999e-5,-6.900238248219609e-5
-8.392729415678848e-5,0.00013155901618338634,-6.765774625813181e-5,-6.775081749791467e-5
-0.0004094056639966566,0.00026574286478069743,2.11115322504509e-5,2.1140565649566633e-5
-0.00010990619259746353,0.00014937579305733512,7.247691300646779e-6,7.257657529902577e-6
0.0030552676753070186,-0.008216908672130707,-8.954543842360116e-5,-8.966855853941029e-5
0.0011292393180976417,-0.0002891622074719335,2.3935472025690247e-5,2.3968366377473077e-5
-7.050928994437938e-5,5.072072838792065e-5,-3.8108684344633785e-5,-3.81610509569348e-5
-0.019609664736296984,0.0028936608984919503,4.3718273113714374e-5,4.377833228809606e-5
0.0009172203709588361,-0.0010037609456131392,-2.2804582053902926e-5,-2.2835908430358705e-5
0.0002694324324039813,-0.00022888856350429326,1.5416724655441498e-5,1.5437898626654617e-5
-0.0002311832634940345,0.0003502541891747003,3.5427559948322336e-6,3.5476212142800577e-6
-0.0004938590864148808,0.001376895062958141,-6.480702244224208e-5,-6.489601148907545e-5
-0.0021139293590022616,0.00192661817849885,2.195561690072254e-5,2.198575668125667e-5
-0.00017120250337237172,0.0004985377104220298,-3.5552644075522816e-5,-3.560144522302492e-5
0.00016227910967220183,-0.0003485233259895783,-7.07105644047456e-5,-7.080760671868594e-5
0.0008120926201354327,-0.0004879313289598352,4.303588237604254e-6,4.309492744642198e-6
0.0010997726689101236,-0.0007975080794811121,-9.498525449284714e-6,-9.511555556375396e-6
-0.00022461848076766518,0.0001409168942008721,1.892507350305503e-5,1.8951030776377037e-5
0.0006200103944527356,-0.0007574361673348015,-1.3250104653103598e-5,-1.3268276199284885e-5
-0.0024412580966406885,0.0028039157349677153,1.5873475290441046e-5,1.5895241161932054e-5
-0.00013259198457456485,0.0006860994785931348,-5.1895893084238714e-5,-5.196704755497509e-5
0.0009102253913168565,-0.0069314724850973045,-7.840357258146845e-5,-7.851106194365112e-5
0.00045899226780799374,-0.00029005651870227787,1.0963842647861393e-5,1.097886688167045e-5
0.0003752171669856538,-0.00033848123972878626,1.4325471765862984e-5,1.4345100061213307e-5
0.0014741138522072837,-0.002376686289736928,-8.22559853403256e-5,-8.236867725193781e-5
0.0002928074188000097,-9.825951337034131e-5,2.2148840051814947e-5,2.2179174027043883e-5
0.001003154185884891,-0.0006333304651596509,-2.4073643910497992e-5,-2.410661021875122e-5
-0.000714009224993348,0.00030550381584448116,-2.6070694021517745e-5,-2.610638819877648e-5
-0.012481932630350474,0.0017089664165038751,4.2070645038314546e-5,4.212823166113506e-5
-0.001845039265111423,0.0014834228338715903,2.4021415386693157e-5,2.4054293676562344e-5
-0.0009547775996015778,0.002321939135892763,-1.115228395790895e-5,-1.1167546845355917e-5
-0.00013769539807652486,0.0005776075577173167,-4.110453491334466e-5,-4.11607837121225e-5
-7.263516870884645e-5,0.00014354536618410956,-2.7703046854807322e-5,-2.7740948686122222e-5
0.0011180203642389619,-0.001879967998052834,-8.039635363298273e-5,-8.0506328784402e-5
-0.0025468717411038988,0.0009512370716594298,3.175719558733681e-5,3.18006223976281e-5
-0.0015752052435081924,0.0015093635376260508,1.9830541494354074e-5,1.9857656421618165e-5
-0.0006221084890580986,0.0017179939720194275,-5.678488632461944e-5,-5.686252333237976e-5
-0.0016206306599543237,0.0017500310502526406,1.6825743295712116e-5,1.684874192102294e-5
0.002626539201659716,-0.008534869402635767,-8.86020915951545e-5,-8.872318876320199e-5
-0.002202996082165122,0.0007372284303078318,3.1575501565377645e-5,3.1618637600597375e-5
0.0009782732923714046,-0.0008514109839927099,-1.083280806864648e-5,-1.0847605577773848e-5
0.0007505472359385501,-0.0006065391386816958,2.1954830520123996e-6,2.1984815791507765e-6
0.0012775403372082595,-0.0012578055976774055,-5.1027528724516654e-5,-5.1097210972405075e-5
-0.018613195226522754,0.007365202698978546,1.9460594010499405e-5,1.948716257166017e-5
0.0001833384422015078,-0.0012522088905364622,-7.286995073054473e-5,-7.29694322012607e-5
0.0011024285978990965,-0.0008885155970385481,-3.083166311833967e-5,-3.0873737564889515e-5
-0.003578624278291627,0.0017002222945744713,3.2744363344434526e-5,3.278903902149818e-5
0.0010562914088721159,-0.001515926099597866,-6.472974865109012e-5,-6.481805672022425e-5
-0.015071509018811585,0.007180907982242826,2.674692463346054e-5,2.6783404489356198e-5
-0.00018882603437629409,0.0009019334883058159,-3.995776517293808e-5,-4.001226040469055e-5
-0.0006082114261940759,0.001440518359314266,-5.8123245616385357e-5,-5.820249937265522e-5
-0.0007790156733605682,0.0007250176055576241,1.9033553037550487e-5,1.9059499682284524e-5
-0.0010825116192811264,0.002744339493489975,-1.2378899040765287e-5,-1.2395772482338903e-5
-0.00022479753443071309,0.0011057777749539784,-4.289511759179697e-5,-4.295358081047496e-5
-0.0005878477084542753,0.0012855279689331302,-5.008937382792275e-5,-5.015762785034725e-5
-0.003984035139244149,0.0041690009111493564,1.6041254723905544e-5,1.6063108298340607e-5
0.003814147659527689,-0.02343587286802382,-5.5860641643761375e-5,-5.5936737678591214e-5
-0.024555606486225925,0.0066771535039553105,1.3337861051919843e-5,1.3356019379752112e-5
0.0009475044201218943,-0.006221983902841578,-7.484199622385428e-5,-7.494388329725578e-5
-0.0011774529752541052,0.0007385450710805507,2.5467218957937768e-5,2.5501873814650295e-5
-0.0019166522598902578,0.002917391350220097,3.0235159159463236e-6,3.0276298072897664e-6
0.0005827944064208282,-0.0041833613485967435,-7.618413936389861e-5,-7.62877905599461e-5
-0.0036554395549596354,0.002450467027912499,2.8873165360269195e-5,2.8912431254023642e-5
-0.00041366307844899436,0.0009819345810983503,-4.0297171227877496e-5,-4.035196884554483e-5
0.002140838320751015,-0.0030054720181440075,-7.72282086563839e-5,-7.733320540786082e-5
9.120433799866213e-5,-2.760490721667568e-5,2.538337098742353e-5,2.5417869909353936e-5
-0.01009544450729558,0.00634089061420635,2.618045496606982e-5,2.621603337504317e-5
0.005632156608521272,-0.026703728878606014,-3.41979473243527e-5,-3.4244418614964374e-5
-0.024468961301212466,0.003536393136200691,-2.4082408485377224e-6,-2.4115111435761412e-6
-0.0013809903837752365,0.010526562434076805,-7.145471924966735e-5,-7.155174900799927e-5
0.002192890630248253,-0.008849472314370225,-8.317766890027095e-5,-8.329060057164971e-5
-0.014364636595373103,0.006213915063480168,3.146655388801151e-5,3.1509257367361824e-5
0.002305322214456917,-0.007690997201161881,-8.809515887552874e-5,-8.821470681124954e-5
-0.018769598951831435,0.007509629017008092,2.3787036915383427e-5,2.381930280029425e-5
-0.000607487382982389,0.0032810716222818528,-5.7589040108007776e-5,-5.766715310913116e-5
-0.0009227890099768024,0.005836724593241502,-6.861314429723749e-5,-6.870620009535531e-5
-0.0007786321347734036,0.0045172143546119555,-5.997101924558031e-5,-6.005234490541971e-5
0.0017140940010399478,-0.009644781011002196,-7.531378743748864e-5,-7.541590717290951e-5
-0.0109343743651902,0.005748239362256747,3.019936903151997e-5,3.0240298244137315e-5
0.0062582957707376895,-0.02185500572683605,-4.778031620744365e-5,-4.7845069073482455e-5
0.00017716003690770784,-8.728516543612007e-7,1.4105080899884066e-5,1.4124184148406219e-5
-0.000806157624606057,0.00021541110790386075,-7.907854218335255e-6,-7.918562917564568e-6
0.002131056932271032,-0.0002833215574918646,1.845487739086572e-5,1.8479864081867256e-5
-0.006406107640717024,0.0019361268251632847,3.785246592943809e-5,3.790370975026622e-5
0.000829482059986112,-0.0009317748493008977,1.1273488052438924e-6,1.1288748610113353e-6
0.0012663841207923574,-0.001959693006218373,-7.24290647719737e-5,-7.252709716728957e-5
0.0006646465054539429,-0.0002778143686807751,-8.467102829304805e-6,-8.478559642223564e-6
-0.005691697379801722,0.0020273960668537503,3.656271290705722e-5,3.6612177610332645e-5
0.0007467653852631384,-0.000943199776793714,-3.3062471725290803e-6,-3.310719742112842e-6
0.004119569676264962,-0.0065644085347863505,-7.795086026487646e-5,-7.80562953471625e-5
-0.00025736671163748925,6.0734516921620896e-5,7.689164034156999e-6,7.699559629881565e-6
-0.019527430908689147,0.0038143548753626555,4.062683550930469e-5,4.068175456460982e-5
0.0028923694974249954,-0.0043110756044461756,-8.141358719396767e-5,-8.152363495874204e-5
0.00011501854126476305,-2.2008305780051402e-5,3.0616177045825706e-5,3.0657544865835855e-5
0.0006379121537628869,-0.000361198195067819,8.099249369548843e-6,8.110191822586698e-6
0.0002479898304747211,-0.00019057949200892735,1.3262757496061668e-5,1.3280673711519225e-5
-0.0012844923809222678,0.0015424036994803895,1.2744156811188397e-5,1.276137044006143e-5
0.002506292032551202,-0.008576384094214991,-8.772522359136116e-5,-8.784370430939336e-5
-0.0010585832511533465,0.00037083783557907013,2.6856299032051906e-5,2.6892554379582675e-5
0.0007146474729596551,-0.0005617582506387715,-4.600317497394797e-5,-4.6065271696462475e-5
-0.015075879005369086,0.004586114198887579,3.758564521441058e-5,3.763636748866294e-5
0.0029268110303188578,-0.005941076344575481,-8.646200779375895e-5,-8.657868233592777e-5
0.00023366917678998086,-3.062727123500236e-5,2.7925581436063676e-6,2.796324847896301e-6
-0.00904213976823943,0.0020500578335526463,4.013434828419457e-5,4.0188474896169415e-5
0.0006660990721960187,-0.0007007956566545811,7.737880174845633e-6,7.7483149771322e-6
0.0001962036626130697,-0.0003469553247273129,-1.998380961481079e-5,-2.001075537156673e-5
-0.0012660851023791459,0.002008937788468868,3.867732658912308e-6,3.872947009127658e-6
0.0005798734819770925,-0.002402710258729055,-7.634628045341536e-5,-7.644919840792645e-5
0.001144848744346566,-0.0007851427634299427,-2.4679031655709292e-5,-2.4712287894090576e-5
-0.007890796014930337,0.0034646279139847113,3.5246993190259196e-5,3.529448130436028e-5
-0.00046409599597166493,0.000906949391209673,-5.339361013812597e-5,-5.3465542121722714e-5
0.0008274595236863023,-0.0007403452973877428,-4.169720378502866e-6,-4.1753365186061116e-6
0.0013121479245747426,-0.0012682139455195251,-5.6338085407662755e-5,-5.641395537406981e-5
0.001348465555417095,-0.0004243301828800995,6.912788736338228e-6,6.922095686805924e-6
-0.0007945907140486951,0.0003358979509443221,-2.5420952880028734e-5,-2.5455173362755635e-5
0.0012296489962009861,-0.00015337144116593486,1.288166338820265e-5,1.2899000094368154e-5
0.0020316350818372323,-0.0004918516587978759,1.3968830681246624e-5,1.3987628180549714e-5
0.001146109757369143,-0.00044207833905142994,5.516812222500001e-6,5.524235125635251e-6
-0.012802271138653329,0.006001646059980804,3.0684554292395125e-5,3.072583479831116e-5
0.0022097021761067533,-0.0074506629651216955,-8.681606379508017e-5,-8.693285246563568e-5
0.0004906826864711629,-0.000203531200733155,1.616204701090912e-5,1.6183779699004827e-5
0.0006402337617464058,-0.0004126741674530145,-4.711061139922715e-5,-4.717395218186422e-5
-0.024689498530734367,0.003915989268628878,4.045204904668319e-5,4.0506422077081146e-5
-0.0019354806990714464,0.002751598509152726,4.150989781608243e-6,4.156568956757815e-6
0.00366023146601134,-0.02817989563885015,-4.8367624343315294e-5,-4.843262900277803e-5
-0.001890542239852426,0.00047831484017150087,3.24476620936221e-5,3.249124279575469e-5
-0.00290431790701013,0.0021143370221093365,2.6132601275405862e-5,2.6167696905115615e-5
-0.0006249820868764775,0.0015271778127382112,-4.827326991222785e-5,-4.8338094927059605e-5
-0.0029368687269363493,0.0034526406600039433,1.370797159031683e-5,1.37263756284833e-5
0.004506115660206932,-0.022855956380794386,-5.2307770864736504e-5,-5.237799306761525e-5
-0.003276507254766073,0.0006937349658320623,3.5171170141450895e-5,3.5218357571719915e-5
0.0005102398347204862,-0.00037413780761746506,-4.926103471879058e-5,-4.932712010075691e-5
-0.017276536751815348,0.003889010318681065,3.9507863570337824e-5,3.956085088614495e-5
-0.0014294085206852161,0.0023091698660943575,3.2961031869368413e-6,3.300523603506126e-6
-0.0003210576578292814,0.0013316910607885594,-6.331160172113275e-5,-6.339650145915466e-5
0.0008043201948819127,-0.0008340719166785956,2.2306951534657242e-8,2.2336855209353726e-8
0.001801720462641054,-0.0023720189377318132,-7.294921185378488e-5,-7.304699298850837e-5
-0.013685890618029193,0.004231750801719787,3.7683620227839755e-5,3.7734115751292186e-5
-0.0003256339343740244,0.0005878690221620379,-4.554539244269904e-5,-4.560641886797147e-5
0.0006399873803354162,-0.0006299541953468499,8.630334155323355e-6,8.641895495721922e-6
-0.0004089644338691547,0.0006665727459721422,1.1249664973210138e-7,1.1264733493405682e-7
0.005354855703584148,-0.01644125047091312,-6.087514029638067e-5,-6.0956671653805365e-5
-0.0017797533260171736,0.00027438678337425945,3.0743651497907356e-6,3.078480297269054e-6
-0.04171678409133686,0.006041677035007152,1.3859075575796422e-5,1.3877623654535559e-5
0.00010662197271320498,-0.0004950370764754666,-7.204544536730469e-5,-7.214186287196745e-5
0.0008943294122686155,-0.00070683077399247,-3.936063454636391e-5,-3.9413292519656904e-5
-0.013674276956253254,0.005072748372364256,3.432839433128622e-5,3.4374309986338925e-5
-0.0004500521919912888,0.0011113488176843144,-4.112020570446808e-5,-4.1175202499072006e-5
-0.0010113340795991621,0.001427330477478706,6.965466698179074e-6,6.974780885027931e-6
5.6456469038272614e-5,-0.00025269134939778857,-7.375705676968875e-5,-7.385567520611745e-5
0.0010970659930351454,-0.0008193671422009718,-2.5885637967748982e-5,-2.592023752443546e-5
-0.0006691041316812646,0.00033425270791179,-3.1910548170014004e-5,-3.195319278857848e-5
-0.009629666021406557,0.0015948856875909218,3.973618828000876e-5,3.9789278487467964e-5
0.0010057056657818493,-0.0008703066467891484,-1.2179575410528691e-5,-1.2195846937539155e-5
0.0009798505751249592,-0.000766359602512163,-3.533101732273619e-5,-3.537821092415889e-5
-0.015944296432770157,0.006489437457618784,1.4222870047522011e-5,1.4241864373690013e-5
-0.0017090918199956574,0.014413737672383789,-8.228318236809789e-5,-8.239306550719541e-5
0.0007129182803404661,-0.0029438050591646474,-7.640141502834856e-5,-7.650342914722418e-5
0.00015276660309566852,-9.482759318860023e-5,-4.3403668608141885e-5,-4.3461601489988895e-5
-0.030124509682673835,0.006432048740193052,2.5089209152415767e-5,2.5122688539354666e-5
0.0013415069231222181,-0.004463612024281445,-8.36546472805132e-5,-8.376627246804767e-5
-0.011179784606919122,0.005719340314423329,2.9343484946379884e-5,2.938262485016996e-5
-0.0007497063324126785,0.0026898808039958295,-2.6051310565264405e-5,-2.6086057195461404e-5
-0.00022106570122290995,0.001075812159392091,-6.539266675483224e-5,-6.547987570187895e-5
0.001216034721044232,-0.0011857203183655133,-2.9808807886935918e-5,-2.9848548353208607e-5
-0.0016850914836657417,0.0010258667676803729,2.6342429726635298e-5,2.6377542206422134e-5
0.0003237625160534661,-0.000556627322908129,-4.598302150726247e-5,-4.604430789609989e-5
0.00045666089178691445,-0.0003776176248015465,1.0149639620716291e-5,1.0163164185735382e-5
0.0009509882173916674,-0.001226567030804651,-3.648453114041639e-5,-3.653314163214611e-5
0.0009770777939270606,-0.0007382023098183333,-3.287009776967968e-5,-3.291388382264744e-5
0.0008792884542446179,-0.00036140250442007573,1.0972643805349355e-5,1.0987257433553548e-5
-5.7075554844100926e-5,4.295596377223282e-5,-4.022231578907133e-5,-4.027587799486699e-5
-0.031596914602611936,0.005417912691976949,3.1922924574346124e-5,3.196542409059575e-5
0.0043435049470139575,-0.009745115768504547,-7.490890703582866e-5,-7.500862987341949e-5
-0.0007471487755439701,0.00013465413301036816,5.4249492865644795e-6,5.432167618969008e-6
-0.033411186412467105,0.006070818211005419,1.0888209545012972e-5,1.0902695139923867e-5
7.213361250254859e-7,-7.085556005789826e-5,-6.776410484066672e-5,-6.785425460600305e-5
0.0008388594070438747,-0.0007355646518161721,-4.655241477862811e-6,-4.661432414605047e-6
0.0008004151557635011,-0.000752313550866071,-3.1891429931413885e-6,-3.1933835737252582e-6
-0.0004578172844231216,0.0004784674909385228,1.4254124735648481e-5,1.4273075688137983e-5
0.0016060984383369156,-0.004186735076530318,-8.691602436958451e-5,-8.703156914926747e-5
-0.0048995660923160204,0.0018707225949101088,3.412007891410283e-5,3.416542007617396e-5
0.0007570195360817359,-0.0009598418392068096,-2.2837560716992804e-6,-2.2867906388771932e-6
0.00035612571677319825,-0.000641476828831287,-5.8598321568255026e-5,-5.86761749127394e-5
0.0005690757353555349,-0.0003627799006817852,-4.613993475166089e-5,-4.620122083207255e-5
-0.037631129388634624,0.006018240753975027,2.516876970834799e-5,2.5202191322331987e-5
-0.0009434074077119159,0.002774535835003613,-1.9310017274848666e-5,-1.9335657995486233e-5
-0.00039590618556474295,0.0022117932610011054,-4.2606808660855575e-5,-4.266337798600482e-5
-0.0009195251277957459,0.0025418481016239954,-1.9368670300249708e-5,-1.9394381220282292e-5
-0.0007357097908932986,0.0046734286647793786,-6.0299233057925294e-5,-6.037926975647892e-5
0.0016675977379682415,-0.0022530191920565046,-7.155728454511273e-5,-7.165223663728537e-5
0.0008467214112826371,-0.0002750122654583128,-5.316083067507118e-7,-5.32313506309747e-7
-0.007780925584233664,0.00264570741047597,3.673299387632187e-5,3.6781714427344994e-5
0.0009811680988215247,-0.0014137697080095536,-6.179777157040513e-5,-6.187973058276802e-5
-0.011210460860920023,0.005468126665822395,3.035230369703985e-5,3.039254786554101e-5
-0.0001652894449276499,0.0005390779383753542,-2.699964179178237e-5,-2.7035438564531165e-5
-0.00016430574708393262,0.0004308567308280921,-3.1516811653459884e-5,-3.155859080593622e-5
0.003230643490303896,-0.006103281679531223,-8.179138777549823e-5,-8.189979287333648e-5
-0.02903593975263592,0.005280820572134146,3.250510513201459e-5,3.254816797487417e-5
-0.000299256955502648,0.0006437140419947516,-3.365280441498143e-5,-3.3697385620966805e-5
-0.00023368707339657083,0.00035648893845359643,1.9720803984325653e-6,1.9746924182064102e-6
0.002927601491322692,-0.008458092460051301,-8.42618663068295e-5,-8.437345957392949e-5
-0.002512153767043685,0.0006721053861294957,3.231239022898043e-5,3.235516376944443e-5
-0.003577738951175794,0.002820649959441432,2.3798576965550984e-5,2.3830077503599957e-5
-0.000659887301933712,0.001984007914554995,-5.438126940576897e-5,-5.4453244834068664e-5
0.000651264499460397,-0.0007668636877892299,-1.5015536818417307e-5,-1.5035405583338903e-5
-0.002823616866102665,0.002969852208364011,1.653081118239603e-5,1.6552681554903565e-5
0.0011876870693287435,-0.004921153581218507,-7.77957463096198e-5,-7.789866290893713e-5
-0.00026417053522001825,0.00015771877085009897,-3.7395836389360606e-5,-3.744528829688759e-5
0.002500301837357517,-0.0004885370180010871,1.9203573161195228e-5,1.922896177495564e-5
-0.0001635507679960855,6.413468459671613e-5,1.9869301696340303e-5,1.9895567514352205e-5
0.0005331869739365128,-0.00039717618858835186,9.734575017890642e-6,9.747442011881805e-6
0.0008387840509049319,-0.0009222966025027543,1.3277446970967846e-6,1.3294994757539962e-6
-0.0012448997190716061,0.0019106801600039037,4.244906552530412e-6,4.250516026868836e-6
-0.00021345828329089321,0.0007916515200650523,-6.58074080674549e-5,-6.5894362055454e-5
0.001495761646036392,-0.0013521959017778198,-6.153538405448925e-5,-6.161666831332576e-5
-0.0027963787684339306,0.0004803249667731513,3.420355402352464e-5,3.4248720540334675e-5
0.00025189283857056274,-0.00016527004234032658,-3.950170438755887e-5,-3.9553862827110065e-5
-0.008986971413377638,0.0023581493770630955,3.8134924455253896e-5,3.818526669512867e-5
0.0013170725659172383,-0.0015827600085023387,-6.0402174667460056e-5,-6.0481906331662436e-5
-0.002033170181082921,0.0007939781695155611,2.799353626385619e-5,2.8030478440684803e-5
-0.0025932712800362866,0.0024541192575509106,1.9135845895203403e-5,1.9161096441229814e-5
-0.000572563974471321,0.0019161280006574632,-5.269946190159905e-5,-5.276899570856968e-5
0.0005067947862187947,-0.000666267776762722,-1.7888145272079223e-5,-1.791174199203936e-5
-0.003072230107921309,0.003460076923763105,1.4102212707000401e-5,1.4120812346435616e-5
0.004046815956564646,-0.019929016829211266,-6.064572269890362e-5,-6.072570364235553e-5
-0.025177322928064825,0.0064549923906890615,1.1525069876507035e-5,1.1540260761672252e-5
-0.0007349876634417324,0.004859315679033665,-8.85850699828522e-5,-8.870182746269036e-5
-0.0005467260171942733,0.004013028512927956,-0.00011282408918928724,-0.00011297278229854089
0.0005852594617704332,-0.004711271338540092,-7.618861833105621e-5,-7.628902338064405e-5
0.00031007692036361063,-0.00019319171539111527,-4.487033453372943e-5,-4.492944112452754e-5
-0.027934882579189795,0.004902872895794498,3.449521313551692e-5,3.4540640887016686e-5
-0.0013453684880227032,0.002661879608001773,-4.6748781073432925e-6,-4.681034286737844e-6
-5.4394418587058774e-5,0.00019844066059937284,-6.644132560251631e-5,-6.652881168036991e-5
0.0011436207723557995,-0.0010182256962266106,-4.585000230660218e-5,-4.591035469949215e-5
0.0008136458065665082,-0.0002933259132895196,-2.7050252321014576e-6,-2.7085850415287506e-6
-0.0008518806478647846,0.00032211095526623397,-1.710213232483398e-5,-1.712463531824e-5
-0.002284825512939848,0.00043507128593632755,3.31222799548933e-5,3.316585387004601e-5
-0.009062013435588842,0.006039009219370585,1.694814294835526e-5,1.6970437107925652e-5
-0.0008604729543158266,0.006794743854834463,-7.281958466243713e-5,-7.291536955535499e-5
0.0007554189925941064,-0.000788984129066072,-7.390594975332818e-6,-7.4003130298535575e-6
0.0013381660961255739,-0.001484021413818079,-4.3403775996908865e-5,-4.346084037906823e-5
0.0010011751434511919,-0.0005376318954706747,-5.322223119067259e-7,-5.329218913351664e-7
-0.00011791979919758122,7.266339574212277e-5,-3.512986298000751e-5,-3.5176032827474344e-5
-0.01899573923609286,0.004540320853241169,3.583690194824453e-5,3.588399058694635e-5
-0.0002297351366328314,0.0004189837543465906,-3.4975694193675474e-5,-3.5021648720249125e-5
0.00264315057002562,-0.003225906412341356,-7.257507434775167e-5,-7.267041292624903e-5
-0.03370392362217939,0.005870629033402408,2.6894054246286764e-5,2.6929371015767804e-5
-0.00028581432362266877,0.0007559880373297057,-3.548281019689795e-5,-3.552940357245952e-5
0.0027210964845870477,-0.004598151957604089,-7.972011108585714e-5,-7.982477439234558e-5
-0.0014464576759562898,0.00027673942743663326,3.179781794281309e-5,3.18395477887522e-5
0.00043785161209267505,-0.0002844178282300743,1.0176705280090349e-5,1.0190059495689963e-5
0.0013690859563278617,-0.00129446029120871,-4.037701081509643e-5,-4.0429988459701604e-5
-0.00043540985173475097,0.00021021895147560295,-2.3623514846621496e-5,-2.3654504069664692e-5
0.0016865839107224518,-0.0003993135268117101,8.127560352772184e-6,8.13821995015682e-6
-0.022086851218914513,0.007249418167261716,1.986994681510538e-5,1.989600356660454e-5
-0.0002871222235008777,0.001633981861648228,-6.837333772867813e-5,-6.846299643075564e-5
-0.0012832382942046204,0.009663243099605395,-6.594147796062033e-5,-6.602794049094718e-5
0.00501421791275273,-0.018956496867340484,-5.6065715764435195e-5,-5.613921797370534e-5
-0.021650342770071534,0.0035298400886952484,3.898716957975532e-5,3.9038251644428204e-5
0.0004829950847240947,-0.0006560206265658173,-1.5293646132060617e-5,-1.5313683133600195e-5
0.00220787614200889,-0.0027677953307349203,-7.365875664085908e-5,-7.375524620223781e-5
-0.03096545521873909,0.0063661843048419525,2.2925505429559013e-5,2.2955526435340002e-5
-0.000458719200164961,0.0014953883640061037,-6.266819057378594e-5,-6.275025137725065e-5
0.0017320370290599407,-0.0016247405506979006,-6.242356937635763e-5,-6.250528715753172e-5
-0.018103844557558056,0.002971314074168197,3.955225899725623e-5,3.960401965154043e-5
0.0006306673787389838,-0.0007509934468102838,-1.4181337470694939e-5,-1.4199894946389349e-5
0.002070190258915224,-0.0022476513823858784,-6.833658444159194e-5,-6.842599495992529e-5
-0.0011506155315004292,0.00021374750669046638,3.1292971767677176e-5,3.133390145926571e-5
-0.008962700272262864,0.005527923172632644,2.571828199859464e-5,2.5751917298325163e-5
0.0026377023073610225,-0.010426915843028978,-7.856453390651704e-5,-7.866727745567512e-5
-0.0047953541004844506,0.0017670635438733439,3.30630423127279e-5,3.3106261088280374e-5
0.0005196913044876448,-0.0006287774617872516,4.809579330452284e-6,4.815865722359133e-6
-0.0006686712894957306,0.0014586322596518912,-9.489174392061171e-6,-9.501575939927476e-6
-0.0002560892652112003,0.0008499849398040568,-6.447878935819198e-5,-6.456304823577136e-5
0.00040645538351192205,-0.00038255477250394846,1.2089710998855603e-5,1.2105504951858032e-5
0.0017107738702278044,-0.002994447137046336,-8.154040624456722e-5,-8.164691923511233e-5
-0.0250828128924199,0.007137436645058842,1.9171075393855997e-5,1.919610883472686e-5
-0.00045823200652006946,0.00212591182562678,-5.0881838427801656e-5,-5.094827688166274e-5
0.0011969447653364532,-0.0018028643490766274,-6.782120031323903e-5,-6.790973504993448e-5
0.0006968564589270955,-0.00029446803798282586,-8.335524665254528e-6,-8.346402949058925e-6
-0.018087780813672235,0.006620238300564801,2.7362573190624698e-5,2.7398277069608377e-5
-0.00015090917918588687,0.0004795839068696193,-6.772042992611493e-5,-6.780879019477363e-5
0.0006847021641290685,-0.0005667601299961876,-4.965997825442069e-5,-4.9724753894237165e-5
0.001447545986602188,-0.0003982976111481261,1.8726696095368927e-5,1.875111683020677e-5
-0.0017863209495440691,0.0009133439567744735,2.5603509945967413e-5,2.563689473703722e-5
0.0005582382696915262,-0.0007042300763951788,-1.573283418724892e-5,-1.575334654510554e-5
0.0004778600018683655,-0.0005410411892696279,7.374225404277797e-6,7.383838388213703e-6
0.0013415987390048238,-0.0028218749377838448,-8.276689332803795e-5,-8.287477633579013e-5
-0.0007880616615266624,0.0002970090866484245,-1.5844264870428273e-5,-1.5864909849059818e-5
-0.02582169818286564,0.005271691236524612,3.1799698683245094e-5,3.18411257957106e-5
-0.0005242109765282603,0.0011408301358118978,-5.7772819762133956e-5,-5.784807979727417e-5
0.0008100165837953457,-0.000687386077082304,-2.0689826553758737e-6,-2.0716772380083825e-6
-0.0003883980891312408,0.0003667484894528667,1.547220028919571e-5,1.549234807171122e-5
-0.0006919051780212599,0.0015976746257488099,-5.240286079639836e-5,-5.247109324703565e-5
-0.0006796165424769245,0.0006642688889680757,1.5478543820043847e-5,1.5498693416460197e-5
-0.0003938810090236518,0.0010570812986148625,-1.7860412882873956e-5,-1.788366110657501e-5
-0.0006175208311026672,0.0019069558423564683,-5.052809062110428e-5,-5.059385254942011e-5
0.0011777084743022433,-0.001526359672343249,-5.982421935748086e-5,-5.9902062414813494e-5
0.0008354469587485532,-0.00035896159787632585,-6.516194974668222e-6,-6.524671657946519e-6
-0.0073114378205368456,0.0028546095889833982,3.403622513914249e-5,3.408049481160647e-5
0.00374071326123596,-0.006210993732980237,-7.483634997393748e-5,-7.493368004593024e-5
-0.0012503831537651086,0.00020822317329329733,3.332795351438005e-6,3.337128008172632e-6
0.002728472757136549,-0.00043421348498197046,1.7581401445944825e-5,1.7604254136570017e-5
-0.01512534334252225,0.005195406523207517,3.218256748208783e-5,3.22243944633601e-5
0.002509534211761817,-0.006341206214238987,-8.444346246813453e-5,-8.455320579321231e-5
-0.0008826264397179679,0.0002635740531121624,-1.1329071709163275e-5,-1.1343788783633055e-5
-0.03876644685048976,0.005772395538464947,2.554733309704822e-5,2.558051434402705e-5
-0.0004464250597599725,0.0011112719448978445,-6.34151245468639e-5,-6.349748564259793e-5
-0.005910084450833778,0.004743060437327979,2.1173100875004664e-5,2.1200592362700128e-5
0.002024313067236139,-0.008965547178534159,-7.578409199298034e-5,-7.588248509818566e-5
-0.014859158808009195,0.006804039292538375,2.5262963243543427e-5,2.5295748850367405e-5
-0.000462130278342072,0.002057655170027986,-4.4467928189222734e-5,-4.452563462609716e-5
-0.0002287119148117645,0.0014666552377895872,-6.790844621094891e-5,-6.799656304158974e-5
-0.005242728493583782,0.004621566259445777,1.8907854443851895e-5,1.8932380183753116e-5
0.0004231591796129072,-0.0020938676452218704,-6.933870177226521e-5,-6.942863665971781e-5
-0.00024812475876408006,0.00017341883785880688,1.789799416512613e-5,1.792120018657009e-5
0.00048668419561270613,-0.000768091094201441,-5.3173890688577025e-5,-5.324282758569788e-5
-0.0025899073888849423,0.0016138732805005673,2.5843936935014615e-5,2.5877434351044193e-5
0.00016822194265954358,-0.0003182389800837281,-1.8141082922327897e-5,-1.8164594423327157e-5
-0.001473731326495929,0.0028254151023626444,-5.459344792658563e-6,-5.466419287940018e-6
-0.0005867496403191382,0.00357193756929044,-6.091014800094266e-5,-6.098907214864283e-5
-0.003167068939937296,0.00361396590738033,9.84767144734413e-6,9.860427606138653e-6
-0.001045813952873896,0.007514040241435828,-5.758564624374891e-5,-5.7660235195042275e-5
-0.0005985037936574323,0.0019371765060223994,-5.756137705224459e-5,-5.763592204099982e-5
0.0007614579926360317,-0.0008137810819964996,-5.498601608655669e-6,-5.505720754870716e-6
0.0035959878596785646,-0.004264415821202941,-6.744334289728238e-5,-6.753065120460046e-5
-0.018525511234569678,0.0024195695741174895,3.896127107956786e-5,3.901168894360089e-5
0.0008063335327386114,-0.0007759120569728797,-8.029078514448976e-6,-8.039467890221642e-6
-0.00479297261928245,0.004645363544863937,1.3835840357892513e-5,1.3853740921430189e-5
-0.0010933608886470783,0.007705022415656869,-8.632869437449751e-5,-8.644037854815806e-5
0.00209365801263861,-0.012665931715329226,-6.859945375731458e-5,-6.868819333903516e-5
0.0007999438587830941,-0.00037008228345211544,-9.66397164928661e-6,-9.676466989537418e-6
0.00045544367051525517,-0.00017141586710162123,-8.362935483619567e-6,-8.373746893825167e-6
-0.003590208441028299,0.0011678918677376557,3.1502792758316164e-5,3.154351237572678e-5
0.0005416786993480701,-0.0005374033289552971,9.488750831514753e-6,9.501014677352388e-6
0.002828667664970614,-0.004996522982545118,-7.841788751336355e-5,-7.85192289402512e-5
0.0026481380986163113,-0.000494773136283917,1.8912814162894872e-5,1.8937245624349797e-5
-0.0063335316652592625,0.002528323573924127,3.3085175745268116e-5,3.312791037153098e-5
0.0011080390412620779,-0.0017703203420350187,-6.799611200946071e-5,-6.80839331340437e-5
-0.005546817931898821,0.0024811941761014116,3.1674052987057574e-5,3.171495063551599e-5
0.0003184849176380278,-0.0005323836011324092,-9.740872694327466e-6,-9.75344921771843e-6
-0.0006190336278764517,0.0013119143375559786,-4.889683655656432e-5,-4.895995978876483e-5
0.0013121394987265914,-0.0013145939222334484,-3.7213002819287925e-5,-3.7261032344150756e-5
0.001015334315514672,-0.0005412332956645836,-9.643094793660056e-6,-9.65553829494753e-6
0.0003541943579132189,-0.00015989535457426132,-1.5652030291868303e-5,-1.5672224604179102e-5
-0.010711110263222336,0.003473775351525578,3.528208584576469e-5,3.5327599114271556e-5
0.00037527515044829125,-0.0006691219237181137,-5.0481570605585446e-5,-5.054668674693339e-5
-0.0017243956415591017,0.0012758968728611901,2.1951016208383164e-5,2.197932449353236e-5
-0.0008734052719264712,0.0019132507039757872,-1.390070144090115e-5,-1.3918626453374748e-5
-0.001164257110369217,0.00917944167614377,-6.30990878516007e-5,-6.318044845168109e-5
4.83527620865827e-5,-9.099109328222573e-5,-1.7018579231156575e-5,-1.704051824524925e-5
0.0005834079778551832,-0.0013639346725286125,-7.688344292594146e-5,-7.698254158532489e-5
0.0009655865659399524,-0.0004768043873087928,2.7980135796495434e-6,2.8016189264930298e-6
0.00030080534018344176,-0.00017993233031463288,1.2073594198301225e-5,1.2089149400889808e-5
0.001130047769689658,-0.0010315363838001967,-5.0166391506428677e-5,-5.023101666088201e-5
-0.000934102984978683,0.0003207141498292588,-1.3995209028684251e-5,-1.4013233540171462e-5
0.0019727048313105478,-0.0003495979162645508,1.0119737905096783e-5,1.0132768797939366e-5
-0.0003032887827310604,8.577949683788718e-5,2.5033248113222868e-5,2.5065478712276936e-5
-0.0035474076691156572,0.002359299081087511,2.5254686104173644e-5,2.5287198624498295e-5
-0.00027956481268749244,0.000649892427727401,-3.220199620980452e-5,-3.224344950722454e-5
0.0004141162058443194,-0.0006735015271190536,-1.1048067033126633e-5,-1.1062286636192929e-5
-0.0014389015283474795,0.0028408232079128286,-5.867140824719784e-6,-5.8746912470611e-6
0.004905544197770163,-0.02790919595232221,-2.7948205498723392e-5,-2.7984169019454528e-5
-0.027453859451542426,0.00461904090382485,1.6620265759862706e-6,1.6641638607094175e-6
-0.0008392849394535997,0.005531276996200218,-6.003880196106046e-5,-6.0116006620877605e-5
0.0004933937583983622,-0.0006796412157202776,-1.374032135919937e-5,-1.3757985242882908e-5
0.0013922344037074462,-0.001896934203001106,-6.596127297734505e-5,-6.604605732339284e-5
-0.008428242503555467,0.0031699096679312375,3.350250331668803e-5,3.354555439858023e-5
0.0017791387431272468,-0.0031487538707239077,-8.022951856431065e-5,-8.033260753927068e-5
-0.007344927736573908,0.002006305740013683,3.523149922436568e-5,3.52767528428379e-5
-0.0011475912809313306,0.001286375367079051,1.2246007117051437e-5,1.2261735522644137e-5
0.0002070250753560293,-0.0007190095790979756,-7.404689303499155e-5,-7.414198878355328e-5
6.265645235103196e-6,-9.682123279414468e-6,1.3619418435882118e-5,1.363690374537613e-5
0.00047899645577943755,-0.0005287304171664712,7.604621828906022e-6,7.614383958343541e-6
0.0025664419869738564,-0.005291432339996125,-8.19118756549528e-5,-8.201701599350529e-5
-0.02719142423269544,0.006269603059306008,2.437880739786575e-5,2.4410086723021923e-5
-0.00045564093726027324,0.0014225204351170702,-4.255440849210364e-5,-4.260900577805205e-5
0.0001568582307909873,-0.0002713803720722272,-3.365450997129669e-5,-3.369767996055745e-5
-0.0019670946992606515,0.0019366135688280062,1.6330177840297106e-5,1.6351121362490278e-5
-0.0006504744066653453,0.002191772549278411,-2.2263336146415255e-5,-2.2291886753372703e-5
-0.00044734907450919313,0.0018920920917459248,-2.926055897387943e-5,-2.9298078116276387e-5
-0.0004946873293334819,0.0017530188114983326,-4.645351056496011e-5,-4.6513066511190605e-5
0.0015178928102229222,-0.0023008659467821943,-7.123501392101044e-5,-7.132632119487555e-5
0.0011870107032517768,-0.0004309301855126837,3.0311537768880902e-6,3.035037892100466e-6
0.0009785546290106695,-0.0004174128006191794,-3.364596658574648e-6,-3.3689074654937752e-6
-0.01700408603105257,0.007244199548761147,2.0425582378835642e-5,2.0451748351789145e-5
-0.0005616283847435247,0.0028936980531624975,-5.3388672472433917e-5,-5.345706246318141e-5
0.0004343500562489948,-0.000605163248368251,-1.645146241937648e-5,-1.6472530882346246e-5
0.0005195525454760358,-0.0006712677753025194,-1.8377648056699836e-5,-1.84011797575464e-5
0.001164701342063386,-0.0012893681114077983,-3.677928657422462e-5,-3.682637335389927e-5
0.0007843899476046622,-0.00047720476835671257,-2.4009241141743377e-5,-2.4039972981457015e-5
-0.00636786219593091,0.0023570308642938053,3.302296072397256e-5,3.306522238854471e-5
-0.0001927785818315609,0.00028927667740874486,2.1387450355947255e-6,2.1414819290905005e-6
-0.0003221534731773954,0.0009241643214297188,-3.628847172589554e-5,-3.633490451161219e-5
0.00024797347856601805,-0.00043805997003100775,-1.6803697604390634e-5,-1.6825194799839212e-5
0.0005974109549195847,-0.001089513376473875,-7.082982664116044e-5,-7.092042742956081e-5
-0.0007279956683498733,0.0003478342811881578,-2.613409948195161e-5,-2.616751888225708e-5
-0.020280425431161684,0.004230971442988063,3.4684043766894204e-5,3.4728387529744755e-5
0.00045178278451132127,-0.0008297776961954212,-6.212447631054967e-5,-6.220389860389782e-5
-0.009148813701491251,0.00535301924456718,2.5268632970026273e-5,2.5300929126646448e-5
-0.00028353132530060823,0.0010702833387082695,-2.7623249540953063e-5,-2.765855313192449e-5
0.005334228273549492,-0.016292952587392846,-5.526832951652349e-5,-5.533895388062905e-5
-0.017910331898936295,0.00236713152515734,3.790199026890027e-5,3.7950395958556064e-5
0.0003485154468034189,-0.00033571058070632013,1.154691769675374e-5,1.1561663660130593e-5
0.00013244010815086703,-0.00028633541906600583,-6.527248942340151e-5,-6.535583724395411e-5
0.00011391071055259818,-6.467403717974503e-5,-2.974751485928591e-5,-2.978548999527343e-5
-0.007566717966121052,0.0021715867295571873,3.472228816176292e-5,3.476660517094211e-5
0.001030861454390967,-0.0012524123562391582,-4.996795796941196e-5,-5.003172883119732e-5
-0.0006385673504737,0.00032658114575646055,-2.9083989390085545e-5,-2.9121098989804663e-5
-0.00046649259197782103,0.00012126203715956269,-1.580958839075575e-6,-1.58297563719068e-6
0.0024846232180945655,-0.0004741635584982773,1.2224269700900744e-5,1.223986163261025e-5
-0.008868245789368609,0.0028915535645507805,3.437505301645279e-5,3.441889287451831e-5
0.0002923832257926569,-0.00045115998579033025,-1.914439041737702e-5,-1.9168804361663718e-5
-0.0019480673402807048,0.0026037520955740447,7.42348248186376e-6,7.432947863450939e-6
0.003951285428129035,-0.018358922822949663,-6.38433884463051e-5,-6.392478635270839e-5
-0.002035036598025143,0.0005573262493757087,2.9089100610198997e-5,2.912616869518259e-5
-0.004758103265755437,0.0037137174156979254,2.149500801859559e-5,2.1522396577514695e-5
-0.0005212761263051188,0.0019649660376077713,-3.542818972609538e-5,-3.547332870183995e-5
0.0008149662008556108,-0.005625894794763533,-6.92524239256224e-5,-6.934065015575044e-5
0.0007688015397528757,-0.0004978860808597271,2.723124632092243e-6,2.7265924100080397e-6
0.0009856852644015348,-0.0007909359372446804,-3.2557401497384506e-5,-3.259885654660422e-5
-0.0008989407846574798,0.00040574785389569415,-2.456674031393421e-5,-2.4598014860117477e-5
-0.031763505700823556,0.006290156731960799,1.2762765790935322e-5,1.2779010086775567e-5
-0.0005290562211091777,0.002402253120202671,-5.403599823588205e-5,-5.410477220532659e-5
-0.0026970918048211338,0.003378167295900652,7.561441032562231e-6,7.571062258667846e-6
-0.0009007480510322513,0.005909552894207616,-5.1435482157981074e-5,-5.150092479511016e-5
0.0047446049142116425,-0.017192124445008703,-6.055858998510454e-5,-6.063562815890095e-5
5.1942670780580346e-11,-2.1277218778941626e-10,2.7882011003685903e-5,2.791746116255714e-5
-0.00033075327894855667,0.00018604319350745363,1.6157983773193088e-5,1.6178525772887826e-5
0.0011534428436535955,-0.0012132179304408558,-4.669894279841572e-5,-4.675830590525806e-5
0.0007264800570642132,-0.0003225905566827398,1.0021074211666378e-5,1.0033810053329663e-5
0.0007666523386302887,-0.000495159010842912,2.7735048243200628e-6,2.7770292647368447e-6
-0.004257017395425084,0.0033515158299569966,2.1276370127537293e-5,2.1303403668217877e-5
-0.00030639276820683116,0.0010700437794526581,-2.5551644864476633e-5,-2.5584108316034826e-5
0.0028526233266388573,-0.008772359093828242,-7.90051450985568e-5,-7.910550680099651e-5
-0.020684998977135327,0.005861471341763426,7.560435054573281e-6,7.57003493758457e-6
-8.980760305283098e-5,0.0006473033714190917,-7.061000535158355e-5,-7.069965962356411e-5
0.0009583159680634292,-0.0007666176036658625,-3.323544364257553e-5,-3.327762706352685e-5
-0.005307032710541364,0.0022519812951135123,3.0817595871685876e-5,3.085670285461642e-5
0.000350675801718031,-0.0005498018801191454,-1.590065773595342e-5,-1.5920833894774366e-5
0.0032803178408641774,-0.0049627775395447524,-7.37402065198661e-5,-7.383376128258482e-5
0.0025424131711450216,-0.00041421816750328457,2.2734716877340648e-5,2.2763549312436604e-5
-0.0006957563603150369,0.0003031893967460399,1.9896642978888245e-5,1.9921873685106756e-5
-0.0029057460050809143,0.002494043635648285,1.922650464731236e-5,1.925088306894012e-5
-0.00016857313824450562,0.000550708994094816,-3.0659677832349805e-5,-3.069855024253149e-5
-0.0006399167355897715,0.0015238820299161297,-1.2852424379374757e-5,-1.2868716884388128e-5
-0.0006207684393451618,0.0021699247867765638,-5.536163880022369e-5,-5.5431810610366e-5
0.0007642262902461393,-0.0008782481343654811,-4.4977724277504614e-6,-4.503472014082238e-6
3.323482110537799e-6,4.4379204544703915e-6,2.3239437837989744e-6,2.3268883135150523e-6
-0.00028173764434844987,0.0007573437023389777,-3.345131888792602e-5,-3.349369885441248e-5
0.0026684862837993953,-0.0047244038124981515,-7.686616164228535e-5,-7.696352762085231e-5
-0.02207217815900445,0.004303885698514046,3.370984674482643e-5,3.3752529817287324e-5
8.081042179730724e-5,-0.00018014048348451828,-5.28102723534311e-5,-5.287713674397189e-5
0.0006511736128618003,-0.0004781836976248256,-3.613598330498264e-5,-3.618172557887105e-5
0.0013715963568535136,-0.00046576043008672016,7.638176919911373e-6,7.647843619744728e-6
0.00025722414307974696,-0.00012119648597201413,1.4327388068419298e-5,1.4345518218389178e-5
-0.003185459855227324,0.0024144998389915313,2.1758516831402813e-5,2.1786047406198997e-5
0.003852586010412582,-0.010685430113091648,-7.137797545622131e-5,-7.146828189976155e-5
0.0025900612023591605,-0.00047519183354030625,1.3931998138254013e-5,1.3949616120805335e-5
-0.0021827557834217435,0.0007485759464207813,2.7072180178992865e-5,2.7106410978201775e-5
-0.005529599683094116,0.004940643296963354,1.5537359736707495e-5,1.5557003837559953e-5
-0.0005683491641812629,0.003308628408131849,-4.865000161166316e-5,-4.871150698194128e-5
0.002280455099208826,-0.004145189241657712,-7.83963528941632e-5,-7.849544206232178e-5
-0.004836298267776419,0.0010805635285842836,3.2835115126966574e-5,3.2876601165248904e-5
0.001040280404006924,-0.000893800362466942,-1.4603348463701061e-5,-1.4621797859762824e-5
-0.008197589454396966,0.005953169463449686,1.7124678763722502e-5,1.7146310179187072e-5
-0.0009900119630827046,0.006496027934161562,-7.23043087521606e-5,-7.239563693567085e-5
0.0024936649457161504,-0.014287784080370814,-6.499420578192178e-5,-6.507629224622761e-5
-0.014883150459374717,0.006152034491629964,2.5820934608883524e-5,2.585353048976534e-5
0.0015692430621108923,-0.005509159689396788,-7.911104550952319e-5,-7.921090888680829e-5
-0.0023255341366539774,0.001033183898488935,2.58787327196365e-5,2.5911387298544994e-5
0.0006453109303891838,-0.0007389843801324463,4.210889034749191e-6,4.216201995055104e-6
0.00013862635218176277,-0.00026563698081059217,-1.665697915275734e-5,-1.6677993362058866e-5
-0.0008458258959029261,0.0018272007443364195,-9.128156447932811e-6,-9.139670860665646e-6
-0.0005424050170207351,0.002192638767609429,-2.77033262963594e-5,-2.7738268145431455e-5
-0.00038790547584396907,0.0014621030783205523,-6.071154394390348e-5,-6.0788108227820384e-5
0.000957686236073501,-0.0009255338914767578,-1.726133281970446e-5,-1.7283095184456366e-5
-0.0013232356762515626,0.0010339488987718371,1.9186906846148188e-5,1.9211093086899093e-5
-0.0005667503814042492,0.001261356717472004,-1.1146117411033112e-5,-1.1160166591194424e-5
-0.0007051424861797918,0.0024961561972505772,-2.3905909999590722e-5,-2.3936038986800546e-5
-0.00035271173880563203,0.0016120843820628327,-3.217749499193726e-5,-3.2218043865929446e-5
-0.00013345995367598142,0.0003766854277892413,-6.859705543764262e-5,-6.8683485246669e-5
0.0010191700123991657,-0.0007531036237897393,-8.787389335352775e-6,-8.798457842707128e-6
0.0005514099647787292,-0.0003905559768744907,-3.529011842653367e-5,-3.533456302441273e-5
0.000786493822269053,-0.00024980949087047966,-1.846743801805103e-6,-1.8490691272910673e-6
-0.011686142042667944,0.003864125927345616,3.277477921129636e-5,3.281604167879026e-5
0.0036558856504012257,-0.006902165636404141,-7.311762316710137e-5,-7.32096705657362e-5
-0.0016561871867588284,0.00025603428488770466,3.0125908297323344e-5,3.0163817121442953e-5
0.0005387306743817582,-0.00032441443272938507,-2.73226147174469e-5,-2.7356993226423935e-5
0.0008818642484513458,-0.00027892036166992783,-9.450416992044553e-7,-9.462305658412359e-7
0.0013930082782476008,-0.00046786682654129997,7.059851216791253e-6,7.068731299799121e-6
-0.012520575209925165,0.00566049069093255,2.6506733511251308e-5,2.6540070283703225e-5
0.0012902303321641873,-0.00420148854761704,-7.90140667370194e-5,-7.911343522989841e-5
-0.002492555756416007,0.001135640309330103,2.607463064389e-5,2.610741010666132e-5
-0.0026012534006735885,0.0031643592844816998,9.41966963105574e-6,9.431510454603447e-6
-0.0004109568755656057,0.002152582706393776,-3.723980926397266e-5,-3.7286617644526475e-5
-0.00032483816479890064,0.0010258483574995443,-2.3066304659878626e-5,-2.3095292850496184e-5
-0.00018588756305223115,0.000516007626082731,-6.606736680275426e-5,-6.615038439626908e-5
0.0008194740147435711,-0.0006415054541815449,-2.171333736708021e-6,-2.1740613781713767e-6
0.0013197927469802272,-0.0011543121679326554,-5.684358360432207e-5,-5.691498137316609e-5
0.0008872365989773637,-0.00012879402763475557,6.3457172772893e-6,6.353685393524498e-6
0.0021472483645948418,-0.0004897185649268758,9.990071602961081e-6,1.000261422894876e-5
0.0013056472500718134,-0.0004599723284221392,8.306612624845777e-6,8.317040406544745e-6
0.0006130876296013965,-0.0003038428950020068,8.880381381849282e-6,8.891528090942388e-6
-0.0009109094707743336,0.0006298034828636835,1.994534036241172e-5,1.9970372899832053e-5
0.0003256917892319743,-0.0006085270569063213,-5.88789047319362e-5,-5.895279469027149e-5
0.0008358077476429756,-0.000519412981417944,1.0383123913493046e-6,1.039615101720539e-6
0.0009264648434027802,-0.0006858219624138716,-2.8221535946984763e-5,-2.8256939271654373e-5
-0.005960111535412187,0.0025706964387983066,3.016861496165677e-5,3.0206453892604642e-5
-0.0015984050504903075,0.002765530250551696,-2.102547645130793e-6,-2.1051845765875712e-6
-0.0006498389334248811,0.0035335171372084945,-5.494411519794384e-5,-5.501301854584649e-5
0.000504200945255254,-0.0006530547867114819,-1.72214748654363e-5,-1.7243065766146104e-5
0.0012422886123739066,-0.0014214371571957642,-4.2027740715914666e-5,-4.208042381036628e-5
-0.0002427312603807152,0.0001292038939600709,1.4979267443792505e-5,1.4998040557765404e-5
0.0003035429291419033,-0.0002938570069741564,1.1085656265025866e-5,1.1099548144670916e-5
0.002857228231258741,-0.005554276086230861,-7.726095160653289e-5,-7.735776113421559e-5
-0.006229279252805041,0.0012246675817851975,3.3545405488118775e-5,3.358742138565694e-5
-0.002767501410861353,0.0023434740231299237,1.8771425134123377e-5,1.8794934769237113e-5
-0.0006065612735575103,0.0019481049360355032,-2.1162376088733064e-5,-2.1188878280374763e-5
-0.00039973283595205614,0.001469869069233559,-5.8171098990303573e-5,-5.8243939086721056e-5
-0.0015619191057752236,0.001617054822562541,1.350054478653975e-5,1.3517445267030466e-5
-0.0005518077597539722,0.00171131616156857,-5.8128354450153666e-5,-5.8201115967606165e-5
0.000817143935360581,-0.0008053107023155839,1.1537335039097205e-6,1.15517731022464e-6
0.0006429052485367524,-0.0008579909580222075,-1.7226172391793169e-6,-1.7247727033588059e-6
-0.0012764722682126434,0.0026851795531973722,-8.179232248753648e-6,-8.189465569707956e-6
-0.0005916131782379155,0.003133418325456614,-3.786803553234055e-5,-3.7915409349806444e-5
-0.0004457731198848206,0.0016286605173210574,-4.3072328858781966e-5,-4.312620532096708e-5
-0.0002236607311584077,0.00038474466121620176,-3.482518025805605e-6,-3.486873192723978e-6
-0.000194580760058386,0.0005820085112995934,-3.042488014771114e-5,-3.0462925013556428e-5
0.0007045810000153268,-0.0015385316201459102,-7.489198668298237e-5,-7.498562040631824e-5
0.0005287884634541716,-0.0002386301633636396,1.1714622520717304e-5,1.1729264177101738e-5
0.0011672258259237032,-0.0008181815486411862,-1.9507458497480476e-5,-1.9531837342497277e-5
-2.5693404984730826e-6,5.676473583306668e-6,-2.3496214734453485e-5,-2.3525573532020984e-5
-0.002708851043211339,0.0007485792079077348,2.9044364576013677e-5,2.908064911449673e-5
0.000409798857231132,-0.00034876967546303665,1.0094259976207122e-5,1.0106869473357435e-5
0.0005239347474194671,-0.0007681304682406925,-1.1316959890068284e-5,-1.1331095277067916e-5
0.0011661493693232471,-0.0019127116930272583,-7.30037005761021e-5,-7.309487351161935e-5
0.0009636186596103724,-0.00031845055053258937,-7.711492690397601e-7,-7.721120463055593e-7
-0.015067440863440786,0.005369567873099993,2.8139816618644433e-5,2.8174944231592127e-5
-0.0003380478698536596,0.0009663008915264011,-2.0439844095280484e-5,-2.0465358335874436e-5
-0.0005910946520897778,0.0018573049825905356,-2.0683746112115052e-5,-2.070956142347019e-5
0.0003504512647116585,-0.001367655720678745,-6.929593958136988e-5,-6.938241685397204e-5
-0.000700155157269897,0.0004640007751571355,1.8858659546791562e-5,1.8882186345023223e-5
0.0004458996079790805,-0.0006788659619435155,-6.219183435244264e-6,-6.226941366943346e-6
-0.0004242842360315563,0.0009618376428406103,-1.264924812110466e-5,-1.2665025233128809e-5
-0.0003034700364539787,0.0009594737054387479,-3.5613137118559934e-5,-3.565755148912519e-5
0.004096273548554619,-0.0077282415428870785,-6.91885897345068e-5,-6.927486190053781e-5
0.0009503627934768974,-0.0001264694627386523,2.559199522607459e-5,2.562389200541694e-5
-0.012625280159380574,0.0059682791104414615,2.462075105977268e-5,2.4651434648283946e-5
0.004458340355430344,-0.015911236404329926,-6.162324567481442e-5,-6.170003963745296e-5
-0.016484850379031118,0.0032414154014518675,3.483622611758389e-5,3.4879615939739116e-5
0.00046208907272019694,-0.000632152558316505,-1.00215033265686e-6,-1.0033984766834819e-6
0.0018878217610479547,-0.004342739866534301,-8.032312951919245e-5,-8.042315870782254e-5
0.0016569830231283145,-0.000490587455825986,9.197806165946285e-6,9.20925618937323e-6
-0.007440501344572344,0.0032268710044589676,2.9622625228654957e-5,2.9659496992716253e-5
9.765162882198907e-5,-0.0001880488258831404,-1.6725105479256792e-5,-1.6745922150827063e-5
-0.0006697449170237606,0.001439004479274722,-4.435801654773358e-5,-4.441321891240221e-5
0.0011181289463301244,-0.001215389150059154,-3.421140855490725e-5,-3.425397510902579e-5
-0.000659576652132641,0.000398790260510565,1.8052465680724755e-5,1.8074922719496334e-5
-0.0008122796520587986,0.0010406470615851708,6.800119785454973e-6,6.808578238567481e-6
0.005288712316979204,-0.017527110447655314,-4.9361702703368954e-5,-4.94230969666577e-5
0.00013487736787280423,5.183616816741286e-6,7.720624257436593e-6,7.730221499363873e-6
-0.02214994687434882,0.004651655161055247,3.0538195469697724e-5,3.057615184294512e-5
0.0035321976688358057,-0.007095186723739646,-7.287565736017078e-5,-7.296623118152251e-5
-0.03579685562132444,0.005930678915967401,1.3647410545335446e-5,1.3664364930349402e-5
-0.00014509211505202123,0.0005023646668672079,-6.413226605865916e-5,-6.421193577674251e-5
0.0011077845438932097,-0.0009138276030785833,-1.6337088681723514e-5,-1.6357377686106222e-5
-0.008445841303369223,0.0056140179631284145,2.0376784174804833e-5,2.0402086126364536e-5
-0.00038160841759882,0.0017998608411179894,-3.293163560501461e-5,-3.2972524763359525e-5
-0.00019278650171114243,0.0006406444749129611,-2.7846285054987492e-5,-2.7880854643701564e-5
-0.00035967651084247733,0.0009095227233553399,-3.354185496378337e-5,-3.358348893975865e-5
0.0008077448053848459,-0.0013699437069757488,-6.377322945451831e-5,-6.385237466639201e-5
0.0005637390699537101,-0.0002819299393981618,9.105224211289968e-6,9.116521232641601e-6
0.0009002875145215881,-0.0006587504945623371,-2.769074417106335e-5,-2.772509659963737e-5
-0.0010147957062652973,0.00045017562824838184,-2.4266119187426907e-5,-2.429621765149666e-5
-0.03233651394448576,0.006083021914112011,1.3203403088654633e-5,1.3219776679909257e-5
-0.0005674179666343746,0.00233737452398434,-4.858682054439849e-5,-4.86470711487346e-5
0.0006053288151835332,-0.0008404754338024868,-3.5185088807351995e-6,-3.5228710234739202e-6
5.2017832304412856e-5,-0.00010353967206140184,-1.9355573748235666e-5,-1.9379567539750512e-5
4.866812926303043e-5,-9.493661692895515e-5,-1.8672441615819495e-5,-1.869558541756341e-5
0.00012770321117248603,-0.0003142113272627875,-6.787891118174383e-5,-6.79630332904466e-5
-0.0003756410417594533,0.0002187048605106332,-3.37695202182931e-5,-3.381135905838137e-5
-0.0002841891863121347,8.31005583030009e-5,-1.8445375488687404e-6,-1.8468223573848021e-6
-0.010383339910206738,0.0021423734740721612,3.44441574556449e-5,3.448681693226e-5
-0.0007816946259639406,0.0008393196462245881,1.120733019428681e-5,1.1221209685797139e-5
-0.0006659116710564315,0.0019347948945653065,-4.4670031793213506e-5,-4.472534797507122e-5
0.0014928160973062686,-0.002023331147109548,-6.541806475467012e-5,-6.549905727226083e-5
0.0002565863856834351,-8.708132930571002e-5,1.8128735391645436e-5,1.8151173921088614e-5
0.0010338601643039066,-0.0006878755524200323,-7.604549830678525e-6,-7.613961269514459e-6
0.0011023939435614312,-0.0007111526353916783,-1.5677881574205657e-5,-1.5697281861269146e-5
-0.006740728309072783,0.0033694329876318295,2.7294171616472938e-5,2.7327940918244175e-5
-0.0006754042330217311,0.001522463547885064,-5.2679572874225964e-5,-5.274474573793169e-5
-0.002225687277197118,0.001993581063658773,1.6660373915222928e-5,1.668098073489956e-5
-0.0008335712845437126,0.0026605970144987904,-2.1148466534395586e-5,-2.1174622652713546e-5
0.00046896585866022073,-0.002282912759151499,-6.5922146085024e-5,-6.600366866685824e-5
0.0008901180084119695,-0.0006276714531445219,-3.3874222231315952e-6,-3.391609818724573e-6
0.0003930337252445888,-0.000300324425695808,-4.58380699695994e-5,-4.5894728299693236e-5
-0.011733706860143559,0.0028216594427100668,3.3890849653085955e-5,3.393273061412612e-5
0.0004493959207964113,-0.000613296125347981,-1.5811852228470904e-5,-1.5831390676254234e-5
0.0006404869291839944,-0.000812359686855995,-9.555761572659598e-6,-9.567567781434014e-6
0.002610215505973874,-0.003600648249341449,-7.074155735701081e-5,-7.08289475795673e-5
-0.009223428360963659,0.0016813293475203951,3.400331801551109e-5,3.404530905829864e-5
-0.0013087641388924264,0.0012155851969579195,1.5138208220092359e-5,1.5156901283002346e-5
-0.0005439239659175778,0.0016048036627647991,-2.66020488853071e-5,-2.6634895233072087e-5
-0.001220135327185526,0.009577781889798059,-6.146284564665374e-5,-6.15387298264125e-5
0.004797187401564364,-0.014431843430069848,-5.727571031431269e-5,-5.73464129967593e-5
0.0017182363802809998,-0.00023404022331751132,9.686903806306612e-6,9.698855318699631e-6
-0.006492419136878439,0.0016361468468596597,3.217763006936605e-5,3.2217325599540826e-5
-0.0013699188659044177,0.0013941459836871325,1.2990916975172291e-5,1.300694189970328e-5
0.0012023377560602103,-0.0036818154643047524,-7.661351608112496e-5,-7.670801515566669e-5
-0.009078833979005408,0.0040631884024428105,2.771505882474033e-5,2.7749231802379037e-5
-0.0007248895136759067,0.0017555640987290835,-4.363088542597245e-5,-4.368467964707902e-5
0.0009606909103777104,-0.0011689657431940177,-3.6789585743732844e-5,-3.683493598849167e-5
-0.001792658898702116,0.0011678765190403504,2.115740470021811e-5,2.1183480308683614e-5
0.00012128701894227655,-0.00022598924352162765,-1.9997457266598103e-5,-2.0022101287515385e-5
-0.001348800452663455,0.002295211723059469,-1.5558466579314831e-6,-1.557763745263233e-6
-0.0002794679427601851,0.0013144139821460363,-3.452328421489063e-5,-3.4565819666750786e-5
-0.00019267056987483993,0.0005496578811588147,-2.321956992948703e-5,-2.324817346266185e-5
0.0003752193971838219,-0.0010144407816099067,-7.279078645498647e-5,-7.288044290733722e-5
0.00025157455997454353,-0.00013808572680416395,1.1822742787134212e-5,1.1837300377664425e-5
0.0006456930947941552,-0.000564152569593946,-4.765527728077975e-5,-4.771394982040274e-5
-0.0004215162274129368,0.00014139250043447818,-7.877408177896355e-6,-7.887104482975734e-6
0.0017357051538000015,-0.0003940197529095311,1.9796891552467444e-5,1.982125578078047e-5
-0.0036009531022301563,0.0018377479377845731,2.5870788766107155e-5,2.590262507780778e-5
0.0003036646214376253,-0.0005062320868051733,-1.5954878791481293e-5,-1.5974511208510358e-5
-5.7451254838819497e-5,7.199968188003723e-5,-3.166559934779928e-5,-3.170455848409186e-5
0.0014779463504236926,-0.0016426224983350241,-5.9876363326673605e-5,-5.995001831510365e-5
-0.000323049147141448,0.00010833773159950124,-6.401270606934716e-6,-6.409142807225394e-6
0.002447088873698882,-0.0005582683744584493,1.2537484724188299e-5,1.255290083067828e-5
0.0006508460639591658,-0.0002586033731939545,1.2888136930900601e-5,1.2903982440419966e-5
-4.1303175362609024e-5,3.0295471825871695e-5,-3.991863451186689e-5,-3.996770768168594e-5
0.0026223484624143313,-0.000556158858293247,1.240202729636673e-5,1.2417270010934315e-5
0.0011245272950961358,-0.0004166488253485158,2.9314888411786673e-7,2.935091392758782e-7
-0.0011038714765794475,0.0004764801600253244,-2.4092321046431064e-5,-2.4121924518131164e-5
0.0002867521387970058,-2.7599356405160844e-5,3.427158214178113e-6,3.4313684995822785e-6
-0.0008526164987854599,0.00020549488994450038,-6.544446587449592e-6,-6.552485439146471e-6
-0.035707180105845074,0.004885193033211014,3.022019600739204e-6,3.0257310886978436e-6
-0.0003891241313443275,0.001942425104595304,-5.839265715720126e-5,-5.846436986660427e-5
0.0007877378931490136,-0.0007796366644410281,-4.160272189518557e-6,-4.165379934873672e-6
0.00043217070634023235,-0.0004965752584381997,5.210853398477431e-6,5.217250177664998e-6
-0.00027479050343937067,0.00056962011259046,-6.17915759632715e-5,-6.18674232108858e-5
0.0002904805868782865,-0.00020022427868031893,-3.615279795469364e-5,-3.619716307966431e-5
-0.004563919330411805,0.0013337277838539113,2.9642546934182743e-5,2.9678915477004113e-5
0.0007915855861674196,-0.0007905236563512267,-1.9426323732757336e-6,-1.9450156120616156e-6
0.000782484224944613,-0.0009808952546827324,-2.1848372631309263e-6,-2.1875173146196196e-6
-0.0014813787286599496,0.00274623779566269,-5.283070339287599e-6,-5.2895501439404186e-6
-0.0005948298122985988,0.0033341867556373997,-5.6107402482099396e-5,-5.617621414251043e-5
0.0007917107368875364,-0.0008919386804262217,-3.811924317221012e-6,-3.816598018404732e-6
0.0005818799811295581,-0.0008197703091580021,-4.153102033645451e-6,-4.158193427966922e-6
-0.0005451702397928472,0.0011204860872203442,-3.809857465177982e-5,-3.81452755233495e-5
0.0010601439612546832,-0.0012804143060460964,-5.166055736486648e-5,-5.1723870695821567e-5
-0.0009867903258316513,0.00045257789224195086,-2.5971967768780928e-5,-2.6003790814303478e-5
0.0015000243656236078,-0.00025080852633746844,6.608785623541165e-6,6.616881631169635e-6
-0.005336687952758276,0.0013706984206208143,3.079795730994029e-5,3.083568136747866e-5
0.0010871702592722967,-0.0010619897921545906,-4.637693355953449e-5,-4.6433735897070177e-5
0.0008548116336387767,-0.00031871487366674696,-3.833686448102336e-6,-3.838380901845236e-6
-0.01695866633328636,0.006342469927923649,9.67594476071204e-6,9.687791567259016e-6
0.00012401408888650008,-0.0010121442294654718,-6.828936139268894e-5,-6.837296899869578e-5
0.0004530836006043949,-0.0003229613733430817,-4.6106986505921706e-5,-4.616341447235958e-5
-0.02387374188843427,0.0044345213493865105,3.1013757204709247e-7,3.105170365461294e-7
-0.0008901706152556407,0.006331208485559039,-5.283874241007307e-5,-5.290339077550485e-5
-0.0003801034400403853,0.0009290839618423571,-6.234870200676844e-5,-6.242497157894437e-5
0.0012910916858327054,-0.000929034026762251,-4.752993818375078e-5,-4.758806514256347e-5
0.001795845980637599,-0.00021562454607603016,2.1415568503238467e-5,2.1441751316734355e-5
-0.004101522590631841,0.0016265111561819937,2.7579786371039877e-5,2.761350255403161e-5
-0.0010935508811146877,0.0013867337790338455,6.706282302806008e-6,6.71448007499621e-6
-0.00031786145687348003,0.001182051018812609,-2.6871822678479045e-5,-2.6904668218919757e-5
-2.866494337196301e-5,3.633803169491214e-5,-6.650303287597544e-5,-6.658430811470949e-5
0.0006651861534175547,-0.00047948269455563874,2.835084064712671e-6,2.838547907948599e-6
0.0010529064150196909,-0.0009957787486346206,-4.689812813535816e-5,-4.695542037552912e-5
-0.003929147770715402,0.0013774407869206029,2.7850172109482373e-5,2.7884187159147612e-5
0.0008538529505371175,-0.0009373933427414575,-6.932535994660239e-7,-6.941002441861162e-7
0.00048652242502925656,-0.0007481653354544413,-1.1486962216491214e-5,-1.150098921689879e-5
0.0003450505312094133,-0.000652775271894727,-5.921355050903528e-5,-5.928584851089999e-5
-0.001025889354770154,0.0006010737685184738,1.919803461714307e-5,1.9221469147897276e-5
0.0004276714532210835,-0.0005941053729859564,-2.443361257323073e-5,-2.4463435361124446e-5
-0.0013055440840177457,0.0013119143669226905,1.2682024393139508e-5,1.2697501137572187e-5
0.0001297826290978412,-0.00043095371659058286,-6.959602928137816e-5,-6.968095548973234e-5
0.00027579616871196934,-0.00017231120323611405,-2.970532572042048e-5,-2.9741563378909756e-5
-0.015104719697758933,0.004735883160063354,2.8601799687850532e-5,2.863668453677822e-5
0.00058854279234588,-0.0013907658254258895,-7.29273192974874e-5,-7.30162621885904e-5
-0.003346130024720394,0.001566108391670492,2.5521413660674716e-5,2.5552530278539648e-5
-0.0019437325474354794,0.0027580773612513893,7.35104620742107e-7,7.360008164199381e-7
-0.0006888062185082019,0.004980937572566314,-6.313141126021564e-5,-6.320837260882552e-5
0.0016147852883290877,-0.0016114353962737374,-5.9821272847584745e-5,-5.989417570729279e-5
-0.019154095276792366,0.003588256790533453,-2.6645863222463015e-6,-2.6678326371009386e-6
-0.0005827797708309154,0.00471031486775856,-6.90479234513249e-5,-6.913204345113257e-5
0.0006507214070284338,-0.000559412607508535,-5.102121022466587e-5,-5.108334691117306e-5
0.0024831038303277523,-0.0005690544887385647,1.2857059870884569e-5,1.2872714013477539e-5
-0.009674325045784235,0.003943431565764557,2.7843566730415564e-5,2.787746404457196e-5
-0.00028529216534611655,0.0006145138182146222,-6.213050916811162e-5,-6.220614375206294e-5
0.00044089281062306766,-0.0003040317122874515,8.800065562882824e-6,8.810775570404826e-6
0.0007559909323548386,-0.0008110448491535327,-6.212210656470718e-6,-6.219770329288529e-6
-0.0026420094294388008,0.0032301263593387964,5.1905494453917335e-6,5.196865051703354e-6
-0.0005668260975219256,0.0038986700651512766,-6.244460276960195e-5,-6.252057785102161e-5
0.0008280294384533968,-0.0007939316657805555,-1.1942857754919947e-5,-1.195738366137315e-5
0.0007638363333983736,-0.00068760238490334,-2.584917503229457e-7,-2.5880610566610034e-7
0.0006298364979838111,-0.0007372636687207383,-1.6849748278409993e-5,-1.6870237003764795e-5
0.000785518843317226,-0.0008007322697775643,-1.3836933595515116e-5,-1.3853756364961017e-5
0.0008173291914734305,-0.0007585414387722918,-9.224321939430916e-6,-9.235535139555067e-6
0.000807879723751254,-0.0007483344183656975,3.261527818629244e-6,3.265492029254028e-6
0.0019459828421367206,-0.0026331230195846323,-6.937056110410744e-5,-6.94548679363859e-5
-0.002999091649610883,0.0006622495594724296,2.865036150439674e-5,2.8685169437325133e-5
-0.0023002922050314283,0.001762651756663998,1.8810650419275565e-5,1.8833502090196968e-5
0.0024514480205272845,-0.006301905458180357,-7.632415448900965e-5,-7.641686833462088e-5
-0.004397457487288382,0.0011462360479976028,2.933645462013735e-5,2.9372076284682367e-5
0.0011069065074397482,-0.0010299026299087682,-2.2130530504451623e-5,-2.2157400361839846e-5
0.0010867027852076439,-0.0007347812448890506,-1.1681865237542824e-5,-1.1696046519249142e-5
-0.0007089887966364975,0.0004134848253022283,1.7151241683265756e-5,1.7172059505699946e-5
0.0014265334750013347,-0.001760215929348432,-6.105242048850916e-5,-6.112651772155211e-5
-0.013871399917483583,0.004490925043687923,2.8597472058009246e-5,2.86321706683304e-5
-0.0007210630578933597,0.0015869066880066583,-4.322230976953267e-5,-4.3274750585562975e-5
0.0022885011371794523,-0.002482346473754542,-6.206854418367657e-5,-6.21438359383661e-5
-0.012298967486579179,0.0019694728543217183,3.3425462558555694e-5,3.3465996080423756e-5
0.0006796245532308482,-0.0006569513076008002,4.885839451265685e-6,4.891763911289839e-6
0.00014426930194338702,-0.00025226553963803,-3.38213582941552e-5,-3.3862365006439674e-5
0.0011286048120869266,-0.0010872974120796953,-2.7954603943226816e-5,-2.7988491508461725e-5
-0.01030612225338119,0.006236047408355643,1.7977861178639265e-5,1.7999650813147384e-5
-0.0005168549417717829,0.0026547366601167343,-4.465298278409287e-5,-4.4707100748773755e-5
-0.00019963386437062532,0.0003714714057032449,-6.722356703666316e-6,-6.730502204306301e-6
6.458058204959851e-5,-0.0002393660163556812,-6.743128153803456e-5,-6.751297988081928e-5
0.0007867652499817418,-0.0005128779344251759,9.176212938893427e-7,9.187327376136728e-7
0.0009161666341542057,-0.0007354587281989155,-2.9601199568072164e-5,-2.9637048794648397e-5
-0.002162555226838194,0.0009837983080326672,2.3150682944503447e-5,2.3178715069885754e-5
0.000960609790510274,-0.001151347419776442,-3.59320354212453e-5,-3.5975540235002004e-5
0.0010259664893122993,-0.0006737685279097577,-1.9291545813086824e-5,-1.9314898753475656e-5
-0.006217149814622558,0.002882738073131682,2.6894568514103517e-5,2.6927119858775592e-5
-0.0011993048245714111,0.0024360650860513282,-1.1114169702316638e-5,-1.1127620660265279e-5
-0.0009762049649112301,0.0068788722111266165,-5.4907000239689183e-5,-5.497344689379738e-5
-0.001527343768117491,0.0026034875668141436,-4.946551479167092e-6,-4.952536216493024e-6
-0.001137019528666508,0.008016054034163144,-5.902039305213451e-5,-5.9091795907344494e-5
-0.00044890776630745306,0.0017433681555740546,-5.7891422360549176e-5,-5.796144993953535e-5
-0.0030503143768606444,0.002880051477031571,1.4259893389991165e-5,1.427713793154344e-5
-0.0005829950355452921,0.002356508019855216,-2.7705757381460526e-5,-2.773925983351639e-5
-0.0006560245644146735,0.0027369970692353355,-2.9625196449365345e-5,-2.9661015333130693e-5
-0.0004348680489155274,0.0019027505256333358,-4.178852861953944e-5,-4.1839047616279345e-5
0.0013082704754315219,-0.0023333703831366027,-7.354478699327289e-5,-7.363367858172689e-5
-0.0010201518998831489,0.0003353207603944779,-1.2890184389188316e-5,-1.2905759404351735e-5
-0.001190951677079137,0.00021812061479595208,2.7025292534671003e-5,2.7057941308420565e-5
1.650887007881405e-11,-3.0487670741497416e-10,-3.564432790476502e-5,-3.568738573576475e-5
-0.004693202014068607,0.001218989083846405,2.92964395096215e-5,2.9331821876970422e-5
-0.004746712848304204,0.0044333735683591965,9.573539528920545e-6,9.585100973302675e-6
0.00029354702583442825,-0.0022582058618264987,-6.579091603680658e-5,-6.587036417040597e-5
0.0005844306482759515,-0.0004162931033968198,-3.207012690544612e-5,-3.210883963536147e-5
0.001107843807695133,-0.00039176263125216646,1.1096445570027233e-5,1.110983785515986e-5
-0.0003859963372652014,0.00021384653427909252,1.4608559523239482e-5,1.4626188637168757e-5
0.0010039774837244607,-0.001067861442472707,-2.5842277334381823e-5,-2.5873459830492854e-5
0.0009134239088861998,-0.0006625014278893305,-5.538230355354954e-6,-5.544911932185247e-6
0.0010244595873450937,-0.0007830134027199852,-2.2624256764491947e-5,-2.2651548083021483e-5
0.0007518135224155201,-0.0003909822345025641,4.7682119777547064e-6,4.773962854386578e-6
0.0009463859433669077,-0.0006555561704400599,-5.730886459134006e-6,-5.737797586705685e-6
-0.00028920681541942065,0.00019932317484958457,1.5041419915729454e-5,1.505955659536478e-5
0.00019314316900215293,-0.0003129615921714239,-2.6297350640427845e-5,-2.6329056638137968e-5
0.00109292780363588,-0.001226334144412252,-5.027272438241042e-5,-5.033332715013852e-5
-0.015685384398802894,0.0063754096628293,1.0128713836415361e-5,1.0140921044492497e-5
-0.0014674297861753467,0.011540109568321407,-7.276198391129599e-5,-7.284967411970118e-5
0.003148463302731748,-0.01354869512340186,-6.350651534565618e-5,-6.35830419039129e-5
-0.0010397942282262232,0.000336990028581498,-1.2751011280516664e-5,-1.2766369368618482e-5
0.0029069069356998543,-0.0005135137720298677,1.329017258243335e-5,1.3306177387992959e-5
-0.005928643904630142,0.0020967111044188033,2.886992298667196e-5,2.8904686203348002e-5
-0.0011192233518060426,0.0015373104783732718,3.927176083459973e-6,3.931904595887768e-6
0.0013967192813220614,-0.005382881106280021,-7.057365205566206e-5,-7.065861943028846e-5
-0.006675843101961704,0.003221105685386874,2.586098674772718e-5,2.5892110652529212e-5
-0.0005831615188309919,0.0013387135983251874,-1.2645383029913254e-5,-1.2660600905119606e-5
-0.00021859573667847184,0.0007772856246796765,-3.078779684345185e-5,-3.082484396574513e-5
0.0024609113143946163,-0.0058789160982767475,-7.53624044883887e-5,-7.545307409643004e-5
-0.005754932203898336,0.0014249977936232438,3.004586561576214e-5,3.0081999920997573e-5
-0.000562963220512586,0.0005469467064400657,1.1857087424807584e-5,1.1871346189284764e-5
-0.00013001651824123277,0.0002986866354012133,-6.525896933395623e-5,-6.533744038333302e-5
0.0010482304734035954,-0.0006893045264168506,-9.303708709896554e-6,-9.314892927067325e-6
-0.0013971634208794436,0.0008437318309482252,1.993811164786776e-5,1.9962076372382867e-5
0.0004891652356817134,-0.0008070851885985099,-4.724432454146123e-5,-4.730110544997181e-5
-0.007481328788021083,0.005158738071350528,1.8254566217733587e-5,1.8276501014911327e-5
-0.0006309612515574969,0.0029372680073468703,-4.355879658488959e-5,-4.361113427095431e-5
-0.0006023859156352799,0.0036930212551625416,-4.3971642563581895e-5,-4.402447113471272e-5
0.00394446698627478,-0.010272202261243476,-6.469404765889253e-5,-6.477175865785307e-5
0.0027237666726984723,-0.0004350629605026355,1.197001399517639e-5,1.1984385770913483e-5
0.001161473837754174,-0.0003680880237788435,1.43448174764868e-5,1.436203872691574e-5
-0.01135474496783932,0.006490233249584206,1.64113638286842e-5,1.6431063971071244e-5
-0.0003571280255375359,0.0019526783136239432,-5.796892146868289e-5,-5.803850401080445e-5
-0.004292068515510202,0.0039915338267991814,1.3484197380384686e-5,1.3500378027370767e-5
-0.0004589294827159813,0.0021345747389358706,-4.2115051264387035e-5,-4.2165585058128274e-5
0.0019747126350298273,-0.003530069445437888,-7.316813741170517e-5,-7.325591363317869e-5
-0.0005122144466869127,0.00013965913982022214,-4.257546856505964e-6,-4.262652606914863e-6
0.00030630935190492534,-6.086536312576033e-5,2.3929053772406643e-5,2.3957745934401278e-5
-0.003943938184689704,0.0023313647831426283,2.2709754185436937e-5,2.273698203550419e-5
-0.0004843403020074944,0.0010381547542974365,-3.36892094921452e-5,-3.3729598391196e-5
-0.00027702760395613505,0.00039249180271994707,1.9779701517790333e-6,1.9803410729519653e-6
-0.00044371128024985344,0.001337269076893734,-3.6213080449875996e-5,-3.6256483934484655e-5
-0.0001228389237564935,0.00018227539006867422,-3.5559345115315946e-5,-3.560195757668529e-5
0.0011623379156144246,-0.0011990920483591718,-3.439219637381488e-5,-3.443340285236226e-5
-0.006816461826536776,0.0037972913761795527,2.31353537329317e-5,2.3163067888819354e-5
-0.0005209000183865294,0.0014020660334952424,-3.65193294044426e-5,-3.6563073792991786e-5
0.0004633823730104753,-0.0007191085625381869,-1.226172008663766e-5,-1.2276405093284974e-5
0.0005069178370820112,-0.000926411797595893,-6.610828070719148e-5,-6.618744418362899e-5
0.0009732925756292447,-0.0004379683840048823,4.7595291802977095e-6,4.765227086007414e-6
-0.0004549598028535694,0.00026557055419406376,1.4882805026299009e-5,1.4900619980246616e-5
0.0005815610821168015,-0.0006670590142512823,3.372132271353229e-6,3.3761683812551864e-6
-0.00025075554907808743,0.00048550260132815216,-5.969607064750276e-5,-5.9767514032267285e-5
0.00027986265223874215,-0.0001862843618875747,-3.211979044657569e-5,-3.215822147832749e-5
-0.015315107620552966,0.004770752599392449,2.6901433983772047e-5,2.6933615130229334e-5
-0.0009437300683108915,0.0023118384418640745,-1.822930099894753e-5,-1.825110691405943e-5
0.0002626811696618613,-0.001913741026990879,-6.454426390433295e-5,-6.462146605088414e-5
0.0006689398485935265,-0.000478886785465419,2.221554480485843e-6,2.224210727749263e-6
-7.23798785401142e-5,6.392259218775901e-5,1.1387667760008736e-5,1.1401282062160895e-5
-5.172126638151842e-5,0.00011611651549035536,-2.222512928808864e-5,-2.225169785246066e-5
0.0013165554526670708,-0.0026668521240452506,-7.429342812647336e-5,-7.438222842718622e-5
-0.0020687540647308933,0.000654898123579061,2.444403108783016e-5,2.4473238422271005e-5
-0.001956646087976616,0.001694056221983289,1.529546288404504e-5,1.5313737385845124e-5
-0.00017277542920592914,0.00044923012637532596,-6.440894580338461e-5,-6.44858938933295e-5
-0.00809968888855845,0.005524726353137303,1.7143874759164185e-5,1.716435051552596e-5
-0.0005504227466056451,0.002636854531436986,-4.4214853740965016e-5,-4.4267658954095535e-5
0.0009012751822914981,-0.0014990230765520778,-6.818484014413002e-5,-6.826625466429563e-5
4.0241219112876636e-5,-1.4613098321360999e-5,1.6575895452042617e-5,1.6595681850349023e-5
0.0006384825781637966,-0.00046016116980576255,-3.100018747128788e-5,-3.103718831142007e-5
-0.0003169619614571237,0.00011725768085096046,1.7762141173150945e-5,1.7783337585964017e-5
-0.0015112678629350472,0.0011357408138466263,1.7148276126579e-5,1.7168738031750933e-5
0.0012628468686099233,-0.002749778815365603,-7.450017924591417e-5,-7.458906855211127e-5
-0.005261000731490234,0.0017767132848132761,2.800939062420862e-5,2.804279860448706e-5
0.0008680196825146351,-0.001087316682028865,-4.698627755071255e-5,-4.704231605987683e-5
-0.002029361787496971,0.0010278211957880925,2.1739770285671107e-5,2.1765692891785156e-5
0.0008046228125194779,-0.001110505526167764,-4.1403522563881384e-5,-4.14528882954011e-5
8.994497164437926e-5,-6.117886528197151e-5,-3.543828458336441e-5,-3.548052967001148e-5
-0.007037212983535577,0.0019346443921277815,2.9851561514774818e-5,2.988713961871654e-5
0.0007070935137670043,-0.0008139575677415358,1.6444965200303763e-6,1.6464563536887873e-6
0.0002641575254250791,-0.0005436424783472922,-6.509318798875513e-5,-6.517075516051526e-5
-0.00013805994417322845,6.754767373975808e-5,1.2895640637252253e-5,1.2911003411263443e-5
0.0007600838010689384,-0.0006745065641912561,-1.5884381708885465e-6,-1.5903303097450997e-6
0.0008276112328127663,-0.0009277815598220106,-2.3555225620750063e-5,-2.3583281126491194e-5
0.0007311451793844024,-0.0005936314871412176,-2.0862817165113362e-7,-2.0887661955494115e-7
0.0007774572329965961,-0.0007971543141969063,-4.0771165031226704e-6,-4.081971216700083e-6
0.0004992306532484776,-0.0006353477777483558,-1.6939930485077994e-5,-1.696009881493186e-5
0.0007584940235930539,-0.0008506238887752741,-6.48641641599421e-6,-6.494137912284669e-6
0.00045472633882285397,-0.0006170255776213405,-2.4231671414510665e-5,-2.4260513519765063e-5
-0.004366493244302761,0.004272609490486982,1.0742847668562013e-5,1.0755632501065484e-5
-5.887720525045639e-5,0.00026921980309290285,-5.944745610243661e-5,-5.951819924518534e-5
0.0010230753285401688,-0.0008444313511560381,-2.0827616670904966e-5,-2.0852393612831442e-5
-8.931929123301876e-5,4.952875794992741e-5,1.1673980884847973e-5,1.1687866288666252e-5
0.001633154874024232,-0.0016765662375574568,-5.7775276913569543e-5,-5.78439897136026e-5
0.001995313528145277,-0.00041725951507473954,6.202806782621646e-6,6.210181808230699e-6
-0.0013552894443586753,0.00041856623936883583,2.2922080370591193e-5,2.2949331131284773e-5
-0.006551915611969353,0.005235364971616266,1.1873171344842979e-5,1.188728547677739e-5
-0.0008006214087795014,0.0053886716053163025,-5.9271080361929095e-5,-5.934153496645717e-5
0.001173201722053145,-0.0012750328695979563,-5.379083101976309e-5,-5.385475249995582e-5
-0.001692511768043522,0.0005531077219058969,2.3096502466478056e-5,2.312394222248232e-5
0.0008266088876826273,-0.0007133391671631631,-7.176053935444948e-6,-7.184578710194396e-6
0.0007861196452050494,-0.0007135470363308999,-5.151807577805818e-6,-5.1579268559661655e-6
0.0001236579885253759,-0.0001260806010716829,8.6112783047343e-6,8.621505434138517e-6
0.00243759637404198,-0.005569533828015914,-7.371321629930846e-5,-7.38007537740941e-5
-0.0017980802300289593,0.00042096476372756444,2.554740746792583e-5,2.5577734218892972e-5
0.00039149920521453077,-0.00029497790764792354,-3.775236566083888e-5,-3.7797177060991666e-5
0.0014912224391346954,-0.0004551649593156568,3.4672096528728644e-6,3.471324335690547e-6
-0.0020691789929234653,0.0008093543223373081,2.2533632277774624e-5,2.2560370646950256e-5
0.0011492936888042643,-0.001174171102840282,-3.381869489804352e-5,-3.3858820731821365e-5
-0.001840130132458696,0.0010155089857777628,2.119505992648435e-5,2.1220203258368117e-5
6.576523364200787e-5,-8.735377537390979e-5,-4.252589557259706e-6,-4.257633935820231e-6
-0.0008419995769999264,0.002276394810822515,-4.5775147605654595e-5,-4.582944031344858e-5
0.0006562958336037598,-0.0007717292539715601,-9.992744814777245e-6,-1.000459452077226e-5
0.0005355657862036666,-0.0006644665022987867,9.336529613004778e-7,9.347599742071089e-7
-0.00010632837785991919,0.00025718444558922343,-1.7466758744022616e-5,-1.748746670619245e-5
-0.000182580858207568,0.0004911774167843662,-2.192028273082505e-5,-2.1946267471963048e-5
-0.00020923824227378986,0.0005361193797078747,-2.6911006196623154e-5,-2.694290285737352e-5
6.512233705149705e-5,-0.00012643772344681788,-1.842478389689158e-5,-1.844661893963761e-5
-0.0004196624668229906,0.0008487363543492625,-5.6659255985054105e-5,-5.672639376115406e-5
-0.0075633433840286875,0.005322766385085438,1.6449907672194084e-5,1.6469395220254125e-5
-0.0007339907165203725,0.0036750088819742037,-4.0599834448862996e-5,-4.064792895119496e-5
0.003737738381044516,-0.01853710689414804,-4.9454873753766216e-5,-4.9513451206885153e-5
-0.02514911191205615,0.0062854984450217794,1.0688689006853508e-5,1.0701342895052102e-5
0.00521026291300889,-0.026269681711003856,-1.6306980229408208e-5,-1.6326284714740414e-5
0.0011410277736485562,-0.00012716363226111308,9.438109653876982e-6,9.449275803196281e-6
-0.008909844381678435,0.0022185902898471032,3.0300081389587772e-5,3.0335925310672478e-5
0.0009358409213135186,-0.0011529485330276138,-3.319880447479833e-5,-3.32380749900316e-5
0.001103368223091437,-0.0007890033068573676,-1.5712168578088783e-5,-1.573075104938643e-5
-0.00013945894525878075,7.636394205279738e-5,1.1953530840663631e-5,1.1967665936630383e-5
0.0008590149260345319,-0.0008586861191736153,6.130803629765297e-7,6.138052598012287e-7
-0.0015427283577218562,0.0022439690758769126,-2.484043970539717e-6,-2.486980748279433e-6
0.003868484891905685,-0.03146586824597307,-1.587662918013911e-5,-1.589539836586886e-5
0.00316844156195564,-0.0005376034284094184,1.59733857995739e-5,1.599225750092008e-5
-0.015749805556745315,0.006287582815627635,1.9633016953423823e-5,1.965621008432488e-5
-0.0007042988441007148,0.0028838766017203962,-3.445115224464245e-5,-3.449184873488598e-5
-0.0007772612806061648,0.00440362720519742,-5.0455153443342705e-5,-5.051474921354704e-5
0.0006505957933551569,-0.0009468837574455196,-5.103944533108011e-5,-5.109971650114894e-5
-0.011323735424198539,0.006075555084876457,1.0258895147840733e-5,1.0271006956757712e-5
-0.0013033715182216832,0.010745425889688307,-6.15317238734376e-5,-6.16043664114603e-5
-0.0007513016919533895,0.0018882442384110635,-4.2630611224760065e-5,-4.268093067836565e-5
0.000289056206222317,-0.0003414915568881343,3.5482317752240774e-6,3.5524191522635307e-6
-0.0007424707720958373,0.0017780241622447877,-5.538083783868817e-5,-5.5446188566171e-5
-0.002596258151229497,0.0021183469177334137,1.6000902849964715e-5,1.6019779914786375e-5
-0.00025172851646589864,0.000775311051279445,-2.459878035883578e-5,-2.4627798794774853e-5
0.0013987638749495396,-0.0037867581750546412,-7.414416897215361e-5,-7.423162269355912e-5
-0.005369653627585531,0.0020015848856785043,2.6825397937119127e-5,2.6857027681217636e-5
0.0012906776188321997,-0.001794198486110666,-6.543371282535836e-5,-6.551086019197971e-5
-9.29276991271195e-5,2.6203796825274636e-5,2.0546339848369552e-5,2.0570557334940983e-5
-0.007731263148361778,0.005261570401587778,1.688147867562076e-5,1.690137471168502e-5
0.000933027869193139,-0.004325687983512124,-6.420872993675911e-5,-6.428440060536596e-5
-0.00032038766539852094,0.00019535968637386485,-3.6325894660044035e-5,-3.636868986059846e-5
0.0021370658497736382,-0.00033731699576243745,7.629010552346065e-6,7.637996193912128e-6
-0.00035776169622780485,0.00011443176989083471,-6.258575376190775e-6,-6.26594606086295e-6
-0.021244890618418853,0.004788773135195157,2.5088415247261653e-5,2.5117957479755282e-5
0.0012955273515236154,-0.0029552566887161595,-7.412469131757457e-5,-7.42119710681489e-5
-0.000670095787291827,0.0002437510079593165,-1.2577287486798073e-5,-1.2592091918754726e-5
0.002620643617126361,-0.0005969553848359435,1.2257289578067278e-5,1.2271715084687375e-5
-0.015475366427592074,0.006505575076512554,1.780488812752857e-5,1.782584038973566e-5
0.0011849710077109822,-0.005305235682543949,-6.51105148357119e-5,-6.518713167152303e-5
0.0004370731247283762,-0.00023442785072373332,-1.9712660537883353e-5,-1.9735848361908738e-5
-0.001026657629468046,0.00037513906794702455,-1.611316580208135e-5,-1.6132116487781783e-5
-0.000881071383888201,0.0001918646069875812,-3.2883271877916797e-6,-3.2921939296683275e-6
-0.030221933212154085,0.00495569703065769,2.2664376017213546e-5,2.2691023309994766e-5
0.0028381316188746987,-0.0065130462248211285,-7.036722864187269e-5,-7.044995848135471e-5
-0.0009027929880731595,0.0002080462870514432,-6.388678571960421e-6,-6.3961866037564306e-6
0.0015551912427339276,-0.00019088715155175513,9.349754837719523e-6,9.36074108014244e-6
0.002151812714082084,-0.0005507554400733787,8.477753720543552e-6,8.487714273998841e-6
-0.003979946512940125,0.0015996194803961285,2.4930464111903172e-5,2.495975180644811e-5
0.0004270486812806876,-0.0005688356126357939,-1.9611101907048317e-5,-1.9634138850002377e-5
-0.0025575909293209073,0.002784363194966381,9.181631160969838e-6,9.192415159212544e-6
0.0005715968420978316,-0.00261072463507341,-6.322447402933872e-5,-6.329872752147113e-5
0.0008752517138663605,-0.0005637196782582774,-2.4493776840981196e-6,-2.4522533680432656e-6
0.0009384852341550341,-0.0006909266618597171,-2.311127760080513e-5,-2.3138407947875026e-5
0.0005868351201618002,-0.0002815904382970192,-1.3577008298929507e-5,-1.3592943764649324e-5
-0.01765679375641101,0.006568866873468528,1.7691409170593895e-5,1.7712170634413147e-5
-0.00027238306171521796,0.001168879505841723,-3.2930105772273276e-5,-3.296874875774421e-5
0.002560859784612935,-0.006446126026488619,-7.164830481027097e-5,-7.173236933446291e-5
-0.00027778024544475766,8.505417070639228e-5,-3.905080737476892e-6,-3.909660709646661e-6
0.002104463677905071,-0.0004492899154234083,1.7944072424429955e-5,1.79651147631327e-5
0.001007870364167375,-0.0005119943474851461,-1.84691107740792e-6,-1.8490766810874958e-6
7.557054559589948e-6,7.811784176593422e-6,-3.589339316693154e-5,-3.593547483982093e-5
-0.01426874609784981,0.001960019878774212,3.1143437559109066e-5,3.117994179289886e-5
0.0007716918394914844,-0.0007192225973807695,-2.735202135710275e-6,-2.7384079637840447e-6
0.0008080499194403832,-0.0009509362340750695,-2.6696114174050192e-5,-2.67274000200219e-5
-0.0013594582108961773,0.0010578114116349337,1.5468319897212034e-5,1.548644467143283e-5
-0.0006198651094494252,0.0013513526512675897,-5.399143316784712e-5,-5.405469205041113e-5
0.0009208428206749479,-0.0007322917708735134,-2.629182768032182e-5,-2.6322625415582678e-5
0.0005994916970509179,-0.0002938040077044652,7.533232451009314e-6,7.542055250354335e-6
0.0008422677789781441,-0.0006155758854180041,-3.838843598675405e-6,-3.843339100733703e-6
0.0004250773992474631,-0.00034891760499417836,7.418721481731296e-6,7.427408139211915e-6
0.0006185162948778987,-0.000854065867856651,-4.451028348240977e-6,-4.45623958794935e-6
-0.0006991388543056793,0.001459922548066715,-4.0834453830032076e-5,-4.088225763892296e-5
0.0008772192561611436,-0.000944437398469704,-1.0720242053711358e-6,-1.0732789610005086e-6
0.0005008337817098534,-0.0007690030197441776,-9.148724649759782e-6,-9.159431660458898e-6
-0.0006745077588627491,0.0013607219918321375,-4.203842367165439e-5,-4.2087616959781446e-5
0.0008867564827789103,-0.0008965608715092342,1.180054684146183e-6,1.1814353183960955e-6
0.0001751376115122522,-0.00029793163875824934,-3.4525857984933025e-5,-3.4566248151367125e-5
-0.005193572950166113,0.004654512784369338,1.0444063444262155e-5,1.045627932917148e-5
-0.00036683912919282873,0.0022225781320883856,-5.727629591417438e-5,-5.734328559949816e-5
0.0009662832786882922,-0.0008921478677791746,-3.782484985787131e-5,-3.786907552901425e-5
0.00038362943518236673,-0.0001591731979428114,-1.1760976090221205e-5,-1.1774724642813446e-5
-0.018642556646472918,0.006292990383773781,1.9122298346380283e-5,1.914464897212278e-5
-0.0002498863153360638,0.0009336393114610329,-3.045241834744134e-5,-3.0488010407519488e-5
-0.0002498339861658523,0.0006205925211103311,-2.7467810721665544e-5,-2.7499909492019655e-5
0.0001313528600321697,-0.000242929422835978,-1.5268237536173047e-5,-1.528607731614028e-5
5.523942591087543e-5,-0.00016394336181439897,-6.480765100327424e-5,-6.48833648609377e-5
-0.00026997782590705246,0.0001526070225876916,-2.781112549018574e-5,-2.7843608085307538e-5
-0.0010310960530426217,0.0002768273458452667,2.2770354197738902e-5,2.2796944447392024e-5
-0.0004115527339347535,0.0003006479143889521,1.42765288229202e-5,1.4293198968905308e-5
6.274672085389972e-5,-0.00012021198041970544,-2.0951457597628348e-5,-2.0975919772232778e-5
0.0003601865325945686,-0.0005752755878141026,-1.4944705970286556e-5,-1.4962152474328799e-5
0.0001998282454950738,-0.00037410491885484377,-5.108651812126167e-5,-5.114614920301158e-5
0.0008405861264059152,-0.0005495544746040652,-2.2758136425876467e-5,-2.2784695273617526e-5
0.0006976453714905071,-0.00028900468816162045,1.0008955682895303e-5,1.0020634263576016e-5
0.0009200192177355956,-0.0006166561862372173,-5.033921543751762e-6,-5.039794573151721e-6
0.0009834338609678605,-0.0007053574086898907,-9.189997863484836e-6,-9.200718382094976e-6
0.0009633024837433096,-0.0006664427710945391,-7.465185941457681e-6,-7.473893224113007e-6
0.0001545707798164812,-0.00011006299385042975,-3.56835257231722e-5,-3.572514098568121e-5
0.0010733460270376865,-0.00030803074814752244,1.568248925840888e-5,1.5700775056553654e-5
-0.0029880927747966807,0.0017383462749854834,2.0685820808464494e-5,2.070993819134234e-5
-0.0012782126655704028,0.0024924622148761585,-7.81189211397474e-6,-7.820999273080172e-6
0.0006913172044006813,-0.0036326851993029644,-6.0955811030675224e-5,-6.102686810697734e-5
-0.00012929740771839448,7.760950948140968e-5,1.1502946669939675e-5,1.1516351091655925e-5
0.0009998847961063214,-0.0011709500415899516,-3.6651938315373126e-5,-3.6694644832122646e-5
-0.009651058428749868,0.005820056398410364,1.6466197612466414e-5,1.648538035598396e-5
0.004245617569530984,-0.020301361682975572,-4.134692121824266e-5,-4.1395087126839305e-5
-0.0265013968418463,0.0052568972821832845,2.0587458816451444e-5,2.0611428859168484e-5
-0.0003851344819428658,0.0009788182274284817,-6.0723979730136965e-5,-6.079467803060733e-5
-0.006643912301609587,0.004651767047797252,1.6611583455082165e-5,1.6630918616071585e-5
0.0017600269346481601,-0.007330361004376009,-6.581575976057816e-5,-6.589236229571971e-5
-0.003898161826610717,0.0017051917083533974,2.3795245071600093e-5,2.3822929591282236e-5
0.0007226342510856501,-0.0010706510193929865,-4.582190816988415e-5,-4.5875215730022425e-5
-0.006421010621544496,0.003981128754003794,1.930690886529995e-5,1.9329365269427783e-5
-0.0005904854428739325,0.0020039694229012322,-3.201877786207261e-5,-3.205601767763993e-5
0.0022057775332518185,-0.01582483390590374,-5.640256850102333e-5,-5.6468162986314144e-5
-0.0009050950574949737,0.00038775546358223644,-2.4925282418645767e-5,-2.495425653649861e-5
-0.01133562383157207,0.0014180898621186826,2.9785022818260577e-5,2.98196390087389e-5
0.00033170889571082723,-0.00026741942651561983,-4.190910607745704e-5,-4.1957809854705736e-5
-0.01178703249029091,0.0033385317741248402,2.8124558336511557e-5,2.815723574435293e-5
0.00035490115656385717,-0.0005886640994399368,-1.4200170190321454e-5,-1.4216668186313899e-5
0.0009712771607414786,-0.001822563617144097,-6.971206607024322e-5,-6.979304891102958e-5
-0.000930597795950024,0.0003389161962665215,-1.4689193027738322e-5,-1.4706251985308924e-5
-7.741143671376246e-5,3.6571279624399494e-5,-1.7656035031692346e-6,-1.7676536145225705e-6
-0.023832349208580666,0.005038681949969264,2.2241282595454174e-5,2.2267104440245313e-5
-0.000827050733607943,0.0020080545031453097,-5.3189012109409614e-5,-5.325076129117307e-5
0.000444211180386747,-0.0003869425229351884,-4.564128995036451e-5,-4.569426478872535e-5
-0.021413910683695903,0.006020621376198999,1.830255862977101e-5,1.8323797280942388e-5
-0.00031581127004479153,0.0011335163552391796,-2.6602214824040515e-5,-2.6633083324388775e-5
-0.0007586997033673749,0.002175035600281376,-5.275608956480402e-5,-5.2817297868616395e-5
0.001878474284031796,-0.0017825249562895423,-5.4195186747597155e-5,-5.425805035666344e-5
-0.02602052989829839,0.0036243916410662992,2.8766036286837706e-5,2.8799393465670815e-5
0.0002616244797800954,-0.00038919132158359476,-2.107177622873021e-5,-2.1096209952284578e-5
0.0027576270959285515,-0.0032274001028488315,-5.995615861352804e-5,-6.0025670630686036e-5
-0.0012445264335221615,0.0002061709174508631,3.086530506686604e-7,3.090107807978013e-7
0.00324154156805939,-0.0005086562387895822,1.2966037541442712e-5,1.2981063296890214e-5
-0.014796656849189458,0.0051775793179357375,2.259642196870853e-5,2.262260538302034e-5
-0.0007190651487653285,0.002015498374296301,-3.947611296912331e-5,-3.9521853433112805e-5
0.0004367854502227928,-0.0006112374422785284,-3.6301269719643672e-6,-3.634332387088616e-6
-0.0005731138214769867,0.0013602359670991423,-3.4246744130705775e-5,-3.42864143068411e-5
0.000308760414672639,-0.0004368161917178274,-3.6007654727157916e-6,-3.6049357727706045e-6
-0.0008399766017927458,0.0020971495967825617,-5.0728618723456265e-5,-5.078736549178816e-5
0.0006611955829168648,-0.000613669298030182,4.042427685912296e-6,4.047108036767352e-6
0.00038455072454099545,-0.0006169792003073751,-4.9621231230204585e-5,-4.967867730192815e-5
0.0005893027610984642,-0.0003523093290800841,4.448472869889402e-6,4.453621734763621e-6
0.0010458147098226418,-0.0008789403851301235,-1.736480240539945e-5,-1.7384899003598735e-5
0.0005953200920606607,-0.00040058640047958903,3.60365771215243e-6,3.607827678874323e-6
-0.0047489705592514185,0.004410968257898382,9.65024969818802e-6,9.661415242690233e-6
-0.000734520860440873,0.004356196399665245,-5.35469815215309e-5,-5.360893325776173e-5
0.0007262091897417076,-0.0007981870434194801,-7.95303485048797e-6,-7.962233633282885e-6
0.0005993420901111458,-0.0007482213625348151,-1.135777259332948e-5,-1.1370907831146772e-5
0.0007943168831191256,-0.0010762519914700296,-5.087015379384682e-5,-5.0928977653809164e-5
-0.00011143158292287342,5.834397201120093e-5,-1.9941722121733508e-5,-1.9964776746262756e-5
-0.009052148532442973,0.0026124434505621625,2.7922321321641042e-5,2.7954597009076493e-5
0.0002507933909698272,-0.00037772544707489114,-2.3885979220265182e-5,-2.3913587598663783e-5
0.0008428557830463127,-0.000922419852330432,-3.2307671179252976e-6,-3.2345008101449564e-6
0.0015166633462366241,-0.002249175029064551,-6.354270909136199e-5,-6.361613523501372e-5
-0.012040628899477658,0.004033909824545085,2.5429508670269405e-5,2.5458885522916925e-5
0.000499527865540464,-0.0011061726978763477,-6.803844984182463e-5,-6.811704558945025e-5
-0.010317950589029923,0.0045911247872937756,2.20431714438111e-5,2.206862765598444e-5
0.001446530921999231,-0.004147048327314736,-7.173185240859114e-5,-7.181468656110547e-5
-0.00010068167142863312,4.7814333113185744e-5,-1.1669609179175587e-5,-1.1683080238349735e-5
-0.008017891306099968,0.0022412556144900957,2.7881823932888794e-5,2.7914005137067642e-5
0.0006701783837305538,-0.0008885780450536955,-3.497226753586039e-5,-3.501263000109207e-5
0.0007220443603219355,-0.0005248196879682032,-3.8295935155861776e-7,-3.83401257700948e-7
0.0005056529987349441,-0.0004659560480039549,-4.71234961681082e-5,-4.7177866811171485e-5
-0.022200771370460295,0.006474342857554608,1.2609754494319536e-5,1.2624300246078987e-5
-0.0003494369023186905,0.0016649908061984187,-3.512023628939449e-5,-3.5160747139132065e-5
0.0023794083277173393,-0.005909917230046973,-7.072768324232809e-5,-7.080925328731746e-5
-0.009625662532907944,0.0024104676237394753,2.8484305544192334e-5,2.8517143826935847e-5
0.00073109503635763,-0.0009739487550129774,-3.724331605875233e-5,-3.7286249640981635e-5
0.0001735132445574173,-0.00012237095302018958,8.413999992668848e-6,8.423697773010335e-6
0.0006055752637152094,-0.000707872142405134,-1.254643687095549e-5,-1.2560896173753369e-5
0.0015305877155887464,-0.0017582924647984886,-6.043602421283678e-5,-6.050566547229538e-5
-0.016746967758259998,0.0034859202873552737,2.7881364198812885e-5,2.7913483097775998e-5
0.0007091651628536091,-0.001155961619484663,-6.37177083031907e-5,-6.379110640413615e-5
-0.001403157506311972,0.000550930069821195,-2.065342870894656e-5,-2.0677213591458646e-5
-0.007960307128178622,0.001313903995240781,2.870401315288381e-5,2.8737063277108694e-5
0.0007588488220060937,-0.0006603612233719231,-3.0812784006514666e-6,-3.084825992386553e-6
-0.00019053257422234942,0.00020234979816134588,7.3910093941837155e-6,7.399517946879507e-6
-0.0007782974950136202,0.002001046425440854,-5.346476100423115e-5,-5.352630491228371e-5
0.0006494650338512752,-0.0005714785593230421,-3.839456086064111e-5,-3.8438747184509895e-5
0.0007385127725452475,-0.000280913223341076,1.140849829977807e-5,1.1421625203127806e-5
0.000948157237256459,-0.0006286270380299396,-1.96798714391546e-5,-1.9702513319448066e-5
-0.005210342049432817,0.002406521800976089,2.3333324804228332e-5,2.3360165872702163e-5
-0.00048342888662459893,0.0009214657510521312,-8.173790039520705e-6,-8.183192009643787e-6
-0.0002706069370971806,0.0009388654795676382,-2.9378992895216138e-5,-2.941278317488858e-5
-0.0007052594948652807,0.0016950396531440707,-3.74649665876607e-5,-3.750805056266382e-5
-0.002046296890195336,0.002712478138215604,0.0,0.0
-0.0010855651992780272,0.007895659363760209,-5.8357059105623e-5,-5.8424153038557015e-5
-0.002632501888500034,0.003080401196223292,5.436283451217257e-6,5.442531905609447e-6
0.0025996527708588065,-0.014386762700657387,-5.436053914296523e-5,-5.442301728236689e-5
-0.0014458221263135322,0.0005462900854936646,-1.9339163660462328e-5,-1.9361380809011477e-5
-0.020704040390116172,0.0034448283250354773,2.810340524814948e-5,2.8135685205224206e-5
0.00034030085976899773,-0.0005352535680355694,-4.625735490962593e-5,-4.631048413847909e-5
-0.00035296983442023534,0.00022289299056970125,-3.5480117806185304e-5,-3.5520860503237e-5
-0.024209890682135797,0.005463380293624649,4.150962551519349e-6,4.155728229795042e-6
0.001372143669197088,-0.00831115322168326,-5.8227075130806e-5,-5.829392301971829e-5
0.0009750432778206205,-0.0005071611019831584,-8.237496891504978e-6,-8.246950257321668e-6
-0.0017255651049240715,0.0008369608905143029,1.8989940400813065e-5,1.901173037533904e-5
0.0007841561556457666,-0.0009592320713200563,-6.032409363918066e-6,-6.039330681479979e-6
0.00010412230559282535,-0.00014936168764110685,-6.059641696130133e-6,-6.066593486690011e-6
0.002574884819840746,-0.007027320551436955,-6.87258208978669e-5,-6.880465752113305e-5
-0.014081813017304014,0.003495765137239348,2.7008269429039984e-5,2.703923878760935e-5
-7.940599143086514e-5,0.00010138214608805295,-3.848927711449041e-5,-3.853340902949926e-5
-0.0020795030724557392,0.0018757405316127233,1.2252882885692454e-5,1.2266929544926092e-5
0.0011412582520088851,-0.003682997835264235,-7.016107852228327e-5,-7.024150552229503e-5
-0.000622280176603389,0.00026998908861721653,1.5450779751740125e-5,1.5468485238464164e-5
0.0004561295531600744,-0.00041084679751994774,-4.7918146522958484e-5,-4.797305230284718e-5
0.0016212729862109647,-0.0004102154503800644,2.4972671960034714e-6,2.5001279653814817e-6
-0.00114911708856229,0.0003996423248069029,-1.585325165123574e-5,-1.5871410371152882e-5
-0.00549357051264707,0.0009344259121108799,2.734552850026155e-5,2.7376845513943863e-5
0.0008956610195626887,-0.000720976315025836,-9.564884119530272e-6,-9.575837412798807e-6
0.0008080142237318834,-0.0006405752259366536,-4.640132313579064e-6,-4.645445300965582e-6
0.0007976113219979997,-0.0007141068436971527,1.1031079441263082e-6,1.1043708580434229e-6
0.0006261040912449056,-0.0008109075260275178,-1.0529953653164264e-5,-1.0542007797880226e-5
0.000570281400148335,-0.000822081117034841,-6.475459304114493e-6,-6.482871185894034e-6
0.0011723240794024284,-0.00254451375715523,-7.066911532281801e-5,-7.074999565255725e-5
-0.0017630020714837734,0.0005789929599761816,2.1290423262018534e-5,2.1314782115083533e-5
0.0005287437406660296,-0.0004686826431569936,6.327771165926124e-6,6.3350103284329275e-6
0.001121516838504457,-0.0018018412001636743,-6.62728581813986e-5,-6.634866926162928e-5
-0.012587938929546889,0.003817420575796275,2.5648887322854128e-5,2.567821916935273e-5
-3.949846698158733e-5,7.268169628721685e-5,-2.2099909854686577e-5,-2.2125181808405085e-5
0.0002930146572231659,-0.0005063337403752009,-1.3563175310349864e-5,-1.3578683149353597e-5
1.5990529713678694e-5,-7.184702082159673e-5,-6.247064498840005e-5,-6.254206440491007e-5
-0.0006799281880539173,0.00037426912581798834,-2.9610894283223262e-5,-2.9644738121558323e-5
-0.0067697848508438485,0.00152661989804964,2.748383603546307e-5,2.751524280232001e-5
0.0007585065423995309,-0.0007730469303818974,-6.795484340788616e-6,-6.8032492807972685e-6
0.0010721844918306122,-0.0012655193824286995,-5.349880143028692e-5,-5.3559925186224094e-5
-0.0014738474042371998,0.0005336245010709145,-1.7759609780737342e-5,-1.777989584358557e-5
-0.0057580670449922065,0.0009793794510573525,2.7297105946952146e-5,2.7328280972885197e-5
-0.0010606713337349275,0.0008501285397370509,1.3236935593447559e-5,1.3252052012066228e-5
0.0013391923919169235,-0.0030100614432801904,-7.133528322583393e-5,-7.14167411569066e-5
0.0004007250849193906,-0.00011958043155359636,-5.934388426622202e-6,-5.941162687348929e-6
-0.00015929732862040303,6.252206069270216e-5,-7.456934621380511e-6,-7.465445772081004e-6
-0.012232186679530927,0.003076268517157895,2.7293491890482205e-5,2.7324639644287106e-5
0.00018005793213688893,-0.0003119685106316466,-3.6644002382115206e-5,-3.6685818814278904e-5
0.0003617530494824283,-0.0003121970820066108,-4.6065018791991956e-5,-4.611757678101623e-5
0.0022988438825110894,-0.0005847306164777258,1.1248153390744694e-5,1.1260984100705642e-5
-0.0005679394794617455,0.0002625020522578234,1.4453124432564947e-5,1.4469609391077477e-5
-0.0032430093051207037,0.002998156354015882,1.1223961885617818e-5,1.1236762556715644e-5
-0.0003831666119186039,0.001633970601785428,-2.9651964431078206e-5,-2.968577976977439e-5
0.0011773320023667935,-0.0036708599876328065,-7.017635826508249e-5,-7.025637662412044e-5
-0.00037169640308552234,0.0001645089286357166,-1.6473294668365022e-5,-1.649207189972723e-5
-0.00010166035398685725,4.3762100395250367e-5,-5.492968914562127e-6,-5.499229143638729e-6
-0.008306781159706225,0.001991185512203695,2.762844278156802e-5,2.7659926131155985e-5
0.000567817637337616,-0.0006702732933222414,-1.5474151942877552e-5,-1.5491784065438468e-5
-0.000563305304953911,0.0006037260064912287,7.269131132681699e-6,7.277412881325518e-6
-0.000894944266149622,0.0027517607856770753,-2.41044912414066e-5,-2.413195152625317e-5
0.0005715830635710185,-0.0034692950991635444,-5.80666682777634e-5,-5.8132813179244215e-5
-0.0003144177416113358,0.00020558534253480178,-3.7588466078617e-5,-3.763126863015335e-5
0.001887046748779321,-0.0003774615205735669,1.8801436628431573e-5,1.8822841533807266e-5
-0.0007860090537020819,0.00043409157203434085,-3.214749455805361e-5,-3.218409046870052e-5
-0.01589325122961078,0.002852643512504779,2.8295254022033056e-5,2.8327458063950836e-5
0.0012980137440669964,-0.0017085580331033994,-6.244403409970685e-5,-6.251510059704372e-5
0.0022022477716949884,-0.0005689110991319935,1.185845832861746e-5,1.1871950487120195e-5
-0.0008856085799509886,0.0004422584649024651,-2.9510068307846267e-5,-2.9543640581108026e-5
-0.033832580744338155,0.005001898008163619,1.745916379390767e-5,1.7479022203611715e-5
0.00011311151313028439,-0.00032785648038512026,-6.569673585947687e-5,-6.5771457936279e-5
-0.00108426736572379,0.0005759860734595926,1.614889198594132e-5,1.616725421874313e-5
-0.002239849097406592,0.002733568156338653,4.437018726864505e-6,4.442063452566228e-6
-0.0006964383833282664,0.003491953127045343,-4.398491127588853e-5,-4.4034917333426565e-5
0.00044805245595837945,-0.0007462055090636617,-5.371673896910196e-5,-5.377779602190211e-5
-0.011454026750939504,0.006163802192566046,1.4382195888323336e-5,1.4398539738036886e-5
0.0004958816264820428,-0.002595146762125829,-5.86953549573237e-5,-5.876205314371357e-5
-0.007424109934741825,0.004817387863475756,1.5850772668478796e-5,1.586877854368214e-5
0.001973646253884756,-0.008140063417873168,-6.323467554597506e-5,-6.33065040512348e-5
-0.0012535103896017291,0.0004983385404040188,1.8077797489167904e-5,1.8098324177967197e-5
0.0008488159367684764,-0.0008011601047431518,-4.747452810454331e-5,-4.752842917993998e-5
-0.021193743023167688,0.006226186005967346,1.4403174033511116e-5,1.4419523289000528e-5
0.005444360744990865,-0.022222492469174435,-3.084582436832133e-5,-3.088083660643452e-5
0.0031387060944432776,-0.0004161831765010742,1.2290241727963937e-5,1.2304184487486287e-5
-0.003044770896399337,0.000986508932431839,2.3055452557021075e-5,2.308160552492039e-5
0.0011125704302373171,-0.0011390944887952764,-3.839722610152496e-5,-3.844077878679343e-5
-0.003742355585503756,0.0017621596607468588,2.158302051091797e-5,2.1607496800315257e-5
0.0007279802659584953,-0.001175745012901885,-6.307171103039615e-5,-6.314323278093498e-5
-0.0032095088242449278,0.0011676063662007293,2.2638635067631874e-5,2.2664299888725315e-5
0.0009032658625012796,-0.0010361613647717031,-2.900051116370835e-5,-2.9033385858094718e-5
-0.0026251395806325944,0.0018507127372106957,1.6116412012879485e-5,1.6134678441219337e-5
0.0012108022772253722,-0.002984098870463688,-7.05122513614271e-5,-7.059216499950286e-5
-0.001132466591665769,0.00042182265447200125,-1.715412651471563e-5,-1.7173561435962963e-5
7.015782592490318e-5,8.330298281396664e-6,-5.923235012120421e-7,-5.929944673359609e-7
-0.027236081335327938,0.00565751413845676,1.3073987261199645e-5,1.3088795253425589e-5
-0.0005416410777302146,0.0020793623889234438,-3.761748243388603e-5,-3.7660087638821054e-5
-0.0011485071210605542,0.008121138342608025,-5.387722820382381e-5,-5.393824422436687e-5
0.0001954597726462443,-0.0003025406806591739,-2.195500351418744e-5,-2.1979861656870553e-5
0.0021810290635917136,-0.0025666754908826306,-5.948390263303895e-5,-5.955124262701713e-5
3.05892421473143e-6,2.236262506471556e-5,7.002269484370323e-7,7.01019412355657e-7
-0.010067668010228008,0.0019914401770215547,2.7894207273553248e-5,2.792577200696732e-5
0.0007117939391098168,-0.0007949211202453889,-2.061705215507517e-5,-2.0640380772480514e-5
0.0010624242665568172,-0.0009267319082714039,-3.0408799790510506e-5,-3.0443202977718678e-5
0.00030917179037589723,-0.00015047932758668092,9.928266774411146e-6,9.939497259247592e-6
0.0007658825101296657,-0.0006396600197535119,-3.108908703875919e-5,-3.1124250400398396e-5
-0.012340092364658732,0.005463920705430959,1.852367515382593e-5,1.8544622750758185e-5
-0.0007271696954895303,0.002475836197040482,-5.519552366801637e-5,-5.525793893896252e-5
0.000787482981174772,-0.0007101605374665421,-9.074497620157548e-7,-9.084756546740436e-7
0.0005207204908948632,-0.0006467851255083729,-1.4411212579212511e-5,-1.4427503028048617e-5
0.000844392190461429,-0.0010254876649586373,-3.078564356567047e-5,-3.082043920203748e-5
0.0009568871547167954,-0.0006992760227255557,-1.9268013603413998e-5,-1.928978776866239e-5
-0.0007429369109363885,0.0004010057920368496,-2.853327708028833e-5,-2.856551682076403e-5
-0.01614148552466579,0.0036753688954972077,2.549303130287582e-5,2.552183055078738e-5
-0.0004383727986213463,0.0008111388278741215,-7.758389998096742e-6,-7.767154155887612e-6
-0.0008416257334059545,0.0028063210494877542,-5.1825129951273706e-5,-5.188366820508292e-5
-0.003895653382658628,0.003944224682269466,6.2184635160989725e-6,6.225485869641481e-6
0.0028512746324138643,-0.018450489723725927,-4.5248334228833376e-5,-4.52994293751934e-5
0.0014340694652158364,-0.00045517495712173097,1.0562407309438168e-5,1.0574328850586113e-5
0.0007359208419850517,-0.0004115954580190317,2.187281117547142e-6,2.1897496060317986e-6
-0.0022720108752605486,0.0016667900580279288,1.524287179386791e-5,1.5260072458504928e-5
-0.00033883694397012735,0.0008955372318006409,-1.906874403651968e-5,-1.9090260531308182e-5
-0.000563468564435953,0.0018053426161986396,-3.079229674206273e-5,-3.082703770655691e-5
-0.0009276593835471416,0.006984702257998841,-5.904587125746981e-5,-5.9112484076639104e-5
0.000824439342859611,-0.0008419936000111646,-1.9200511418472938e-5,-1.922216617660825e-5
0.0007111908679355878,-0.000574327811492164,2.935850821010197e-6,2.939161463773924e-6
0.0006183223617021653,-0.0007700996799180435,-2.553082647312839e-5,-2.555961363833955e-5
0.0004495592015097231,-0.0003846898449204917,6.864238874638187e-6,6.871977429308555e-6
0.0030836044938444456,-0.004891562239328602,-6.331075954638477e-5,-6.33821278984417e-5
-0.02714646813690918,0.004262838217495742,2.3320900057477266e-5,2.3347179665786136e-5
-0.0010026961286512572,0.001944432463956555,-1.2925973437535027e-5,-1.2940538705251275e-5
0.0010617278925811422,-0.008315362882578387,-6.02759428115175e-5,-6.0343858908335454e-5
0.0010039370887783788,-0.0005345846977311827,-5.678819614271244e-6,-5.6852156822950946e-6
0.000493012813769441,-0.00027218084311346854,6.180911756067783e-6,6.187872458929975e-6
0.000564252322110785,-0.0004629456873022193,-4.7738626916918005e-5,-4.779238276741144e-5
0.0021935533497091497,-0.00036941737831011027,5.383053043342869e-6,5.3891130801997674e-6
-0.019997456117112383,0.0055217571926387985,1.7981562188109145e-5,1.8001802957423183e-5
0.0021264471292867485,-0.006629015411792865,-6.801300767504754e-5,-6.808956277104865e-5
0.0011120692320381444,-0.0003291085148885764,-1.4801634734055335e-6,-1.4818289026686e-6
-0.0008144194976234792,0.0002915542490382564,-1.3130150462556825e-5,-1.3144922263010144e-5
-0.025018295203056255,0.005626396674919889,1.4414360703941594e-5,1.4430574833595753e-5
0.0012327445999286938,-0.004265318699482374,-6.731455950326372e-5,-6.739027617913049e-5
-0.01214628996997189,0.005221174802527964,1.875726721938168e-5,1.877835844560751e-5
-0.0008298948775371593,0.0028605585011930346,-2.708421005450099e-5,-2.711466293002193e-5
0.0034300543115349,-0.019227251020044207,-4.2130229133831515e-5,-4.217759503911103e-5
0.00124249463850876,-0.0003253714041615951,1.5736449340551902e-5,1.5754132737044336e-5
0.0008755375465270404,-0.0005196823769720683,-1.8084803759846851e-6,-1.8105124250540402e-6
0.00032703080054516284,-0.00023170522301950932,5.730321002570155e-6,5.736758970006239e-6
-0.0028762975900398025,0.0032086085147033714,4.893930188871154e-6,4.899427932864617e-6
-0.0007526821312072103,0.004332792510651055,-5.162075217566857e-5,-5.167873864327855e-5
0.0003818688814461116,-0.00040410190222455936,4.425491795799498e-6,4.430461677629279e-6
0.0015518587156574664,-0.003535846251834129,-6.984422026413903e-5,-6.99226496038617e-5
0.0019042178675542352,-0.0005471150250138853,5.383010929746379e-6,5.389053553859111e-6
-0.007796356463247772,0.0033033480732104783,2.211870317929635e-5,2.2143529550088422e-5
-0.0008047415103457417,0.0017334264306777766,-4.798349911243048e-5,-4.803735355669967e-5
0.0008819502478775908,-0.0007727423223413535,-2.479458853589183e-5,-2.482241112365997e-5
0.0007501665209889968,-0.00042896441619817667,1.3921257164615028e-6,1.3936876080786517e-6
-0.003499950084259357,0.0025872866292375937,1.4778617628800703e-5,1.4795196623929495e-5
0.0006256176386071086,-0.0018550457374864617,-6.70724654786982e-5,-6.714770423846356e-5
-0.0007410333190388485,0.0003595999777139814,-2.3012790626652888e-5,-2.3038597311108342e-5
0.0015010861159131935,-0.0003529257670327993,1.281108268823783e-6,1.282544668300313e-6
-0.01958294553413661,0.005995427239173023,5.621428339976895e-6,5.627730443686888e-6
-0.0009594559855059359,0.006319521214347435,-4.8171873811672295e-5,-4.822587690403138e-5
0.0001547427567908594,-0.00025902670762973057,-1.1273124893077854e-5,-1.1285759983125774e-5
-0.00026464071484945536,0.0006756106294898083,-2.634176750223852e-5,-2.637128871672759e-5
0.002872276078239351,-0.0058230003059226544,-6.451287414513167e-5,-6.458516374056858e-5
-0.009713878858608832,0.0016982009263044034,2.7263947996107958e-5,2.7294486816175984e-5
-3.535021969495988e-6,4.806801397780038e-6,7.002971671167149e-6,7.01081535839135e-6
-0.0004096402434586407,0.0010361630903701793,-1.726170158939291e-5,-1.7281034066677115e-5
-0.0003368303638216534,0.001087303064879599,-2.995502710031534e-5,-2.998857202321039e-5
-0.00013829393833564622,0.0003065255271846482,-2.3299125239320272e-5,-2.3325212747570213e-5
-0.0007125556054079385,0.0014347827662151056,-9.848162273568382e-6,-9.859187589103996e-6
-0.0007573729963634863,0.003032246215351762,-3.218003054495645e-5,-3.2216053869280094e-5
0.002569034053979164,-0.014050714240925407,-5.1775960923192875e-5,-5.1833914894366446e-5
-0.00762266358885564,0.002704512860446308,2.4176537197055082e-5,2.4203586716932937e-5
-0.001341645724316088,0.0022356910460398284,-4.655175687346067e-6,-4.660383745755296e-6
-0.0005070794743419191,0.002553221507754577,-3.826705893774075e-5,-3.830986781762911e-5
-0.00043694929084454843,0.0009538542540003552,-1.284677708562741e-5,-1.2861146012551036e-5
-0.0009145718037277841,0.00301829214358069,-4.93122912628895e-5,-4.9367440920996746e-5
0.000848201140598175,-0.000938286102235917,-4.2601132802661874e-5,-4.264876644415738e-5
-0.00037489474512413933,0.00017651626785278795,-1.8918596954288455e-5,-1.89397462713564e-5
-0.01742697776302996,0.004743379508284913,2.069567315593811e-5,2.0718805425912394e-5
-0.00096779538295483,0.002538156318160977,-1.7233935282115992e-5,-1.7253197413366083e-5
0.002224030564892611,-0.010928973804619308,-5.6360206186375945e-5,-5.6423193577462645e-5
-0.001437870708660915,0.0005703470221427404,-2.0006802888201952e-5,-2.002915306941105e-5
0.0015753791854692337,-0.0002701879945541285,3.102890563446493e-6,3.1063563026734836e-6
0.0002991217099371425,-7.662934073159802e-5,1.8502228979147465e-5,1.8522892526588335e-5
0.0005741262827592016,-0.00038641551999954953,3.4933283414091964e-6,3.497229418625892e-6
0.0007446672584075995,-0.0007353283861737418,-1.3028918053050016e-5,-1.3043466228757951e-5
-0.0004359380192396994,0.00040060513542942283,9.28102561461385e-6,9.291387525551042e-6
-0.0009555917186709798,0.002403956960233267,-4.7681725298246944e-5,-4.773495623006357e-5
0.0008385203984556128,-0.0008251978892763876,-4.10612583248954e-5,-4.11070888547141e-5
7.538090407405336e-5,-2.255708064863997e-5,-1.223080502306334e-5,-1.2244453773436151e-5
0.0010994282294463408,-0.0003351369188049242,1.2754606776626758e-5,1.2768838032620153e-5
0.0008224284901094521,-0.0004965850465140366,-6.643590651815707e-7,-6.651002710578876e-7
0.00030473714357257594,-0.000219020104732101,-4.363220208566261e-5,-4.368087573410609e-5
-0.029582371762160335,0.004827632974800064,1.8828870516475554e-6,1.8849869868222945e-6
0.0002575557464310059,-0.0013783033622869463,-5.6770312865972984e-5,-5.683362554831315e-5
-0.007918328782770422,0.005412722212425392,1.1724437440005087e-5,1.1737508815783451e-5
-0.0006641396669320466,0.0035715683413959113,-5.178638293398063e-5,-5.184411603475063e-5
0.0007456781532201626,-0.0007502202313165072,-7.698629572505702e-6,-7.707209899460427e-6
0.0007505590591611236,-0.0008523101453829753,-7.3811340480760926e-6,-7.3893595530277014e-6
0.0005586720227201791,-0.000769844550732252,-1.208566793052742e-5,-1.2099134632147087e-5
0.0009786990024921933,-0.0015304596696628842,-5.956766627314105e-5,-5.963403300536882e-5
-0.004113079510024249,0.001621825001353611,2.1932793892437598e-5,2.1957224036703008e-5
-0.001991526800196791,0.0027005811312885942,-6.905224434085992e-7,-6.912915386594667e-7
-0.0009478515574332202,0.006026308960463025,-5.198565073221618e-5,-5.204354835471961e-5
0.0008791037579560188,-0.0010247646471043168,-3.962725338505737e-6,-3.967137564260251e-6
0.0013215594748353327,-0.0022169987988698717,-6.601551220115329e-5,-6.608900848825659e-5
-0.022901594211635103,0.005898925591784264,7.215116569365811e-6,7.223146820866999e-6
-0.00038053873944736514,0.00191817887670543,-5.378528799968148e-5,-5.3845147806641164e-5
0.00102417610953878,-0.000896275630646497,-2.9973340258236513e-5,-3.0006689107204645e-5
-0.0009533137075488147,0.00047172262093839813,-2.551317514224626e-5,-2.5541556769643703e-5
-0.004064033402914623,0.000880706196903563,2.4357871361870632e-5,2.4384962990186832e-5
0.0006029365511576819,-0.0005222386810506879,3.5651921985787065e-6,3.5691572553660746e-6
0.00022549351446856695,-0.0003413574813672589,-2.4665515544683518e-5,-2.469294486201028e-5
0.0010758143304640067,-0.0011568353588780609,-4.012097060554426e-5,-4.016558065652319e-5
-0.0003452352508310011,0.00016782563164904573,-1.996409922901574e-5,-1.9986292873852067e-5
-0.0162030719303274,0.004459252159878981,2.12699593443067e-5,2.1293600917993335e-5
-0.0006488806169328251,0.0015023996065108125,-5.452994827492692e-5,-5.459055564561627e-5
-0.007216258482412572,0.005264770449656284,8.698100602263462e-6,8.707765903493064e-6
-0.0011145905439477674,0.007603879145018255,-5.170699055751356e-5,-5.1764444711341395e-5
0.0006338089691294044,-0.0009143924043493654,-9.419832961345439e-6,-9.43029735094066e-6
0.0019746742326761,-0.003766849925244581,-6.7014308336087e-5,-6.708874589763036e-5
-8.385892320822274e-5,3.804034954540601e-5,-3.4565222251653873e-6,-3.460360312866673e-6
-0.0009319332294543862,0.00022544356508633114,-6.920386884275618e-6,-6.928070240845585e-6
-0.01050472346448315,0.0016957401550993956,2.6788659383987185e-5,2.681839733986069e-5
0.0008480857547546461,-0.0008122333061254445,-5.160090142628531e-5,-5.165817999751549e-5
-0.01254847709408244,0.0024381268876736153,2.6483234130149472e-5,2.6512623755466535e-5
-0.00021645014969134808,0.0002812379048998506,1.7285603748927339e-6,1.7304785313144863e-6
0.0013428295835653313,-0.0041015135476084865,-6.70777495403466e-5,-6.715217888559272e-5
0.000947935785679677,-0.0003563384206521193,9.051564458202425e-6,9.061604608057662e-6
-0.0004113154091228761,0.00026170502279427904,-3.446627559890761e-5,-3.4504502431598584e-5
-0.011227035559533674,0.0026404907632230604,2.5766267683396472e-5,2.579483969320925e-5
0.0011426749400944855,-0.001596960149494643,-6.132036790836458e-5,-6.138836187845892e-5
-0.021985724400701148,0.005971759097651818,1.2609035208487939e-5,1.2623012669472624e-5
-0.0007593220445079679,0.0029884664199346647,-4.134906073158463e-5,-4.139489565034959e-5
0.0002865499132288788,-0.0004471263457789154,-1.6912993747734448e-5,-1.693173796130385e-5
0.00045321673273035934,-0.0006873357658260404,-1.3672345992345706e-5,-1.3687496799217244e-5
0.0024914955497495066,-0.004172930027798643,-6.247853558917172e-5,-6.254776221019833e-5
-0.019989804618348924,0.0033698788922384934,2.5161063117476095e-5,2.5188931942902562e-5
0.003151174681587677,-0.004739800813493737,-6.053009535960928e-5,-6.059713638501827e-5
0.0025984285625601116,-0.0003751612048832654,1.745071043095535e-5,1.747003151568945e-5
-0.013200048986562195,0.006102936006844699,1.3560900855600473e-5,1.3575914013398587e-5
-0.0005631685107025248,0.00258449252637395,-5.234192367641859e-5,-5.239986859621478e-5
0.0005755700997084195,-0.0005316430101679653,-4.961743311257778e-5,-4.9672347109964715e-5
-0.005348072663692127,0.001121082258303182,2.486147770693577e-5,2.4888986348194255e-5
0.001566262833340154,-0.00141246324631355,-4.994683744468192e-5,-5.000209887353256e-5
-0.0007862446431291348,0.00013199069060924033,1.0579780167044677e-6,1.0591482432276962e-6
0.003485389413688955,-0.0006096878625027436,1.1914596157293649e-5,1.1927773332513142e-5
-0.000877183630824449,0.00034404036042967725,1.589875916306334e-5,1.591634108647899e-5
0.0010512544390901555,-0.0009503179435919441,-2.4013458438343556e-5,-2.4040011922279407e-5
-0.008139691326918165,0.00490573292827532,1.4726913364468101e-5,1.4743195532850757e-5
-0.0004886339649002362,0.002054915567976185,-2.8531458266662477e-5,-2.856300129739296e-5
-0.000668508083791143,0.0022790253426322317,-3.7354948175955796e-5,-3.7396240700449046e-5
-7.66401500674987e-7,-1.3303529788728632e-5,-2.2660653609704984e-5,-2.2685698553285895e-5
-4.174664978769246e-5,7.223156805072846e-5,-1.3443998917440936e-6,-1.34588554264174e-6
-0.00029635755188836245,0.0009036586393800529,-2.6523577681605564e-5,-2.655288558757781e-5
0.00036302508368225996,-0.0009118702454281129,-6.569225585829501e-5,-6.576483443804786e-5
0.0010471987627372213,-0.0004771552875910574,-4.067049903586175e-6,-4.071542003086613e-6
-0.0016244346891087437,0.0007963869373636679,1.6820197213740847e-5,1.6838773062739478e-5
0.0007576049504791563,-0.000951336346877105,-7.811795886464804e-6,-7.820422392386147e-6
-9.821107620907203e-6,-3.6263126952048485e-6,-2.4930167309938883e-5,-2.4957694531882474e-5
0.0006732750476717955,-0.000826030377165092,-1.0044711350368183e-5,-1.0055800865722517e-5
0.0002629814013526935,-0.0003831665755752367,-1.9538151924702295e-5,-1.9559719871788726e-5
-0.0017937080319172759,0.002193393306175407,3.3301976515866745e-6,3.3338733297833353e-6
0.00047802508422198207,-0.002224454773437401,-5.820534881489429e-5,-5.82695883471732e-5
-0.009453998147006145,0.005827104658340925,9.722543152775148e-6,9.733270182160902e-6
-0.0007835844120808467,0.005093042001153337,-4.436678797334418e-5,-4.441573651497809e-5
-0.000800505307232784,0.002125708042935117,-5.3396328219391304e-5,-5.345522926036797e-5
0.0004072076247492524,-0.0003254591072107389,-4.5471888841236946e-5,-4.552203701495591e-5
-0.0032701217438411588,0.0006002664963166135,2.3705151783511277e-5,2.3731288502740463e-5
0.0009726331695088803,-0.0007551840324442899,-1.3934495751003116e-5,-1.394985855035688e-5
-0.004466471132261664,0.0029914164620693097,1.5208410385460043e-5,1.5225175440931343e-5
-0.0005277975013129405,0.0015357051682099543,-3.245692892305223e-5,-3.249270587128743e-5
5.64563525050607e-5,-8.210644813525238e-5,-1.1332809401350178e-5,-1.1345299517464967e-5
0.004115775305517721,-0.01109868622879231,-5.143092966489139e-5,-5.148760710587874e-5
0.0024085369462979165,-0.00032641518309203446,7.489036433114618e-6,7.4972857489329074e-6
-0.005853836627258865,0.0016295124269255646,2.3961476742806863e-5,2.3987868155533884e-5
0.0011764669248826153,-0.0013463930651040656,-5.433046235657608e-5,-5.439029866391432e-5
-0.01983476046652727,0.005450295901616172,1.6061864468915824e-5,1.6079549698541307e-5
-0.0007195630262913488,0.002390539984653933,-2.2969841865608533e-5,-2.2995132274948376e-5
0.0014011330868902003,-0.005953505760765099,-6.027222824328859e-5,-6.033858257579378e-5
-0.0011377850415678873,0.0005162644389790731,1.5405943476617144e-5,1.5422897969968856e-5
0.0006142977510929924,-0.0006379662090917057,2.9379682737698217e-6,2.9412012915488825e-6
-4.975719008914478e-5,6.481873359214703e-5,-5.979915380861893e-5,-5.986495271809214e-5
0.0009372059453886136,-0.000493296088233314,-9.360522129951947e-6,-9.370819256502668e-6
0.000986003664725005,-0.00048168051784428656,1.1442840762627506e-7,1.1455426899367264e-7
-0.0003775181534431835,0.00022771638681007191,1.1329393872366211e-5,1.1341853881318815e-5
0.0004747133648045215,-0.0006068046819173503,-1.4997860444494003e-5,-1.5014353607078894e-5
0.0005574257140419473,-0.0006894968047137123,-1.283297109644463e-5,-1.284708176304515e-5
0.0012556344108928528,-0.001591956890343664,-5.95269470520015e-5,-5.959239280286075e-5
-0.020183453911857586,0.004789838131518034,1.8465410313333247e-5,1.8485706226298175e-5
-0.0006315200192281145,0.0015989112697927942,-5.576168265253525e-5,-5.582296959854107e-5
-0.0071307355434007645,0.005136617976303309,1.0354330473250918e-5,1.0365708085205235e-5
-0.0005814854164752997,0.0032824899168028628,-3.7865932027739184e-5,-3.7907538193337154e-5
0.001785412668846918,-0.00515434701249787,-6.596754616548957e-5,-6.604001861241411e-5
-0.0019924346249694754,0.0006065409597565892,2.0175399827535903e-5,2.019755667802527e-5
0.000205261806120655,-0.0001846238899006222,7.422652240423575e-6,7.4308032737679e-6
-0.0011525182563038752,0.002429361718842,-1.3937863017793155e-5,-1.395316738074917e-5
0.003999895198542754,-0.025925603434404178,-1.576617229401087e-5,-1.5783483033242112e-5
-0.0035226997691367194,0.0006105315395466792,2.3637726445532754e-5,2.366366540490399e-5
0.0002388391506203535,-0.00018362404067447016,7.5844541649937985e-6,7.592776447004523e-6
0.000481965216625859,-0.0006879947381065916,-6.014577227755811e-6,-6.021176334828861e-6
-0.0009954536737658952,0.0023678073233653423,-4.357472022913549e-5,-4.3622525333852046e-5
0.0008990320165702759,-0.0009459711354849584,-2.883746066389253e-5,-2.886909174994608e-5
7.735843146692735e-5,-5.150712990899735e-5,7.633640006511105e-6,7.642011817984189e-6
0.0026912319361688574,-0.00293984691687228,-5.368937469501651e-5,-5.374825036340154e-5
-0.03785579257242457,0.00483276793399772,1.4907769914689255e-5,1.4924112732789417e-5
0.002492007152994617,-0.006120058398367916,-6.378735078769665e-5,-6.385727599206644e-5
-0.012566315310444002,0.002658926537823477,2.513289592309418e-5,2.5160436685439585e-5
-0.001195609334954267,0.0016561945354875915,-1.5524918669553e-7,-1.554193006339477e-7
-0.0003885869611119882,0.0017071986295970995,-3.096871458663428e-5,-3.10026461513399e-5
0.0015264333383359743,-0.0043057220121172,-6.675897409229096e-5,-6.683210948237748e-5
0.0015730839511313244,-0.0005199835235015766,6.331545979060078e-6,6.338479886191287e-6
0.0008383044732686284,-0.0004355652524648179,-1.1392833612130684e-5,-1.1405309058252103e-5
-0.013352256663641395,0.006008987152166619,1.3393299059040319e-5,1.3407963123540473e-5
-0.0007313483404009581,0.0033931565547043216,-3.462827432898076e-5,-3.4666186607870564e-5
0.0026243200928168973,-0.012200369950159265,-5.301907619139799e-5,-5.307711700660912e-5
-0.01643491017440855,0.00531713227293067,1.701917856052588e-5,1.7037801897072985e-5
-0.0003628031939008828,0.0011489801255833518,-2.9223384128494747e-5,-2.9255360663949495e-5
-0.0008301121562802135,0.0018136139974198914,-3.809455327882699e-5,-3.8136230800781965e-5
0.0005641629199466638,-0.0006565840984664375,-1.81193981204566e-5,-1.813921830813287e-5
-0.00039251724171634366,0.0003825907288235631,7.21140569931086e-6,7.219292952382151e-6
-0.001036877778707902,0.002782611479755102,-4.3132595678827065e-5,-4.317976725097721e-5
0.000660822502980278,-0.0007681038409539899,-2.320644358009987e-5,-2.3231818268184817e-5
0.00014956416552857704,-0.00012935911824544865,-4.383299805318702e-5,-4.388091954017589e-5
-0.0006183817155379851,0.00017364561002882573,-7.152116681556611e-6,-7.159934218781851e-6
0.0019990736632695253,-0.00039553782741447537,2.6399389596285233e-6,2.642824129675331e-6
-0.004723543708055587,0.001357969521687564,2.267358401756524e-5,2.2698361113839293e-5
0.000934891264376311,-0.0010266346952259552,-2.912719366360894e-5,-2.915902099691281e-5
-0.0037748161748691793,0.0024818413144359164,1.5062568287554438e-5,1.5079024561007546e-5
0.0005683916956090114,-0.0015212202916548862,-6.574386175648317e-5,-6.581568442818196e-5
-0.0009038706408770829,0.0003935594391795884,1.4545645057122736e-5,1.456153087646295e-5
0.0008647208380362915,-0.0008533887743869724,-2.0485487561137393e-5,-2.0507858640501357e-5
0.0005767762481477262,-0.0004388250400760163,-2.8676704640297372e-5,-2.87080164602162e-5
0.0009452321162811063,-0.00038310946457945327,-5.634813855445748e-6,-5.640965438160607e-6
-0.001325775810946998,0.0005639867173866241,-2.1099755910170398e-5,-2.1122787901522548e-5
-0.0009743153246671639,0.00022215444688346628,-7.722188063693787e-6,-7.73061602086138e-6
-0.010435155612319343,0.001386307233879729,2.5441725438106436e-5,2.546948847674191e-5
0.0001561905038035117,-0.00013596063429405464,-4.4063422015856907e-5,-4.411150301345253e-5
-0.020661120488599822,0.005147762489909463,1.6109938125310715e-5,1.612751311784368e-5
5.5997105221603206e-5,-0.0002067111235873373,-6.241277672990072e-5,-6.248086276512681e-5
-0.009669797795933703,0.005359191270489635,1.3551781921447418e-5,1.3566561373871757e-5
-0.000520116513328813,0.00225543241172401,-3.6109759272947645e-5,-3.614913848505076e-5
-0.0011959576879632806,0.0024252215363411993,-1.1440646568973944e-5,-1.1453120914251517e-5
-0.0007135461284677967,0.003908024978598407,-5.0472927823739416e-5,-5.052795714412731e-5
0.0007929850039335244,-0.0007995709629080401,-1.883836402391969e-5,-1.885889746109935e-5
-0.005664615693095469,0.0045223076754216905,9.371573155138314e-6,9.381786575274177e-6
-0.0007328178181496423,0.00380028565025189,-5.0162223667806876e-5,-5.021688927949897e-5
0.0009149598168030075,-0.0009352875775298761,-2.8374057297743755e-5,-2.8404970517932283e-5
0.000625495678995742,-0.00039075319427642446,-2.117356786438972e-5,-2.1196632582917443e-5
-0.0009436088744980901,0.0003930300770755248,-1.84855172560015e-5,-1.850565079639024e-5
-0.023617439344483862,0.005298611604448396,1.3395666248311882e-5,1.3410253864166526e-5
0.0033044414584228314,-0.01078585779926899,-5.524391780765662e-5,-5.53040751890657e-5
-0.025368540548660848,0.005102243485790313,2.6641392345480607e-6,2.6670390758268893e-6
0.000747173818520201,-0.004018509784438325,-5.6485152049312714e-5,-5.65466327818724e-5
-0.00014216455270481208,8.039347765827018e-5,9.187170826940315e-6,9.19716709796798e-6
0.0009083858500655395,-0.000989431868764824,-5.036942513751326e-5,-5.0424225620758164e-5
0.0004089429384018152,-0.00012321963368012895,1.4725647523668205e-5,1.4741664977661367e-5
-0.0007025919241281554,0.0004772327090439728,1.245429717208355e-5,1.2467842880233675e-5
0.0002556687677307083,-0.00044655112309702297,-1.416279874507141e-5,-1.4178201536397124e-5
-0.00018900384126483886,0.000450108501257243,-1.724652740469928e-5,-1.7265281909658887e-5
-0.0005101503063858213,0.001420933503297987,-3.102019565292673e-5,-3.1053924533955546e-5
0.0001473335051479762,-0.00025185350366723787,-1.280366980848439e-5,-1.2817589427040858e-5
-0.0010131876366380548,0.0026471023582297117,-1.8786043781618745e-5,-1.8806465117013703e-5
0.002831326114929065,-0.01574994100543318,-4.513493273931805e-5,-4.5183992618901385e-5
-0.014481519386442607,0.004462400407419836,1.947144573073651e-5,1.9492600954503214e-5
0.003088928845904945,-0.00769928418389947,-5.940492938976705e-5,-5.9469468436061536e-5
-0.001000784607340435,0.00021012253661783893,-5.1060971835150856e-6,-5.111642375859809e-6
-8.943328657134091e-6,2.4776299575496196e-5,-1.062094432959339e-8,-1.0632476464191924e-8
-0.01708817553487334,0.003331874560888566,2.3219426166082196e-5,2.3244636162022342e-5
9.914950042682949e-5,-0.0001721862331402254,-2.0039772064346465e-5,-2.006152880884987e-5
0.0001251584820128211,-0.000213875733834209,-3.165544654260522e-5,-3.16898097909857e-5
-0.00400140341597132,0.0035763469867333077,8.513171711956809e-6,8.522411630711874e-6
0.00408406062926176,-0.018953693574923738,-3.7714285551913446e-5,-3.77552171908568e-5
-0.02446494163623763,0.004887478853538795,1.5435475564720762e-5,1.5452219680225203e-5
-0.0009524626790812084,0.00272305257677695,-2.2131857574416972e-5,-2.2155864913467033e-5
-0.0008471874520089473,0.004944031357367712,-4.293294995247058e-5,-4.297951731822449e-5
-2.041678144282121e-5,2.62409980523947e-5,-2.1663785715623016e-5,-2.1687278722796143e-5
7.449716837443729e-5,-0.0001523527489774477,-4.4297931197006365e-5,-4.434596329690213e-5
-0.008456022814781344,0.00549941897361481,9.574454965782644e-6,9.584834528593555e-6
0.0006594142110899421,-0.003926257397127636,-5.4190582282475384e-5,-5.424932719630652e-5
-0.00020146271703260353,0.000117324047320556,9.508043114132538e-6,9.518346658979116e-6
0.0008072462454593784,-0.0009209284028735967,-6.758226811454867e-6,-6.765549833308474e-6
0.00014888096713144985,-0.0002349294039075507,-2.160549374271704e-5,-2.1628902362953805e-5
0.0008095608569844127,-0.0010060900202433626,-3.7116386023213545e-5,-3.7156594618400106e-5
0.0008432612888397412,-0.0005110421229284027,-2.0183984764050194e-6,-2.0205846462465774e-6
0.0003685643526649408,-0.00028080238747186213,-3.112380098940652e-5,-3.115750810565366e-5
-0.009033827011078742,0.003308303506975501,2.0954273280825842e-5,2.097696289924077e-5
0.00012654544388423025,-0.00029048550170114547,-6.10510996752616e-5,-6.111720331916431e-5
-0.0030106374724159276,0.0014023099635887494,1.8157394741112728e-5,1.8177049792912942e-5
-0.0015735010944688784,0.0023378770472005845,-3.3576069465122743e-6,-3.3612412478607213e-6
-0.0009583419403861001,0.005322850831663544,-4.662388715847456e-5,-4.667435007888983e-5
-0.0017831395634427712,0.002401934438614666,-8.878488735274999e-7,-8.888096083782523e-7
-0.0005668564264497277,0.003127796966831186,-3.730251567745115e-5,-3.734287803899626e-5
0.0008139145532590241,-0.0021855922384663527,-6.572816819335301e-5,-6.57992767462471e-5
-0.014560972249044598,0.005779627239829416,1.3572422701985066e-5,1.3587101596444323e-5
0.0017698647172993255,-0.007166047452287212,-5.901123004830445e-5,-5.907504952628312e-5
-0.0008455012767356401,0.00032878065138001176,1.4920486431845126e-5,1.4936616700139358e-5
0.0007094093359935572,-0.0006517203849041614,-3.654449435226247e-5,-3.6583998735253454e-5
-0.013519215502133069,0.005515443314054982,3.856718841551543e-6,3.86088717934174e-6
0.0030635612926042557,-0.024748793861378425,-2.9196390351233626e-5,-2.9227944777463474e-5
-0.017368139924137816,0.004054073066734387,2.0199302128328538e-5,2.022112144445896e-5
0.003253869680140848,-0.006889311037321894,-5.767089118174382e-5,-5.7733184674454695e-5
-0.008204444370065424,0.0012188753842996935,2.437696332932227e-5,2.440328393317219e-5
0.000721427878031151,-0.0006283747144472878,-2.7967002915550053e-5,-2.7997198025162074e-5
-0.010453027943032206,0.005258296163499091,1.396459625884019e-5,1.3979671006337357e-5
-2.3376733917873778e-5,3.0611673665038225e-5,-5.687872848684211e-5,-5.694012622362127e-5
-0.006658684854845832,0.004693034010895353,1.0877104333243572e-5,1.0888842315601443e-5
-0.0004480551111994199,0.0021525975176568744,-3.321145701700219e-5,-3.324729530897411e-5
0.0011361640122198326,-0.003087152551093459,-6.579680492054676e-5,-6.586779523863433e-5
0.0014864130523448839,-0.0005293320989708998,2.626742449378082e-6,2.6295756100501605e-6
0.00037657949256937297,-0.00018518410997440994,-1.571110449949767e-5,-1.5728048451359697e-5
0.0012842936422327628,-0.0004642878471130896,6.345301486572877e-6,6.35214373900982e-6
-0.00012180123935928857,8.244773888495245e-5,-3.4468309420630214e-5,-3.450547356815011e-5
-0.005975431534287854,0.0007593201156953272,2.3287917948079025e-5,2.3313021717077825e-5
0.0006394768207072595,-0.00046073111351894775,-2.4377530853632266e-5,-2.4403807576268858e-5
-0.009722685877306922,0.004258264233156683,1.7327812337529263e-5,1.734648724069756e-5
-0.0004223193312952778,0.0012157288016635332,-2.9180788978904323e-5,-2.9212236829185095e-5
0.003345093733750874,-0.006742984310100434,-5.741403121629825e-5,-5.747589703337951e-5
-0.03284132465580273,0.004766765766470735,1.1970441679413948e-5,1.1983335325324642e-5
-0.0006425770787333538,0.0017670045009716769,-5.5459118400137146e-5,-5.551885273831818e-5
-0.006412861002643234,0.004615690653816616,1.0503189179301086e-5,1.051449931029281e-5
-0.0005316137509434496,0.00253022994131414,-3.5991349381318135e-5,-3.603010401981107e-5
-0.0001739264274468947,0.0003644931751153209,-2.345296610998044e-5,-2.3478215403442666e-5
-0.0003540726843861552,0.0006070143920830758,-4.490879282749568e-5,-4.49571351221283e-5
0.000701226662717774,-0.0005364124385605736,1.9390579319483523e-8,1.9411448156167026e-8
0.0009690779348957532,-0.0010594825052353638,-3.9142872302389696e-5,-3.91849955157543e-5
-0.004952623148637776,0.0023569505383394442,1.84283448523959e-5,1.8448172701246465e-5
-0.0010010021743423105,0.0020543520879347183,-1.5290037041923617e-5,-1.5306487288152556e-5
0.0036764166057480763,-0.026967019931967307,-1.6270536156973926e-5,-1.6288040221095084e-5
-0.0009233124753735166,0.00018988001932982872,-4.3233724291067005e-6,-4.328021008869934e-6
-0.030384597576011984,0.005012604913058882,6.511207886839838e-6,6.518207994602141e-6
0.0038346689764708407,-0.014651034733992117,-4.3215090881946024e-5,-4.3261549394712745e-5
-0.01824985843878132,0.003260363413151163,2.2628555548632394e-5,2.265287115031713e-5
0.0004915420603395165,-0.0007975201856070724,-5.884575921577338e-5,-5.890898927568799e-5
-0.008715488267590365,0.003221975894768084,2.0385345165087713e-5,2.0407243869463174e-5
5.9775023943543555e-5,-0.00015451982342703165,-6.007093952550367e-5,-6.013546662124968e-5
-0.011546799488101684,0.005477404732655897,1.3249557879228661e-5,1.3263786729823898e-5
-0.00043753394983629614,0.001967817994934161,-4.76773585208624e-5,-4.7728557612346496e-5
0.001770438114902006,-0.013124142504554624,-5.031917003689785e-5,-5.0373202225495606e-5
-0.014317963981451557,0.005989266536340064,1.1451869779528395e-5,1.1464161548671966e-5
0.0022755404194437956,-0.010590495987237204,-5.285800251080024e-5,-5.2914735024173025e-5
0.0005318608055771026,-0.00018470696265423825,1.133834540374965e-5,1.1350509990749253e-5
0.0009699337947556738,-0.000679447857712156,-1.4907001967980449e-5,-1.4922993859948943e-5
-0.009067793327522219,0.00525536799609295,1.193973055289529e-5,1.1952537525950418e-5
-0.0008977548356413808,0.004051238369414372,-4.2571864597013405e-5,-4.261752664580271e-5
0.00038857679014575613,-0.0005736556388970113,-3.158414126015087e-5,-3.161801098262956e-5
-0.0003261882464664767,0.00027188319555814845,8.667225593879477e-6,8.676518553003125e-6
-0.0005731399329300184,0.0012521642547820774,-5.444645933765392e-5,-5.450483240795942e-5
0.0008483744603859845,-0.0005600753366633994,-4.47197764933771e-6,-4.4767710517949194e-6
0.000977294522058297,-0.0007505254272553941,-1.7392375809504825e-5,-1.7411016170940295e-5
-0.00011989233490780362,6.993881454212691e-5,-2.663386912150773e-5,-2.666241020516498e-5
-0.0031110601148138777,0.0009704066428161835,1.981905231905847e-5,1.984028710677754e-5
-0.0033758159769804396,0.0034388298580889116,1.6662875926346804e-6,1.6680727858233468e-6
-0.0010338310201448387,0.008246739338846013,-0.00011051206159683099,-0.00011063045429794154
0.0013489160910400775,-0.01051621759807616,-5.329637606930023e-5,-5.335347099899692e-5
0.0010493361546480633,-0.0005013564459719553,-2.382144197746131e-6,-2.3846951099426127e-6
0.0008756253246484537,-0.0004971923289660565,-1.6537773653327987e-6,-1.6555481104299293e-6
0.00040210503748848534,-0.0002719227977115744,-4.0118586808378335e-5,-4.0161538220537376e-5
-0.023127712650351562,0.003184482785386136,2.3116086751830183e-5,2.314082927229012e-5
0.000254179492891811,-0.00036708220087787897,-1.9262125818544337e-5,-1.9282742288992977e-5
6.3732748983046e-5,-6.644322566132985e-5,3.302281396890167e-7,3.3058154110744223e-7
-0.0011206467197754284,0.0031730975906681517,-4.288599929721565e-5,-4.2931891256502613e-5
0.0014257501011560503,-0.0016487189629390703,-5.483838408613623e-5,-5.489705514408699e-5
-0.023897295799484557,0.005386077813002873,9.178206093985352e-6,9.188023233960302e-6
-0.0007720302256019962,0.003115963150479569,-3.069864840531251e-5,-3.0731483028900746e-5
0.002245972431549239,-0.011271636363512492,-5.221135875065627e-5,-5.2267197385741655e-5
-0.0023135868352620824,0.0008305447687759501,1.8157901632592635e-5,1.8177313214128074e-5
0.0008958678717697526,-0.0009413303724339612,-4.1101204441937426e-6,-4.1145140260870386e-6
-0.0015426573582195085,0.002312250532034458,-5.520703881268002e-6,-5.52660474124833e-6
-0.001047256889150542,0.007003660579901829,-5.120844566982423e-5,-5.126317719587876e-5
0.00017646138809890408,-0.0007533461516976421,-5.732384029169022e-5,-5.738510056755981e-5
0.0008447971511279239,-0.000526530837299465,-1.6528377226383368e-5,-1.654603537240371e-5
0.00019334590471364464,-8.925692426801907e-5,-1.5787260692387128e-5,-1.5804124750385525e-5
0.001600414136510417,-0.0005462690629854582,2.5600849978037453e-6,2.562819315014954e-6
-0.0012607226431560427,0.0006187359659525827,-2.8053190545966355e-5,-2.80831498425907e-5
-0.022370341449099856,0.003454741779909857,2.1936030295520563e-5,2.195945236092386e-5
0.0018284387884747598,-0.0028640082513225963,-6.173427547366553e-5,-6.180018900684553e-5
-0.006727794598333109,0.0013811272261994168,2.308198647893781e-5,2.3106623496280073e-5
0.0007280405029833224,-0.0007325488360382511,-8.914018521019663e-6,-8.923532510912408e-6
0.0008234017209786781,-0.000946653617018972,-2.926853415178098e-5,-2.9299769125363606e-5
-0.0026274268403556214,0.0017962765648697082,1.3103699736563515e-5,1.3117681646494176e-5
-0.0011032329396307432,0.00276342273520554,-4.7737915619031536e-5,-4.778884981946619e-5
0.0008595698103321368,-0.0007888901217436791,-1.7739791063049244e-5,-1.7758714785899372e-5
0.00010035467309168979,-6.716837997860215e-5,-4.175605337293576e-5,-4.180059021931787e-5
0.0037119236303063898,-0.000576333752122796,9.088650358811749e-6,9.098342038517003e-6
0.0015743929682676052,-0.000544665288032635,2.5437224481903495e-6,2.5464347015476655e-6
-0.01229561943617463,0.0060007655513516795,7.728034932683163e-6,7.736274124098338e-6
-0.0004419857232344838,0.002706331993506832,-5.1620313871734176e-5,-5.1675346513356666e-5
0.0009534869995945746,-0.0008137077616567405,-1.9568369634176894e-5,-1.958922540861743e-5
-0.008518794209718315,0.005447660832696231,7.122617236293065e-6,7.1302073999059655e-6
-0.00015440226752605035,0.0009745154675517493,-5.367899129090992e-5,-5.373619163499975e-5
0.000660397733616158,-0.000502992565270138,-2.5130587786297633e-5,-2.5157358488895907e-5
-0.004410357741596269,0.0020197806122926295,1.814120463856617e-5,1.8160526849085763e-5
-0.0002677452152251183,0.000438647587935574,-5.211426495947094e-5,-5.2169768562502e-5
0.0007478418924854249,-0.0004288540888827938,3.1785412050258157e-7,3.181925743835115e-7
0.0007076652160497681,-0.0005441287062306345,7.588965104056775e-7,7.597045049366105e-7
0.0007656188670005038,-0.0008610986319537331,-1.0661611230275963e-6,-1.0672961503813746e-6
0.00015063637821365617,-0.0003386891735917024,-6.07167506977116e-5,-6.078138370827638e-5
0.0007936292702620211,-0.0003522818541649293,-8.882677084087635e-6,-8.89213026601784e-6
-0.009710719612032195,0.004043566052519107,1.682168622119309e-5,1.683958608451821e-5
0.0018729524742005764,-0.005192269134445042,-6.287668917634633e-5,-6.294359278389852e-5
0.002271853764166978,-0.0006249944614469964,6.7259130125947014e-6,6.733067143762822e-6
0.001066199186536104,-0.0005010446405001378,-2.824275694008396e-6,-2.8272794951440992e-6
0.000318438553535845,-0.00017681349960903402,-1.9516157349134638e-5,-1.9536911741700927e-5
-0.0016548100675696255,0.0006207949283816014,-1.868108047629527e-5,-1.8700943911909027e-5
0.0034012325627735965,-0.0005916067678921641,6.424354996911651e-6,6.431184871168132e-6
-0.001386450937453385,0.00045438443601157277,1.6955054988295556e-5,1.6973078560117316e-5
0.00010649464453531871,-9.488415097375374e-5,6.397497401294856e-6,6.404297566226422e-6
0.0016448015471349563,-0.003590897379508047,-6.42368847408122e-5,-6.430515971888657e-5
0.0021479692215669757,-0.0005310376985384143,2.062320312191225e-6,2.0645115488632395e-6
-0.016758158113092565,0.005930913133661683,1.0688610164195213e-5,1.0699965731666802e-5
-0.0009717408501770893,0.004244247897814626,-4.499615610024311e-5,-4.504395821868594e-5
0.0007475522846815999,-0.0009247968241937842,-3.138376898458902e-5,-3.141710250264003e-5
0.0005146641208567202,-0.0003694406690668063,-2.5347443312388558e-5,-2.537436121236441e-5
-0.012907799158749504,0.005389336033225116,1.332678714836276e-5,1.3340937439921817e-5
0.00041016129920963513,-0.0016111801575370592,-5.829465897885659e-5,-5.835655330932856e-5
-0.01025542750728108,0.005702267160389928,6.461608392224001e-6,6.468466915686017e-6
0.0005222420042209901,-0.0037021836918667375,-5.4226474409393984e-5,-5.428402972298833e-5
-0.0010212241848145767,0.0006063740561975683,1.2789950677365644e-5,1.2803521018884447e-5
0.00023953073524280333,-0.00037979967471984196,-1.7621101939572844e-5,-1.7639796850631427e-5
0.00021156478023947727,-0.0003606303611221955,-4.78288762133416e-5,-4.7879613680735e-5
-0.0010153683753600293,0.0005738519348329883,-3.153067382178308e-5,-3.1564115235502846e-5
-0.019472775946835684,0.003608893358270521,2.010273924595995e-5,2.01240561431839e-5
0.00020702741602500948,-0.00036791861192642155,-1.5028700019477466e-5,-1.5044635742594829e-5
0.00019014102756266426,-0.00046581116953795415,-6.191908603439978e-5,-6.198473526416534e-5
-0.0014446026322692106,0.0006578574643994123,-2.4143690128029474e-5,-2.4169281376863373e-5
0.0031804556623781957,-0.0005870005988675903,1.3787057695628803e-5,1.3801668866122347e-5
-0.0012634653109335533,0.0006309453114306829,-2.632744631345076e-5,-2.635534521570175e-5
-0.017852568541859813,0.0036705013039383077,1.988868337663413e-5,1.990975555198276e-5
0.002220513546324281,-0.004185587888712472,-6.101690777632374e-5,-6.108155276931104e-5
-0.0204492067480212,0.003763447729624133,1.922677485732587e-5,1.924713787794484e-5
-0.0006062145425378225,0.0011498952623086418,-3.1647602035924636e-5,-3.16811185399236e-5
0.0008421692404540595,-0.0010142359892148733,-7.155888562022282e-6,-7.163465884379134e-6
-0.0004884384773758739,0.000831444469183331,-6.72979002634799e-6,-6.7369154413771484e-6
-0.0007444981813772209,0.002729149819024824,-3.651954305426099e-5,-3.6558206447143036e-5
0.00036622475277953484,-0.0006499678003020884,-5.938181619026566e-5,-5.944467332798921e-5
0.0013083827433715545,-0.0004943927904586599,-1.3559823744912766e-6,-1.3574173542161005e-6
-0.004135155067633886,0.0019147714429510257,1.7548732125828687e-5,1.7567301191203695e-5
0.0002761526410879254,-0.00047442587322360784,-1.3661377705482315e-5,-1.367583252054777e-5
0.0031326256944260856,-0.007217472040580469,-5.5464362499347816e-5,-5.552304221808188e-5
0.0022726717446082743,-0.00034987926216671064,1.646334344135468e-5,1.648075437560218e-5
-0.0030042069136376223,0.0015626588604489512,1.5945817214970605e-5,1.596267958804522e-5
0.002934707672982571,-0.005149102312762634,-5.709228339415664e-5,-5.7152653466235974e-5
0.003450399707987022,-0.00048652440356725644,1.3061512016330766e-5,1.3075318505304614e-5
-0.0065211559827985386,0.0027130415704355055,1.841935275258824e-5,1.843882111266018e-5
-0.0009972485000451184,0.0020663402249847624,-1.2158595270999808e-5,-1.2171445621695542e-5
-0.0005340657810774011,0.002637662279834168,-3.290957780125357e-5,-3.2944357094022614e-5
0.004172965448143656,-0.012915960137211536,-4.329980747887927e-5,-4.334556103406101e-5
0.0016899083734996656,-0.000213555233166972,3.4430669518047277e-6,3.446703493770654e-6
-0.004059452782060645,0.0009614349748330596,2.0913043069001224e-5,2.09351290533682e-5
0.0006071101392969926,-0.0005890873847896996,-3.973031406777808e-5,-3.977227005403102e-5
-0.009016078204813378,0.0034067287522041014,1.8569002941986693e-5,1.858860850890265e-5
0.0027127310549987806,-0.005943812451950739,-5.855786341190371e-5,-5.8619687031213864e-5
-0.02131753270187178,0.0037033148579786266,1.9454705238319193e-5,1.9475237313313507e-5
-0.00021128195227251948,0.0004201502590931908,-1.1190140048697365e-5,-1.1201949393327002e-5
0.00320137402325773,-0.01019087110926744,-5.21634999061083e-5,-5.2218544993622063e-5
0.0034037579872993108,-0.0006425841372334031,1.2194081030541166e-5,1.2206943351629132e-5
0.000755687364249254,-0.0003533003094176319,4.30042438298619e-6,4.304960096185041e-6
4.532501115698982e-5,-2.6354732212259583e-5,-4.021680956285811e-5,-4.025922265361338e-5
-0.0002475875378514308,3.996929842573623e-5,1.9197713600784067e-5,1.921795518282918e-5
0.0009339932457560183,-0.0006004865779547725,-9.115765817688905e-6,-9.125376598514885e-6
2.8537615755445674e-5,-2.0218271442335848e-5,7.039290968466984e-6,7.046711630353034e-6
-0.0001370377836801555,0.00017479510437401043,6.814599191768947e-7,6.821782372888896e-7
-0.00046388175833407454,0.0013616531605032693,-5.614586129147607e-5,-5.620503962372979e-5
-0.00012994471533948066,8.726095921729975e-5,8.823849947687413e-6,8.833148075313064e-6
0.0008542185428576394,-0.0013187039703937934,-5.960307022672667e-5,-5.9665872027462066e-5
-0.009887750220971025,0.002822861206546251,2.1015429869963977e-5,2.10375672314104e-5
-3.455065713409091e-5,4.120253929065643e-5,-2.2650927556821564e-5,-2.2674786499525395e-5
0.0006787661729565779,-0.0009116158463885397,-1.0965352915379528e-5,-1.0976901566283778e-5
-0.00018359547697983976,0.00028161774545500253,-2.630910248956694e-5,-2.6336808187236874e-5
0.0009052253751162925,-0.0010777593980856339,-4.210115221798241e-6,-4.214548208917236e-6
-6.020136994758509e-5,0.00014265248657202757,-1.3746044832246614e-5,-1.3760517242787327e-5
-0.0008526359201142775,0.0024183973450938295,-3.532347563081861e-5,-3.536066210899218e-5
0.00023491276082000226,-0.00036562908260829403,-1.7841030580708316e-5,-1.7859809566663466e-5
0.0003892355516757587,-0.0006097073244139203,-4.139811826401731e-5,-4.144168760406877e-5
-0.0004545714443475137,0.0002933022374299654,1.032711953160004e-5,1.0337986314651339e-5
0.0005407375494889972,-0.0008709613590163885,-5.409536209834563e-5,-5.415228003181793e-5
-0.0006554767122003811,0.00029485218537565603,-1.8595075419921936e-5,-1.861463635306468e-5
-0.021076495660756468,0.005554722308578676,6.286286216860822e-6,6.292898040389811e-6
0.0011724228990145822,-0.00558627877386212,-5.4109097782702325e-5,-5.4166007126039216e-5
-0.000824118377634741,0.0003912814476421404,1.2157099624531703e-5,1.2169881429328094e-5
0.0008139228843068517,-0.0008889903895739594,-2.6940377618238324e-5,-2.6968700114522163e-5
-0.00017886712765393436,0.00012913830640304237,-3.877359485364465e-5,-3.8814351567810317e-5
-0.026721836744219882,0.004371591445166404,1.4845459804787396e-5,1.4861061157473205e-5
-0.00038693699497008966,0.0009148078139140982,-2.6664342576530742e-5,-2.6692363585490926e-5
0.00010759011595789076,-0.0001776595954740765,-1.3187614966858204e-5,-1.3201471730501442e-5
-0.0011175425793385283,0.002920475369463629,-4.665815118612983e-5,-4.670717208581859e-5
-0.0024179981618961946,0.0022487330889322753,6.62379574230221e-6,6.630753569580035e-6
-0.00042414373680868317,0.0017973721533975158,-4.4648324838136685e-5,-4.469522203940118e-5
-0.0014706018824853213,0.011416566655978908,-7.474210561668437e-5,-7.482060700543321e-5
-0.0004745642288153048,0.0022799003670529844,-5.111546858742581e-5,-5.1169150277836945e-5
0.0006418429465123342,-0.0005547308173776172,2.285553046846301e-6,2.2879527034347236e-6
0.001500248071143476,-0.0022670627935377167,-6.0207158025925687e-5,-6.027036543055178e-5
-0.005340024984893149,0.0011622559075221495,2.139249689245774e-5,2.1414948898775187e-5
0.0008086244193083791,-0.0007890584616778562,-1.4707116462511214e-6,-1.4722551049610229e-6
0.0001288677393445177,-0.0001771779639350903,-7.075444490483884e-6,-7.08286922622863e-6
-0.00039007659622806426,0.0011480406798144438,-2.742011174568807e-5,-2.744888310117211e-5
-0.0010112644266248136,0.002334464610476121,-1.8098293233428484e-5,-1.8117280897150832e-5
0.0034270193674261103,-0.022572026257591978,-2.1704313449186997e-5,-2.172708280836644e-5
-0.023941247523446185,0.004920278294661745,1.0758339379527506e-5,1.0769619895697536e-5
-0.0011147824789957434,0.003541853486724339,-4.299549246349348e-5,-4.304057329483862e-5
0.0006301565957713478,-0.0007874934377995815,-3.3221479716007856e-5,-3.325630587838353e-5
2.2312416497420814e-5,-1.6835604924361688e-5,7.191150711530039e-6,7.198687994489542e-6
-0.001864984505974402,0.002429544910160244,-1.86791800519442e-6,-1.8698756684846228e-6
0.002590990429860182,-0.015286856207355063,-4.123993070088152e-5,-4.128314961459446e-5
0.0003601697848899372,-0.00011110102306328714,1.3039901893871206e-5,1.3053561602979407e-5
0.0009022701273144562,-0.0006542220176518058,-1.1203060699050342e-5,-1.1214795316640424e-5
-0.005288224999478046,0.003637443353718131,1.0840062139132284e-5,1.0851415163245084e-5
-0.00031564364360934594,0.0011238122536384755,-5.4878418430123706e-5,-5.493589083680042e-5
-0.0003725652815122922,0.00026469290085214903,-3.7222443417248134e-5,-3.7261415014601794e-5
-0.0140004889956155,0.003397395436591406,1.9536661856366937e-5,1.9557112633590306e-5
0.00010670999608596513,-0.0002301466313949611,-5.861311525876476e-5,-5.867446810303382e-5
-0.0008144163935247653,0.0003509417730326998,1.2569257912101369e-5,1.2582411447857663e-5
0.0007385724958305418,-0.0007209890080545686,-4.9880098646896224e-5,-4.993229330052122e-5
-0.000142616061460779,2.6954556914935785e-5,1.8165977775150932e-5,1.8184982042291752e-5
0.00014256511166693274,-0.00010345077626106604,-2.8115713503605934e-5,-2.8145124620290808e-5
-0.01392682921981543,0.00492673746458233,1.4272359106511564e-5,1.4287286649428881e-5
0.0035714464137760766,-0.011332767029616303,-4.737754758181711e-5,-4.7427098004452086e-5
1.3649646164242223e-5,2.0572346936249446e-5,-1.8068223413894467e-6,-1.808711216557196e-6
-0.02242669128163629,0.004417487765844817,1.4263280619455835e-5,1.427818997280731e-5
-0.0005392729861935996,0.0014351201378004798,-1.8812208653322012e-5,-1.8831872263544186e-5
-0.00014953702864175129,0.000481196068801534,-5.7411765834816566e-5,-5.7471770023660434e-5
0.0009073904346608065,-0.0005650269121200143,-1.325384598962706e-5,-1.3267694484595876e-5
2.007224180010364e-11,-2.891490143359761e-10,-2.0935408862172057e-5,-2.0957280792441896e-5
-0.0015521173221185796,0.0005109380990482918,1.6348956133469657e-5,1.636603391712355e-5
0.0005536699071633811,-0.0005100405779729655,-4.75124223370789e-5,-4.7562049266606104e-5
-0.019734492276144135,0.0036070026397736136,1.8567467598763143e-5,1.858685671049051e-5
-0.0006870194682323456,0.0012638909937335893,-3.682082895107997e-5,-3.685927759279489e-5
0.0005627661113103805,-0.0005681784840941318,-4.249208782633659e-5,-4.253645113764239e-5
-0.011093351858143833,0.003889953305616005,1.7062981138349737e-5,1.7080792056907877e-5
0.0016473002752748743,-0.004026135498649911,-6.223685836363785e-5,-6.230182034789142e-5
-0.000851190628540525,0.00024363191891633664,-9.46111598869299e-6,-9.470988056502332e-6
0.003170420281333622,-0.0006327100632652254,1.1947985816909046e-5,1.1960451141349242e-5
-0.0039631978259813214,0.0019448113420670295,1.5999871715836695e-5,1.6016563008459695e-5
-0.0006699061928963124,0.001244010582416644,-3.3665656777132344e-5,-3.370077519756285e-5
-0.0020187743466492693,0.002216457224171608,2.740249833423223e-6,2.7431078875655456e-6
-0.0007062092041599081,0.003379108739197635,-4.595711302027864e-5,-4.600504308206943e-5
-0.0011335132865492486,0.007022059595927592,-4.791913030938711e-5,-4.796910255875345e-5
0.0005889516383031432,-0.0006910253845827122,-1.2626973352947934e-5,-1.2640138135484075e-5
-0.0006932673017590607,0.0008686569097582877,4.0305864386878944e-8,4.034788248144465e-8
0.0020026392022378307,-0.007410413325510159,-5.592479911729271e-5,-5.598309537656815e-5
-0.00046301312651667433,0.000147579668811634,1.4521057724030736e-5,1.4536188938956937e-5
-0.001289793882168396,0.0010385779192194793,8.607826232503541e-6,8.616795067349234e-6
-0.0002654784429939814,0.0007028298139316458,-2.1505206296328783e-5,-2.1527611980594092e-5
-0.0008404186380891494,0.0022368057654959727,-3.4101171155184065e-5,-3.413669625646711e-5
0.0006219598149121612,-0.0009569352122112598,-5.392216225296366e-5,-5.397832726831461e-5
-0.00983153885654202,0.003984296399742183,1.531603222677822e-5,1.5331981725123452e-5
-0.0009654900655814795,0.0026857165949457137,-3.6521251489859745e-5,-3.6559281530646506e-5
0.0008424515963134426,-0.0012133849569896198,-5.487889579129413e-5,-5.493603257413304e-5
0.0014951770827604548,-0.0005179457625520797,-7.314584557263409e-7,-7.322198306663818e-7
-0.0013238443920369873,0.0005996922708660465,-2.2247425817715804e-5,-2.22705807108669e-5
-0.0006903949806927512,0.0001708755711486935,-6.520818713707407e-6,-6.5276044354678155e-6
0.002364492762441556,-0.0004460185755421956,1.5123174146962466e-5,1.5138909742847262e-5
0.00031704065934036696,-0.00018179603983301128,-1.9954825671612908e-5,-1.99755870266382e-5
0.0014246440606751935,-0.0005291691564585115,-1.5710147410726163e-7,-1.57264902112511e-7
-0.007915272575785873,0.0038595114629306464,1.4296206111481533e-5,1.4311076464053573e-5
-0.0011140591816658644,0.003286341129828775,-4.04806519998104e-5,-4.052275638411952e-5
0.0004922408235396075,-0.0006104388343003997,-2.8550034901285977e-6,-2.857972484764969e-6
0.0006439997150357885,-0.0016568781984897104,-6.269901990100225e-5,-6.276421706218292e-5
-0.015285402789414733,0.005803523416339775,5.42528369108404e-6,5.430923463500574e-6
0.000797506688042278,-0.004852617138673975,-5.049259994124859e-5,-5.0545087035394304e-5
-0.0010039719103344823,0.0005533053964007117,-3.128441725304098e-5,-3.131692609562184e-5
-0.029595725877718113,0.004525595109869121,1.1076809677986387e-5,1.1088317770650128e-5
-0.0005427289734104339,0.0015260726284937994,-2.0153695358066376e-5,-2.017463305543316e-5
-0.00047598284939343223,0.0016270512363315076,-5.529290934083619e-5,-5.535034741503387e-5
-0.00042529356580687583,0.0002890490936906406,-3.44198405152864e-5,-3.445558641472546e-5
-0.00018073867309570046,6.404349885023447e-5,-7.127683378670495e-6,-7.135084315192338e-6
0.0010800063783889407,-0.0002553296919845552,1.4817627392372472e-5,1.483301120204766e-5
0.0008720723876056023,-0.0005746191170310817,-1.6204776187495092e-5,-1.6221598881878584e-5
-0.006449899863726273,0.0033480640085918555,1.4180631809484484e-5,1.4195351244323588e-5
-0.0012064415385694392,0.0032927872445960077,-4.2681028589008595e-5,-4.2725329085294295e-5
0.0006114600916130642,-0.0006728320110197625,-1.2660298010326285e-5,-1.2673436244162534e-5
-0.0011109096963007935,0.0012588214991183834,2.147013130376916e-6,2.1492409397492054e-6
-0.0007063414533521644,0.0025788289456668318,-5.281255213919223e-5,-5.286734864992223e-5
0.0001805101101559638,-0.0001519107032761508,-3.32043899210907e-5,-3.323883304142841e-5
-0.007959811511620746,0.0028351977886560986,1.8435872248011587e-5,1.845499263176463e-5
-0.000399299074606806,0.0007320601083090234,-2.7427771651997895e-5,-2.7456216332052687e-5
-0.00039495802050195354,0.000550838081104455,-2.5227566878706143e-6,-2.5253726176573434e-6
-0.0005731261627985794,0.002090774128474933,-2.5435948681200033e-5,-2.5462322193502565e-5
0.0022530536716441982,-0.008114850647739673,-5.5756941005263856e-5,-5.581474665220798e-5
-0.0038380274360264393,0.0011550248808617474,1.8624999125589015e-5,1.8644301307366765e-5
-0.0013305018959310548,0.0014515732714524877,2.8662661982762e-6,2.8692364900813774e-6
-0.00042854348946987184,0.0016570300130657617,-2.8742371704490226e-5,-2.8772155382706547e-5
-0.0009972931163921119,0.0026821834158660797,-3.672239979409697e-5,-3.676044756041652e-5
0.0015305594969421278,-0.002049165098461221,-5.687646508003168e-5,-5.693538463289223e-5
-0.017077033551359668,0.0032774347366353327,1.920143685116784e-5,1.9221322424864315e-5
-0.0002109913450026116,0.00032221217390203497,-4.542521939823427e-5,-4.5472261069080485e-5
0.000189865186753678,-0.00012891677407825958,5.301959572024647e-6,5.307449157228561e-6
0.0005801878040529458,-0.0007004306795086846,-2.550658154752897e-6,-2.553298850747298e-6
0.0018730232209376678,-0.004549881675751848,-6.015878958588018e-5,-6.022106696471411e-5
0.00010836857263378955,-2.5090638533349176e-5,1.6589399263627456e-5,1.6606566899947937e-5
0.00036344726703057563,-0.00026062251673048713,3.664750789985677e-6,3.668543009601771e-6
0.0008215137829463299,-0.0010127075164804479,-8.468506116730649e-6,-8.477268411858522e-6
0.0003615728946923996,-0.0005951311272419293,-1.533290098390483e-5,-1.5348764248015065e-5
-0.0004126316069318113,0.0007537116747785661,-5.273065670919043e-5,-5.2785205541407784e-5
0.0009491416964367993,-0.0005388106271035714,-6.177758225615531e-6,-6.184147604586496e-6
-7.795763996646587e-5,5.911347482373299e-5,-3.546949746489784e-5,-3.550617788276909e-5
-0.016949092112268267,0.0021603610597185807,2.206772324331936e-5,2.2090539376583914e-5
0.0006357402760743754,-0.0006764833634448136,-1.2279773867732925e-5,-1.2292469478916416e-5
0.0005667698022353852,-0.0006340544569022124,-1.90082257895393e-5,-1.902787546277903e-5
-0.0007861399912260261,0.0007153207633481643,6.054299439466285e-6,6.06055724258698e-6
0.00016936961041133478,-0.0005043153931549312,-6.039307711137499e-5,-6.045549613878592e-5
0.0005246811239940471,-0.0002483744362337431,6.049902053624745e-6,6.056153160329935e-6
0.0005209014569824164,-0.00043802192802029253,-2.8341886280042576e-5,-2.8371168133062933e-5
-0.012426643390738597,0.005721866183289261,7.741674522291575e-6,7.749671711739707e-6
-0.00041537070199480796,0.002424861114345504,-7.02240314692337e-5,-7.029657059642408e-5
0.0008298070248436982,-0.006544083334431054,-5.266416253840617e-5,-5.271855983854418e-5
0.0009305818650491337,-0.00047830005223558795,-8.782550461099355e-6,-8.791618685833512e-6
-0.007369321537874999,0.003718770028416028,1.370015252572839e-5,1.3714296647104463e-5
-0.0010578922438251568,0.003053421074599597,-4.836968861947404e-5,-4.841962337609764e-5
-0.0016832090065132623,0.0015214337396010265,6.328654980659187e-6,6.335187044773186e-6
-0.000811736801015567,0.0026730018940910516,-3.485042914600481e-5,-3.4886397552578684e-5
0.0012227874693966413,-0.002055004161294302,-5.977793993844332e-5,-5.983962574436555e-5
0.002085324918026397,-0.00045625730915989637,3.436328910088646e-7,3.439873860217065e-7
-0.00027179608762745644,8.42848786649414e-5,1.401416422814745e-5,1.4028619874534621e-5
-0.0009953745432191433,0.0007840861654805492,8.199709753298044e-6,8.208167139169694e-6
-0.00021283766174400704,0.0005133784878619593,-2.289331182851118e-5,-2.2916923019925112e-5
-0.0008831590944305731,0.0020218422316760033,-1.5184738905295623e-5,-1.5200397963835529e-5
-0.0008509775210382397,0.003919754129794355,-3.785972984028855e-5,-3.789876907145477e-5
0.0002515653267426681,-0.0004185514077631315,-1.2488717873873144e-5,-1.2501593367538282e-5
-0.0009182161736174052,0.002317927105511172,-3.4532107820333845e-5,-3.456770606412663e-5
0.001171608351166479,-0.0016447692831018722,-5.558884160712175e-5,-5.5646137768738436e-5
0.0005580894942356998,-0.000151635016905924,-6.003747500492454e-6,-6.009934117432664e-6
-0.00044784682123348536,0.0001471058820282447,-9.558690955433281e-6,-9.568539649394125e-6
-0.01877539517424175,0.0045519141917495275,-1.2810126513259761e-6,-1.2823323621463104e-6
0.0007252295619733171,-0.0048247564790889,-5.128578611101282e-5,-5.1338619745056816e-5
-0.002052030715417157,0.0012544970677062666,1.2126588836964138e-5,1.2139077273199035e-5
-1.7120130030326813e-5,3.716558908807277e-5,-2.0397063339481275e-5,-2.0418067712399117e-5
-0.0008667857001335842,0.0016773016818543874,-4.417523025535817e-5,-4.422071559091373e-5
5.532311309707713e-5,-5.479003900108861e-5,-3.4896190225661164e-5,-3.493211464274597e-5
0.0013378555554677191,-0.0004425791345053366,-2.9977259553706747e-6,-3.0008114701671624e-6
0.0003313381118111543,-0.0001297222917136666,8.742019626613462e-6,8.751016682353681e-6
-0.00018698280486819863,0.00014113003486432838,7.67442037336704e-6,7.682318016536696e-6
0.0010163332635407544,-0.0020070040751366926,-6.110759108157259e-5,-6.117047167766031e-5
0.0014433173590169637,-0.0003783439355157769,1.2072139916797463e-5,1.2084558573617057e-5
0.0005571115026200059,-0.0003505350601635065,2.8458502295435884e-6,2.848777534883418e-6
0.000837335631564628,-0.000837091049413998,-8.338907672849675e-7,-8.347484478771818e-7
-0.00039591274911780403,0.0006709007758700179,-3.0317677643338074e-5,-3.0348857588482946e-5
0.0005647958988071237,-0.0006518853284425085,-2.2353519549478215e-5,-2.2376505474979775e-5
0.0004637498103469065,-0.0003905048599879256,4.265042541753858e-6,4.269427656457667e-6
-0.000422200234691045,0.0007268825801893204,-3.05844370913091e-5,-3.0615880123277864e-5
0.0007597929684519735,-0.0008492476970260762,-1.7262124359396975e-6,-1.7279868489368965e-6
-0.00103197774458891,0.002189127505374023,-4.403962136898866e-5,-4.408488700745748e-5
-0.00010907002942921392,8.799580553142295e-5,-4.281203897050051e-5,-4.285603466398369e-5
0.002663766854633508,-0.0006272165223467234,9.788313158989526e-6,9.798369999866283e-6
0.0007770867353327617,-0.00040228117158329406,1.2653492502712698e-6,1.2666492046447698e-6
0.0007480057328371363,-0.0005607427761062072,-4.035366636913942e-6,-4.039511961151977e-6
0.0008137545381104001,-0.0007887546642254317,-3.165342150691087e-5,-3.168593410340603e-5
0.0009536315916980495,-0.00047893286603555095,-8.01545865669067e-6,-8.02369036364547e-6
-0.010277467426962816,0.00522730010070695,9.494276277789015e-6,9.504025574972965e-6
-0.0005093129193884621,0.0023474561082080145,-3.146531715497902e-5,-3.149762634309389e-5
-0.000913302425744896,0.00269260970298844,-2.3890370568199698e-5,-2.3914898294133985e-5
0.003760447357537283,-0.021813685565641665,-1.992552541217016e-5,-1.9945980920980977e-5
0.002737414619633361,-0.0004908586836008725,2.390596758902013e-6,2.3930497208949354e-6
-0.009818929822200353,0.0028928594920627497,1.8670747980357535e-5,1.8689903932101473e-5
-0.00033747311613743666,0.0005722241532214711,-2.7138556553083598e-5,-2.7166399004541505e-5
0.00043378337684233086,-0.0005525846217701322,-1.570191934393488e-5,-1.571802632084393e-5
0.0005772027038381398,-0.0007144969084933214,-1.2898259715242748e-5,-1.2911489171460561e-5
0.0002206541650396007,-0.0003166410991721017,-2.35317103447472e-5,-2.3555843650473822e-5
0.0006326924739211201,-0.0006519920929534083,-1.4083586794013123e-5,-1.4098028502893614e-5
0.0006690827629539925,-0.0006647218136718526,-1.2608415942856999e-5,-1.2621343448504035e-5
0.0006595101900208785,-0.0006626218092211746,-1.511183141492207e-5,-1.5127323908920586e-5
0.0008194281982960492,-0.000766422867349168,-2.7845209049266184e-5,-2.7873752233310624e-5
-0.004009582154215511,0.0021817613706722615,1.359662515184662e-5,1.3610560496221791e-5
-0.0001977906062106633,0.00045496769465974566,-2.2833389422916297e-5,-2.2856790334729972e-5
0.0014493757599326172,-0.003032562939885049,-6.0898732412721196e-5,-6.096113745555936e-5
-0.0027913963994872903,0.000661215723492466,1.8282482969679975e-5,1.8301211685191873e-5
-0.002220709718307115,0.001980079848898178,6.058004582929526e-6,6.0642100555216936e-6
-0.0007221205462306691,0.002619396007850166,-3.397392628804596e-5,-3.400872526159532e-5
1.711564433644937e-5,-3.4024626615747996e-5,-2.02703303137793e-5,-2.0291089650621805e-5
2.627700437609651e-5,-5.1621837039543024e-5,-2.026266535988128e-5,-2.028341445263197e-5
-7.592577411008539e-5,8.752546328431496e-5,-4.85363134364696e-5,-4.858600912536998e-5
0.0007138263553930714,-0.0004143768005662429,1.1691133237695258e-7,1.1703101262091814e-7
0.0007949672769972683,-0.0006560881840161886,-1.117192458862826e-5,-1.1183359972762582e-5
0.0006489083565984682,-0.0005338320768979966,-1.8352879366912974e-7,-1.837166291094849e-7
0.00044356421914847717,-0.0005808320337446108,-1.5173396723605292e-5,-1.518892474581449e-5
0.0002533992590334396,-0.0003531281191990839,-2.299621212627983e-5,-2.3019743126456896e-5
0.000715507676114627,-0.0007159767644432958,-4.947994119008131e-5,-4.9530565107261694e-5
-0.0203284329290235,0.0037951858103968837,1.544121344724995e-5,1.545700781302148e-5
-0.0010500028243921836,0.0022117269681170043,-4.2986052110943536e-5,-4.3030019605871004e-5
0.0003665882510287787,-0.0003372745713461439,-3.338004143104769e-5,-3.341417737631843e-5
-0.011120378942686884,0.004688886494058026,1.2170444540759227e-5,1.2182888528654945e-5
0.0025173342845006687,-0.00856863349460897,-5.1771746813451625e-5,-5.182467998209922e-5
-0.003773936085437638,0.0008661824997952124,1.8875075002284827e-5,1.88943659605299e-5
0.0005459176153414114,-0.0005331150420302617,-3.553228124992065e-5,-3.55685942156385e-5
6.455121856640183e-5,-2.740924814619844e-5,8.358143913504835e-6,8.366684243991629e-6
-0.00314355312147821,0.002647325591852648,6.6852684623173616e-6,6.692098883713635e-6
0.0010590225836535994,-0.004129500144441971,-5.662587493116203e-5,-5.668372719167076e-5
-0.0022250620193916743,0.0010160467817087765,1.4471230191068383e-5,1.4486010128342546e-5
0.00025671629702732904,-0.00039801706531871595,-3.563562427626801e-5,-3.567201772663089e-5
-0.003550797738969747,0.002593263992613651,9.076457525690537e-6,9.085725497704388e-6
-0.0007643242531799469,0.002528705231905354,-2.3985092298302642e-5,-2.400958215108519e-5
-0.0005333753357882128,0.0022887840850060173,-5.0444814518793836e-5,-5.0496316022569535e-5
0.0006362889494333098,-0.0005003531743818871,-2.3748291517553736e-5,-2.3772530849079025e-5
-0.0014317086272685753,0.0007218320852975756,-2.6465861938112726e-5,-2.6492871167405585e-5
0.003557698007951043,-0.0007183587571646094,7.184680752908197e-6,7.192011713072183e-6
-0.000764417573310334,0.0003261663186994848,-1.7277531323699082e-5,-1.7295159092860616e-5
-0.010964995427986589,0.0028514808507538046,1.8457264281472584e-5,1.847609304687071e-5
-0.00018608671028608754,0.00035093947976958103,-1.0154651440835469e-5,-1.0165009994409395e-5
-0.0009375060029388933,0.0030626103673471227,-5.003869928169266e-5,-5.0089738606559236e-5
0.0003765556528702386,-0.0003372580372976548,-3.2180021934288e-5,-3.221283810886674e-5
-0.0012135983255642975,0.0005150203556061884,1.2688509386090874e-5,1.2701446627063394e-5
0.00015277278277201403,-0.00015540389647077498,1.1427678089942428e-6,1.1439328939387028e-6
0.003098399093516904,-0.008369791622863451,-4.967957953991885e-5,-4.973022574300667e-5
0.001516974835020974,-0.00025099586415655903,1.5727991358123844e-5,1.5744019058771153e-5
-0.006525201825138131,0.003877251322082305,1.0489115287619433e-5,1.0499803548339769e-5
0.0024343771824073906,-0.008660541084610908,-5.253532723746564e-5,-5.2588857478998714e-5
0.0020395738225114104,-0.0005372945590001708,-1.0333489748434813e-7,-1.0344014934805655e-7
0.0013455443937615886,-0.0004874665327980451,5.063986751655274e-6,5.069144166795891e-6
-0.004758505133717909,0.0028982237220507284,1.1301873742332274e-5,1.1313383089003065e-5
-0.00022192299480625668,0.000603762125300215,-5.688151854669408e-5,-5.693944125970083e-5
-0.0001654458376405017,9.09627743931039e-5,-2.2762875513316816e-5,-2.2786049009508042e-5
-0.012299421432346516,0.003916878341257232,1.525006975020399e-5,1.5265592611723782e-5
-0.0008156835569156994,0.0020939065857908386,-2.3242116090941207e-5,-2.3265772946556188e-5
0.0022805981701949645,-0.01614610991085711,-3.917134927052964e-5,-3.9211217038880535e-5
0.0007059170652783873,-0.00021724737159131805,-6.513636398825388e-6,-6.5202629864369575e-6
-0.0009706504164109941,0.00033032712391611445,-1.2984663881493097e-5,-1.2997872195344764e-5
-0.004885815976147725,0.0011024006270379054,1.9112609516903806e-5,1.9132048740308263e-5
0.000621964444731486,-0.0006160814951363287,1.1604565384893469e-6,1.1616367567095476e-6
2.9820712437816297e-5,-9.218166979699832e-5,-5.879714705582558e-5,-5.885694094962556e-5
-0.0010450966684349258,0.00045683154381543354,-1.9579395451238873e-5,-1.959930166900323e-5
-0.013669549894750981,0.0032344646832291714,1.740068952701704e-5,1.7418378059070467e-5
-0.00026311147910605063,0.00048533353385743467,-2.4203541143603037e-5,-2.4228143992984243e-5
0.0003271998157359472,-0.0005070322414698844,-1.6506945634939674e-5,-1.652372280572385e-5
0.0001087307962520819,-0.00015353478841543478,-9.693772006919241e-6,-9.703623389861125e-6
0.0005323892208684441,-0.0015993501735985466,-5.956910090460883e-5,-5.962963353076747e-5
-0.012788204132815026,0.0052562070775433655,9.613724193869472e-6,9.623490500938683e-6
-0.0007605006017862823,0.0032279487271803945,-3.1254413632866385e-5,-3.128616288932448e-5
0.0013320792741979845,-0.006149149252926148,-5.119854582269316e-5,-5.1250549755183216e-5
-0.0004964059905441458,0.00020940400604135798,1.0547950832322675e-5,1.0558660971839217e-5
0.0008241873761697815,-0.0007764005438907595,-5.6863633849527076e-6,-5.692136737149323e-6
0.000714610506420662,-0.0009038091636405758,-5.10456752734491e-5,-5.1097496736178404e-5
-0.005717764783635538,0.0017865787966463657,1.799244860743799e-5,1.8010710426891555e-5
0.0014466515852095433,-0.001953012136998704,-5.562970300626941e-5,-5.5686162378969844e-5
0.002749606303057418,-0.0005194088740808901,1.3392302702952746e-5,1.3405890961992417e-5
-0.0009483098650220185,0.0005324440188447205,-2.755774276272204e-5,-2.7585701677210392e-5
-0.017947706249202108,0.00451591502657851,-1.7210261094604802e-6,-1.7227719041987146e-6
-3.724138887052022e-5,0.00019011492864832278,-5.016723932348682e-5,-5.021812717110425e-5
-0.0007298872704241971,0.000491212440109718,-3.506840718410874e-5,-3.510396817253934e-5
0.00042037461263239636,-7.751381107806352e-5,-4.661142691948678e-6,-4.665868427142858e-6
-0.015057231467080217,0.003619168285322443,1.581052422659957e-5,1.582655205226475e-5
-0.0009063514259069967,0.0019025324063312048,-4.8197785274153964e-5,-4.82466434926105e-5
0.0008193705660374682,-0.0005898008910529478,-7.196880465839209e-6,-7.204174500301129e-6
-0.003164449825719907,0.0025535891985420237,6.982473378447627e-6,6.989549351404066e-6
0.0005925440768036619,-0.002201567594749981,-5.6924623682818504e-5,-5.698230748608584e-5
0.0011094617823559439,-0.0005116458587679547,-1.776772181369009e-6,-1.7785720946489837e-6
0.0009210246131546566,-0.0005514773042653789,-7.492968970157307e-6,-7.500558760104688e-6
-0.001219969376113211,0.0007796458832144364,9.964492640529954e-6,9.974584776384594e-6
-0.0007015373674833788,0.0012528312223914419,-4.5654988229105786e-5,-4.570122500789868e-5
-0.006714098321418096,0.004594665157252467,2.216284905564944e-6,2.2185290072473615e-6
-0.0013586959216401336,0.010851288388145738,-5.468039517041068e-5,-5.4735759826369416e-5
-0.0006980707505253483,0.0019343745482606257,-3.0791692325833426e-5,-3.082286487580714e-5
-0.0005212307564450378,0.0008817737036401689,-4.0233018043545315e-5,-4.027374299685705e-5
-0.004904219144845117,0.0039055298776936435,5.3191759774842405e-6,5.3245592657246856e-6
0.0035126464573854927,-0.017887688970095596,-2.8476687009312408e-5,-2.8505505592177956e-5
-0.008408523317216513,0.0016144614626139098,1.9788214076291424e-5,1.9808230546098546e-5
0.0005618349507477744,-0.0006336664391081514,-1.3863583953983756e-5,-1.3877606718516035e-5
0.0008896422726125073,-0.0009986753299922177,-3.855277566663725e-6,-3.859176670981158e-6
0.00011838325404313837,-0.0002173276938776389,-1.773285744902337e-5,-1.775079036730135e-5
-0.0004858008374427135,0.001074927818674598,-2.7026222136485474e-5,-2.7053550438594522e-5
0.00032061453885563935,-0.0005545830373647449,-5.716451856612575e-5,-5.7222314543858355e-5
-1.706662926082013e-7,8.507717050632539e-7,1.1367135712212628e-5,1.1378625559205624e-5
0.0007818439317889797,-0.0006248366623748064,-2.331102067282282e-6,-2.3334581544337827e-6
0.0004973928089159169,-0.000590823839295398,-4.533941614054071e-5,-4.538523719036099e-5
-0.0013846090770538693,0.0005201821017726072,1.3468180393855455e-5,1.3481788958831441e-5
0.0005047807827800914,-0.0005067801901808158,1.051322724600553e-6,1.0523849309713918e-6
-0.0007270928175586603,0.0017604281313776762,-1.684508711056902e-5,-1.686210534435506e-5
-0.0007896061320310076,0.0034417054757896505,-3.3613210916976895e-5,-3.364716677830054e-5
0.0006647838442824037,-0.0033223255611234417,-5.050598856369626e-5,-5.055700451703191e-5
0.0008437698354343837,-0.0004445053239428897,-1.0947175223830083e-5,-1.0958229352672753e-5
-0.007044019743338574,0.0034325175492612766,1.2667383156292527e-5,1.2680172787470488e-5
-0.0012907536638256509,0.0036166168997454713,-4.450433997218877e-5,-4.4549271685041194e-5
0.0006467548512884098,-0.0006462032991031562,-1.3987058103002515e-5,-1.4001176758834242e-5
0.0006748816856522394,-0.0006531662799128434,-1.3125184682336415e-5,-1.3138431823844445e-5
0.0009256106439236108,-0.0008760430178668644,-3.917994808741365e-6,-3.921948756698117e-6
0.0002777385703864618,-0.0003956124437349455,-1.7717866810915773e-5,-1.7735745613377913e-5
0.00023901206133188936,-0.00034958933139430846,-4.1400978383447464e-5,-4.144275058707181e-5
-0.0022383398162801786,0.00122228120322496,1.220138874542225e-5,1.2213697338830731e-5
0.00020537434438976503,-0.00034564285680890525,-1.3451301715186925e-5,-1.346487036215686e-5
-0.0008531897100338848,0.002187147785199998,-5.2120304820974725e-5,-5.2172875001307265e-5
-0.006187410415014278,0.004207095007152501,7.28260687829016e-6,7.289950702309809e-6
-0.001035583847455321,0.004683781257500255,-4.588277731105196e-5,-4.5929043705641117e-5
0.0006775679480231304,-0.0006876796106938838,-1.960517969116001e-5,-1.96249441730511e-5
-0.00037372159910833047,0.00029283969611340935,-4.009328640021525e-5,-4.0133700301131494e-5
0.0014528989398219585,-0.0003333322565205067,1.3285824641129903e-5,1.3299214042268797e-5
-0.0006358603832002345,0.00040834467578476066,-3.1274333491795044e-5,-3.1305849351233143e-5
0.0005807548801324298,-0.00015552418483469444,1.2977589436189385e-5,1.2990665034445062e-5
0.0007076092292831254,-0.0005086439474221433,1.0900615887737877e-7,1.091159804635291e-7
0.0005356843487448364,-0.0006116121529618735,-2.1675235573336332e-5,-2.1697070931087835e-5
0.000839608899072225,-0.000728475300445939,-2.03225167109265e-5,-2.0342986686376577e-5
0.0007734037554610047,-0.0004982911961447149,-3.346159237993995e-6,-3.349529232949636e-6
-0.00497489395902476,0.00409858385389937,2.8153807818038095e-6,2.818215933921736e-6
-0.0008009148748754299,0.005022191050444009,-4.873511083686285e-5,-4.8784186095532965e-5
0.0007559600934905858,-0.000663119153158135,-1.3640252617244954e-5,-1.365398431865307e-5
0.0006100302595701194,-0.0005144432779146625,-2.4602616540297253e-5,-2.4627381206418523e-5
-0.0007016352928953499,0.00036882214205538925,9.636683542746922e-6,9.646382323131511e-6
0.0007390212447345652,-0.0009122882137698117,-1.0620483484806947e-5,-1.0631171617758611e-5
-0.00011185895468606863,0.00013962110475024164,-3.1872532298798195e-5,-3.1904604644236316e-5
-0.0011930346150097171,0.0010762760579802032,4.922213538639842e-6,4.927165869010956e-6
-0.0005030855665918245,0.0015063453858217939,-5.575649301094432e-5,-5.581258728416805e-5
-0.0010131338509045183,0.0006193124051537392,-3.348973970417018e-5,-3.3523423825336925e-5
-0.012530881718036681,0.00217038169665294,1.9352287991666227e-5,1.937174888433139e-5
-0.00098856524449484,0.0012693816000792447,-2.2565965260104994e-6,-2.258865678860578e-6
-0.0008455568466140381,0.0036222577484117733,-3.57454798541191e-5,-3.578142204233761e-5
-0.0008907971569625297,0.0016446321113078148,-1.079630288343995e-5,-1.0807156785374695e-5
-0.0007611056177355857,0.0037463262677954,-3.4780413068861765e-5,-3.481537662657785e-5
-0.0008805076292672311,0.003628608576865658,-4.827152584576549e-5,-4.832004626758874e-5
0.0008339700506653896,-0.0007275572302879698,-2.0652924527906754e-5,-2.067367890784428e-5
-0.0008741561880103902,0.0005619736784079483,-3.4903643097366776e-5,-3.4938713570521434e-5
-0.015833490438176334,0.002810705825607433,1.7954560316283393e-5,1.7972597189163463e-5
0.00039173025566071576,-0.0006077967912356908,-1.577041850703599e-5,-1.5786260542063728e-5
0.0003064446178509948,-0.0005149653317847444,-1.3626791670738682e-5,-1.3640478905159297e-5
-0.00024029605429871549,0.0006093680316184106,-2.2176995673819725e-5,-2.219926897150233e-5
-0.00030265696651830424,0.000784836144796653,-2.0453407976539473e-5,-2.0473947941940545e-5
-0.0009144701850160997,0.0026354133986443247,-3.361751842306394e-5,-3.3651274746713255e-5
-0.00025223443155488064,0.00036253052153590443,-4.1711330787503286e-5,-4.175320808611531e-5
3.2553204262019074e-5,-2.31471223757648e-5,6.0891655828172555e-6,6.09527789623832e-6
0.00044038593008763723,-0.0006619024529329268,-5.077689178366849e-5,-5.0827857826474106e-5
0.0012515788669602362,-0.0005071611045980497,1.3239104085375616e-6,1.3252389684137112e-6
0.00027649309513174937,-0.00016629285490152808,3.39260617711802e-6,3.3960103762432176e-6
0.0007930349623022546,-0.0008043460716061562,-6.601935402304585e-7,-6.60855932424074e-7
0.0008463470714839378,-0.0017154223130622867,-5.928088235662712e-5,-5.934035604894871e-5
-0.019099249565774024,0.0051364168374967096,3.7194830507401864e-6,3.723213529569895e-6
-0.0008109223307581116,0.004012670792236693,-3.70184416860266e-5,-3.705556842202763e-5
-0.0007656658900413137,0.003656785531378197,-3.414377463173446e-5,-3.417801481181007e-5
0.0024347656657468736,-0.010510570273322997,-4.469641484625406e-5,-4.474123271023691e-5
0.0012406695209277712,-0.0003379068777428913,1.1079824326885165e-5,1.1090929868525873e-5
0.00013454490186005013,-9.657112922504007e-5,-2.5239849003843733e-5,-2.5265145510268778e-5
-0.0017320021716779304,0.000657942323903352,1.3607328713382093e-5,1.3620964575862048e-5
0.0008699972055121118,-0.0009414684886090526,-2.6460512678031747e-6,-2.6487026884099755e-6
-0.0010206336718515832,0.002118774457151703,-1.4908507404072531e-5,-1.492344495542995e-5
-0.0007773114941634266,0.004482942711325727,-3.769198983425434e-5,-3.7729752751750524e-5
-0.0009939005734603704,0.0023684955175629642,-4.97155778933425e-5,-4.976537936417601e-5
0.00043603823825917826,-0.0003131954358844239,2.119706178054388e-6,2.1218291021447796e-6
0.0009798910228675083,-0.0012103859386872623,-5.330822632794288e-5,-5.336161095877066e-5
0.0036592412761135592,-0.000734901535832527,8.691093376357262e-6,8.699794690381398e-6
0.0009624485683516744,-0.0004507143980179494,6.382117321782346e-7,6.388506432041133e-7
0.000870832088911275,-0.0005985290207577546,-1.3940854121375596e-5,-1.39548089273894e-5
0.0001639768667214872,-0.00010354240350991251,-2.2619359293324118e-5,-2.2641998571073315e-5
-0.0006214497675242686,0.00023944509092760263,-1.3916708042486677e-5,-1.3930635015260863e-5
-0.007514637680878066,0.001989287113694798,1.7902912940891778e-5,1.792082673365601e-5
-0.0013876298847257224,0.001956968172762697,-5.929239087327869e-6,-5.935171622852764e-6
0.001030213779481266,-0.006124373769286942,-4.6660371816540715e-5,-4.670705556183126e-5
-0.0013880092414722035,0.0006720746736163346,-2.7431544651497936e-5,-2.7458980280925824e-5
0.002324415926253416,-0.000293625671955854,2.90170725523847e-6,2.90460886450813e-6
-0.015232377007423243,0.003969498784578751,1.3080967044839968e-5,1.3094046379090207e-5
-0.0006710454127868683,0.001759997269296943,-1.8784327395267958e-5,-1.8803108651768537e-5
-0.0012258179411616622,0.004867743278412393,-4.060851705246917e-5,-4.0649115339304076e-5
0.00042889563520067336,-0.0005925465772899123,-3.151745978462809e-5,-3.1548963314731874e-5
0.0006956989367144365,-0.000535991933522144,-2.071623028790781e-5,-2.0736934248139228e-5
-0.0012671787375377864,0.0006923342182426111,-2.786272291462769e-5,-2.7890565426436695e-5
-0.020887221596737813,0.004714979068297904,1.5367629068863983e-6,1.538298302026406e-6
-0.0007864369152309321,0.003806970005220941,-3.5605347680672124e-5,-3.564092030804163e-5
3.3870076301248854e-5,-5.114593595345998e-5,-1.7815453187622874e-5,-1.7833249386085032e-5
-0.0007212445440177615,0.0017614381318617795,-3.0064773705796302e-5,-3.0094802989197745e-5
-0.0002666466367468789,0.0004013179673357641,-2.872063885530186e-5,-2.8749321656224932e-5
0.0007071118208375106,-0.00077075948241808,-3.546165638640952e-5,-3.549706638155361e-5
-0.004009592693673162,0.001993010790268011,1.2924352970044572e-5,1.2937256366577796e-5
-0.0010395204022656628,0.002109345274997346,-4.380151295790251e-5,-4.384524106467017e-5
0.0007765487680808635,-0.0006262784345870867,-9.602548274068767e-6,-9.612132974920694e-6
0.0007998968385111563,-0.0006935967903859009,-5.306297836118129e-6,-5.31159369841462e-6
0.00050497767483991,-0.0005959512418913811,-4.752135194015543e-5,-4.756877524185421e-5
-0.004857222273504158,0.001551539812645902,1.653191548818814e-5,1.6548409852432152e-5
0.0004023359355257357,-0.0005106986772834648,-4.7772096407998685e-6,-4.781975728113841e-6
-0.0006035496948919319,0.001683437610519928,-2.9074309631527974e-5,-2.910331407080661e-5
7.196178989262226e-5,-0.00013228532286795947,-1.9050098734092488e-5,-1.9069100548968355e-5
0.0006309801673208337,-0.0013232075230248037,-5.915717353790733e-5,-5.921617453990563e-5
0.0008267687095492209,-0.0002325198913344746,-5.905686655241298e-6,-5.911575058356574e-6
-0.00730966732448268,0.0022723399007857797,1.6849745555951632e-5,1.686654413716271e-5
0.0005322136316751346,-0.0008271458412770332,-1.264719602667746e-5,-1.2659804170945926e-5
-0.00029231822953486054,0.0006819610515550332,-1.702987057174965e-5,-1.7046846287064246e-5
-0.0007270203179406658,0.0023177587595649887,-3.163193348685064e-5,-3.166346194331714e-5
-0.0008181614433105301,0.0015197232114467205,-3.5806131331467974e-5,-3.584181528464236e-5
-1.9298585275926848e-5,2.5555636852248415e-5,2.0933719108845062e-6,2.0954578126522873e-6
-0.0009533420149961423,0.0026099653223943266,-5.1089187818503505e-5,-5.114009137931833e-5
0.0007198985911486836,-0.0005128904362121297,-1.0016511943330257e-6,-1.0026489838260205e-6
-0.0007438740312727235,0.0007987821071075981,1.1495713564654739e-6,1.1507163918256647e-6
-0.000976806971837637,0.0032177262540896813,-4.955973275087843e-5,-4.960909386129416e-5
0.0008012139022147821,-0.0006694315929287037,-1.575762735378948e-5,-1.577331832356197e-5
0.0008475008225029919,-0.0006189265935422627,-1.624547064373698e-5,-1.6261645444046404e-5
-0.006051219019446725,0.0036214392111919287,9.033150287685071e-6,9.042143032347692e-6
-0.0012698444108339005,0.00443721500579756,-4.16169618296533e-5,-4.16583907191655e-5
0.0003984431787821738,-0.0005156894044005492,-4.5670321222017615e-5,-4.571577672637176e-5
-0.008292019073471185,0.0033461305405145065,1.2941454470768073e-5,1.2954332539904384e-5
-0.0003257747192959299,0.0008623660338224763,-2.4089771563527898e-5,-2.411374227453709e-5
-0.0005661095214786335,0.0013396307389799498,-2.7673355280009704e-5,-2.7700888713075285e-5
-6.442422188429953e-5,0.00010398095204630348,-2.1467503571383373e-5,-2.1488859786436862e-5
5.308251652039054e-5,-0.00012179911172103884,-4.805456512507377e-5,-4.8102364996347234e-5
-0.000618564229339624,0.0003160837252236392,8.944627926854786e-6,8.953523384465139e-6
0.0006203702790931454,-0.0007324007896643477,-5.165705711744935e-5,-5.170842642903972e-5
0.002110897047246375,-0.0004581539745047733,-1.1129021777114119e-6,-1.1140086142092751e-6
-0.015577640386114427,0.004779163280864347,-1.090429207196044e-6,-1.0915131931671217e-6
0.0034521927592114534,-0.024084005021445632,-6.50450463240887e-6,-6.510970521280726e-6
0.003488467565382275,-0.0005664448370032868,1.1777140146671966e-5,1.1788841347287766e-5
-0.0003739760523007957,0.00019126677512276322,-2.0444438547684054e-5,-2.04647496987938e-5
-0.016377181477630662,0.005069771163789574,7.67207030346188e-6,7.679691286042842e-6
-0.0010297784995911476,0.003935015971740419,-4.7986001388244464e-5,-4.803366621500769e-5
0.0006377491309675402,-0.0005611309652044443,1.8110701607516038e-6,1.8128686989118498e-6
-0.0005191535533740897,0.0009508144985738474,-2.8352961801880905e-5,-2.8381116463846635e-5
-0.0007940442815427868,0.0010394434947916139,-3.1436132151806688e-6,-3.146734421588124e-6
0.0021091137685565918,-0.008792220492320799,-4.8852107576162224e-5,-4.890060848748241e-5
0.001967883949775076,-0.000622875928088481,3.909194301824868e-6,3.9130739730397676e-6
-0.0018944690798469838,0.0010176518279539626,1.1104532110962633e-5,1.1115551802636408e-5
-9.508306320934883e-5,0.0001171135028724151,-4.805043418202153e-5,-4.80981145111009e-5
-0.0013398274598353688,0.0007335298496857784,-2.8134612721611796e-5,-2.816252511944599e-5
-0.014151580718048146,0.00314587616439427,-6.622537650803078e-6,-6.6291067958168345e-6
0.0003383491080432267,-0.0026363268827234157,-5.039489402208098e-5,-5.044488139142384e-5
-0.0089125012562767,0.005005544449784931,2.034158311941014e-6,2.0361753365323314e-6
-0.0015345797352639007,0.011270063403110113,-5.011084919445506e-5,-5.0160536264863774e-5
0.0009752088944899079,-0.0011789076302707604,-7.166777435947555e-6,-7.173881974052956e-6
0.00014573489450394147,-0.00026092708085507604,-1.6513380675478613e-5,-1.6529749223897015e-5
-0.0012875828008597065,0.003097957030893229,-4.379660746779047e-5,-4.384001576877694e-5
-0.003772718022253689,0.0033914597773571946,2.2599158854506326e-6,2.2621553513331474e-6
-0.0011744473079987796,0.006317643435768214,-4.0872596778925266e-5,-4.091309762232008e-5
0.001252212584256849,-0.0018812746618238755,-5.59192822797518e-5,-5.597468225789093e-5
0.003305061323280506,-0.000677034726686165,9.970893185764192e-6,9.980768743156227e-6
-0.0031028875110574354,0.0016238249088994508,1.1837750925682989e-5,1.184947460032178e-5
-0.00016696754634029583,0.0003648263134422726,-1.4900259458807281e-5,-1.4915015294756744e-5
-0.00046012056023404455,0.0014940623997359618,-2.488414914457907e-5,-2.4908789963878253e-5
-0.0012514621767254269,0.0036790521040074397,-3.847647307661329e-5,-3.8514569030268445e-5
0.0003597981390327859,-0.0004938602109866402,-2.936741666480988e-5,-2.9396488817034516e-5
-0.00047612014804022517,0.0003751173571638161,-3.9921305291110235e-5,-3.9960819534767804e-5
-0.0036837697846112175,0.0008043119485700546,1.701011998233806e-5,1.7026953310735544e-5
0.0008006691975532152,-0.0007570065643168351,-7.318505430923773e-6,-7.325747451166e-6
0.0007604391375627233,-0.0009148277610581191,-1.063123349993398e-5,-1.0641752598562414e-5
0.00021236586626663484,-0.0003275995801821656,-1.8243153948948527e-5,-1.826120291061059e-5
0.00018528250590295705,-0.0003082850116799974,-4.840148831349753e-5,-4.844936925613619e-5
-0.0007802629664905856,0.00036443524834667496,-1.973384060074367e-5,-1.9753358286943346e-5
-0.00982686023878137,0.0026655875341547028,1.6103005530263796e-5,1.6118929912488057e-5
0.00013461416587957786,-0.00025370735457783605,-5.6389406451235616e-5,-5.6445167787570356e-5
-0.013336422830815776,0.004627291270347002,1.0171411739152668e-5,1.0181467391662414e-5
-0.00047614304498340545,0.0015994057509159526,-2.5410693370389342e-5,-2.543581391203628e-5
-0.0007146783770293752,0.002128047976554939,-3.0612901944585734e-5,-3.064316185925345e-5
0.0003681259866222501,-0.0007067042672550021,-5.7966874398112605e-5,-5.802416507680761e-5
-0.014104795809920214,0.004477275678480346,-2.4458742372428268e-6,-2.4482909405075803e-6
-0.0004956388213464347,0.0037798350330012576,-5.114710416597065e-5,-5.119763987401643e-5
-0.00014254636133185887,9.295372647841715e-5,-3.0255495121609132e-5,-3.028537991627323e-5
0.0013881584114678132,-0.00047503154858619746,6.257897569549201e-6,6.264077815628463e-6
0.0008593985029535205,-0.000568105789952785,-1.3096220986384809e-5,-1.3109153630661533e-5
-0.00013257181474619475,7.849641701160743e-5,6.23373769507859e-6,6.239892853007701e-6
0.0006923859400786538,-0.000865636872416952,-5.434107951971345e-6,-5.439473154445889e-6
0.00309949693418025,-0.0075439887874487925,-4.6700328931549225e-5,-4.674643349717132e-5
-0.012690399872624956,0.0017748426976041676,1.8591946923131536e-5,1.8610294709185956e-5
0.0007231805919827192,-0.0007676324094155173,-1.0628151482202765e-5,-1.0638639554465784e-5
0.0003522579602168561,-0.000460200985043115,-4.53684336469438e-5,-4.541319955447844e-5
-0.0019579822651345376,0.0008070580318269614,-2.2377968248475913e-5,-2.24000447470978e-5
0.0037173946419932925,-0.0005695348895700955,3.7732321277779997e-6,3.7769539317826515e-6
0.0006665460717072627,-0.00020869150810748905,9.779711380166975e-6,9.789356956952414e-6
0.0005627990798434026,-0.00041339873841405266,-2.9737494386723665e-7,-2.9766821822001754e-7
0.0007303503871743928,-0.0008647767945294243,-4.964201334010621e-5,-4.9690966527800876e-5
-0.017526469946868177,0.004653552377941156,-8.7349570015211e-7,-8.743568814887143e-7
-0.0010313177136795973,0.006385730910671169,-5.7766654672912705e-5,-5.7823605395614626e-5
-0.0011251944084687499,0.006127096595602579,-3.93122041512191e-5,-3.9350957900539984e-5
-0.0002639870478814217,0.0003966546235815966,-3.739916597198301e-5,-3.743602707420389e-5
-0.0003108506618191247,0.0002515991818314627,-4.108475389086913e-5,-4.112524100865604e-5
-0.001687136641522776,0.0002870388302957237,1.6378574494544294e-5,1.6394711347122685e-5
0.00032748822760449446,-0.0002484828107148368,4.047712770345559e-6,4.0517005076953445e-6
1.4674802180662017e-5,-3.2312573260134544e-5,-2.0489088070320835e-5,-2.050927209998412e-5
-0.00022166344419081047,0.000315873281914118,-3.2178146104376735e-5,-3.220984156240555e-5
0.0007816603896530047,-0.0007140814360520097,-7.467063990565172e-6,-7.474417960082348e-6
0.0008810858487019025,-0.000996454556677542,-4.0926965406014336e-6,-4.096726853568215e-6
-0.00011748523287694726,0.00027778237657748606,-1.7399369618985e-5,-1.74165024179132e-5
-0.0008723139795006132,0.0024515302548874154,-5.173260837667823e-5,-5.1783543646074666e-5
-0.005238769238303621,0.0034960702646115605,6.977043746021344e-6,6.98391168160163e-6
-0.0012474846399305277,0.00487822494481338,-4.03068096692195e-5,-4.034648432632408e-5
0.00039477953696564593,-0.0005518550719517489,-4.905146757509454e-5,-4.9099740872852744e-5
-0.014064735187124092,0.005269361176697151,2.523982612288481e-6,2.526466037128996e-6
0.0012328528214696375,-0.007327566248395523,-4.41413514924504e-5,-4.4184782174246544e-5
-0.0012675516690906522,0.0005455195666532438,1.1129203382267768e-5,1.114014947205753e-5
0.0019032948064877234,-0.002168064415071291,-4.8750173952640364e-5,-4.8798118753207276e-5
-0.009672540713699409,0.0012800253992691331,1.825767873269721e-5,1.8275629856787695e-5
-0.001489720299589401,0.0013555975915237723,3.4911314651389545e-6,3.4945638047054035e-6
-0.0013214697838331475,0.00450149042286872,-4.527772498280256e-5,-4.532223771197901e-5
0.0006015679517049659,-0.0006207067824796899,-1.895514851214669e-5,-1.8973779661795512e-5
0.00012263127252283516,-0.00011785978223001944,-3.238621388002018e-5,-3.2418042624260194e-5
-0.004752222351494095,0.0018821801989057378,1.402930036356518e-5,1.4043085977532737e-5
0.00014266112233789205,-0.0002642806170241641,-5.616374830235222e-5,-5.6218933564787876e-5
0.0014695908954090939,-0.0004909565577120292,6.3568573768173e-6,6.36310194656887e-6
-0.0004445212082977542,0.00029787672056339067,-3.555727184680968e-5,-3.5592198174710455e-5
0.0024605541429470828,-0.0003148642601743623,1.5303512508775308e-6,1.5318541356333569e-6
-0.01755197083918587,0.004399801064327775,8.605479075074868e-6,8.61392933001156e-6
0.0005291468138626178,-0.0016776620861595989,-5.729126609751918e-5,-5.734752202579603e-5
-0.0008058806678526763,0.0003210859042653185,1.053415415635202e-5,1.0544494867014592e-5
-0.0030623299342206088,0.0030655029090137973,-8.845523035670097e-7,-8.854205506404906e-7
-0.00032120185359452635,0.0019743613889354364,-4.7501726687738844e-5,-4.7548350700918975e-5
0.0008325356664281153,-0.0005702022689809504,-7.5129613678161044e-6,-7.5203333082606e-6
0.0008066889965586922,-0.0006389594519512653,-1.79024784482117e-5,-1.7920043072524386e-5
-0.0011249502004728662,0.0007064384902659103,-3.2487905153881734e-5,-3.251977600480271e-5
-0.008697368111492151,0.0018789969140599334,1.7208718590729227e-5,1.7225597491889795e-5
0.00026387794362055727,-0.00037112067175233855,-4.5000264155551046e-5,-4.5044399790668227e-5
0.0011412844955254785,-0.0004995079052674081,-1.2969863485502703e-7,-1.2982581725730572e-7
-0.006594651752422931,0.004179979979541908,6.083895751705661e-6,6.0898610639362245e-6
-0.0011769222565152996,0.005271844374519324,-4.446096319076395e-5,-4.4504555696367156e-5
0.0007057583917744022,-0.0006973581654600854,-4.3376243528440786e-7,-4.3418762934591976e-7
-0.00012822304735594039,0.00029377081483956865,-2.1246756105568512e-5,-2.126758165274808e-5
0.001692012036590005,-0.0038124215907365862,-5.544540320169573e-5,-5.54997436459814e-5
-0.01588009623840073,0.0033632307465829444,1.3514070873781034e-5,1.3527311307646027e-5
-0.000960676668242042,0.0019509203083079717,-4.72385382440424e-5,-4.728481848699025e-5
0.00020850485794045512,-0.00015029692497210676,-2.432610151528791e-5,-2.4349929480513085e-5
-0.0006248987020807353,0.00025599034861039884,9.769850298145571e-6,9.779418736252557e-6
0.0006453194780914395,-0.0006579138709904746,-2.8778233406933946e-5,-2.880641633060651e-5
0.00017061855888544306,-9.868305522180866e-5,3.862197713481566e-6,3.865979467448832e-6
0.0006596662144569692,-0.0007064908699532113,-1.1936300424105917e-5,-1.1947987162020055e-5
-0.0017137055111001998,0.002043729406101333,-5.497074349692696e-6,-5.50245593278382e-6
0.0025730586854896625,-0.019313367159542762,-2.432406113334442e-5,-2.4347873082944503e-5
-0.002145932923677407,0.0005009755612183731,1.5299653704972285e-5,1.531462433459498e-5
0.0003605211265557446,-0.00031780512248529404,2.27034230924354e-6,2.272563692598531e-6
-0.0011395013927988189,0.0025253092412065824,-3.585847079222249e-5,-3.5893553621379666e-5
0.0003147332206741478,-0.000384713412914166,-3.854905611830564e-5,-3.858676548835874e-5
0.0009748066927079733,-0.0004689598827151835,-6.366108375654522e-7,-6.372334754045191e-7
0.0007802343405984991,-0.0005468280879228417,-1.726831853746204e-5,-1.7285206271756296e-5
0.0006686972534635914,-0.00037179133072193894,-1.4314523259057757e-5,-1.4328520568096875e-5
-0.0004791321244636508,0.00022302014476771007,8.282145167400785e-6,8.290242806573105e-6
-0.002022656595877726,0.002141846783382721,-3.1888034190655096e-7,-3.191920953813148e-7
0.0008151045930041405,-0.004057612517984422,-4.915528495031562e-5,-4.920333916978622e-5
0.001039726992939962,-0.0005167113238010331,-2.684455271640735e-6,-2.6870787588196707e-6
-0.0002944638122905996,0.0001866551117253741,-2.759651487377229e-5,-2.7623482027714723e-5
-0.0138749944818818,0.00463768502460061,8.144902581476691e-6,8.152860529265906e-6
0.0002136142460175433,-0.0008117332092669786,-5.39809930240877e-5,-5.4033733065013845e-5
-0.008164470968914901,0.0042561298201294956,7.746416936955716e-6,7.753983160425139e-6
-0.0005783756879941942,0.0022894251306327094,-3.0118932963685195e-5,-3.0148350076806692e-5
-0.0010702955724106766,0.0025773955712789657,-4.916629241212886e-5,-4.921430664837802e-5
-0.0038500967366445105,0.0026815445049188902,6.747563188413137e-6,6.754151278098963e-6
-0.0005263972489566117,0.00183982460654878,-2.83024542744422e-5,-2.8330086460729816e-5
0.0014437502610322372,-0.0035496452757382622,-5.539557289316513e-5,-5.544964977324101e-5
0.0027846924754481197,-0.0006315712455956839,2.88784265397701e-7,2.890660829689162e-7
-0.00162266284102552,0.0005871482454039388,-1.735207046733259e-5,-1.7369002339142564e-5
0.004116426028533725,-0.0007716904639776984,5.12190915176177e-6,5.12690632627379e-6
-0.007381541186427779,0.0029257990030494923,1.2642466660241986e-5,1.2654800220562061e-5
-0.0007221429311425802,0.0017552013497980266,-2.31102338583731e-5,-2.3132778376839242e-5
-0.0012740890094144618,0.009374318784826112,-4.9400680689897644e-5,-4.9448869261147585e-5
0.0008726269308545982,-0.0008339110763774572,-4.098989424403209e-6,-4.102986811961599e-6
7.299199971776871e-6,-4.877160619508219e-5,-3.606182842976357e-5,-3.6096993360689686e-5
0.0007665943870746767,-0.0005748815229324315,-4.739642425556552e-6,-4.74426345857139e-6
0.00040857909944607844,-0.00039802664625950826,2.815621122472483e-7,2.818366023745943e-7
-0.0007007965420551257,0.001707633879774366,-5.304393966474473e-5,-5.309564779083096e-5
0.0008023078383874942,-0.00046033690483184524,-2.100735930211572e-6,-2.1027832930418344e-6
0.0007817179831672021,-0.0006315440654788557,-1.490931451673374e-5,-1.4923843676842446e-5
0.00010990615505819187,-7.941970726790519e-5,4.8938799205677855e-6,4.898648465149469e-6
0.0004926580622096503,-0.0008540264550477705,-5.6393036262750995e-5,-5.644798123453093e-5
-0.0044281359385302185,0.001162988540258422,1.5716162506753696e-5,1.5731471011497226e-5
0.0002918399924410972,-0.0003534352106843667,-4.328902644871536e-5,-4.3331190258338844e-5
-0.002973923969485477,0.00113112755185795,1.3229803074199966e-5,1.3242686576422603e-5
0.0003613293081725415,-0.0005122915094811349,-3.706977814074154e-5,-3.7105875439645965e-5
0.0008829818758854392,-0.0005494939838480429,-7.522376040243287e-6,-7.52969988641646e-6
0.0001948401930295327,-0.00014629200148478998,-2.5121833300702023e-5,-2.5146289590304152e-5
0.0009431548576910298,-0.00038697037548138014,-8.003945995088875e-6,-8.01173679039762e-6
0.0007795664015375935,-0.0003342319133865448,4.493549816516449e-6,4.49792322674e-6
0.0006213424154387374,-0.0004977497986838678,-2.1366669761266513e-5,-2.138746345921171e-5
-0.00862900910619748,0.004813652802236044,8.855229125018139e-7,8.863845773635102e-7
1.881262067780797e-6,-5.2724599235381414e-5,-4.818690683956596e-5,-4.8233793894994026e-5
-0.00011949809635834467,7.26632838254662e-5,5.80036657736412e-6,5.806008680106575e-6
0.00043311285957485437,-0.0005970008868354615,-1.568772451493168e-5,-1.5702983090825454e-5
-0.0011699205570742486,0.0017500807890771625,-9.299752410381456e-6,-9.308796815123206e-6
-0.0011430210234992832,0.007507565615087161,-4.234094387531192e-5,-4.23821201005836e-5
-0.00115552477718677,0.0024219624505612217,-4.416249797782611e-5,-4.420543866911468e-5
-0.0006590661205229546,0.0005082868010977151,-3.856726430216007e-5,-3.860475769055318e-5
-0.01005297128052231,0.0022391737272499726,1.6086214964570583e-5,1.6101850276655596e-5
-0.0007884291059632828,0.0011952505075734832,-7.325167149447128e-6,-7.332286661513817e-6
-0.0008383674527747771,0.003824074973924389,-4.677096778094915e-5,-4.681642284479042e-5
-0.0036161957613752593,0.002873467454382868,4.181478796163558e-6,4.185541606124512e-6
-0.0010630856213783007,0.004405875370127165,-3.6132346948354715e-5,-3.6167452182773966e-5
-0.00015853361806189854,0.00021667860796602032,-4.0096866658927305e-5,-4.0135817208504664e-5
0.00012078775276351685,-9.570483072525962e-5,-2.6092182211281975e-5,-2.6117524177812173e-5
-0.000668341736077733,0.00026951145146711386,9.66705555642851e-6,9.676443308611864e-6
0.0002926353609995299,-0.0003136972841021711,-3.704505944221938e-5,-3.708103165181192e-5
-0.006061722306304724,0.002544108898104672,1.2100474681799988e-5,1.2112222744495419e-5
-0.0003206017877786674,0.0006880379749678617,-5.540423906730686e-5,-5.545802716863631e-5
-0.0009352041535888388,0.00042762108844918585,-1.964787899620183e-5,-1.9666949124999112e-5
-0.01751483143128427,0.004668690406572129,-9.489422077374465e-8,-9.498631169913103e-8
-0.0007607572195830284,0.004196669313058233,-3.5913846851655613e-5,-3.59486988473844e-5
-0.0010494963642891531,0.0032377516094587006,-3.409788013708426e-5,-3.413096560801409e-5
0.0017413213979850831,-0.0027551889079687037,-5.361095338610233e-5,-5.366296482491702e-5
-0.016828688161658816,0.002879806467029057,1.4607695621748294e-5,1.4621863322647433e-5
-0.0004396484143496234,0.0007097464725638417,-3.091580882613392e-5,-3.094579223733499e-5
-0.0027708650936551188,0.0028398887841291293,-1.524426771634688e-6,-1.52590501359114e-6
-0.0009945573931649943,0.005946361476017987,-4.59986499955272e-5,-4.604325300195903e-5
-0.0002458215864075248,0.00019476264276533837,-3.650736701180118e-5,-3.654275743523472e-5
-0.015511173917776698,0.005117816490295846,1.9176134771472255e-6,1.9194721021619974e-6
0.0014957588716253494,-0.008105106919494447,-4.368531366049754e-5,-4.37276538453774e-5
-0.0016355246974114248,0.0006333468646440295,-1.8868547858686792e-5,-1.8886828800223088e-5
-0.008598047938576967,0.0016632214612053492,1.6610684434816476e-5,1.6626775527883326e-5
0.00020536883456915485,-0.00027917268657852857,-3.9077509608093373e-5,-3.9115362920454384e-5
0.0005702461214563223,-0.00029097601311385676,-1.3741856701683179e-5,-1.3755165805192494e-5
0.0011133234412019492,-0.0004808034029008169,9.610505822995768e-7,9.619812582220489e-7
0.00023999721352651725,-0.00016147849530724482,3.536693482933378e-6,3.5401180917305793e-6
-0.001080923951811951,0.0015059339134302768,-6.262955070006049e-6,-6.269019082175791e-6
-0.00028836534104852363,0.0014368271232501832,-4.802803999768354e-5,-4.8074539813979216e-5
-0.0006330872485571361,0.00041365284107443376,-2.9995519295538038e-5,-3.002455218109284e-5
-0.0008191187154128587,0.0002578877366229652,-1.1626186394796731e-5,-1.1637437686455314e-5
-0.008274189716769577,0.0018819229028709523,1.6035279235527517e-5,1.6050795564972482e-5
0.0008546911936475391,-0.0011449453707115787,-9.947419448733774e-6,-9.957044475389163e-6
-8.962924318430691e-5,0.00019200327730090668,-2.123232008929546e-5,-2.125286251389566e-5
-0.0009114581661765668,0.0019786533577780046,-1.807063942303442e-5,-1.8088121042825967e-5
-0.001390739907598622,0.008707257211625212,-4.2793428097650226e-5,-4.283482409886099e-5
0.0008973050360919257,-0.0013383371608653178,-5.44781408526741e-5,-5.453082969722489e-5
-0.019063118649288797,0.004171948799882485,6.884333759434703e-6,6.890990224923569e-6
-0.0005576496385784889,0.0017971784081161932,-2.3963829961145038e-5,-2.398699984569557e-5
-0.0008222949993228973,0.002913002511965471,-2.731942251539874e-5,-2.734583413052225e-5
-0.0010536420690584333,0.005128626705309092,-3.647823921917287e-5,-3.651350223340047e-5
0.00023084644237991654,-0.00040387065973290884,-1.776275750831297e-5,-1.777992563630716e-5
-0.0007810408341180054,0.0015705148299616043,-2.9537137481781793e-5,-2.9565682988435006e-5
0.0005070436091403004,-0.0006607427496940679,-6.687097646196474e-6,-6.693559379363901e-6
-0.00039516579668055063,0.0011313517787994226,-2.3548317736122862e-5,-2.3571070767153763e-5
-0.00024553089614455373,0.0006546538528996806,-5.547497838128511e-5,-5.552857413218471e-5
-0.010214944521819242,0.004839984730432113,6.282489882876825e-7,6.288557982018462e-7
0.002578645939997905,-0.01823514866996414,-2.4130038170694406e-5,-2.41533440089446e-5
-0.003560508518372015,0.0008264496903309435,1.52759629107642e-5,1.5290710448218228e-5
0.0009463285588633757,-0.0009429845150045759,-3.2104673234347098e-6,-3.2135665599142437e-6
-0.00018471204039560083,0.0003693512821860836,-1.287525679959296e-5,-1.2887684993150954e-5
0.0037742788594438384,-0.013010755299334471,-3.0170522020804236e-5,-3.0199642693716697e-5
0.004319439206715849,-0.000544611681402864,4.774618820146161e-6,4.779225312207155e-6
-0.0020129015421086246,0.0006414986349326313,1.326697167613968e-5,1.3279770456184216e-5
0.0006639863745239123,-0.0007250116633432361,-1.218985930806866e-5,-1.2201618270952998e-5
0.0002868856087559302,-0.00036760618161601707,-2.0104203487586803e-5,-2.0123595064642537e-5
-0.002664096725103058,0.002773576668334598,-2.960225573029746e-6,-2.963080530754867e-6
-0.0010758010697334533,0.007530422222497032,-8.193603787421472e-5,-8.201505671191277e-5
-0.0013137314699865265,0.008850572486899976,-4.324998493005822e-5,-4.32916928767502e-5
0.002318020596857319,-0.004282836423685765,-5.02928803375059e-5,-5.034137161120962e-5
-0.026165344449264903,0.0037301485816780113,7.186633874537646e-6,7.193560785974511e-6
-0.0007984212336877371,0.0020028270872918864,-5.216581546617313e-5,-5.221609445625055e-5
0.0007269648931491459,-0.0004269006794677892,-7.541786632478695e-7,-7.549053980928394e-7
-0.0007384565609055959,0.0006615318123490751,2.6410499766179404e-6,2.64359469917595e-6
0.00214317960170562,-0.006210562934395082,-4.816511369037173e-5,-4.8211519336396454e-5
0.00011886526877999802,-3.713025545036064e-6,-5.7960485602769315e-6,-5.801630861556087e-6
0.0017737575087972397,-0.0003652321548353586,-3.088955312352837e-6,-3.091930036236302e-6
0.0002592302652272287,-7.20558757778443e-5,1.1182267662430732e-5,1.1193035341035785e-5
0.0007486865059971151,-0.0006032392783601852,-1.9752919709383226e-5,-1.977193898976036e-5
0.0008983233435238124,-0.0005425627988432281,-7.374949580168168e-6,-7.382049731056543e-6
-0.0008135231274270599,0.0005597648078862571,6.125201408623195e-6,6.131097778636022e-6
-0.00019397053791182732,0.0003950417651763199,-2.261824885074478e-5,-2.26400207635714e-5
-0.0009009864198701553,0.0016545355149575434,-4.5309853827126924e-5,-4.535346343963696e-5
-0.0013421456068716591,0.0008762497459240463,7.087307482292507e-6,7.094127571068241e-6
-0.0003848897972723046,0.0007821217905357544,-5.4380527245415124e-5,-5.443285432875796e-5
-0.011121573091908973,0.004986206703772052,3.6713598181669433e-6,3.6748917174823858e-6
-0.0012164886363444957,0.006359107615101866,-4.3718470032266375e-5,-4.376052637041598e-5
0.0007960936442100098,-0.0008305325346232477,-2.4345822449577943e-6,-2.436923740695986e-6
-0.0013212404299017212,0.0029620322871294594,-4.3066029261230914e-5,-4.310744568683652e-5
-1.3261650544527245e-6,-1.5141501364612664e-5,-3.2536261513442217e-5,-3.2567545896845294e-5
-0.001595557905671564,0.0006403765117033569,-1.9322608852682598e-5,-1.934118507814249e-5
0.0016910520764409486,-0.0003456746317085354,1.1684518370742003e-5,1.1695749957439275e-5
-0.005567264549072754,0.0036498595624645277,5.1307943411097075e-6,5.135725921457716e-6
-0.00040732155315021334,0.00168075757791833,-4.8848065846954026e-5,-4.889501525115808e-5
-0.0004669726496466887,0.0002913636907171069,-2.7007771333543973e-5,-2.703372238467507e-5
-0.0021699648133735425,0.0007223158130046779,-1.7661410809358593e-5,-1.767837867520983e-5
-0.005483471079063444,0.0008271655740360561,1.6138949009305226e-5,1.61544519797848e-5
0.0005113994942319114,-0.0004639382425808931,-2.377522411190209e-5,-2.3798061242105945e-5
8.629221186717297e-5,-5.565795509974337e-5,-2.1374254246016e-5,-2.139478242397568e-5
-0.007633851702128999,0.002899616776034734,1.173773626400208e-5,1.1749007868814633e-5
-0.0005747232136661611,0.0013777934879378854,-1.7851121714818907e-5,-1.7868263160829698e-5
-0.00132496905445052,0.005194890824093609,-3.7932386963253164e-5,-3.796880836758597e-5
-5.188397211545455e-6,-1.744513075842146e-5,-2.586378429170233e-5,-2.5888613508686162e-5
0.0005645168305858056,-0.0005877577409234778,-2.8443750957998194e-5,-2.847105340959e-5
-0.007944398205692337,0.004709617666586373,2.4773285138429883e-6,2.479706103474536e-6
-0.0010117099022162286,0.006163733076577579,-4.557988816004464e-5,-4.562363137087951e-5
-0.0011795598598532556,0.004896028375277399,-4.529404404767271e-5,-4.5337508433631036e-5
0.0005792518525545124,-0.0005325397080347288,-2.7665804176552325e-5,-2.7692346390448624e-5
-0.0017901734877938367,0.0009381763697573288,-2.827981076036215e-5,-2.8306938194821253e-5
0.0028334633784101795,-0.0005003150355006704,1.1190398408644345e-5,1.1201131008664158e-5
-0.00396329255504878,0.002315680382826096,8.091283350020189e-6,8.099043102970842e-6
-0.0004195899187736722,0.001193739641221447,-2.2689810298116832e-5,-2.2711569348011208e-5
-0.00021289493260823048,0.000612567297775449,-5.516952929677587e-5,-5.522243036703613e-5
0.0009581422727515895,-0.0004574675270896571,-8.698545816077487e-6,-8.706884489496907e-6
-0.005543499849804647,0.002777264166352802,9.18444494020656e-6,9.193248478376507e-6
-0.0013897343354430216,0.003795905255511695,-4.587662971404166e-5,-4.592060167852113e-5
0.0007611205918569492,-0.0006368848736857944,-8.268043824603588e-6,-8.275967044393867e-6
0.0003398867060045109,-0.0003333382499725544,-6.317571391686112e-7,-6.323624893231515e-7
-0.0013284101719884256,0.0035073552032242545,-3.577925246664017e-5,-3.58135339543534e-5
0.0009738446708284034,-0.001247704743184958,-5.121155416011044e-5,-5.126061441231968e-5
-0.021432976107722004,0.003928951189818745,4.89184956786013e-6,4.896534712749254e-6
-0.0007909371854518748,0.002576641342699063,-2.461402518216417e-5,-2.4637598423908715e-5
-0.000598809353582162,0.002894450267963562,-5.16800857728765e-5,-5.1729576278159075e-5
-0.001276254432691693,0.009064573545783374,-4.735658426424092e-5,-4.740193155376976e-5
0.0007052919930034024,-0.0006709798983378087,-1.1156671553632352e-5,-1.116735215449164e-5
0.0006557734031334004,-0.0007001372502439074,-1.2382548768846971e-5,-1.2394401734610286e-5
0.00017426613547217397,-0.0002360658302015795,-3.951303335550782e-5,-3.95508526429094e-5
-0.0010569945080312478,0.0005103260102671948,-2.1646382675809436e-5,-2.1667097644568003e-5
-0.01560503535079266,0.004085353085641021,-3.5527058160587072e-6,-3.556105174568365e-6
-0.0011245738030633981,0.0074744135844621576,-6.803230415470982e-5,-6.809739823153311e-5
-0.0012558581024202313,0.007363384052817567,-4.364071474016797e-5,-4.368246780534247e-5
0.0005987616571481035,-0.0006146755538557167,-1.380714906096369e-5,-1.3820355875619865e-5
0.000994974079071909,-0.0010355711333087068,-7.347218753343262e-6,-7.354245770117227e-6
-6.826957327722885e-5,8.62129951683574e-5,-2.2559984341001872e-5,-2.2581559234627485e-5
0.0006301014891984389,-0.0007955834781082782,-4.9545487294217084e-5,-4.959286374758353e-5
0.0024393807396676133,-0.0006456416581593231,6.44931214788438e-6,6.455477741666557e-6
-0.0026815812766673797,0.0015510060432477426,8.390587391476966e-6,8.39860824406262e-6
0.0022084295258387324,-0.004979487263084809,-4.9861271227512735e-5,-4.990893279004573e-5
-0.0038345486176787043,0.0006440373741241278,1.5402284058748148e-5,1.5417001849877078e-5
0.00016185032050955109,-0.0001357173035212488,-4.2090096448493355e-5,-4.213031385937236e-5
-0.024162570657409278,0.0036924579408109774,-4.779518713023051e-7,-4.784084548743717e-7
-0.0005974366821046451,0.0023401694933740448,-2.932713251886712e-5,-2.9355147734609393e-5
-0.0008320063210140392,0.0022363325433626072,-2.120045482732939e-5,-2.122070434944612e-5
0.0011805522844662002,-0.0058357082675696,-4.541939259420688e-5,-4.546277140166574e-5
-0.0008928236916331005,0.00035257925364459773,9.605103353399581e-6,9.61427379212611e-6
0.000270383389014744,-0.0002824473777620553,-4.714958381279803e-5,-4.719459670287065e-5
-0.01822620510085612,0.003486927617688635,9.247150744136652e-6,9.255976818435687e-6
-0.0007501696410905515,0.0019024279340062293,-2.4180829616704428e-5,-2.4203908559890817e-5
-0.0013422861235322947,0.009664614673443518,-6.602408590244907e-5,-6.60870975655778e-5
-0.0008759000453482798,0.004568419892498482,-4.718709810652338e-5,-4.7232128609534546e-5
-0.0009428751741645876,0.005454763379894482,-4.1935740224430075e-5,-4.1975756158232326e-5
-0.00029908269240234986,0.001170143986890275,-4.9620907670940026e-5,-4.966825196004378e-5
-0.00043376571272192756,0.00027184707741166017,6.418987601506039e-6,6.425110474814298e-6
-0.00042428753320078704,0.0007090765687032301,-4.6662038363010375e-5,-4.6706545038024414e-5
-0.0006839643415590145,0.00039324779868697224,7.234399702350148e-6,7.241298626061183e-6
0.000377322966347333,-0.000597511211794901,-1.6750015867166434e-5,-1.676598812675721e-5
-0.0006721683052765325,0.001180588542198969,-4.8726390641458425e-5,-4.877284993667615e-5
0.00043978852250096885,-0.0002349450087603127,-1.5633998863239636e-5,-1.5648902473661784e-5
-0.0069267681848541734,0.002939181390466148,9.841175093318253e-6,9.850555387006433e-6
-0.0015170739805891462,0.003941857883900012,-4.140195782575297e-5,-4.1441419127498575e-5
2.8435199599421197e-5,-4.397037508940914e-5,-4.2124514396816685e-5,-4.2164657366933794e-5
-0.00902526228723799,0.0026876070143296267,1.2850651429841809e-5,1.2862895263422173e-5
-0.0010831326528084793,0.002046015017563696,-4.2125873369524224e-5,-4.2166008260565764e-5
-0.00023125573684573846,0.00018035596042798274,-3.831724881251162e-5,-3.8353748739387734e-5
0.005062617807346074,-0.0007039350421001786,5.286851235563149e-6,5.291886269110671e-6
0.001721876578452737,-0.0006176602883634531,-3.569505596572607e-7,-3.572904818468195e-7
-0.005780627663622079,0.003130783820291341,7.624078240722661e-6,7.631337967539585e-6
-0.0005438154321244084,0.0017563989902470453,-2.437837349754334e-5,-2.4401585798996932e-5
-0.0012371509602355356,0.004022493435304107,-4.7100908104074224e-5,-4.714575148782146e-5
0.0007130124038912673,-0.0006037607093051415,-2.0108986738783893e-5,-2.012812787567633e-5
-0.0010809511919615195,0.0006809358795292211,-3.037372879047642e-5,-3.0402637058392883e-5
-0.006241195107528681,0.0016005689445230914,1.4490942715141185e-5,1.450473229110859e-5
8.967329314441595e-5,-9.678695209514852e-5,-6.25459188779671e-6,-6.260543458393167e-6
-0.0010063304706758231,0.00333348965561937,-4.897883978446438e-5,-4.902544262052422e-5
0.0005663820625426854,-0.0004296274335908832,-2.050170848094257e-5,-2.0521211248826614e-5
0.0006713227561430012,-0.00036414066475437345,-1.3637095585697123e-5,-1.3650066585674726e-5
0.0009631796989046763,-0.00045667286758880335,-8.772669263768914e-6,-8.781012483412944e-6
0.0009140570210456647,-0.0004577989433731957,-8.820681628345233e-7,-8.829069629025006e-7
0.0007679114218810047,-0.000587154322492263,-1.5329554332911244e-5,-1.5344130647138264e-5
0.00082921538785146,-0.0005635563365069554,-1.1349579229246904e-5,-1.1360369902269962e-5
0.0008247985397796977,-0.0005694860428545893,-1.0538766914991241e-5,-1.0548785635701583e-5
6.525640052936357e-8,-1.1266392167756826e-5,-2.678828358015924e-5,-2.6813747303057718e-5
-0.002779069042607075,0.001109304206638069,1.1398680612888834e-5,1.1409514135740968e-5
0.0007590055047338422,-0.001064817988153059,-1.2319058693621605e-5,-1.2330766289414527e-5
-0.0009725612924716587,0.0018949494033772606,-3.266422021934381e-5,-3.2695260393344634e-5
0.0004671587476557141,-0.0005520395192967994,-2.717277792376343e-5,-2.7198596025727897e-5
0.0001357186396603316,-0.00010917356362510268,-2.545764072509909e-5,-2.548182592422908e-5
-0.005827591678931461,0.002471449456250434,1.0395322686099588e-5,1.0405197053461386e-5
-0.0008042921353746615,0.0018536426354248867,-2.902939213579909e-5,-2.905696546820555e-5
-0.00045809759335219694,0.0006826614412181901,-3.939573709459625e-5,-3.9433152035507414e-5
0.0007423865896237442,-0.0005146644555232768,-1.6421837348882124e-5,-1.6437430934591622e-5
-0.0015802792651955135,0.0009053703092788633,-2.9565801540503535e-5,-2.959387286755223e-5
-0.019522317618300054,0.004093366985139056,3.1464871008420876e-6,3.1494740504409304e-6
-0.0014688262378110715,0.0052535693619158936,-4.043743310605943e-5,-4.047581907988571e-5
0.0010765360855743739,-0.001294081588596211,-4.916431475125389e-5,-4.921097652355824e-5
0.0016309387507463793,-0.00026290642300721967,1.2439757438658006e-5,1.2451560962407283e-5
-0.003615874168639881,0.0023308435091159117,6.133399816481252e-6,6.139219166289697e-6
-0.0008393297694626948,0.0026440430990731893,-2.7969047962105553e-5,-2.799558360455237e-5
0.0025732548508874977,-0.015492894104397036,-2.2577653986486484e-5,-2.2599073008287738e-5
0.001272760647188547,-0.0002640939512660057,-4.775879891246658e-6,-4.7804087039206426e-6
0.0028275126158715295,-0.0007454869495458346,5.49032236606383e-7,5.49552814466085e-7
-0.006167986289336994,0.0026538155348695544,9.816553552886192e-6,9.825860527618345e-6
-0.00048555493113079467,0.001211025621478393,-2.5912320635024714e-5,-2.5936886743429292e-5
0.00030790275355945104,-0.0006253710552821693,-5.536863634209825e-5,-5.54211223824741e-5
-0.014408458658227399,0.0040425122067516625,7.26853935752374e-6,7.275427599150386e-6
-0.0009189621804201734,0.002788311701330158,-5.03726871851189e-5,-5.042042265959875e-5
-0.002315320674170448,0.001544417809645236,5.9747500672702105e-6,5.980410731983781e-6
-0.0006290031352338995,0.0016920307563541661,-2.0445473322945276e-5,-2.0464842971096185e-5
0.004193305683075976,-0.016658510578198192,-2.159512797787888e-5,-2.1615585047930903e-5
-0.010091507837544826,0.0013323447803926698,1.5674480076084845e-5,1.5689321959693076e-5
0.0009429535840920749,-0.0009079089560389204,-2.653094860277592e-6,-2.6556069088155476e-6
-0.0009681938884366857,0.0017975474228506083,-4.548209392646722e-5,-4.5525154859943034e-5
-0.003993551372016327,0.0025415362621064946,5.888840249823001e-6,5.894414570389151e-6
-0.0015238771843226753,0.004855237579854045,-4.188539171756649e-5,-4.192503815991016e-5
0.0009991275553485745,-0.0010746439470167431,-6.244051897829585e-6,-6.2499611114760236e-6
0.00035599591636624006,-0.0006320157049504066,-5.4564754937288215e-5,-5.461638946090439e-5
-0.01328343012186605,0.003356843693557887,9.92802524737907e-6,9.937417614557539e-6
0.0004840354860842072,-0.0011572539338618275,-5.556671208441577e-5,-5.561927878398986e-5
0.0004879132092335852,-0.00013229058002543816,-8.351088540722895e-6,-8.358986490176187e-6
0.0005427751254023045,-0.00015954520966199372,9.321958056122663e-6,9.330773252132637e-6
-0.0007099123527120075,0.0005485544319799641,-3.607185646465257e-5,-3.6105965051274354e-5
-0.013849854167946112,0.0038192587576615046,7.917465320275107e-6,7.924950570219185e-6
-0.0016076871841166271,0.004598891384014143,-4.1275156704766405e-5,-4.131417726273808e-5
0.0008394159730673968,-0.0008779437722853115,-9.69950230564221e-6,-9.70867037751019e-6
0.0006814323894175198,-0.0009193338856987439,-1.3710103850916093e-5,-1.3723061587492512e-5
0.00013354759307812996,-0.00022606741689690541,-1.9322394517958218e-5,-1.9340654845958378e-5
0.000808822420472133,-0.0013667763585449967,-5.299926462339353e-5,-5.3049345569573404e-5
-0.01704867968301214,0.0034844627585561,-5.197093182350077e-6,-5.2020027255648405e-6
-0.0012552661096885765,0.007252684664690307,-3.888654100422835e-5,-3.892327507091027e-5
-0.0006821527906778564,0.001271301757445657,-1.3067726044092976e-5,-1.3080068331506413e-5
0.001000051624471719,-0.00477455981627702,-4.443404440900706e-5,-4.447600902705411e-5
-0.0009469211515118263,0.0003870373602180384,-1.6747693131510955e-5,-1.676350480085725e-5
-0.005388880720142385,0.001428372376972163,1.3786670067982938e-5,1.379968455520488e-5
-0.0012028381396953832,0.0015883992383144087,-8.729767910213006e-6,-8.738008310571417e-6
-0.0010294306959640566,0.007390904756384581,-4.814137042020608e-5,-4.818681102502147e-5
0.0004888083167484449,-0.00040836521178183057,-2.267515979643817e-5,-2.26965571112316e-5
-0.0007845464359152842,0.0004356326981438477,-2.4531868412108224e-5,-2.4555014828025283e-5
-0.0051014369898816645,0.001460649572603895,1.3383344753564521e-5,1.3395970453864412e-5
6.0259254657800625e-5,-0.00010419957573379078,-2.4696153753248616e-5,-2.4719450639824852e-5
-1.8038411938870113e-5,1.9278351080992532e-5,-4.4380382410613164e-5,-4.4422242998624975e-5
0.004694512662509506,-0.000840942924089289,4.537629164282222e-6,4.541908204863216e-6
-0.0026269578280815266,0.0010763402881839154,1.068111244304301e-5,1.0691184080764352e-5
-0.00011049850043532516,0.00012493105877297932,-3.2138755992527785e-5,-3.2169059154787964e-5
-0.0006158117006611088,0.0004963992734993453,-3.960362329723374e-5,-3.964095961278907e-5
-0.0012672682532751816,0.00025618858931857324,-9.142024017740838e-6,-9.15064091939475e-6
-0.0042571697966867945,0.0005958765450999041,1.466260718293926e-5,1.467642596040557e-5
0.0007424073887088099,-0.0006117490423304369,-1.0794289067597984e-5,-1.0804461616917914e-5
0.0008559406194381131,-0.0007698477001836839,-4.979826638466766e-6,-4.984519157766217e-6
0.000785977504911113,-0.0010856929269130898,-1.239386341758406e-5,-1.2405541243856707e-5
-0.0002665000835786921,0.0005119859739548959,-2.3330077483296325e-5,-2.335205777197645e-5
-0.0007608308568233288,0.0013504019510850633,-1.243040620851015e-5,-1.2442116135481366e-5
0.000865499347337179,-0.0044409052094353755,-4.481361424710215e-5,-4.485582783068734e-5
-0.004137019869629755,0.0017642792850436973,1.044628066418612e-5,1.0456117625334572e-5
5.998221386192266e-5,-0.00010789915550203447,-1.98626089509019e-5,-1.9881312058304258e-5
-1.1272072118212418e-5,4.44422274031736e-5,-1.9083472716276825e-5,-1.9101440379837535e-5
-0.0004358418203415738,0.0011646186762298862,-2.1072408825962806e-5,-2.1092247279746095e-5
0.0021420105405342577,-0.007062570301578935,-4.303627132677616e-5,-4.307678377481422e-5
0.0024386718158061335,-0.0004697802693882345,-2.4024109585171024e-6,-2.404671645981099e-6
0.000574773673877088,-0.00015364051333185448,-8.076178237806386e-6,-8.083777280504723e-6
0.0017123284101683007,-0.0004962060064747668,-4.60350722195179e-6,-4.607838299963553e-6
-0.007718667954844769,0.00283625774733591,1.0319392467188318e-5,1.0329100231067751e-5
-0.0006019411856913329,0.0014628608408087558,-1.860712716389285e-5,-1.8624630694101813e-5
-0.00019955249088239038,0.0007675174402139841,-4.9035353691041245e-5,-4.908147709719326e-5
0.00036639064015478895,-0.00021723523265614343,1.289089648945875e-6,1.2903018631408453e-6
0.0008059741283684148,-0.0008512772674891405,-3.4825231539099558e-6,-3.485797738339351e-6
-0.0013592608436912448,0.003218006750350831,-3.6320013835267775e-5,-3.635416285626749e-5
0.0003916791107518987,-0.0004687227495932607,-2.5548273634280646e-5,-2.5572291104775632e-5
0.0007287010694648978,-0.0005730139574880297,-1.6798151821336733e-5,-1.6813941413198176e-5
0.0008408241736120966,-0.0005601312333637,-8.884708354712853e-6,-8.893058665859588e-6
-0.0027052078801069156,0.0020301323828918025,3.6041358500763238e-6,3.6075228670481346e-6
-0.0010546319023935153,0.0035819756980330305,-4.8472860722132076e-5,-4.8518411258369724e-5
0.00019097392903558532,-0.000150534252484145,-2.460038685044494e-5,-2.4623498909733545e-5
-0.0020160019537045102,0.0009096532585490631,-2.3176268815580838e-5,-2.31980399854352e-5
-0.005989826141370351,0.0011827019787465757,1.4396303975857178e-5,1.440982548685646e-5
0.00043388123078147396,-0.0005026945055950391,-2.5424332004801373e-5,-2.5448210241432883e-5
-0.0006206974737469123,0.00045457624597413266,-3.282858182311921e-5,-3.2859410047372865e-5
-0.001202546628280202,0.000387087405633099,-1.3503649112375774e-5,-1.3516327907382635e-5
0.0030887658053373812,-0.000681624413457585,7.979443968919866e-6,7.986935092555679e-6
-0.0010505831267480614,0.0006167588773538931,6.5453396373637426e-6,6.551483988838158e-6
-0.00014209553230369083,0.00023390945685303321,-5.361028070560401e-5,-5.3660603611344994e-5
-0.014670083089196628,0.004689036254495597,1.9101712232439474e-6,1.9119638323421727e-6
-0.0004914583250591318,0.002242195604998787,-4.625209944881918e-5,-4.629550360853782e-5
0.0008176552783246217,-0.0005244988193500301,-5.396013793414502e-6,-5.4010761872287785e-6
0.0007292915435230824,-0.0006181884131843707,-1.1095434591543831e-5,-1.110584306655856e-5
-0.0004435584034010698,0.00040778890930926213,-4.2615332616767446e-5,-4.2655305460582966e-5
-0.0006119163874537674,0.0001459025653352475,-8.096249100812052e-6,-8.10384174056553e-6
0.004322249775809797,-0.0008293978607094378,6.907347382257135e-6,6.913824372080092e-6
-0.0025675295109895955,0.0012894936519908346,8.708616796742269e-6,8.716782241209066e-6
0.0013750570997787025,-0.0025680859397146567,-5.159012499306166e-5,-5.163849473819277e-5
-0.0006176440404932559,0.00010741796093196417,1.2999644747601239e-5,1.3011829229382975e-5
-0.0007994900324373859,0.0006175111805496824,-3.836417612570201e-5,-3.840013257093253e-5
0.0009349984695092722,-0.00017038651162735663,1.1953667079035003e-5,1.1964868333241166e-5
-0.004130144210453288,0.002931777873673857,3.251705829151987e-6,3.2547526766933596e-6
-0.0013991638891714584,0.0056445597004809835,-4.366234908906943e-5,-4.3703258873862205e-5
-0.0005937263138571292,0.0005398499902834718,-4.129521257162804e-5,-4.13338961741644e-5
-0.016044408721499384,0.004167629706366522,3.5846358523962657e-6,3.587993146745272e-6
-0.001301930366450922,0.0047804843263975876,-3.6052156876712446e-5,-3.608592151642383e-5
0.00038201542212490565,-0.0005870758523490239,-5.2924359773191494e-5,-5.297391823289714e-5
0.0016948781165540422,-0.0004076706520451142,-4.74215147690535e-6,-4.746590940254108e-6
-0.0002878207910624768,0.00010174234509641507,-1.1109947738306848e-5,-1.112034753662066e-5
-0.004365352504549948,0.001162826169706977,1.3071243304841026e-5,1.3083477658412603e-5
4.553762093432876e-5,-8.376181404997783e-5,-4.2942889710702935e-5,-4.298308107255624e-5
-0.0017155529183753438,0.0007043625300602312,-1.999061780916116e-5,-2.0009324146763045e-5
0.0005868040880582724,-0.0001041349885320318,-6.181510262272708e-6,-6.1872938458323255e-6
0.0036676532832589357,-0.0008537855980842884,2.1354054123985604e-6,2.1374031512578887e-6
-0.0004270605742435957,0.00019155688885674592,-1.6501500602714033e-5,-1.6516937007194148e-5
0.002236182846067049,-0.0007003198487668903,2.3592407709091316e-6,2.361447463892e-6
0.0007795802866226472,-0.0004428360804520953,-1.1880850144752515e-6,-1.1891961875065285e-6
-0.00308074640531519,0.0027579588266526396,-6.26008671070138e-7,-6.265941051022979e-7
-0.000811804472801012,0.0043919206507453,-5.5847309158707406e-5,-5.589953441857273e-5
-0.001284306638458505,0.008318742154771509,-4.116938287559583e-5,-4.1207879607778616e-5
-0.0013086045166359078,0.002648561019963741,-3.7941272825987443e-5,-3.797674537077316e-5
0.0006008527532622774,-0.0005684494470628011,-1.6602408902409834e-5,-1.6617928593109287e-5
-0.003909832272755925,0.0032995617871827885,-1.8813917133631724e-6,-1.8831502160186039e-6
-0.0015706622068540317,0.010256346084541077,-4.272429611997384e-5,-4.276422816327957e-5
-0.00012362391978117278,0.000173580325999372,-5.1641663460588235e-5,-5.1689921120190044e-5
-0.001682072428672787,0.0005394054536332134,1.104076109116544e-5,1.1051076039982096e-5
0.0010094407493923406,-0.0010821607527799978,-5.121991237349639e-6,-5.126776228294445e-6
-0.0012713820967574885,0.0026139560896757835,-3.5836920867856965e-5,-3.587039743652944e-5
0.0004978259598415003,-0.0005228432743566063,-1.7193314371991804e-5,-1.7209372854230933e-5
-0.000432137812544369,0.00040518854320710924,-4.306209408744558e-5,-4.310230946810505e-5
-0.012897529110177615,0.0023928578720914134,1.2409745122753403e-5,1.2421332015093919e-5
-0.0005739774515868239,0.0008916995604929594,-4.0459390500046775e-5,-4.0497165641878044e-5
-0.0012027212536210178,0.0007944175655734063,-3.201558930454643e-5,-3.204547586207473e-5
-0.012167085239008384,0.0030102048386706015,9.892318207592122e-6,9.901551180425934e-6
-0.00035771978232883745,0.0007953272649685575,-2.423486909228168e-5,-2.4257487796492925e-5
-0.0010865164756180513,0.0020911685210428014,-4.5292410986004715e-5,-4.533467833192988e-5
-0.0007749385233754477,0.0004997645107793211,5.125722952828077e-6,5.130505445339749e-6
-0.0002423261937241237,0.0005079414398165544,-1.522516733657677e-5,-1.5239372142428578e-5
-0.001051921746463366,0.003779331002078419,-3.290390467649918e-5,-3.293460110253185e-5
0.0002744752986200038,-0.0004812509395917573,-1.7205934512638702e-5,-1.7221983821795705e-5
1.0400200289758798e-5,-3.4100194327275594e-5,-5.492884885968258e-5,-5.498008061532854e-5
0.0010729925280691562,-0.0003616369722018324,-7.631939636230969e-6,-7.639056020250643e-6
-0.007222094475255886,0.002707817080973429,9.706479407300296e-6,9.71552927343245e-6
-0.0006228546138458862,0.0015057595801902996,-1.8759053448163902e-5,-1.877654275314206e-5
-0.0007496761711486024,0.0032736530741526377,-3.050088857122875e-5,-3.0529322754363836e-5
-0.0015393533086393036,0.005973836979439975,-3.8314341645390803e-5,-3.835005618659111e-5
0.0005265080817501755,-0.0007048778476163451,-4.9240286147572884e-5,-4.928617724049454e-5
-0.001595331015364709,0.00044416816007994105,-1.3049966534378388e-5,-1.3062126162225753e-5
0.004952782103713079,-0.0008771016215797794,5.323700677841719e-6,5.328660563624763e-6
-0.006741585469603931,0.002991408182561091,7.506040774836852e-6,7.513033344907276e-6
-0.0016800166561043424,0.004807291231587043,-4.1907834342963564e-5,-4.194687373145569e-5
0.000547043922970347,-0.0005525159488088766,-1.5882758746751563e-5,-1.58975517575243e-5
-0.000605963761541193,0.0005647361677542182,-4.2060394910583646e-5,-4.2099565254593286e-5
-0.009995687595152182,0.002459301892987882,1.1592273708077845e-5,1.1603067348537262e-5
-0.00021877235074442894,0.000439047930842246,-1.4086545963486277e-5,-1.40996614965882e-5
-0.0006200252716985087,0.0022327360600073003,-4.9309828807858524e-5,-4.935573627571263e-5
-0.004257437056450675,0.002645134079898822,4.834486788009591e-6,4.8389865835526194e-6
0.0004971113985232003,-0.0016840429656869017,-5.177114208766734e-5,-5.1819326940263124e-5
-0.01162891950223076,0.004656775908803072,-4.2916642916733685e-7,-4.2956575101680767e-7
-0.0009503381736185807,0.005703388797530329,-4.4167501881530725e-5,-4.4208596710907534e-5
0.0006184305899367005,-0.00046431057142010335,2.850146192939605e-7,2.852797355567731e-7
0.0005528982968773046,-0.0008485772780325306,-5.249158801438303e-5,-5.254041133886388e-5
-0.010532496671608289,0.002346632926418319,1.2038629557432008e-5,1.2049824044187014e-5
-0.00046739165781978616,0.0007493838180413913,-3.831835896310679e-5,-3.835398898455296e-5
-0.000401426245482863,0.00030566519968822634,2.8418110650916717e-6,2.8444530812539625e-6
-0.0007767895194401599,0.0018222582140366077,-1.907426726552872e-5,-1.9091999456122834e-5
-0.0008792554469793093,0.004488257387508123,-3.385709222957854e-5,-3.388856494664317e-5
-0.0011417723698121675,0.002663276544816647,-3.1939739023885125e-5,-3.1969425227700136e-5
6.677756336839767e-5,-0.00011819139782063736,-4.772809006571902e-5,-4.7772444633784146e-5
-0.0074078860517553915,0.002644362086726061,9.822608244405907e-6,9.831734726308817e-6
-0.0008337841560818645,0.0018241109568065315,-5.1135039348381166e-5,-5.1182548414206184e-5
-0.006187953552999015,0.00315669130148254,6.189344901655364e-6,6.195094105435758e-6
-0.0016104629912294592,0.005084983289868181,-4.235308109537847e-5,-4.239242067233077e-5
-0.0022052026739621594,0.0022669767222700554,-3.1018072160421585e-6,-3.1046878004356065e-6
-0.0008404567385577843,0.004601435678906668,-3.532543961572402e-5,-3.5358244097342744e-5
-0.0005966497268545705,0.0017842446960204576,-2.72381219085655e-5,-2.726341303358093e-5
-0.0002681905085573698,0.0006336933675353682,-2.3077490366535195e-5,-2.309891579691162e-5
-0.0005816929983376748,0.001410205806545425,-2.446034462672872e-5,-2.4483051573885414e-5
-0.0014213614673782775,0.010865479196641077,-4.941011067209666e-5,-4.945597639816219e-5
-0.0016058204325656437,0.004230090881854176,-4.286495470149522e-5,-4.2904739413619025e-5
-0.001181068335837541,0.0010576363254864753,5.098118806253061e-7,5.102849726537097e-7
-0.0010812848547184742,0.003711733768527541,-4.805298621515052e-5,-4.809757576021265e-5
-0.005201855095921427,0.0037038455855462936,5.148616366129045e-7,5.153392814540662e-7
-0.0008737243698407811,0.005012128799881997,-6.0236547472695234e-5,-6.0292427611015015e-5
0.003300492578677436,-0.021280931049530053,2.7719102574301745e-6,2.7744815342327287e-6
-0.00028657635855015384,6.251811295217408e-5,-4.184076541913035e-6,-4.187955858034481e-6
0.0024319915414594247,-0.00042700802929730096,-2.8266203456463426e-6,-2.829240830199694e-6
0.003044259379261328,-0.0008190813444872035,2.3802051225551554e-6,2.3824115465859494e-6
0.0010732197960347143,-0.0005474244752687988,-4.8026804264299155e-6,-4.8071321025183984e-6
6.188499891050162e-5,-4.100615192336731e-5,3.476399325434481e-6,3.479621356521306e-6
-0.000733150791969887,0.0013294428869170235,-1.3732753127034904e-5,-1.3745480245126477e-5
-0.0012569033948476764,0.006619407604103311,-4.3288169682924303e-5,-4.332828551329519e-5
0.0007954115088311382,-0.0007393951842761947,-9.596630460573976e-6,-9.605521755081978e-6
-1.3306472331931443e-5,-1.2604500340395758e-5,-4.1468469150973905e-5,-4.15068862075241e-5
-0.0005212710739573416,0.0002177265912178472,-1.5552007725457236e-5,-1.5566412817183093e-5
0.0017743755429456408,-0.0005263884029347044,5.5595878120964495e-6,5.564736781357796e-6
-0.004034806768054738,0.0027045642371527775,3.5453970577910595e-6,3.5486803616627434e-6
-0.0006040408442758252,0.002222595504304025,-2.7134700631109957e-5,-2.7159828269687474e-5
0.0012385505841580884,-0.00376992370110138,-4.932950326838307e-5,-4.937517904670677e-5
-0.005639135571003661,0.0014042255425647918,1.2645042069373335e-5,1.2656746685644112e-5
-0.0011179937004485272,0.00149766094367765,-8.988922710608467e-6,-8.99724271318973e-6
-0.00014717230126022897,0.0009277830130534165,-4.328710771564122e-5,-4.33271716636078e-5
0.0008345729657928885,-0.00047784440243920815,-2.603424751934878e-6,-2.6058335914827208e-6
0.000853356368162019,-0.000731694989697973,-4.661782873631326e-6,-4.6660958572819694e-6
4.9009964575895405e-5,-9.949938790358626e-5,-3.007669919705766e-5,-3.010452326865403e-5
-0.0009022134993211095,0.0007289923131248558,-3.777146710664622e-5,-3.780640487316852e-5
0.0007683198584481807,-0.0001773839011798816,-7.254845200635634e-6,-7.261554570013357e-6
0.003016580515538572,-0.0008172120359205665,2.6175669978255045e-6,2.619987511114246e-6
0.0007422694002311665,-0.0003897948944407378,-1.2445210438899134e-5,-1.2456717848157787e-5
0.0009310174554100297,-0.00045985345159041326,-7.001578356994076e-7,-7.00805163768218e-7
-0.0005716718827634102,0.0004414606659226822,-3.350459284419021e-5,-3.353556683065977e-5
-0.007449341502355135,0.0024414360391044154,1.0307833816159842e-5,1.0317361588547176e-5
-7.479607362203808e-5,0.00015691182038961074,-2.137329142542316e-5,-2.1393046401190117e-5
-1.3711252192855622e-5,5.208926312138644e-5,-1.914516091536573e-5,-1.9162854692169192e-5
-0.0014560281029558462,0.0038300712542006276,-3.505729454757855e-5,-3.5089691245350106e-5
0.0007885705181926656,-0.0010092546623046042,-4.902410258106772e-5,-4.906939943547662e-5
0.004287692324574396,-0.0007306753821943088,4.253144352999387e-7,4.2570731511330486e-7
0.0015560864121034537,-0.000506518804722543,4.2679474758725775e-6,4.271889616261204e-6
-0.0006668759222590899,0.00045453816218655264,3.940726727969661e-6,3.944366355736367e-6
-0.0009163352268946728,0.0018682851472964573,-4.9716283856631407e-5,-4.9762198792615624e-5
-0.000978969670119576,0.0005123929701940409,-2.300461523491169e-5,-2.302585648102839e-5
0.002192893862871081,-0.000617818411266168,5.1905550096659005e-6,5.195347037886047e-6
3.4064301926603305e-5,-2.115746501323329e-5,3.562084613045897e-6,3.5653729638963155e-6
0.0006059226166368455,-0.000936335886956832,-1.469343386611363e-5,-1.470699727715247e-5
-0.0001340257572924645,0.00031258218470765525,-2.1320998161392485e-5,-2.134067775008293e-5
-0.0008208623597949141,0.00208066547627449,-2.2472158627420597e-5,-2.249289874612136e-5
-0.0009245976729719295,0.005650381764544946,-6.6728575819098e-5,-6.67901572713544e-5
-0.0011220669678747783,0.0076660223836955395,-7.542110245431609e-5,-7.549070182784775e-5
-0.0015282539073523042,0.009866083693247199,-4.105081212748028e-5,-4.1088692144970885e-5
0.00022550226496113068,-0.0003756134993146017,-1.875925216289335e-5,-1.8776559382161107e-5
-0.0008937023787652324,0.001583232722469608,-3.952752269509134e-5,-3.956398708709848e-5
-0.0008078086453381386,0.0006223675598837918,2.4142549136789153e-6,2.4164817193791658e-6
-0.000836073334826193,0.0021100367872421465,-5.1247088428223286e-5,-5.129435392369697e-5
-0.003524570999160865,0.001833280538522736,6.9917176167378596e-6,6.998164645279047e-6
-0.0006649562662908092,0.001573802659484377,-5.222775105939106e-5,-5.227590770168107e-5
9.034201510594983e-5,-4.0274394388903094e-5,-1.5407360867391582e-5,-1.542156391801184e-5
-0.0014051321479932033,0.0005330129530292867,-1.693000689202988e-5,-1.6945611767860296e-5
0.0037572372857766177,-0.0008788683786210223,1.5037180645019667e-6,1.5051039115664197e-6
0.0003920559110266021,-0.0001713597837921931,3.557388694871917e-6,3.560666967116634e-6
-0.002426046381991262,0.002182893695456377,-7.48470166905864e-7,-7.491598597843015e-7
-0.0014285282544168737,0.00638682861500514,-4.266447653271006e-5,-4.270378877463446e-5
0.00026040084576009546,-0.00026136419333221004,-3.2206941151385364e-5,-3.2236611026653205e-5
-8.816993802559994e-6,5.024905901519248e-6,5.006338876153573e-6,5.010950157353829e-6
0.000983574903412773,-0.0009741095547898784,-3.7584056573489754e-6,-3.7618672399722526e-6
-0.0007511472636257694,0.0016594948356985577,-1.8111085653467364e-5,-1.8127765244627845e-5
-0.000791074481040535,0.0040689608203777,-4.387573395613853e-5,-4.3916139114246e-5
0.0008078013408617752,-0.0005646945561360984,-6.8120669238756245e-6,-6.818338507410193e-6
0.000357947268498231,-0.00034470131029735925,-2.9223002201324834e-5,-2.9249904146481135e-5
0.0005709047396057424,-0.0002819364935680514,9.443387340196161e-7,9.452079458906358e-7
0.00059486446373093,-0.0005407772558477146,-2.0652039291263848e-5,-2.0671046872206013e-5
-0.0014068450430593119,0.0009572171763914077,-3.412787592975056e-5,-3.4159282578475196e-5
0.0030451860580369573,-0.0006149679009929647,-2.254617765421436e-6,-2.256692247368162e-6
-0.005259657767780244,0.0016680187197516882,1.1017425683634316e-5,1.1027561960905828e-5
2.6640529019787777e-6,2.9123827725601265e-5,-1.119522837015712e-5,-1.1205527735648188e-5
-0.00123814262808485,0.004487026520849232,-3.412358452891604e-5,-3.415497536606545e-5
-0.0002917604374008678,0.00047267633957907764,-2.3930369336925606e-5,-2.3952380028589496e-5
-1.2729109569554294e-5,-3.2941155536746773e-6,-2.3308720835230157e-5,-2.3330157301392596e-5
0.00039550909161950956,-0.000439055583061843,-2.0879766183710774e-5,-2.0898966544919942e-5
0.0006253801275745184,-0.0005309832312851186,-4.009927471971932e-7,-4.013614445579056e-7
-0.00048087964616274297,0.001023231665404904,-5.3098859028269476e-5,-5.314767826393786e-5
-0.0028721294596763874,0.001099112074778075,9.682950514733284e-6,9.691850899367367e-6
-0.00017384046186406525,0.00022555458416064912,-2.8614923395727476e-5,-2.8641224286029743e-5
-0.001757443841858506,0.0016653480676547324,-1.2775058595929214e-6,-1.2786799026778886e-6
-0.0008515149407934728,0.0036960702103980758,-3.575784785967941e-5,-3.5790708133395144e-5
-0.0014293240893402733,0.007451297840248679,-3.7295208004075276e-5,-3.73294782239507e-5
-7.143964630701187e-5,0.00010219450966634277,-2.151616663371059e-5,-2.1535934227378156e-5
2.1793798068394813e-5,-4.536847795404331e-5,-2.0994276132710914e-5,-2.1013562167240676e-5
0.0005537815782606495,-0.0006834755217703672,-7.289469900344854e-6,-7.296165515296638e-6
0.0017959191048573324,-0.005275618809283469,-4.465659925597402e-5,-4.469761507502785e-5
0.00022816621123419436,-4.47409141323355e-5,1.1177586284215395e-5,1.118784901788011e-5
0.0006602473392108685,-0.0005120173968954991,1.1730858062551425e-7,1.17416282292135e-7
0.00032124851932890827,-0.0005467967402535196,-1.5938389119949626e-5,-1.595302117772582e-5
-0.0007405412816585429,0.0020293016254909558,-2.6517639856289566e-5,-2.6541982048872722e-5
-0.0010883614618372836,0.007310606544549198,-4.514880408707208e-5,-4.519024645152223e-5
0.0007811888638602388,-0.0006130084833964196,-2.2025770105859098e-6,-2.204598240876317e-6
-0.0003324052441164886,0.0004390705035440734,-4.0908594044012517e-5,-4.094613165267357e-5
-0.006251880181926865,0.003455367714546025,3.6546804262419108e-6,3.6580333865525253e-6
0.002969184644285821,-0.011601329977098196,-2.9867476458704942e-5,-2.989487706855192e-5
-0.019746744653586345,0.0033978472371237797,-2.0356624350658865e-6,-2.0375292216419586e-6
0.0004719791636884555,-0.0019067257041618867,-4.816762843763112e-5,-4.8211798971255715e-5
0.0010788828865514845,-0.0004762342988596762,-8.418836894452947e-6,-8.42655486870008e-6
-0.002909765511357928,0.0014344644542376888,7.380253848790853e-6,7.387019034201712e-6
-0.0007705305863065318,0.0016476845173283017,-1.8299159774413025e-5,-1.831593304398479e-5
-0.0015102819617075225,0.008585818139909314,-3.91151327203583e-5,-3.915098400902208e-5
-0.0004560518834258827,0.0007464376059878529,-1.0919018132156453e-5,-1.0929024266381776e-5
-0.0007375853789164177,0.0034182865662714715,-3.118677291158157e-5,-3.121535060210313e-5
-0.0015743863393702464,0.004578444290171597,-4.414488916613105e-5,-4.4185336042043975e-5
0.0006036645272002721,-0.000536113524288385,-1.9407060825138318e-5,-1.9424838805882235e-5
-0.0007358678696339076,0.0005050382573471943,-2.9803940869586382e-5,-2.9831239838207027e-5
0.001803876211046605,-0.0005763204780859767,3.4885198792721262e-6,3.4917147211147127e-6
-0.0008257605734122151,0.0005349370702104541,-2.830716031642363e-5,-2.8333082522419187e-5
0.0023896816708897295,-0.00074499967324007,1.1799000126284904e-6,1.180980346057471e-6
-0.0005836583091097196,0.00032652105211637586,5.458944603501534e-6,5.463942492362996e-6
-0.0003500921005102857,0.0005630720432030152,-2.4858247224924904e-5,-2.4881004628475992e-5
6.869853393480193e-5,-0.00010972408340186095,-2.3188054612710854e-5,-2.3209280504440125e-5
0.0008702234891743905,-0.0008610120394044683,-3.448417402838207e-6,-3.45157364565801e-6
-0.0006717880143774082,0.0015659663715153443,-2.7086839226698962e-5,-2.711162944611654e-5
0.0002072445934018054,-0.00036042738442672756,-5.211296712261726e-5,-5.216065604415587e-5
0.0013479261989646498,-0.0003020137795666546,-6.1736587329582565e-6,-6.179306801328331e-6
0.002935229518319055,-0.0008201964664934944,1.081117313834899e-6,1.0821062955750151e-6
-0.007102275262014482,0.0036098282963901037,3.7429233417947173e-6,3.7463470085326947e-6
-0.0016036238942593833,0.006195640019079563,-3.8943133195259567e-5,-3.897875326404253e-5
0.00010850024943529396,-0.00017088543333996397,-3.3186395126928156e-5,-3.321674440471058e-5
-0.0033462269671445297,0.002181615362302797,3.4756208738511796e-6,3.478798902276468e-6
-0.000665034856967836,0.002174168111060435,-2.8003068839151586e-5,-2.8028673024935618e-5
-0.00026776561279280087,0.0006738141126518017,-2.1737685133389474e-5,-2.1757558354448074e-5
0.00018955739296745572,-0.0005291472381013732,-5.228746818995531e-5,-5.23352664345946e-5
-0.012779467104480996,0.004276594898562871,1.4197700245109672e-6,1.421067532293921e-6
-0.0008038572922728847,0.003651870407799967,-3.209636688139507e-5,-3.21256983781447e-5
-0.0008593997980893356,0.0034740256198041025,-3.112042175662571e-5,-3.1148858548667246e-5
-0.0005055395432270641,0.0012121305743962945,-2.463563014563206e-5,-2.4658138382943403e-5
-0.0015094167720191651,0.011757125873005236,-4.99918075805214e-5,-5.003747997106535e-5
0.0002743679333472129,-0.0007164283680089146,-5.247919417062994e-5,-5.252713264513149e-5
0.0013844291968365698,-0.0004213782394557603,5.798884581782686e-6,5.804180219202724e-6
-0.00042864556049054494,0.0003214732184680875,-3.645325838703027e-5,-3.648654580226662e-5
0.005250462301919966,-0.0006649838490264806,2.630543164328383e-6,2.632944760132127e-6
-0.012278542660089296,0.0040898319180399,3.3113547514418217e-6,3.3143776781159263e-6
0.0022457106167111875,-0.008400317334873668,-3.755626818757416e-5,-3.7590552065492256e-5
-0.012298419361661657,0.0025749530176584117,9.209872023338566e-6,9.218276317444197e-6
-0.0007729253996261275,0.0014901080089462476,-5.057224535083258e-5,-5.061839238112934e-5
0.0002597693367585434,-0.00011386252629766731,-1.399404209091167e-5,-1.4006808877907859e-5
-3.291378086531393e-5,1.9546420707340705e-5,-1.316147197239049e-5,-1.3173477875052359e-5
-0.011346714859091696,0.0037283757571047365,-5.609575785449977e-6,-5.614692278182345e-6
-0.0014152992826923744,0.010714379113624353,-5.186605633123767e-5,-5.191336212401743e-5
-0.0016534154240132508,0.005319387060234468,-4.381748664363914e-5,-4.385744692617063e-5
-0.000738359946758309,0.0006600446943130748,-3.870860317310214e-5,-3.8743897596743424e-5
-0.0017217692221232774,0.0005107563040003843,9.886628891068262e-6,9.895641926612978e-6
0.0004201979087955504,-0.0004555174215327386,-1.836453496524613e-5,-1.8381275836681552e-5
4.3765442734409056e-6,4.358383229437633e-6,-4.226542512230278e-5,-4.230394954217735e-5
-0.020911510804555698,0.002952554602384906,6.994735855927412e-6,7.001110035810437e-6
-2.7205758686109936e-5,8.327399309547131e-5,-1.9211504870651006e-5,-1.922901140813193e-5
-0.0017396080111871017,0.004745833391391816,-3.9449673511983226e-5,-3.948561898968248e-5
0.0010915948871103424,-0.0011346143542838927,-6.552362689735245e-6,-6.558332038883473e-6
-0.0008953141971458295,0.0016186302022076326,-3.635746432257526e-5,-3.6390584293493175e-5
0.0007858693300233595,-0.000697775559793206,-9.899692814850614e-6,-9.90870962799245e-6
0.0003391383531840963,-0.00039640336780898285,-2.5025572309911835e-5,-2.5048363954753225e-5
-0.0019384331885295527,0.0014757103326867812,1.696632869154897e-6,1.6981778584246615e-6
-0.0005527246960054268,0.00177244917131039,-2.5286233029977555e-5,-2.5309258049754387e-5
-0.0005422446328225355,0.0017032347105021104,-2.4835417353976325e-5,-2.4858029582065572e-5
-0.00083937536159957,0.0025827367852323444,-5.0796516383230426e-5,-5.084276116749482e-5
0.0009585084920939784,-0.0005167148809651314,-9.231041917824067e-6,-9.239443768399683e-6
-0.0007178771831042839,0.0004270156326746834,-2.4901742216467527e-5,-2.4924404915449146e-5
-0.01083427541197818,0.0035583825702358695,5.462896238147578e-6,5.467867262857682e-6
-0.0016836451737473309,0.005115065861384136,-3.888728297979797e-5,-3.892266764879653e-5
0.00024706727871052104,-0.0003124885692775344,-2.5604180313282803e-5,-2.5627474500327827e-5
0.0009418655192899847,-0.0007510274899649322,-5.6460679148462565e-6,-5.651203956023295e-6
0.0001789386027464671,-0.00023705619408958775,-2.3761261467270424e-5,-2.3782874515727358e-5
-0.00162546569850516,0.0014595970710666855,-8.597881334100463e-7,-8.60570095908579e-7
-0.0016715371557665636,0.006301834602765884,-4.194045720700342e-5,-4.197859944963044e-5
-0.00021579198242431145,0.0002085675473206574,-4.295140473939161e-5,-4.299045894902561e-5
-0.0022866737491488145,0.0006004117504580463,1.0647934463351615e-5,1.0657614383573486e-5
0.0004118090818423067,-0.00044937031011612407,-1.825515573142578e-5,-1.827175039496965e-5
0.0005386300112550352,-0.000526082472417783,-1.6461124089320644e-5,-1.6476086290969222e-5
0.0007564135097383434,-0.0006753588015877949,-1.8463848488980668e-6,-1.848062927744574e-6
-0.00025390771302032,0.0005852540633885632,-2.3023653173371685e-5,-2.304457680156914e-5
-0.0005803145130040115,0.0013689102476480536,-1.8958546446373377e-5,-1.897577402505117e-5
-0.0007309521781085115,0.0032112963156546177,-3.0311490982038675e-5,-3.033903293654792e-5
-0.0008485828632592184,0.0024323311009815758,-2.9189881828915466e-5,-2.921640150894209e-5
-0.0011761180605652437,0.0022583604898050356,-3.4556568220605814e-5,-3.458795986725327e-5
0.000358776909823203,-0.0003824768283124848,-2.704616780019597e-5,-2.7070733380079044e-5
-0.006123289626533434,0.0038097484554902366,2.6327749767481414e-7,2.635165969956806e-7
-0.0015808322675310116,0.008264443283561141,-3.858978985509465e-5,-3.86248344317183e-5
-1.0224674690449228e-6,3.2076564622498376e-5,-9.502813439555427e-6,-9.511441680419289e-6
-0.0013237049408948924,0.004987978441565348,-4.613718638751122e-5,-4.617907483839265e-5
0.0008014848884783691,-0.0005835339389979473,-8.383515930669465e-6,-8.391125687220356e-6
0.00095819854129846,-0.0008684445853261005,-7.965887202170622e-6,-7.973117214445642e-6
-0.0010186965922769507,0.0013448623575135698,-9.784316765850485e-6,-9.793196471710158e-6
-0.0012342078963130355,0.008178201769273629,-4.437464933709709e-5,-4.4414919473447866e-5
-0.002261777280885211,0.0018513387670716457,1.0167361652435083e-7,1.0176586223348899e-7
-0.0017020808219846326,0.006586539132554752,-3.800828566853622e-5,-3.80427679574497e-5
-7.552046058921027e-5,0.00012254351073646158,-7.41432184429097e-6,-7.421047187968444e-6
-0.0008269248444066385,0.0031383674577995166,-4.7097864817994926e-5,-4.714058361170367e-5
-0.004195348128638524,0.0027140336065914258,2.3469192408909464e-6,2.3490474358095328e-6
-0.0008418564167633298,0.003325409000979749,-3.343200473329172e-5,-3.34623197063928e-5
-0.0011565849997378665,0.00620266209688506,-4.269247264644607e-5,-4.2731181655177304e-5
0.0007782860605121345,-0.000595102384338894,-2.6196708123974745e-6,-2.6220454603353774e-6
-7.82090885169677e-5,7.033435034337593e-5,-3.5294056506011944e-5,-3.532604704829575e-5
0.0008330614524948583,-0.0005590392110909059,-6.730653065916341e-6,-6.7367528232674906e-6
-0.0005473917103305633,0.0004674493871743018,-3.5200397558404486e-5,-3.5232295631744505e-5
-0.012218554871673858,0.004346436497391886,8.745870254053878e-7,8.753794375110703e-7
-0.0010095485514531944,0.004578841222480061,-3.276130675522939e-5,-3.2790988918964116e-5
0.00012510202574839973,-0.00025894239083167775,-5.274740180368586e-5,-5.279518494008844e-5
-0.0017134423198772763,0.00048156501348615695,-1.3755716256440324e-5,-1.3768174030066836e-5
-0.0005535786546624536,9.867312816162062e-5,1.0977617500325563e-5,1.0987558129620015e-5
-0.001574821722334407,0.001297304977589706,2.8645435782544055e-7,2.8671373884808233e-7
0.0010411174072886562,-0.003538829281815946,-4.549037697934331e-5,-4.553156589273163e-5
-0.006668059104237759,0.0017699159293859236,1.037458591498111e-5,1.0383976431607992e-5
0.0005767937412794114,-0.0009086593976164315,-1.560115477259988e-5,-1.561527547675198e-5
-0.0011998166249612516,0.0026385463831874486,-4.811252035416304e-5,-4.815606364154594e-5
0.00010890140383942525,-6.133158545091809e-5,2.5762880731812007e-6,2.5786192216305096e-6
-0.00014218847963809016,0.00015736565469605482,-4.550177783632631e-5,-4.554294725273904e-5
0.0019451888440822625,-0.0006804720443055243,-3.0147620606285293e-6,-3.017489253570801e-6
-0.00018904227729407892,9.678694859310457e-5,-1.867289570550578e-5,-1.8689785995490248e-5
0.0009517527421787707,-0.0003472283707417361,3.710332417932369e-6,3.713688142686023e-6
0.0008270256141439778,-0.0006517693012879069,-3.505506335512416e-6,-3.5086765847579684e-6
0.0004138502541143261,-0.0005473805935666081,-9.470008931615914e-6,-9.478572603517927e-6
-0.001245415035547621,0.003983383851038487,-4.821333986510557e-5,-4.825693604373481e-5
-0.0012798982145472882,0.0008268526562289468,-3.339257906354995e-5,-3.3422767029326975e-5
0.0022699359844566545,-0.00032132630605954965,9.883691096494227e-6,9.892624610624066e-6
0.0007443612761850728,-0.00048293432819010364,-1.3952941624988719e-5,-1.3965552473764785e-5
-0.001615330186879098,0.0009815001765758789,-2.945836062068309e-5,-2.948498267589744e-5
-0.014774230949057103,0.0035847808490654383,2.492995278833295e-6,2.4952479003536227e-6
-0.0011614329326346136,0.003846205246493267,-3.234985883388421e-5,-3.237908862960421e-5
0.00032954268612188527,-0.0005665554809348778,-1.6732078796339023e-5,-1.6747195073138944e-5
-0.0005609682980836965,0.0014981618143402524,-2.1354287993574046e-5,-2.1373578516118603e-5
0.0024808672922673656,-0.00963876873523037,-3.25208972077927e-5,-3.255027276238056e-5
-0.0017403167511205928,0.0003287727448146349,1.1125870345030205e-5,1.1135916337569887e-5
-0.0006394169733121004,0.0005567893044783695,-3.6144475268351596e-5,-3.617710985199822e-5
-0.001947138485029555,0.0006781811269182903,-1.7311901159753438e-5,-1.7327529418511125e-5
0.001703482786671424,-0.0003326590252328811,9.20945098290702e-6,9.217763732325767e-6
-0.000652275174559008,0.00047399052935745965,1.9438080405698476e-6,1.9455624821243378e-6
-9.688072037657346e-5,0.0002315105518530039,-5.2573722631924405e-5,-5.2621171993626206e-5
-0.0015923087194480686,0.0005152131509952455,-1.508128767499361e-5,-1.5094895368384962e-5
0.0019041198072500545,-0.0004006391103993942,8.500156728990495e-6,8.507825422067348e-6
-0.004497656911351984,0.0032149444844708506,-5.304881434277742e-7,-5.309667113620484e-7
0.0003920097643035271,-0.002006470892177323,-4.2465406640425895e-5,-4.2503714360932024e-5
0.0005318436258168671,-0.00023203578535991852,-1.2550939208580658e-5,-1.2562257809038126e-5
-0.010401538120567141,0.004280289160362939,-3.9652751200329543e-7,-3.968850679319565e-7
-0.0008970027583568127,0.004802700252127855,-3.598861866872452e-5,-3.602106924372272e-5
-0.0008819509689562037,0.003150957410491014,-3.0249747283708222e-5,-3.027702020687106e-5
-0.0004820960091765359,0.0010442421783241724,-2.5141067675075554e-5,-2.5163731814172056e-5
-0.0007998919564661785,0.0014392599818962531,-4.963160860067185e-5,-4.967634560241492e-5
0.00102657057740575,-0.00043649935663260487,-9.384371255038222e-6,-9.39282838365074e-6
0.0008920480909286825,-0.0004137434864788114,-1.0603168590322216e-5,-1.0612723153152392e-5
-0.00827120567821936,0.003996725386034156,1.1931457913695038e-6,1.1942208326961428e-6
-0.0007856627054352316,0.0037171126704146806,-3.1745841075001815e-5,-3.177444354048446e-5
-0.0006725854316225456,0.002180130469571702,-4.9923341714105115e-5,-4.996831678002496e-5
0.0007131355819779792,-0.0003580308997884308,-1.2568241584422545e-5,-1.257956124983477e-5
-0.007655628713552115,0.0036958593120255383,-4.4584729752519225e-6,-4.462488109593118e-6
-0.0016784226684117536,0.013377802801365657,-4.818362642446728e-5,-4.8227017563751646e-5
-0.0004734490484949263,0.0004007757244474424,-3.396796079976611e-5,-3.399854268458301e-5
0.00035295667498459163,-0.00013227018279694412,4.87785622788822e-6,4.882247165029068e-6
-0.0008117149435465056,0.000719208850010529,-3.776080602163501e-5,-3.7794795178622524e-5
-0.0010408926510083695,0.00033303541241868967,-1.3535941483095962e-5,-1.354812335675005e-5
0.0031926790978271478,-0.0007362811298401156,-2.6819408851573974e-6,-2.684354264782039e-6
0.0018716450807609083,-0.0006800459012312187,-1.173769067028307e-6,-1.1748252084195474e-6
-0.006313106427022636,0.0037841830242307723,-3.592061611139613e-6,-3.595293436313804e-6
0.0012524039443074675,-0.009330207855960348,-3.106865200672489e-5,-3.109660400617703e-5
0.002377836178256185,-0.00074898318905516,-2.270391494403741e-6,-2.2724333544570943e-6
-0.0007157153832211728,0.00035211722380797746,5.416737869256839e-6,5.421608965486356e-6
7.951957798440031e-5,-0.00013714113210286147,-4.837259613224752e-5,-4.841609346004143e-5
0.002422743041076312,-0.0007696494183363383,-6.556426950287284e-7,-6.562321350603711e-7
0.0007484821657466934,-0.0004082803743418483,-1.2853556848176706e-5,-1.286511160914838e-5
0.0009147910074562638,-0.0004805382541518187,-1.0539535323032822e-5,-1.0549008904975175e-5
-0.0006795311749694434,0.0003773385476297489,-2.2848625187459665e-5,-2.286916091256333e-5
-0.006748462616384697,0.0022002415445229904,8.395860126046721e-6,8.403405119005529e-6
-0.0014173351995526268,0.0027941298317194926,-4.168209900127747e-5,-4.171955529835314e-5
-0.0006354641532387552,0.0004684739338075864,1.5051206826722766e-6,1.506472983981577e-6
-0.0016180801800731455,0.003922596496863891,-3.708289673763911e-5,-3.711621267797449e-5
0.0001264751880142802,-0.00012898175912661348,-4.455060712998617e-5,-4.4590626083567746e-5
0.002432597132286521,-0.0003905404747797212,9.270330568346472e-6,9.278656033884633e-6
-0.003063234312726644,0.002050899686199447,1.995928710746412e-6,1.9977211054907664e-6
0.0005286001017724602,-0.0017595063340971194,-4.7535058786701965e-5,-4.757774454121107e-5
-0.004239081148118139,0.0013001087048705592,9.573138501820731e-6,9.581732401813876e-6
-0.0007095181166815937,0.001074644246235079,-1.2753147739258708e-5,-1.2764595812311565e-5
0.002836746507746247,-0.01854064527418479,1.77643164829097e-6,1.7780262143639971e-6
-0.010969930213854775,0.0014943393335458061,1.1611671236162384e-5,1.1622089233239858e-5
0.00023546410004503804,-0.0002885004070557576,-2.3149597359826113e-5,-2.317036631233409e-5
0.0009735757186159979,-0.0008302284335735289,-4.333109348333587e-6,-4.33699639646388e-6
0.0003039707617086176,-0.0004744909344669722,-1.8480880290915712e-5,-1.84974574841645e-5
0.00017727829405828372,-0.0002911311634723227,-5.020509973671012e-5,-5.025012902635682e-5
-0.0014618733989942114,0.0003325033298096886,-1.1699284512318731e-5,-1.170977493275607e-5
-0.008587572305467818,0.001303094154993816,1.1530684577891792e-5,1.1541022649842525e-5
0.00027107724650209255,-0.00033287969336729637,-2.774704559047328e-5,-2.7771921689784582e-5
0.0008332858103638847,-0.0005889124367277276,-9.272629813804117e-6,-9.28094194459018e-6
0.0007659112879695311,-0.0006571139273337928,-1.0595117252429718e-5,-1.060461401027343e-5
-0.0002903534469964312,0.0003007607625230622,-4.420536406052267e-5,-4.4244983192441983e-5
0.004665300256052241,-0.0008533971271755862,6.3789146674592765e-6,6.384630551163874e-6
-0.0021708685297799546,0.0012217103132999734,4.533937312948278e-6,4.537999726132624e-6
-0.0015686176580732097,0.0035532028040792412,-4.3886293742373056e-5,-4.3925613967505665e-5
0.0008639792989280625,-0.0006274858753052801,-6.525152576911477e-6,-6.530997778656736e-6
0.0005579729270645762,-0.0005806478025347412,-1.4954145989514944e-5,-1.4967540713562447e-5
-0.00027967044701989905,0.00028668741907089153,-4.3303406210884627e-5,-4.334219013373133e-5
-0.005654433044068971,0.0015469213497283638,9.710043482414348e-6,9.718738438257633e-6
0.00043389673617987847,-0.0006390508095918085,-1.2519855175499787e-5,-1.253106570161023e-5
-0.00042009692233051764,0.0012885418030743189,-5.084027030063541e-5,-5.088579052600855e-5
-0.008034111211514743,0.003427884607207434,3.2209971147746176e-6,3.223880307801157e-6
-0.0016707132600415205,0.005977555597127883,-3.7250628676231324e-5,-3.728397140728361e-5
-3.668372390115388e-5,1.1020397030824288e-5,-3.557789100861941e-5,-3.560973137409122e-5
0.00037476709045742353,-0.00023921532538347375,-1.861674306287221e-5,-1.863340159646557e-5
0.0009266807393063584,-0.00044189969089709647,-1.0514095599810321e-5,-1.0523502685881353e-5
-0.0015506455015931195,0.0007860047930355054,-2.381527910724502e-5,-2.3836584821527258e-5
-0.0010890248323905938,0.0002896418179532333,-1.1764197623544683e-5,-1.1774720711823733e-5
-0.0014106349335590836,0.00030807526569032347,-1.1024444899231088e-5,-1.1034305201101745e-5
-0.010982281847123151,0.001713052649993499,1.0752719814146329e-5,1.0762336025316131e-5
0.00023556549414387832,-0.00032061763493035193,-1.872835833229371e-5,-1.8745106517131108e-5
5.925556020176938e-5,-9.429167382709427e-5,-2.166389751761052e-5,-2.1683268906275325e-5
0.0003519474513087859,-0.00037201627811362303,-4.424521437073528e-5,-4.42847731332984e-5
-0.019931436088628896,0.0029703465468992898,1.7474475878492362e-6,1.749009581967359e-6
-0.0017038277269045099,0.004638651659095331,-4.429351989505215e-5,-4.4333111480114525e-5
-0.0011489564784553728,0.0008782407545742353,-3.446943296842203e-5,-3.450023750991888e-5
-0.006776933130484562,0.0018692719152373933,8.995088503381853e-6,9.003125910223484e-6
-0.000910661454505317,0.0015405139827060303,-4.718170700896433e-5,-4.722386362736057e-5
-0.00789321874817614,0.0036914574796636903,-4.7054099132914e-6,-4.709613358035883e-6
-0.001629061203710365,0.012898143551747834,-7.254446390334409e-5,-7.260926762028457e-5
-0.0008594280330234342,0.004360914938519771,-3.383679795320077e-5,-3.3867022116707337e-5
-0.0010701330020127025,0.0036082417768357514,-4.816427563006344e-5,-4.8207292848348836e-5
-0.006416133154635449,0.003751646476706161,-3.894875375583445e-6,-3.89835320500789e-6
-0.002013757371135092,0.014877400907044707,-4.572358154378406e-5,-4.576440797773978e-5
-0.0001887714459858881,0.00020032698248092669,-4.457541582775166e-5,-4.4615208640694056e-5
-0.010037521827172687,0.0026649670580878603,6.529544416572657e-6,6.535372230792634e-6
-0.001174471714756984,0.002693701778453184,-4.887059590221764e-5,-4.8914212785526036e-5
0.00012242927000354916,-6.351076531449977e-5,2.3413731286289983e-6,2.343462359908107e-6
0.00012948590106408848,-0.00017818283459713506,-2.4233913006237768e-5,-2.4255535735022443e-5
0.0009446219692725703,-0.0008266946690910758,-6.449116266893698e-6,-6.454869816045144e-6
-0.00028693056216298496,0.00037215022710181253,-4.5933197978543324e-5,-4.5974173859893513e-5
-0.0023447581050503206,0.000880080409954577,7.768217079570097e-6,7.775145587788186e-6
-0.00019633530379178034,0.00025882231028684474,-2.474337651158744e-5,-2.4765444089301656e-5
-9.771909240785997e-5,9.917412810098942e-5,-4.430387056082335e-5,-4.4343378741098385e-5
-0.01519731891215971,0.003228909039758634,1.8572738658769135e-6,1.8589297518698464e-6
-0.000801184739604974,0.0025005176151469606,-2.8678581024945396e-5,-2.8704149167711835e-5
0.0005846254861720139,-0.001258446267437372,-4.9709359200868066e-5,-4.975367201825342e-5
-0.013456050124846837,0.0029158166961436595,4.915376026430688e-6,4.9197565208764535e-6
-0.00044294717333355575,0.0011624414899959574,-2.1598219335434928e-5,-2.1617466642514228e-5
0.0020908187841294145,-0.007321776064874373,-3.606032594383579e-5,-3.609245851482027e-5
0.005157691579846244,-0.0009674448014684883,4.0764385135369e-6,4.080069629712902e-6
-0.00046432395381090037,0.00023149192503051335,4.462882242696516e-6,4.46685731384134e-6
-0.00034904873564434527,0.0005193519229549754,-1.008270043439698e-5,-1.0091680516138832e-5
-0.0008962355636842434,0.004300607502316261,-3.577807521931633e-5,-3.580993894875296e-5
-0.0008537452940439105,0.00396390230420895,-4.263447669970199e-5,-4.267244322286645e-5
-0.0013456843860593373,0.007845684762567017,-4.1685236008550124e-5,-4.1722354528491645e-5
0.000571883821201648,-0.0004672395417933027,-1.886566452365091e-5,-1.8882459289043822e-5
0.0008921181365015922,-0.0005838098074273854,-4.467959422960741e-6,-4.4719364892334914e-6
0.00017833978913717126,-0.00020768697197412142,-3.126640766598457e-5,-3.129423661170616e-5
0.0007323258235427906,-0.0003871101438777567,-1.2899254069681907e-5,-1.291073355905574e-5
-0.00016679880072833478,8.423091673034787e-5,-1.826875385414947e-5,-1.8285010185017023e-5
0.00042164900106170483,-0.0001552835624617839,4.531211955086827e-6,4.535243555776512e-6
0.0009974681863753614,-0.0009070729806018998,-6.854802979942741e-6,-6.860901573322987e-6
-0.0005958622728108029,0.0008390031550646821,-3.8303230382835736e-5,-3.833730542887148e-5
3.436139063570519e-5,-2.0194467423533036e-5,2.3200386526753604e-6,2.322102267276141e-6
2.497262643872817e-5,-4.5422773755117554e-5,-2.0869516691484096e-5,-2.088807847942397e-5
-0.00012919047043765113,0.00021602263453458594,-2.2043692757771645e-5,-2.2063296960546728e-5
-0.0003040028859179485,0.00047585067593805845,-2.384936591817556e-5,-2.3870573806250406e-5
9.466278832402802e-12,-4.336119520544343e-10,-4.812648374889093e-5,-4.816927520135718e-5
-0.007980237480150035,0.0017182006531413939,-1.1541459702452313e-5,-1.1551719373645337e-5
-0.0020710161127638423,0.01586638171503723,-4.597611548490529e-5,-4.6016984616043694e-5
-6.51707750945453e-5,8.231000271690257e-5,-2.1662731303906006e-5,-2.168198421449321e-5
-0.00014731423825582884,0.00022319521441674711,-8.914308019273075e-6,-8.922229839231232e-6
0.002247903848091238,-0.009449561716514924,-2.7840202672155325e-5,-2.7864941870256924e-5
0.005430176188950157,-0.0009886420586973082,3.249573780834782e-6,3.2524602853629994e-6
0.0009033028449727335,-0.00042127935246417405,-1.0846300657610742e-5,-1.0855934446928254e-5
-0.0003443912101013444,0.00016925472354676705,4.143636487071656e-6,4.1473165434219745e-6
0.0004842857902190659,-0.0006408390586047959,-1.6665503497063995e-5,-1.6680303601821034e-5
-0.0005478121456425469,0.0007630324290798234,-4.091731973351922e-5,-4.095365371157991e-5
-0.001105840765139332,0.0005975416302732385,-2.3642346595274492e-5,-2.366333717111506e-5
-0.01166017231026922,0.0034427335879131386,-6.336742882149298e-6,-6.3423681418827676e-6
-0.001834503550484427,0.012059405440942078,-4.2450002171328216e-5,-4.248768497251183e-5
-0.0004103753612987184,0.0004197727928691123,-4.2001505817991116e-5,-4.203878246855079e-5
-0.0025093839514360346,0.0007697459143083012,-1.7836360029950216e-5,-1.7852187034963436e-5
-0.0009555248295153286,0.00019319376295546034,-1.6010749787699343e-5,-1.602495495790563e-5
-0.0014611427526304256,0.010983562259585591,-4.979971660381938e-5,-4.9843899379080674e-5
-0.0007742509003440163,0.002377449075015401,-2.827936876394284e-5,-2.8304455550535895e-5
-0.0015804430982435775,0.003482754953209552,-4.377207620413718e-5,-4.381090225151214e-5
0.0006534674705907759,-0.00045603153390176104,-8.537169916501584e-7,-8.544741071367926e-7
-0.0005644182771008627,0.0008186806217820301,-4.3294877023534575e-5,-4.333327036127173e-5
-0.007313616401064703,0.003648205235445023,6.329117717334706e-7,6.334729313649376e-7
-0.0008469757180761458,0.003866928131388227,-3.26466721466592e-5,-3.267561670515521e-5
-0.0007637142111366885,0.003183395479873862,-2.946910056657133e-5,-2.9495225379258226e-5
-7.733059936618974e-5,0.00025588225539421486,-4.7601089173396735e-5,-4.764328403646126e-5
0.00022151931991511373,-9.590415575957221e-5,3.1088328766058014e-6,3.111587881643531e-6
-0.0008275845088786527,0.0008578946822941982,-4.489878700745411e-6,-4.493857305579325e-6
-0.0008167417141474965,0.0035571881386995997,-4.079301668929934e-5,-4.082916271468786e-5
-0.0011034335504826903,0.0066355193509156606,-4.146486660838244e-5,-4.1501605372664325e-5
0.0004635653459760258,-0.00034041523865843833,-1.9855425075622974e-5,-1.9873012846837117e-5
-0.0007345364033899126,0.0003973017362239224,-2.2106726383939615e-5,-2.2126306100263014e-5
1.7231184754986085e-5,-5.0947717370928875e-6,6.359609791840862e-6,6.365241729387288e-6
0.0008592201684615493,-0.0008289305311421412,-1.0949120537017186e-5,-1.0958816265003515e-5
-0.0007259875873432609,0.0009421132009469024,-1.1673973517219512e-5,-1.1684310224774131e-5
-0.0014707750734032693,0.011181997130842607,-4.511580509447416e-5,-4.515575117866219e-5
0.0006772043332928436,-0.000546179890895034,-1.3934442192372395e-5,-1.3946776776014213e-5
-0.000741257270299121,0.0006096412385001168,-3.8149527004409333e-5,-3.8183293131786805e-5
-0.01957243522911395,0.0028756671310739873,-3.3225086165562285e-7,-3.325448771752561e-7
-0.001713045616676974,0.005099191168722776,-3.620606651491153e-5,-3.6238105115170326e-5
-0.0005328681226042931,0.000722241487073513,-9.498396836475462e-6,-9.506800679550935e-6
0.001860127038527818,-0.00947091478122369,-2.67073671378958e-5,-2.6730995673593602e-5
0.0033794873502260895,-0.0007612953107687387,5.383195404568222e-6,5.387956199277212e-6
0.0008120168477709276,-0.0005217760608397989,-1.190208110838252e-5,-1.1912606403337721e-5
-0.00022873971892802445,0.00015823053836750773,1.2982276058773281e-6,1.2993755482558715e-6
-0.0014217430518835088,0.002864822612780537,-4.456137892664561e-5,-4.4600779586450414e-5
0.0008171989725295619,-0.000514662253667077,-1.1940591499151745e-5,-1.1951147320760821e-5
0.0004905177539890507,-0.00032278851102754413,1.9531088821718164e-7,1.9548353206367343e-7
-0.0007618405627659354,0.0011380498792952325,-3.6696216217887245e-5,-3.67286514846428e-5
-0.004445985964221257,0.003116877060826828,-1.9265476042799452e-6,-1.92825019778567e-6
0.0020188675294541903,-0.010584696986411143,-2.3253968910515885e-5,-2.3274518912673042e-5
-0.009006424677525908,0.0018824412165418707,8.47900821991319e-6,8.486498337597004e-6
9.455136749725457e-6,-2.018717136698336e-5,-2.100925253603845e-5,-2.1027810796616397e-5
-0.0008766268945029847,0.001412891522009685,-4.051708207071305e-5,-4.05528688150577e-5
0.0006471908487517358,-0.0004088427314375996,-2.414791316141131e-6,-2.416923835503487e-6
0.0006162802255944477,-0.0007022179269274444,-1.4910501273579213e-5,-1.4923667869757275e-5
0.00028338521492333606,-0.0003744876634081984,-1.836218093644516e-5,-1.83783940129093e-5
-3.844998237759685e-5,2.6337957568025654e-5,-2.443925785721923e-5,-2.446083462541654e-5
0.0009481782368765879,-0.0009024957719172374,-4.382306040683476e-6,-4.386174613695108e-6
-0.001783357380745866,0.004226754424840732,-4.143125825342371e-5,-4.14678303206918e-5
-0.00017627366257465395,0.00012784684088190405,-2.7918006374599497e-5,-2.794264589538518e-5
-0.005052697332057174,0.002328992114219132,3.91499444624614e-6,3.918449233790855e-6
-0.0008622308839295399,0.00243612566412899,-4.9232025925493034e-5,-4.927546897449415e-5
-0.0020340109560640783,0.0009411335063014678,5.501167209096641e-6,5.506020350721296e-6
0.00019565631171093576,-0.00034231439379747437,-1.977031959614348e-5,-1.9787760133393314e-5
-0.0006787005260884332,0.001379743514345159,-5.0930765080102884e-5,-5.097568996619954e-5
-0.0004499602807362347,0.000161682287053646,-1.3403723006110074e-5,-1.3415543329134265e-5
-0.0032702498358471483,0.0009199616937600682,8.733927495975961e-6,8.7416288474445e-6
-0.00021627960413992775,0.0003088148035911354,-9.055021917361159e-6,-9.063006011292556e-6
-0.0017431921347390862,0.007674545620789964,-4.0791859935899917e-5,-4.0827825462386176e-5
0.00039837684833167437,-0.000390268547791765,-2.3604525932117115e-5,-2.362533336258343e-5
-0.0018930069896853543,0.0012415907475900464,-3.280035669668934e-5,-3.2829266827157266e-5
-0.008482848509087506,0.0016435907090215159,9.029536901010112e-6,9.037494183146463e-6
-0.0005241114587129472,0.0007471340215995746,-4.453721470852188e-5,-4.457646157225503e-5
-0.001372555726684621,0.0006170993486950719,-2.005310202491748e-5,-2.0070769913204455e-5
0.0025163951200801457,-0.0006684556221281678,-5.10616553430524e-6,-5.110663792051187e-6
-0.0026917869638102263,0.0010295321904100357,-2.182624598492248e-5,-2.1845472064932173e-5
-0.017388874199791085,0.0023601736541501274,7.070080437516621e-6,7.076307364147015e-6
0.00022155597061795056,-0.00037751764120872995,-1.9621752417871454e-5,-1.963903355907436e-5
-0.00050833407619617,0.0010530170934169212,-1.7626651013956343e-5,-1.7642173625099342e-5
-0.0017994099782901692,0.008771070357504095,-3.870536498022676e-5,-3.873944807979434e-5
3.9933866231492594e-5,-7.695206702643955e-5,-2.6852793549554335e-5,-2.687643518116837e-5
0.00022782270557512505,-0.00020220733145374524,-2.3303692818098414e-5,-2.3324207243946497e-5
5.330779882498679e-5,-2.8748811325031145e-5,2.175006642362118e-6,2.1769210882068456e-6
0.0008785777389570069,-0.0012483633088049438,-1.3832551422964753e-5,-1.384472611916888e-5
-0.0010373084497964009,0.002319786726825729,-4.965799707224824e-5,-4.9701700109200855e-5
0.0007156499712574854,-0.00032153983495216933,5.960461564239123e-7,5.965706104139731e-7
0.0006645337353065972,-0.0006017256758169835,-1.349402903868939e-5,-1.3505901426184427e-5
0.001163714781249831,-0.0011395815543153714,-5.7978536731084185e-6,-5.80295429036543e-6
-0.00021290566305719562,0.00045405383541213335,-2.2961104457717455e-5,-2.298130297347565e-5
-0.0012141956494929858,0.002510994990422194,-4.8030734210468647e-5,-4.807298198130666e-5
-0.0058377989676701115,0.002925816946907744,1.982833540232368e-6,1.984577286208676e-6
-0.0008076368207242326,0.0030049106167611512,-3.426097653669657e-5,-3.4291105211140324e-5
-0.0014324961914379936,0.008517657528994629,-3.7274330200168345e-5,-3.73071064992015e-5
-0.000862090055799329,0.0016931034859144413,-2.811101722484648e-5,-2.813573226212374e-5
-0.00019269657359810577,0.00024252663363069177,-2.552721494537785e-5,-2.5549655686747585e-5
-0.0004404190576984347,0.0004182916782661705,-3.739974008188508e-5,-3.743261401148615e-5
-0.0004948954736285931,0.0001841766577714423,5.757695669988062e-6,5.762755804150331e-6
0.0004046033368353859,-0.00046109567965632397,-1.7199598579904345e-5,-1.721471351367666e-5
-0.00043091449320593715,0.0004617577219259778,-4.299404693909115e-5,-4.303182619938326e-5
-0.0004844254385525459,0.00013759101989973415,7.54469160363259e-6,7.551319946267314e-6
0.0008313125997142017,-0.0008246727121401928,-5.115421330162608e-6,-5.119915202947142e-6
0.0014929146833990786,-0.00392502307093732,-4.138619793753391e-5,-4.1422553349648374e-5
-0.0007484104215873894,0.00015130253719965452,-8.836048424190484e-6,-8.843807842693683e-6
-0.013842272999650827,0.0024485256172016487,5.2382779791880355e-6,5.24287754516738e-6
-0.0015419939941430383,0.0032268034209261623,-4.391984731212552e-5,-4.395841066470282e-5
0.0006936771854135638,-0.0004544005384084526,-2.888989855793812e-6,-2.891526049846076e-6
0.00024157233294125671,-0.00029894136387928786,-1.9275994747106058e-5,-1.929291556876704e-5
-0.000407853825053356,0.00041778571905197573,-3.8932992925098844e-5,-3.896716551040534e-5
-0.009599636804855727,0.00373311848522522,-2.844743868277227e-7,-2.847240366170701e-7
-0.00040528369891781315,0.0017613320192792032,-4.310052571965288e-5,-4.3138348855657956e-5
0.00021756813565681953,-0.00010612287786139835,1.8567626094477386e-6,1.8583915752872413e-6
-0.0004561359475410206,0.0004903368227119635,-4.1625252404058085e-5,-4.1661768468904904e-5
0.0009030229456165284,-0.0003038670433925523,4.119287756261663e-6,4.122900793969687e-6
0.0005994843632678387,-0.0005209006739204074,-1.546083069369956e-5,-1.5474390555953268e-5
-0.001254583807105736,0.001046350646568479,-3.677147702416771e-5,-3.6803724097028776e-5
-0.009525775736578417,0.0025410605028207823,5.049534131381414e-6,5.053961623774696e-6
-0.0006751075051387844,0.0016967019250845056,-2.2131106723402816e-5,-2.215051085573094e-5
0.0007365706035458027,-0.0037127931913123113,-3.733308082986645e-5,-3.7365811570768595e-5
-0.009544432183126117,0.0033527462614255784,-6.9319642145832075e-6,-6.938039628028336e-6
-0.0012817123279041489,0.009783739968514548,-8.993809614100105e-5,-9.001691898245563e-5
-0.002018813852118601,0.014241135342842876,-4.3806006254793104e-5,-4.384439694570274e-5
0.0005404016556363306,-0.0006329589111845373,-1.587074557682042e-5,-1.588465152435922e-5
0.0008275449591685843,-0.001059306956608627,-1.4397536421625099e-5,-1.441015036947289e-5
-0.0009521384470940668,0.0015654266880489962,-3.857042915223446e-5,-3.8604218569033097e-5
-0.0017656599310511142,0.0012358210113386594,-3.3805399258952714e-5,-3.38350097233542e-5
0.003379738906326904,-0.0007242980868607733,5.780504680953058e-6,5.7855670431622815e-6
-0.00043947980643004503,0.00029495533752975714,1.1423656834232297e-6,1.143366065812409e-6
-0.0010556037974190152,0.0022558568092802237,-2.9197790061804284e-5,-2.9223357510990096e-5
-0.00039609856934181,0.0005345087164681987,-3.092917403943627e-5,-3.095625436932199e-5
0.000758220344647768,-0.0006307808065184405,-1.1837617498528834e-5,-1.1847980675416304e-5
0.0009005568418121698,-0.0008733576491345972,-1.1099630941088961e-5,-1.1109347168872273e-5
-0.000451349400774495,0.0005444532914486468,-4.058412599456703e-5,-4.0619648906030064e-5
-0.007981710269705879,0.0036054538102247365,-2.2553533093159163e-7,-2.2573270715041619e-7
-0.0016318355283930787,0.007211442921486957,-3.5153709162006076e-5,-3.518447274074571e-5
-0.00034543001144515177,0.0005085915254497722,-2.492142010864276e-5,-2.4943225786056835e-5
-0.0003906647585522581,0.0004285752486830908,-3.8677592005752176e-5,-3.8711430225573445e-5
-0.0006473673167260284,0.0002874056204331588,4.626270010969537e-6,4.630316789597192e-6
-0.0004686006943478607,0.0005960789690284516,-4.353171402263166e-5,-4.3569790740542485e-5
-0.009257762487121884,0.0036975444906553303,-4.994531224604131e-6,-4.998899102948648e-6
-0.0013032957254457285,0.008749125924258349,-4.251251733829662e-5,-4.25496948775399e-5
-0.0007553665969499352,0.0021983012824692565,-2.5255414249307645e-5,-2.5277497579045887e-5
-0.0005593614968066188,0.0027838033030159626,-4.173899519844357e-5,-4.1775489158876584e-5
0.0010083812170616812,-0.00055640057491413,-8.991250280680923e-6,-8.999109522252437e-6
0.0008396711310483952,-0.0005641029511941866,-1.0608075246821148e-5,-1.0617346918991357e-5
0.0008979241129770465,-0.0006955209167392951,-2.3543390098048024e-6,-2.3563965614649056e-6
-0.0002002031622070278,0.00037320776849986457,-4.918842401516497e-5,-4.923140904615423e-5
-0.010976931735097336,0.0025267841429594236,-8.893055838285021e-6,-8.900825365980581e-6
-0.0016567648209054398,0.0104197405554841,-3.926084703588579e-5,-3.929514695339922e-5
-0.00013372971718529942,0.00024200963390695837,-2.2301051552341554e-5,-2.2320531617101946e-5
0.00034324550814431243,-0.0005955942782812238,-1.8429282267668893e-5,-1.844537874889687e-5
-0.0017332169195004223,0.0040509889586108445,-4.364974012457463e-5,-4.368786144645984e-5
-0.0018578517483415825,0.0013257556931222038,-8.067240245301347e-8,-8.07428442219879e-8
0.002020130734182241,-0.006202711433490864,-3.544899959005523e-5,-3.547995182384123e-5
0.004432174119291361,-0.0007173760846262267,6.383242575442354e-6,6.3888141426022535e-6
-0.004471452428439377,0.0027179827849520928,-9.150131265857778e-8,-9.158117430875792e-8
-0.001749953401028556,0.007064255703846312,-4.175787016509364e-5,-4.179431466676329e-5
0.0009260022186488819,-0.0007812427505973681,-7.482540903916031e-6,-7.489069991846337e-6
0.0008581350516183943,-0.0011177800702001641,-1.4473175795452495e-5,-1.4485803759568118e-5
0.0005737713634559142,-0.0009826222578976664,-4.632574255088183e-5,-4.636615878980703e-5
-0.008428027608743678,0.001398384855721239,9.073142609823023e-6,9.081056160714715e-6
-0.0004856890830436425,0.0006658317645543131,-1.0510958104383663e-5,-1.052012533779057e-5
-0.0009766007359815695,0.005293572891569633,-3.524144670188144e-5,-3.527218136749287e-5
-0.0007180006971706073,0.002269057742361055,-2.7547529357824335e-5,-2.7571551289613624e-5
-0.00037542184633363856,0.0009743682028747169,-2.2019732004991422e-5,-2.2038931537784195e-5
-0.0019451020618207278,0.00647645475375544,-4.1338388105448525e-5,-4.137442904812718e-5
0.0006762422555278474,-0.0006419762179626735,-4.631413598870449e-6,-4.635450783542603e-6
-0.0015468503850682752,0.004435738235923021,-3.338255997976447e-5,-3.3411657802823546e-5
-0.0006924784229759138,0.000997085016871046,-4.747320000919179e-5,-4.751457433632367e-5
0.0003031967489383909,-8.374298050507165e-5,-1.1241823775928962e-5,-1.1251619342811338e-5
-0.0026909777068743353,0.000836417261892485,-1.8284341867916252e-5,-1.8300272350893785e-5
1.420111595256249e-5,-2.102986354800406e-6,8.892481850279822e-6,8.900228536066014e-6
-0.0013570061430262439,0.0010053728190555279,-3.296316591859182e-5,-3.2991880344220654e-5
-0.0021613196424068453,0.0006299970980251843,-1.650487519427606e-5,-1.6519250493612793e-5
-0.010369106299801185,0.0015171990151620573,8.915402721471568e-6,8.923166836522515e-6
-0.0004814869514418601,0.0006581510016459859,-1.0546719435028892e-5,-1.0555903845912597e-5
0.0026213124298571982,-0.014008877419690117,-6.266069674845177e-6,-6.2715260975899255e-6
-0.007082064202360547,0.0009848687134179069,9.592963934179022e-6,9.601313766497884e-6
-0.0005859485171763114,0.0006139690638918455,-4.3335619493499655e-5,-4.337333772132813e-5
0.0055346156638587255,-0.0010159390233459914,6.942643973689847e-7,6.948685414997548e-7
-0.001056011458126148,0.0004546108790999634,-1.8200733893484194e-5,-1.8216570907271737e-5
-0.00025746111270942394,7.40821070518175e-5,6.773375073168789e-6,6.779268110685068e-6
0.0010474611399597777,-0.0010539818279495547,-1.0737179887758471e-5,-1.0746521037786716e-5
0.0004457854318776779,-0.0006411045116567443,-1.7843177627426492e-5,-1.7858699609516753e-5
-0.000701731452958878,0.0011191019860995635,-2.9235770135397207e-5,-2.9261200369768764e-5
0.0005059128416244186,-0.0005351142372097316,-1.6057078828472394e-5,-1.607104408266379e-5
-0.0013665129172840077,0.0015129076498397495,-8.239167196624842e-6,-8.246332327570435e-6
-0.0015042259965819015,0.008919844018177497,-4.0577226391594946e-5,-4.0612512559109464e-5
0.00040805980630804264,-0.00033656002224250365,-2.1438281256153814e-5,-2.145691960612694e-5
0.0009687687039599497,-0.000569186281446563,-6.268233553894561e-6,-6.273682508505988e-6
0.001068818115645153,-0.0008988191269340909,-7.990696077477596e-6,-7.9976417928166e-6
0.0011475971197150393,-0.0014501236183108502,-1.137878603048099e-5,-1.138867598214827e-5
-0.0014748279168369494,0.0034384447821378806,-3.24490197268413e-5,-3.2477221037855175e-5
-0.0004954883143398643,0.0006127647775586388,-4.3625440842924926e-5,-4.36633505896274e-5
0.0020250956848900294,-0.0007345274765265427,-3.881163562363326e-6,-3.8845356129967e-6
-0.0016528685180005856,0.0009275395493070354,-2.5835308326731123e-5,-2.5857752868892747e-5
-0.008121312706771532,0.002218487771243369,5.29983514613164e-6,5.304438783069166e-6
-0.0008696567567138043,0.0019005901407808732,-2.7779744074436843e-5,-2.780387371988621e-5
-0.0009471771076225402,0.0014809171904431142,-3.6937591622293096e-5,-3.6969672217085914e-5
-0.0019853037786410088,0.0014190078123412714,-5.497031973195977e-7,-5.501805477472082e-7
-0.0007624861157420308,0.0025843471307230607,-3.253493768560306e-5,-3.2563189056988644e-5
-0.0003226729146379803,0.001986716500412596,-3.814825525374005e-5,-3.8181378739250356e-5
-0.0009621759635290356,0.0005064037622483313,3.165183889583603e-6,3.167931361235545e-6
-0.00021322554944444954,0.00038821412277619585,-4.8582472970114323e-5,-4.8624641735709475e-5
-0.007499375945967444,0.001632878490044523,7.55244628831529e-6,7.559000024589805e-6
-0.00011845966935799809,0.0001814469195458077,-2.2019056931008475e-5,-2.2038163506444456e-5
0.0007181772862215754,-0.0010543801235952165,-1.3814953937203615e-5,-1.382694037408928e-5
-0.0020355073397006185,0.005674970082368889,-3.960522312596977e-5,-3.9639583892707294e-5
0.00048355571128232627,-0.000482176739253629,-1.6705659932314446e-5,-1.6720151074808807e-5
0.0011093470811991554,-0.0010677993453479533,-9.861508546016825e-6,-9.870061963285857e-6
0.00015133332393959834,-0.00022421562943678153,-1.9824665673763706e-5,-1.9841859312906193e-5
-6.018663790445458e-5,0.00012250155532869594,-1.1679331057205336e-5,-1.1689459388286855e-5
-0.0005497182937518231,0.002402307358354528,-4.243115932871926e-5,-4.2467953646388954e-5
-0.0006838148679755177,0.0003422097158884056,-1.9875796787578003e-5,-1.9893027490273374e-5
-0.0016988547814047771,0.0005849542414267521,-1.648835239200412e-5,-1.6502644782553002e-5
0.003851211710058485,-0.0008646791523076104,3.929949233068896e-6,3.933355390806996e-6
0.0005062321595832014,-0.000313331097617107,-3.874104016290824e-7,-3.8774615557281714e-7
0.0008947269221399408,-0.0012794544868643277,-1.43724407876565e-5,-1.4384896057576398e-5
-0.0018232007348244832,0.0041724095834783275,-4.194046983967798e-5,-4.197681304551921e-5
0.0005647276742704756,-0.0004413432520529314,-1.7503914025246666e-5,-1.7519079330939346e-5
-0.00041563812720726086,0.0002836944227257053,3.6752199453178944e-7,3.6784038077669395e-7
-0.001187608079379906,0.002650492554360893,-4.878246998759498e-5,-4.882472826176004e-5
-0.0027827631422879043,0.001273497448569888,-2.4931453978870883e-5,-2.4953046452922878e-5
0.004776462660369901,-0.0007704550966078823,-2.5784317161890213e-6,-2.580664503896525e-6
-0.0015127234760146388,0.0004742535276959744,6.600181274360697e-6,6.605896243117811e-6
2.07582655831125e-5,1.36864694171869e-6,-8.221021557430872e-6,-8.228139607323013e-6
-0.0015813000599338416,0.00648062047594046,-4.243851234262214e-5,-4.247525519428986e-5
0.00047133924180038715,-0.00036018814414349185,-1.9335354288411512e-5,-1.9352090950463788e-5
0.000581297560671635,-0.00034444036143607264,-1.3559707031280927e-6,-1.3571443020003245e-6
-0.0004925887864395402,0.0005636389424438564,-3.9139654152709234e-5,-3.9173527402110305e-5
-2.0058632860150742e-5,1.1424949835705817e-5,-1.5543845786868236e-5,-1.5557295980708916e-5
-0.0063392614556020575,0.002344468164864304,3.862085187336427e-6,3.865426721006093e-6
-0.0012054334541914413,0.00309435678054089,-4.838100559589123e-5,-4.842286396889211e-5
-5.140712346989965e-5,2.61651465041758e-5,2.5105573786643956e-6,2.5127289866023353e-6
0.00036127125513898804,-0.0004705045013272542,-1.7980252095815273e-5,-1.799580390599795e-5
-0.00031179040078192674,0.00038176894194027594,-3.6480977267846775e-5,-3.6512528101838625e-5
-0.0013741793387468003,0.0008084988051787006,-2.5971389947016726e-5,-2.5993848153636926e-5
-0.002295121707298792,0.0007051237136765283,-1.7324827326985422e-5,-1.7339806618565643e-5
0.006753603783722765,-0.0010231329305247444,2.0653851324453204e-6,2.0671706727718996e-6
-0.008145499221172513,0.0035173513707130555,-5.797058159764951e-6,-5.802069422052007e-6
-0.0018123204749594852,0.012623084377350324,-4.217572180704396e-5,-4.2212179572078624e-5
-0.0013049436905919196,0.0024171665553526624,-3.367829234079782e-5,-3.37074002157205e-5
-0.0006038001799010582,0.0006085043649118161,-5.241283827661579e-6,-5.245813213548761e-6
-0.0019406363273241612,0.007776976796352218,-4.041738955487278e-5,-4.045231557159235e-5
-0.0009909857919019865,0.0009026181341734347,-3.630967237158702e-5,-3.634104264735242e-5
-0.004352342145206243,0.0014754977365808004,6.15327094200406e-6,6.158586313754225e-6
-0.0004720088646999725,0.0008980015088355444,-1.7757142188228757e-5,-1.7772480641961265e-5
-0.0003777619721319302,0.0022279902373448174,-3.818043633460894e-5,-3.821341449064272e-5
-0.00043832936563221596,0.0002184995665051939,-1.8950555265623347e-5,-1.896691890784695e-5
-0.00016815453335327135,6.041146003719619e-5,4.84227903953593e-6,4.8464598308626695e-6
0.00016575080664973504,-0.00020509560051390995,-2.698606983464256e-5,-2.7009368089213232e-5
0.0009201632535871046,-0.0006335910167505468,-7.569400847618941e-6,-7.575935040192378e-6
0.0002476198240018387,-0.00022709318543922234,-5.050980976043255e-6,-5.055340818669862e-6
-0.000744099354835488,0.0024828707390923206,-3.247483844193748e-5,-3.250286817379773e-5
0.0007942515934731143,-0.004968596516553754,-2.915458142795375e-5,-2.9179743774636708e-5
-0.008403628252159297,0.0027100167427014966,-9.074477224009189e-6,-9.082306340712544e-6
0.0015900002314925346,-0.012324750059908011,-1.2428263343253356e-5,-1.2438985722075692e-5
-0.006115721980686102,0.001230261610946982,7.87385199408633e-6,7.88064224376626e-6
-0.0001044342989862981,0.00014982308558680687,-4.6936426748861007e-5,-4.697690210395482e-5
-0.009109245698436663,0.0018180970148322703,-1.1046278256201218e-5,-1.105580172959206e-5
0.00035214715751920046,-0.0022020853343060606,-3.336407837495723e-5,-3.339284234928383e-5
-0.00879645823630517,0.0033679720993765217,-6.179723616053748e-7,-6.185049542346192e-7
-0.0010779467052024036,0.004414692821970737,-3.109529047346305e-5,-3.112208876494174e-5
-0.0013638958974603415,0.0030098247710193156,-3.117501536876349e-5,-3.120187900944464e-5
-0.00016259026383816654,0.00018321064326323942,-2.8723540082632943e-5,-2.8748288190748e-5
0.0003763854958192885,-0.00032458490480234334,-2.186592246784868e-5,-2.1884759736741318e-5
-0.002208020104772888,0.001348158417256112,-3.147730618952887e-5,-3.150442049936339e-5
0.006635774085409748,-0.0010537598999358563,2.987608041054112e-6,2.9901811160500286e-6
-0.0017283371853073397,0.0008329497542186437,-2.2509714017291307e-5,-2.2529099243037664e-5
0.0037675850904868007,-0.0009626135960888567,-1.4761440958307383e-7,-1.4774151825765114e-7
0.0010915671194555215,-0.0005785740222608231,-8.702329306766879e-6,-8.70982220976674e-6
-0.0007724282213270541,0.0005175266264647078,1.668218040968745e-7,1.6696542949015357e-7
-0.000325628524397419,0.0008391428206110597,-2.2550240205197332e-5,-2.2569653815307735e-5
-0.0015008097783009292,0.004655422182023827,-3.274721078215701e-5,-3.2775400628743346e-5
-0.0006753631650916021,0.0010595285991080873,-2.82695992740057e-5,-2.8293931461280152e-5
0.0012705678148664764,-0.0013483479759979066,-8.68486239027547e-6,-8.692336727551144e-6
-0.0005717593060317407,0.0011725869558184096,-2.5519838731673602e-5,-2.5541800032614868e-5
0.00100838220614207,-0.0017047129362393722,-4.396487066448783e-5,-4.4002701050151676e-5
0.0006339995801630729,-6.460386890080454e-5,-6.556433756598242e-6,-6.562073769508034e-6
0.002192666044321494,-0.0004222510171133098,-6.750712071263083e-6,-6.756518700909691e-6
0.0008856077668197136,-0.00024014035719479695,5.6346335980989135e-6,5.6394798101283545e-6
-0.0021066850054152725,0.0018922923031952335,-8.7117368021598e-6,-8.719229129886362e-6
-0.00170703255045997,0.013862256600257495,-8.056799570702602e-5,-8.063728394738556e-5
-0.0016895971409740921,0.009326954695133886,-4.001695348457645e-5,-4.005136605718757e-5
0.0009938975765196863,-0.0008090398984156313,-6.67898366074884e-6,-6.684725930654009e-6
4.853957203775418e-5,-3.1897891390842246e-5,-1.1423778816095569e-5,-1.1433599710078539e-5
-0.0004076507305497266,0.001744681576672371,-4.187183812647864e-5,-4.1907832908162156e-5
-0.0015988033785592896,0.0007307745755368205,-2.0940267430738635e-5,-2.0958263581359086e-5
-0.01023516317698107,0.0027181091229072736,1.6009886577002223e-6,1.6023643862920962e-6
-0.0006270969157845804,0.001886961634918698,-2.4595292780354757e-5,-2.4616426818201e-5
-0.0010144414136667487,0.0038840436997099274,-4.4661620178763614e-5,-4.469999348337775e-5
-0.0022918412100991696,0.0013271708162323188,1.1991903287551305e-6,1.2002204282356583e-6
-0.0006877637173645985,0.0018183837113745001,-4.8415890084854844e-5,-4.84574772496677e-5
0.0021347857554995233,-0.0007602422986211342,-4.4567299066032966e-6,-4.460557082765932e-6
0.00011472679490356178,-6.15529606991541e-5,1.2833997870279689e-6,1.2845018067997104e-6
-0.00023865958951241374,0.000341098114669131,-2.3269717720165902e-5,-2.328969761757429e-5
-0.0005426716194106261,0.0007236244060559089,-1.2724110392069484e-5,-1.2735034451080729e-5
-0.0004512946440714019,0.0031880968782420803,-3.898677495938504e-5,-3.90202449601422e-5
0.0010278772139952735,-0.0005324151107871858,-1.0277608779105335e-5,-1.0286429451436609e-5
-0.0023625343070611837,0.0014185681235228552,-3.0274623809931684e-5,-3.0300604408169006e-5
0.005413837061236393,-0.0010729264802608015,1.387378466812678e-6,1.3885688829476657e-6
0.0005783417632952092,-0.00028406653253921506,-2.990339654339782e-7,-2.992905289764878e-7
0.00020983343800692596,-0.00024048192093727272,-2.3688450316454354e-5,-2.370877304587272e-5
0.0008652758551234084,-0.0006648726297175501,-9.878165100876949e-6,-9.886638786776458e-6
0.0002509750060181645,-0.00027387558179836434,-2.3200595775049366e-5,-2.3220496036478783e-5
-0.0004605720192483888,0.00033078618983327336,-2.6886824835572677e-5,-2.6909884352525332e-5
-0.0036870069891392315,0.0015506847159817972,3.6206927828102884e-6,3.6237976771583883e-6
-0.0008968290433251221,0.0020268628563487857,-4.965736874164358e-5,-4.9699950205835544e-5
-0.0024326459293205274,0.0008873604782659944,-1.946916720539309e-5,-1.948585821396827e-5
-0.012423029575001137,0.002286883646428233,2.797764468879276e-6,2.8001627056572646e-6
-0.0007997092420662996,0.0018266460122434494,-4.96586355128156e-5,-4.97012014294932e-5
0.0016644277512766598,-0.0005664847553199844,1.2773366097140316e-6,1.2784312430776486e-6
-0.00016499023858303208,0.00011111626620504317,-2.5202101127183803e-5,-2.5223697013925593e-5
-0.00433250192854312,0.002060747835931477,1.6427988394298102e-6,1.6442063956020965e-6
-0.0005813311485284709,0.0017785090863011689,-2.517234702822006e-5,-2.5193913935756404e-5
-0.0006743380815272521,0.0022827274272740963,-2.6533686959815965e-5,-2.6556418184046444e-5
-0.0018504300659877024,0.006169691944425464,-3.551349207524943e-5,-3.554391339911434e-5
-0.00037527472102557116,0.0004790069331011328,-3.3508768121162126e-5,-3.353746798479434e-5
-0.0011034568033008608,0.0007552867077381762,-2.8665440202625447e-5,-2.8689988443429837e-5
0.0017463778666693822,-0.0005765979999430499,-8.062586253782568e-6,-8.069489878197308e-6
0.00039052947873240433,-0.00016140602654631105,2.074733093150222e-6,2.0765094364177963e-6
-0.000544333231706286,0.0005377466148377174,-3.618990360407645e-5,-3.6220886721738735e-5
-0.007823758516231804,0.003225127220375372,-9.068792462486039e-7,-9.076555310160433e-7
-0.0011893987319422478,0.0048494866431122744,-4.2942751850617866e-5,-4.297950947101607e-5
0.00036397426299957246,-0.00021122638624364851,1.7318456985274774e-7,1.7333277445717352e-7
0.000838184694398651,-0.001237852444960869,-4.468629305862737e-5,-4.4724531537426054e-5
0.0059724107732798655,-0.0008525660166415298,-1.1117585695929684e-6,-1.1127096635886233e-6
3.94975916543995e-5,-1.2943992765452058e-5,4.486768583551088e-6,4.4906066780448145e-6
-0.00019596825336446472,0.00022773642162213066,-6.859392082090606e-6,-6.865259445185781e-6
-0.0008113624060474826,0.003302459830261331,-2.957259095124516e-5,-2.9597885397840454e-5
-0.0018489283767829635,0.006866618961673919,-3.5639794886511866e-5,-3.567027593991667e-5
0.00048029928774617563,-0.0006644649022172852,-4.513566738459479e-5,-4.51742640203379e-5
-0.010929977945439472,0.0017292668193247618,-1.0387721602924043e-5,-1.0396602189244421e-5
-0.000994867373840088,0.005217767535270867,-3.693135546688631e-5,-3.6962927816039245e-5
-0.001299158817039621,0.0050297603702220885,-4.390949034470565e-5,-4.394702462224705e-5
0.0005614674145773916,-0.00036467278098722977,-1.6370344916920746e-5,-1.6384335258396885e-5
0.0010319441478689217,-0.0005929857763019019,-6.183526211978959e-6,-6.1888102087531805e-6
0.0010204805578117593,-0.0008681091445452837,-4.244759741413487e-6,-4.2483867211605156e-6
0.0015761233806017873,-0.0035122965852408474,-3.9884952667571254e-5,-3.991903081102643e-5
0.001993425854739027,-0.000261259674811836,-5.824460588417779e-6,-5.829435516627641e-6
-0.005660616246324632,0.001271888939361406,6.858274868125105e-6,6.864132333497214e-6
-0.0005480784781107944,0.0007753280182637587,-3.423620576284027e-5,-3.4265444776004463e-5
-0.0012731475608751873,0.0009389770444477051,-3.510061434492746e-5,-3.513058745117413e-5
0.0052203281023902185,-0.0006762349662075618,-2.0449635663815478e-6,-2.046709469193958e-6
0.0029938601289034674,-0.000906078953577265,-9.412705794580376e-7,-9.420741372346237e-7
0.0004888994650826664,-0.0002880533674666431,-5.1149707856436e-7,-5.119337093304374e-7
-0.0005788935804184114,0.0008028830000219393,-4.567635050428683e-5,-4.571533898757494e-5
0.0014535882462120401,-0.0004875565970005237,2.0359628416488483e-6,2.037700365934143e-6
-0.0016607065554187634,0.0013520130059767508,-3.710368097011612e-5,-3.7135343840654106e-5
-0.010420538133511749,0.002087129059584437,3.517530364217744e-6,3.5205315597735836e-6
-0.00013969328565107883,0.00032143607000846466,-2.2534712820238902e-5,-2.255393904768802e-5
-0.001590065682543473,0.0038457272552661773,-4.652111673560833e-5,-4.656080423213505e-5
-0.0004575940042527453,0.00025296198259776233,1.5179466617762833e-6,1.5192413729167803e-6
0.0004483585882738877,-0.000761099911292605,-1.811443811244863e-5,-1.812988773776369e-5
-0.0005138395346546762,0.0013015384603761112,-4.846616067602878e-5,-4.850749376005239e-5
-0.0066151275488184925,0.0020405827971630677,3.991349701449814e-6,3.9947527418878e-6
-0.0018051153248095,0.004033860524027981,-4.356934814839189e-5,-4.360649415320551e-5
0.00044162953976694113,-0.00029950286326787894,-1.8060705757986506e-5,-1.8076101070426592e-5
-0.004207023117159243,0.0023328790457848615,-4.142413871303717e-7,-4.1459445761463795e-7
0.0010297434785086572,-0.0036592105421062583,-3.523278278836162e-5,-3.52628116224053e-5
0.003514304678046936,-0.000715477543341402,-5.2343777273485325e-6,-5.238837475245176e-6
-0.0025527477510232967,0.0008452258178939684,-1.8960649885845762e-5,-1.8976803253627783e-5
-0.0030554975429390144,0.0005142898109574774,-1.478486383671022e-5,-1.479745807903426e-5
-0.0009401231883117641,0.006304232236970667,-4.005350197669194e-5,-4.008762019867629e-5
-0.001957544613429039,0.0011852205110110272,2.1471194450891971e-7,2.1489479021038647e-7
-0.0019777671476475826,0.005446618549855391,-3.6480235584044415e-5,-3.651130019076238e-5
0.0003860420162604516,-0.00041472940673658676,-8.418008381794285e-6,-8.425175643036492e-6
-0.0011038225638986922,0.004151767314825849,-3.058224147355939e-5,-3.060827844454815e-5
-0.0014618492748279639,0.003152067988430577,-4.70996625836607e-5,-4.71397572497407e-5
0.0012478243114018468,-0.0006090877548731581,-8.292024142128593e-6,-8.299081500619997e-6
0.000766157909012602,-0.00048330836578991697,-3.2670262640094523e-6,-3.2698066002816163e-6
-0.0005276668113344023,0.0006843652297162352,-1.266841902669714e-5,-1.2679199489976487e-5
-0.002038550721807003,0.01441589782832233,-4.251064289799842e-5,-4.254681675722691e-5
-0.0006622505835800085,0.0011150825480245828,-2.6362309665827986e-5,-2.6384738728952498e-5
0.0006451420954038238,-0.0008309945034395609,-1.661591007063103e-5,-1.663004533802951e-5
-0.0002452866184702113,0.0003830843405175418,-4.735828674284517e-5,-4.739857128875002e-5
0.0005737575499234289,-0.00012068627684904066,6.562521325910488e-6,6.568102310625571e-6
-0.0013106393955828817,0.0011714946362074215,-3.8973639191271406e-5,-3.9006781965451455e-5
0.005295711971238632,-0.0008453604897472905,-2.5271265775688238e-6,-2.529275196728488e-6
0.001658076709027856,-0.0005544124429572397,1.4426544110781827e-6,1.4438808975174619e-6
0.0009415899469005334,-0.0007459843306155194,-9.632926009541384e-6,-9.64111500135149e-6
-0.0004987218626283168,0.000551245639330438,-4.2910609966724395e-5,-4.294708551520193e-5
0.005307957435025506,-0.000872874175771562,4.3814786150797925e-6,4.385202226361202e-6
-0.0029794178101738965,0.0017737926440212217,-5.120366346590195e-7,-5.124717649227165e-7
0.00040823597451947766,-0.001296085039317094,-4.118465805038154e-5,-4.121965547977626e-5
0.0016757951392604561,-0.0004084368271773724,5.2273135646294865e-6,5.23175420135897e-6
0.0004469861993472505,-0.00039006504934627526,-1.9144087721608218e-5,-1.916034984469708e-5
-0.001868765097155852,0.0013508960499844026,-3.480373638811552e-5,-3.483329767833616e-5
0.0014727612001600673,-0.0002258616806423072,-7.436246107508752e-6,-7.442561129600079e-6
-0.0012506850687444805,0.0003021650043030189,-1.241346042749633e-5,-1.2424001291248597e-5
0.003979218735182383,-0.000752934663081479,4.726665207273544e-6,4.73067843524095e-6
-0.0018944742274887042,0.0012643294573524999,-3.0877683823089654e-5,-3.090389937281879e-5
0.0025683953701241885,-0.0006604670694962477,3.6066379588094164e-6,3.6096995931640678e-6
0.0008978676852911467,-0.000668085270029441,-2.6407868095027014e-6,-2.6430284091486847e-6
-0.0011699888700746216,0.002428940095917348,-4.8608564396275625e-5,-4.864982286859028e-5
-0.0003633089441057158,0.00014060593568452566,-1.4695227460325398e-5,-1.4707697859447084e-5
0.002294503455402825,-0.0007053584850066538,-6.88114244599739e-6,-6.88698119639693e-6
0.001615525795021364,-0.0006860406722969052,-5.48730926293546e-6,-5.491964934657116e-6
-0.003569807483213251,0.0022975362137656265,-2.369547675637956e-6,-2.371557943722563e-6
-0.0007356477245952906,0.00326827816923619,-4.571652895686716e-5,-4.5755312293697194e-5
-0.002106941623719928,0.01419120839673886,-4.0777781050586253e-5,-4.0812372556160796e-5
-0.0014819376939100538,0.0015135359865682907,-9.049222074428138e-6,-9.056896830770201e-6
-0.0021555553448233057,0.013743852427257048,-4.001151229028004e-5,-4.0045445210984575e-5
0.0004534791052086353,-0.0005606704865701576,-4.323420060171771e-5,-4.327085980737556e-5
0.0035687191693477265,-0.00047402981085961166,-4.722541599861279e-6,-4.726544976507373e-6
-0.00019944232953275913,4.956505018048153e-5,5.870119353193788e-6,5.875095156950215e-6
0.0013263107272022637,-0.0013175668920259794,-8.445213903190033e-6,-8.45237211675324e-6
-0.0007112425527801806,0.001361873474727967,-2.6323342370777794e-5,-2.6345652693678797e-5
-0.0006708325014201585,0.000974973584641582,-3.5174312493551955e-5,-3.520412127708295e-5
0.0008965480429092992,-0.0006350599044203145,-2.7081129658295623e-6,-2.7104076581605483e-6
0.00034162049548935105,-0.0005834872689231824,-1.9662458769710327e-5,-1.967911855512863e-5
-0.0017669413563989374,0.0037811325254831648,-4.3825624270687615e-5,-4.386275413600341e-5
0.000987777414520263,-0.0006134682160670231,-7.66868024288645e-6,-7.675176129682276e-6
0.0004126706668540585,-0.0003806749708856695,-1.929278113454177e-5,-1.9309122109958485e-5
-0.002374450398188306,0.0018424938879889818,-4.1402656298240476e-6,-4.143772071955411e-6
-0.0009010980163767455,0.004160013339321528,-3.205138651675937e-5,-3.207853013798893e-5
-0.0006891774619813199,0.002415848164530262,-4.52809573032971e-5,-4.531930093360992e-5
-0.0029760602339646697,0.0013653897803507062,-2.4816819217101488e-5,-2.483782864828528e-5
0.0026005727590333763,-0.00043558576817623855,-6.50663509518951e-6,-6.512142717777913e-6
-0.0022436923300872815,0.0006012363797777224,-1.5946080716253488e-5,-1.5959577346410508e-5
0.0015395102128985326,-0.00020123101924132266,-6.73240628260913e-6,-6.738103871192337e-6
-0.0009903735561325303,0.00021328039520369596,6.622279222027181e-6,6.627883137934908e-6
-0.0007331040010959833,0.0007254903994724672,-3.692482870891549e-5,-3.695607379427519e-5
0.0014067378886695838,-0.0005279965116691739,-9.550642084321908e-6,-9.55872240468077e-6
-0.0011328971336328252,0.0005133814705288003,-1.9381357599702704e-5,-1.9397753744740208e-5
-0.0017967831636139227,0.0005571871753523998,-1.571780628672856e-5,-1.5731101647421758e-5
0.00040881555679943743,-6.906590447423505e-5,-9.843948549726206e-6,-9.85227442715084e-6
-0.002057184218952058,0.0004990566254225874,-1.4363708881714697e-5,-1.4375856385248501e-5
-0.009029033666176996,0.0014129336885566556,-1.1475860192983862e-5,-1.1485564349829722e-5
-0.00029478791064319065,0.0015529731358012917,-3.814454922548776e-5,-3.817680411811586e-5
0.00045123665637590614,-0.000201372043850259,8.123722547746007e-7,8.130589950486961e-7
0.00025833686383175137,-0.0002976038313065954,-1.943069116766594e-5,-1.9447115925727604e-5
0.0003673944156215629,-0.000386939094530966,-1.832675487954239e-5,-1.8342244949728254e-5
0.00013850154592376843,-0.00015875699181726807,-2.642614045480846e-5,-2.644847408033504e-5
-0.0013597189931602019,0.0008367930760480869,-2.6490171409542785e-5,-2.6512556463865187e-5
-0.00953900502007607,0.003028841511907514,-1.4960419224952604e-6,-1.4973059629092245e-6
-0.0014518493609325914,0.005380543270152807,-3.215075369172721e-5,-3.2177917779917054e-5
-0.0012280919911109684,0.0022052485710039524,-3.112288348660196e-5,-3.1149175698767326e-5
0.0009009597220520967,-0.0009646850329289536,-1.361102302719646e-5,-1.3622520017650547e-5
-0.000191240120782446,0.0002757381295270264,-4.5696803704821476e-5,-4.5735399820322156e-5
0.0062343555023104446,-0.0011311649989921048,1.0185915146571398e-6,1.0194516302673812e-6
0.0010771032867629314,-0.0005240013573823211,-1.074916362173059e-5,-1.0758239797905285e-5
-0.001337147868520189,0.0007478894390723571,-2.4399329076574897e-5,-2.4419929084199363e-5
0.0006104266657834628,-0.00018465215667028514,4.2105382823176385e-6,4.214092733582392e-6
0.0012046913994804833,-0.0011740198665167513,-9.631349396063132e-6,-9.63947953622047e-6
0.000542871969277758,-0.0008605578946185079,-1.6247640517537408e-5,-1.626135469691593e-5
-0.0006166973637662985,0.001917897938825312,-2.5580719958079806e-5,-2.5602310447119268e-5
-0.000730359158317312,0.002580087691516248,-2.7449823149406595e-5,-2.7472989174521834e-5
-0.002156727385941463,0.0068188850521257284,-4.0716095309733035e-5,-4.075045398243092e-5
-0.001561284018194152,0.0014508792813039543,-3.9075986262850246e-5,-3.910895525968836e-5
-0.002027745986515985,0.0005004209408101579,-1.4324683293099502e-5,-1.4336767105955053e-5
-0.0017102955473792293,0.00030058410654859764,-1.1305476492083518e-5,-1.1315012368731488e-5
-0.012938724159261684,0.0017335480759792588,5.3327783964657605e-6,5.337276004256527e-6
-0.000897253658858345,0.0013588261070432012,-4.686282921958823e-5,-4.6902351455614685e-5
0.0021008866678602135,-0.0005858587780774264,3.048737306402782e-6,3.0513079465985746e-6
0.0005142847348526532,-0.00042044825436980595,-1.7588418194700635e-5,-1.7603247548663043e-5
-0.0034537078563058703,0.002535748232448069,-6.236449067943821e-6,-6.241706692930381e-6
-2.9168646603929778e-5,0.00020597934417065306,-3.3278959406010944e-5,-3.330701418952287e-5
-0.006887344445539931,0.002757557976490027,-7.349543154568484e-7,-7.355737001918752e-7
-0.0005117734309529227,0.0020019652048997656,-4.262830952196276e-5,-4.266423346385775e-5
-0.0024057917590517295,0.01818294774946976,-4.3702218933427014e-5,-4.37390458994474e-5
0.0001260652148397754,-0.00015627885518698477,-2.3391162942057752e-5,-2.3410870121516015e-5
0.0011710416221031713,-0.0009434624503026555,-5.799937874160352e-6,-5.804823816926098e-6
-0.0001844185385153662,0.0003511884400715194,-1.6140778501268924e-5,-1.615437480789053e-5
-0.0010522970447948662,0.0054348625773223,-3.3703072298827785e-5,-3.373146081614589e-5
-0.0014185041128019884,0.00412538628304924,-4.624540026642327e-5,-4.628434893459068e-5
0.00022600185726785976,-0.00011502980756928149,-1.628851982261078e-5,-1.6302235231612544e-5
0.00044371398286715457,-0.00019053086384935292,-1.3996922151997559e-5,-1.4008706768441492e-5
0.0011655196616563964,-0.0004772939491120058,-7.572700260698183e-7,-7.579075420767903e-7
-0.0014822441469142318,0.0012677125930272348,-3.5688376991802685e-5,-3.571841965555025e-5
0.00020836720242920127,-5.0152690990284356e-5,-1.2035380563298996e-5,-1.2045510425617284e-5
-0.009454023030371494,0.002751996467614209,-1.067722678248242e-6,-1.0686212663108769e-6
-0.0021839760834024995,0.0073025569852202266,-4.0011142776219274e-5,-4.004481484609473e-5
-0.0008649647249186985,0.0008755693009982694,-7.239914743570585e-6,-7.246006579842737e-6
-0.0006206015760996157,0.003028975678523733,-5.424500171731465e-5,-5.429064271429655e-5
-0.0007917510283952736,0.005907160803353159,-3.8424458543544765e-5,-3.845678667644767e-5
-0.005675862024369301,0.003068157353468248,-3.940237030471481e-6,-3.943551165974426e-6
-0.001214823998086396,0.006230135130268443,-4.025290880946838e-5,-4.0286764450778185e-5
-0.0024177287927268465,0.0014924743766433382,-3.025956678084355e-5,-3.0285010933935756e-5
0.005047619969499093,-0.0010936012003787228,6.841816503102161e-7,6.847568685596219e-7
-0.0026595068914150636,0.001446980507921339,-2.7543156403564206e-5,-2.7566311491927805e-5
-0.009033217734338865,0.0019458659815857265,-1.037299955394539e-5,-1.0381718742862876e-5
-0.0021991596060947183,0.01282678208887866,-3.7799517940736905e-5,-3.783129019936418e-5
-0.0008090910224164946,0.0010263711181697907,-4.236450136375898e-5,-4.240010433889619e-5
-0.001549726299400958,0.0005916450530941513,-1.7788356939487844e-5,-1.780330361227876e-5
-0.010618842227460531,0.002738448032138153,-2.923544130274132e-6,-2.9260003665550495e-6
-0.0005094035849137331,0.0018686902096207477,-4.3771590529758995e-5,-4.380836450504176e-5
0.00042684084493637277,-0.00017810309253630377,1.304244402566133e-6,1.3053398548893344e-6
-0.00021300830393117186,0.00020204863306014296,-3.2330044372442654e-5,-3.2357197187680344e-5
0.0011544872750831618,-0.0006267640480825449,-4.904212319591547e-6,-4.908330631160944e-6
-0.0013231671707346607,0.0011903819840691204,-3.591240266094374e-5,-3.594255788761415e-5
-0.0015591311954789415,0.0005188507103392248,-1.619751786453118e-5,-1.6211116633027757e-5
0.003995064942789484,-0.0009225475450110336,2.3984765654682872e-6,2.400490009887175e-6
0.0008254062040939404,-0.0005388937637867843,-2.5992995378680298e-6,-2.6014814330472753e-6
0.0003606300775737567,-0.0005563888255873366,-1.9530373663574177e-5,-1.954676679006381e-5
-0.0015286283288792407,0.002666793825563375,-4.2369919129461404e-5,-4.24054799082805e-5
0.0004140825915101331,-0.00023078302692981128,-3.9738505858593653e-7,-3.97718524675372e-7
-0.0007329428007997523,0.0010649149625107201,-3.385334134661207e-5,-3.3881747816944006e-5
0.00032361496256715793,-0.0002565416935386382,-2.0606139055583114e-5,-2.0623427414849945e-5
-0.0022804047125740356,0.0013401915635284482,-2.8237864579381538e-5,-2.826155334594809e-5
0.0032467432173750583,-0.0007871992993105413,2.949012323574026e-6,2.9514859099891245e-6
-0.0025217077122576034,0.0018275762750298978,-3.955309919574125e-6,-3.958627375946289e-6
-0.0011595330076129178,0.005039532938101212,-3.1374183033500975e-5,-3.1400496620296126e-5
0.0014894006745389983,-0.0034073303970250037,-3.750784683844908e-5,-3.753930092294756e-5
-0.010179616058098,0.0013748887695064608,6.019030023688915e-6,6.024076005906918e-6
-0.0008281039217736307,0.0010645514194245977,-4.030044394076168e-5,-4.033422809490747e-5
-0.001183706445267855,0.0005365609752453519,-1.9541246729513805e-5,-1.9557625650209157e-5
0.002641226170897196,-0.0007951280212991552,3.007809611773607e-7,3.010330392631889e-7
0.0009099462614522133,-0.000633151019251812,-6.9851030310095485e-6,-6.990956706892112e-6
-0.0007403962002806067,0.0008041877576352432,-3.75899020930537e-5,-3.7621400966957985e-5
-0.003191044535106584,0.0013493325281341666,-2.3769001415857715e-5,-2.3788915851786292e-5
0.0023139242559739198,-0.00033689244288121227,-6.809007850811036e-6,-6.814711872387316e-6
-0.0023506227670939315,0.0005536122812119588,5.862656048866539e-6,5.867566889489892e-6
-0.0004489448925141781,0.0005839812626257299,-1.2442426284124008e-5,-1.2452848185975045e-5
-0.0021683434303744753,0.01366170843997086,-3.969733548608402e-5,-3.9730584963509374e-5
-0.0007520246294419455,0.0007238675806423764,-3.528513563685359e-5,-3.5314683419855735e-5
-0.007708946260847924,0.0030966864750435336,-6.913145097600791e-6,-6.9189333134136155e-6
-0.0013243358196443874,0.008424540008393624,-3.862386459625146e-5,-3.8656202590404146e-5
-0.0024628145436320706,0.0015566073366703437,-3.1868752433716415e-5,-3.189542774337806e-5
0.0029666934770216434,-0.0004723227565626918,-6.493617279189179e-6,-6.4990517903375934e-6
0.0006866247162247106,-0.0001777517607717279,4.556676376878854e-6,4.560489551368778e-6
0.0005869691446623899,-0.0005635396807404691,-1.563423705592245e-5,-1.5647319602032374e-5
0.0008337166248365706,-0.0008427669726283254,-7.792180479859503e-6,-7.79870029883326e-6
-0.0017574691561311265,0.005603122617504421,-4.444026786413426e-5,-4.4477449653737165e-5
-4.758153514789715e-5,3.487973993301887e-5,-1.2391518122561142e-6,-1.2401883588612952e-6
-0.00011720244980555675,0.0002947293636966872,-2.0506371107963055e-5,-2.0523523746865674e-5
-0.002219028308424923,0.007787450585913789,-3.971656637679312e-5,-3.974978506767549e-5
0.0012180092169502233,-0.0012097331109987414,-1.0425662169073482e-5,-1.0434380628420218e-5
-9.277629611019972e-5,0.00020238604758543018,-1.6369659841322652e-5,-1.6383347982943088e-5
-0.0021528750381278276,0.010432791387794755,-3.84542604216537e-5,-3.848641372144005e-5
0.0013067652017284958,-0.0013877231208698963,-1.1734688690464506e-5,-1.1744498740988429e-5
-0.0012040814417280793,0.0020270598805825746,-4.727950763387995e-5,-4.7319029809040245e-5
0.0010982350959740494,-0.0003296282549040086,3.2917955137599233e-6,3.2945466237795827e-6
-0.0011382373488965703,0.0010861204825187275,-7.152912649094467e-6,-7.158890344588992e-6
0.0011535316934668824,-0.005417409442776337,-2.302644899049478e-5,-2.304569139565309e-5
0.0046732349484584915,-0.0009764168352865874,2.6797725844132604e-6,2.682011169499306e-6
-0.0001489312560609079,0.00010021651671692045,-1.3097139517341893e-6,-1.3108079742243034e-6
-0.00020211739729724206,0.0004941208124106915,-2.109762278981767e-5,-2.1115245051993112e-5
-0.001767953181003946,0.006391446299245491,-3.362245426062042e-5,-3.3650536136450256e-5
-0.0008442491511871048,0.0013145228401591491,-3.069250681962346e-5,-3.071813807482108e-5
-0.0004343871343606083,0.0003831368828022457,-3.235500600871078e-5,-3.23820222870466e-5
0.0012809466615244726,-0.000550419315632092,-2.426649957249486e-6,-2.4286759188060724e-6
0.0012627134716302832,-0.0010486740982826729,-6.530194478166933e-6,-6.53564603296816e-6
-1.0854561175666875e-5,8.153536243593359e-5,-2.102562219793349e-5,-2.104317372895705e-5
-0.0017268407262306434,0.013542066641104203,-5.2028402434860485e-5,-5.20718322235309e-5
-0.0008875393824573915,0.0027803247704681878,-2.832818970369187e-5,-2.8351833635804196e-5
-0.001155754062955696,0.0027068526601780286,-2.905183469413701e-5,-2.9076080067362995e-5
0.00015367292647078408,-0.00022906953787520207,-4.500535500414885e-5,-4.5042910306472264e-5
-0.005295818063734551,0.0008869437391071965,6.081168863235698e-6,6.0862420969285375e-6
0.0005975764223549146,-0.0007165038270578362,-1.1020027534917286e-5,-1.1029220658102146e-5
-0.0014047896634007597,0.005272090922032126,-3.159436100370259e-5,-3.162071622538751e-5
-0.0013085971978855973,0.0025068749497767725,-3.051109006024903e-5,-3.053653845333375e-5
0.0007283623513704144,-0.0008385497298333477,-1.0186310254928955e-5,-1.0194805338806279e-5
-0.00217401947850175,0.007652813700556131,-4.1068557892979725e-5,-4.110280602215106e-5
-0.0007805075236485191,0.0006466504171697211,-3.0523758144056844e-5,-3.054920796276382e-5
0.0017536529852729631,-0.0007316915791889096,-5.499578090008454e-6,-5.5041628679231124e-6
0.0009625784758228782,-0.0006368509470108629,-9.383563226239632e-6,-9.391385331220889e-6
-0.0016603335318791225,0.0015016861129067511,-3.877692110052868e-5,-3.880924281338698e-5
-0.011749312369140728,0.0020642937856218927,-6.692402597266371e-7,-6.697979863186925e-7
-0.002208522546823829,0.0056384779796895095,-4.07349398739746e-5,-4.076888624935735e-5
0.0007568454977516757,-0.0006206776798930438,-1.3370681851846726e-5,-1.338182243005196e-5
0.00013596792583914005,-0.0001518085942179718,-2.4782829563383835e-5,-2.4803477064487628e-5
-0.003949479270802343,0.0026147102852550185,-7.449698277556742e-6,-7.455904194170349e-6
-0.0014197300522574112,0.009808484577136001,-3.9767995809092006e-5,-3.980112320599328e-5
-0.0005299154747363555,0.0003539208253989755,-1.7906186093724973e-6,-1.7921098405550377e-6
-0.0019735605778568284,0.004954155042285346,-3.50310476142336e-5,-3.506022017469741e-5
0.00023698666448768816,-0.00024472159260267065,-1.0014944883866188e-5,-1.0023283810133381e-5
-0.0012199816088837674,0.005188331592911635,-4.102405104540595e-5,-4.1058207986876954e-5
0.0009382032445503745,-0.0005059387981815252,-4.3508952238671265e-6,-4.354516916944063e-6
-3.286150472528917e-5,5.158429498950131e-5,-7.156534180970556e-6,-7.16249087484202e-6
-0.0022770295221748666,0.008699430174133351,-3.906688709366107e-5,-3.909940262373458e-5
-0.0010240467684822815,0.0009587401170178638,-3.62256453232622e-5,-3.625579060702415e-5
-0.0077216281811065554,0.0026627342814826037,-1.86079481488555e-6,-1.8623430443657903e-6
-0.0008010024908460104,0.0029841275262403925,-2.8725757141478417e-5,-2.874965696929736e-5
-0.002297279662904905,0.00888632059628326,-3.7723435791710726e-5,-3.775481895637741e-5
0.001356298525892064,-0.00146991171028103,-1.0938223531518974e-5,-1.0947321789124285e-5
-6.342832953519112e-5,0.00013617693881259738,-2.2648998213170736e-5,-2.266783604570534e-5
-0.0005789344010878756,0.0012774854398537915,-4.682865699111076e-5,-4.6867602340370104e-5
0.0020276830332414224,-0.00048562275615608616,-8.77661140171908e-6,-8.78390866634479e-6
0.0011659561090524425,-0.00036430766451302915,2.5964883504754556e-6,2.5986470017334116e-6
-0.00015442714722622752,0.00016304028500041987,-6.7108252851552445e-6,-6.716404170467562e-6
0.0015358055272069414,-0.0057975465206397125,-2.432541799387371e-5,-2.434563941310138e-5
0.005043610195606404,-0.0007812612565444972,4.153935043653673e-6,4.157386915094492e-6
0.0008985330891809702,-0.000589047202489693,-1.1029973895235812e-5,-1.1039139184142575e-5
-0.001237974101491381,0.0010242005590032546,-5.269309225247969e-6,-5.2736873577991e-6
-0.00016749701189941763,0.0007114070417873187,-3.785367397142766e-5,-3.788512427097929e-5
0.002460186134976314,-0.0007784343777207361,-7.184842957062001e-6,-7.190810626495231e-6
-0.006599155025673344,0.0030117822488134036,-6.541512293763151e-6,-6.546945179232861e-6
0.00022336650868200398,-0.0013232767176341413,-2.8537480393535205e-5,-2.8561180796778346e-5
0.0024985909110296985,-0.0008236241953958424,-6.355225275093209e-6,-6.36050154532719e-6
8.670826097213382e-5,-4.4518649436399755e-5,-1.69293049040391e-5,-1.6943358942274307e-5
-0.002069065552321832,0.000879973388326855,-2.0712984188897925e-5,-2.0730177545717528e-5
-0.0024524570176656024,0.000597501925222836,5.091841635684203e-6,5.0960677564545735e-6
-0.0008904432147228228,0.0011123905978948617,-3.962260619603789e-5,-3.965549067676805e-5
-0.0032406774366087157,0.0014469277946384139,-2.4739234422168192e-5,-2.4759763303743506e-5
0.007421790497733423,-0.0011808204921420042,1.21912014191966e-6,1.2201316413809093e-6
0.00048241738327699495,-0.00023711711056824687,-4.455561284453733e-7,-4.459257823804001e-7
-0.0009113817920280725,0.0011206434674177442,-4.040906140826738e-5,-4.0442584640692815e-5
-0.007307467117190877,0.0029897426388523773,-6.972752003990762e-6,-6.9785356329797485e-6
-0.002320650618085291,0.014229857683325289,-3.8855326619149546e-5,-3.888755473828352e-5
-0.0011679107904744104,0.0011599784405745368,-3.904509232959493e-5,-3.907747125549394e-5
-0.009572941114589948,0.0027934845885130917,-5.34767581490306e-6,-5.3521097401122185e-6
-0.0007667002055887669,0.003609772326891795,-4.920709716701218e-5,-4.924789520602171e-5
-0.001429028601167761,0.009934240144020326,-6.319071338653092e-5,-6.32431023572187e-5
-3.3596128857582754e-5,0.00019740120853213315,-3.4669451285524917e-5,-3.469819247408382e-5
0.00030447086149308676,-0.000111172749919945,2.1831716241396085e-6,2.1849809367481166e-6
-6.68846703276632e-5,4.846556257690727e-5,-2.6574790081646696e-5,-2.659681284713417e-5
-4.932724169740001e-5,2.2601534371019e-5,-2.3013706129113347e-5,-2.3032775594643986e-5
-0.0026462889549785317,0.0013958336440394233,-2.62849190533232e-5,-2.6306696659719267e-5
-0.006430354077716599,0.0014631498875828106,3.2144720104783794e-6,3.2171349152720405e-6
-0.001739511476281511,0.003230861176211868,-4.273803290900999e-5,-4.277343630277221e-5
-0.0025887008017396007,0.0014706046954430277,-2.9851230604609873e-5,-2.9875954599180032e-5
0.0011663421523941287,-0.00013447822066910554,-7.581645467190068e-6,-7.587923877403598e-6
-0.0009684178226034843,0.00021922202058455658,-1.2039627495407397e-5,-1.2049596766110743e-5
-0.011060859232952063,0.002122633769624817,-4.148070164736955e-6,-4.151504594270057e-6
-0.0010120582276369281,0.0033680408092192967,-4.465472459071021e-5,-4.469169586555711e-5
0.000777337256651307,-0.0003062214626439759,6.171838508916074e-7,6.176947107048362e-7
-0.0007249714876843749,0.000772945788003085,-9.10305148393987e-6,-9.11058587513659e-6
0.0006082322153393654,-0.002973808267266936,-2.892823672830966e-5,-2.895217894524806e-5
0.0013064427777008556,-0.00035048502411257185,3.574345925877207e-6,3.577303213601094e-6
-0.0009749927527499084,0.0009185273204664432,-3.8367115773184246e-5,-3.839885768586512e-5
0.006681219152773369,-0.0008975674270888469,-2.5045208487009906e-6,-2.506592466557784e-6
0.001709436859267315,-0.0005737400932604897,-9.614941618799825e-6,-9.622894086329509e-6
-0.0060567869598574095,0.002561819805979495,-9.129531361334324e-6,-9.137081703835435e-6
-0.00041725398537089395,0.0031945207235724365,-3.456889315443219e-5,-3.4597481730091995e-5
-0.003410373442655927,0.0015193914996149377,0.0,0.0
0.0005497147819154697,-0.001450385237430623,-3.814859784370321e-5,-3.818013598800312e-5
-0.001742025027537645,0.0003401634279458991,-1.2987454477854779e-5,-1.29981881683647e-5
-0.013443167328462739,0.001813563727347466,-6.8106913690123415e-6,-6.8163195961828005e-6
-0.00157837260076223,0.005366555829875652,-4.4516906154491285e-5,-4.4553693198447305e-5
0.0005144503695043508,-0.00026464857564491154,-8.634444171759716e-7,-8.641577706735952e-7
-0.0003690369258025452,0.00047156243549606973,-2.6686330081781354e-5,-2.6708376315363547e-5
0.001430942905736824,-0.0013366594356110579,-7.861161184531867e-6,-7.867654755792611e-6
-6.968076998701135e-5,0.00018180573546238405,-2.2166213496580265e-5,-2.2184522401829666e-5
-0.00012306626370073984,0.0003908357377305543,-4.174991092244799e-5,-4.178439287832345e-5
-0.000957098721401006,0.00024610973317606874,-1.3016393751595423e-5,-1.3027141138561002e-5
0.0010827657415012327,-0.00023037905945954968,4.6456740556728456e-6,4.649509525605779e-6
0.0011139592073880437,-0.0010278708171876886,-1.0758275256247543e-5,-1.0767156854814309e-5
0.0006047056898799902,-0.0008669869157080424,-1.844846106445739e-5,-1.8463690250372294e-5
-0.0016652535301734934,0.002906786072854003,-4.2419381941100005e-5,-4.2454396222525666e-5
-0.004475666696531228,0.0024275438115204076,-3.6251067639885238e-6,-3.6280985362761597e-6
-0.0009281245484133255,0.00406740330589442,-3.092035215814143e-5,-3.094586960704879e-5
-0.002274318263521288,0.007474914758515799,-3.7526872405118e-5,-3.7557838892911435e-5
-0.0008084667574717112,0.0008884347122431136,-3.636650025979594e-5,-3.639650460974864e-5
0.0010068397082946415,-0.00045335888379621477,-1.919785970774221e-6,-1.9213696663392526e-6
-0.0004050253291050919,0.00036677947670870194,-3.170972765434059e-5,-3.1735884393407e-5
-0.0013726127577288552,0.0006481399788200245,-2.0761330713380167e-5,-2.0778454048747436e-5
-0.0026611736057300566,0.0008196790632607474,-1.8397761584278152e-5,-1.8412933801728318e-5
0.007088578717298739,-0.0010438937395750847,-2.056062309835575e-6,-2.0577576952753683e-6
-0.007143906622374481,0.0026996647314226534,-8.560513284926147e-6,-8.567571629760538e-6
-0.00149369997331679,0.010031908066383925,-4.24107991117253e-5,-4.244576691851614e-5
-0.00012074294259274597,0.000383370268889374,-4.152710180296564e-5,-4.156133707012931e-5
0.004252989244627521,-0.0009965488257932024,1.1964987953518595e-6,1.1974849158831782e-6
0.0009817961993607597,-0.0006436085534899914,-4.021786725289569e-6,-4.025101170559003e-6
-0.0007286965893957497,0.0010319982726074717,-3.397011491433188e-5,-3.399810873493323e-5
-0.0026446437964396884,0.0019235940553142252,-5.823453164091413e-6,-5.828251467184312e-6
-0.002020657767274664,0.009925383702617979,-3.539752266471767e-5,-3.542668779925194e-5
0.0005304820394370054,-0.0008097705996256285,-1.919058123664863e-5,-1.920639053470778e-5
8.918510438348671e-6,-8.865320890816471e-6,-2.2388176737333136e-5,-2.2406618724807773e-5
-0.0003128681651691872,0.0007400016953392869,-2.478228584196751e-5,-2.4802698185995323e-5
-0.0013894947016132675,0.009722835367503752,-7.014232281698843e-5,-7.020009380685512e-5
-0.0023725213159672973,0.013814455846593302,-3.747226985951916e-5,-3.7503131273466235e-5
-0.00026292996604251797,0.00029593714247796825,-2.8711411112403916e-5,-2.8735053019955883e-5
-0.0022223353731906474,0.001701001577068944,-3.5238022500207044e-5,-3.526703517603489e-5
-0.009311734139028605,0.001794990954621376,-2.0648199745902978e-7,-2.0665197252466083e-7
-0.0005354158965126528,0.0013795848296720892,-2.5982403864738113e-5,-2.6003791846996144e-5
-0.00201623502876026,0.012001055360817975,-3.711895134135287e-5,-3.714950486180229e-5
-0.0011366204889664102,0.0018896909191610464,-3.350437434910744e-5,-3.353194842154002e-5
-0.0010670723885706612,0.0009061392144876387,-3.1902440128470935e-5,-3.1928692392324305e-5
-0.0033884724463701063,0.0013415477298287359,-2.254568019584811e-5,-2.2564230332665528e-5
-0.011487859994547319,0.001872961078087609,-6.704006812097315e-6,-6.7095220221700465e-6
0.0014852566130106242,-0.005286212164453263,-2.4445369060927425e-5,-2.4465479129256646e-5
0.0003891885211251826,-5.796744030502779e-5,5.355489607422627e-6,5.359893757204514e-6
0.0014151249811764077,-0.0012269056032591823,-7.4504652705183415e-6,-7.4565919715871595e-6
-0.001832178862987691,0.0033997808868351724,-3.765093634389503e-5,-3.7681895721530585e-5
0.000810713265344481,-0.000623681375706238,-1.269373092733542e-5,-1.2704167126799944e-5
0.00033181849379732996,-0.00029316646131567927,-7.13697939033861e-6,-7.142846594346486e-6
-0.0016595459248119249,0.005705973198032018,-4.403209128601998e-5,-4.406828767211223e-5
0.0011741157423753338,-0.0006225147813808564,-1.0064552604574242e-5,-1.007282425072015e-5
-0.0005633888609250928,0.00037247901175242704,-2.438665071978731e-5,-2.440669146793847e-5
0.0010364928668670616,-0.0004404628158650067,-1.2577752898561166e-6,-1.2588087993479996e-6
-0.0006084994905687535,0.0006193493040462563,-8.494240335204197e-6,-8.501219588605846e-6
0.001242382444707713,-0.005630214621629605,-2.1097138276595528e-5,-2.1114471891443847e-5
0.001326281301648368,-0.00022416728328229828,-9.296965800473149e-6,-9.304601511898878e-6
-0.002224360436384056,0.0005388897388736124,-1.5064351369475028e-5,-1.5076722845482473e-5
0.0059751444415232806,-0.0009181259368538858,3.007197586677813e-6,3.0096669607656e-6
-0.0007648068351235131,0.00046722951769687815,-2.3920613523034617e-5,-2.394025498294178e-5
-0.00386921920856673,0.00147340477582941,9.073603057468072e-7,9.081052625116407e-7
-0.0014988873003316083,0.0035533728579218763,-4.706028019952484e-5,-4.709891589908389e-5
-0.0010388269051896913,0.00040983569850158827,1.940873235539497e-6,1.9424663104521115e-6
-0.0005497716152347722,0.0008522351979815296,-2.5533075966216083e-5,-2.5554032611191382e-5
-0.00024392564154854135,0.0002759422566236419,-2.638465901246179e-5,-2.640631235682173e-5
0.0012323803223424413,-0.0010573956842786557,-9.058001451645236e-6,-9.065434336122683e-6
-0.0007679217604450397,0.0011198773982849677,-2.9594378365408898e-5,-2.9618661473484053e-5
0.0014214690038922956,-0.0013026286475558597,-7.672801370897413e-6,-7.679096398124989e-6
-0.00219047315321748,0.0049630944106921066,-4.04602890099093e-5,-4.049348210053538e-5
-0.002329474681734916,0.0017493248340564316,-3.46852017642138e-5,-3.47136524739533e-5
-0.00908680021252628,0.0018310551115908406,-1.2172488654920477e-6,-1.2182471565391216e-6
-0.0003090067049620598,0.0008412748121891372,-4.174611876036474e-5,-4.1780354638846884e-5
-0.00904592725657621,0.0020755525033393026,-2.6735918677391027e-6,-2.6757838637379134e-6
-0.0013802548721454561,0.0042256005932021804,-4.5507837458609895e-5,-4.5545146876151254e-5
-0.002163128920134385,0.0009146650886142084,-2.0815620406573164e-5,-2.083268195696913e-5
0.004489282984315475,-0.0010936694545392177,-6.049916867198619e-7,-6.05487511674325e-7
0.0003287822689865756,-0.00020376150141304412,-1.7795830702654344e-5,-1.781041446868836e-5
0.0012149306056065954,-0.000633277584952236,-9.392058098870505e-6,-9.399754170753496e-6
0.0008046952709829437,-0.0005689104004766936,-1.3197428612884077e-5,-1.320824202681241e-5
-0.0011977683272762847,0.0009584536663358578,-3.1067811812193965e-5,-3.109326527860309e-5
0.002302779980076052,-0.0008545030797344631,-4.1516347924479536e-6,-4.1550357180621335e-6
-0.00012039044534063553,8.78014342378658e-5,-3.063270740144171e-6,-3.065779925772526e-6
-0.00038669954303483564,0.0010234643922549225,-2.3682835999456782e-5,-2.370223416115471e-5
-0.0021468526211500722,0.007595493126006663,-4.1774955160730345e-5,-4.1809169621811584e-5
0.0012247651347728299,-0.0009005623577245475,-5.156725748787338e-6,-5.160948374963138e-6
-0.0006231438361511006,0.0010861135378783151,-2.5580453280870303e-5,-2.5601398810429648e-5
0.0009184314519062692,-0.0013196070581488262,-1.7306092034452877e-5,-1.7320261007052797e-5
-0.002063912289086601,0.004296668433465718,-3.720437744343627e-5,-3.7234835414546205e-5
0.0008825058269177569,-0.0007656412144391377,-1.2904099063370004e-5,-1.2914661694689715e-5
0.0006735309999683474,-0.0007585776650498523,-1.658017685527314e-5,-1.659374744150991e-5
2.660821132398704e-5,-1.830418235966966e-5,-4.206216009432067e-5,-4.209658435199706e-5
-0.011475740406154638,0.0015926712570159872,1.8881060506646603e-6,1.8896509390468067e-6
-0.0007806872688517285,0.001400572523493589,-4.496643094340431e-5,-4.500322225066797e-5
0.005405732015152534,-0.0010843269163762666,1.5860386900562198e-6,1.5873360629426816e-6
0.00013049146815349757,-7.794610131369288e-5,-2.512147944392265e-6,-2.5142027523924094e-6
-0.0012846658672739644,0.0027802840290030765,-4.718128898786378e-5,-4.7219878952643046e-5
0.0025102591859029084,-0.0007932082261981727,-7.886604758941025e-6,-7.893053806714947e-6
-0.002503135394710064,0.0011376637074225003,-2.2915648076699886e-5,-2.2934385209707435e-5
-0.006410430939756178,0.0014500725386232987,1.7293378097249149e-6,1.7307516416862242e-6
-0.0015930481692260036,0.0031744975815867485,-3.212688665748617e-5,-3.215315130319499e-5
-0.0009950000415040229,0.0010872061714973826,-3.753424212794758e-5,-3.756492367872566e-5
-0.005923232599718556,0.0024049975663575484,-3.1461757259115823e-6,-3.1487471089108474e-6
-0.000981407965917815,0.0037882593933806215,-2.953927616304215e-5,-2.9563417969561835e-5
-0.0007304752078976591,0.001986786011705556,-4.414435113653253e-5,-4.4180425564473323e-5
0.0011437374635203013,-0.00032199666164908997,2.7265992103844913e-6,2.7288267842202965e-6
-0.0010265022466767176,0.0010423625785380732,-1.058090865631666e-5,-1.058955258549702e-5
-0.0011464677734012287,0.0069887932555811935,-3.6029118308497205e-5,-3.6058550673917936e-5
-0.0026929791210207133,0.0014427837743420202,-2.169037386932168e-6,-2.1708088057676923e-6
-0.0012666816043811254,0.003914484491144177,-4.506411842198109e-5,-4.510092016573025e-5
0.0007346008287420302,-0.00028513323592677196,4.269018497206354e-7,4.272503950813632e-7
-0.00035124950531433837,0.000416307731499678,-1.1495275141314613e-5,-1.1504659973106617e-5
-0.0010341498564929155,0.006110411791434477,-6.252757403238472e-5,-6.257861991915233e-5
0.0013097208447130145,-0.008397620711279676,-5.0639286443721965e-6,-5.068062486378746e-6
0.005341814906893183,-0.0009043010217455584,-5.347554278461874e-6,-5.351917903605982e-6
0.002314816864140089,-0.0007441596509351557,-8.523490528818e-6,-8.530445217152965e-6
0.0013491777161351757,-0.000598297941931615,-1.0641721365227816e-5,-1.0650403710581998e-5
0.000998356513652504,-0.0005438135746829826,-4.746098089410552e-6,-4.749970001334296e-6
-0.0004981038167868808,0.0005465423213648055,-1.0037019688110252e-5,-1.0045207437508317e-5
-0.0012820240385652975,0.006408480139139335,-3.3019980921076106e-5,-3.304691598272855e-5
0.00017155015756639436,-0.00037683278143687036,-3.9527984398738295e-5,-3.956022436210642e-5
0.005740880279901916,-0.0010074981140707523,-4.387257419617342e-6,-4.390834727275841e-6
-0.0026613210221845367,0.0009630733612566859,1.7390004436393108e-6,1.7404182994184403e-6
-7.314797354097861e-5,0.0001936236794440392,-1.957560591077807e-5,-1.9591565789220965e-5
-0.002233669346974668,0.010042720724184025,-3.508006141587717e-5,-3.5108660297707336e-5
-0.000685532992351547,0.0009142338439869345,-3.3519415190009e-5,-3.3546737511597813e-5
-0.0006819128805434651,0.0004567893516154286,-2.492095940464385e-5,-2.4941270286238914e-5
0.00023623405910634464,-9.814564931848826e-5,6.047497148890985e-7,6.052425361028683e-7
0.0011133754306558463,-0.0014697160815503485,-1.5964152952769406e-5,-1.597716173655859e-5
-0.0020352045572595515,0.004054909130772951,-4.085668609452688e-5,-4.0889976748856724e-5
0.0002561616256070374,-0.00016305301268049015,-3.1526338949682057e-6,-3.1552022974233077e-6
-0.00042664578504582134,0.0010322734932943934,-2.402124117639989e-5,-2.404080994624024e-5
-0.00048441890373045513,0.002742822352288884,-3.256676858372584e-5,-3.2593297404475475e-5
-0.003501839753133381,0.0013882594787089939,-2.2731323557362418e-5,-2.274983492509107e-5
0.006230524181856137,-0.0009915855447538994,2.296252605976969e-6,2.2981223313267238e-6
-0.00277489634376534,0.001722351084827331,-3.0296857159074753e-5,-3.032152506039862e-5
-0.001792438711805464,0.000381972027592791,4.096779902368939e-6,4.10011504770505e-6
0.0012048089343415687,-0.0014555067642073943,-1.2261695285828959e-5,-1.2271676979948635e-5
-0.0006199811961511174,0.0018853552518771609,-2.5951255470194566e-5,-2.5972379988331695e-5
-0.002364926166626086,0.008873758381430763,-3.988178600371665e-5,-3.991424750257443e-5
-0.0010499830766406112,0.0008876898943122497,-3.1139904683374216e-5,-3.1165246111637516e-5
-0.001423115760581403,0.0005873626594273612,-1.88412101855354e-5,-1.885654100339381e-5
-0.00802522712667982,0.0022985680966615663,-3.747113273248807e-6,-3.7501619181286053e-6
-0.0024148280283140125,0.00845132229327835,-3.961880287113868e-5,-3.9651035735417884e-5
-0.0012351783821881168,0.0011664364248012654,-3.801974712408023e-5,-3.8050673724108095e-5
0.008062862471017259,-0.0011005194138841892,-1.6457945620668617e-7,-1.6471330362329837e-7
-0.0002754233428623038,0.00012695509822826436,2.1497160633235167e-7,2.1514642695646748e-7
0.0004828861844002165,-0.0007560110351892166,-1.9908687148391542e-5,-1.9924876559351292e-5
-0.0017897017519573157,0.0034411701256284637,-4.523693966637229e-5,-4.5273722614829544e-5
0.001726640331491952,-0.0007601775400625854,-5.963520648151545e-6,-5.96836877367234e-6
0.0012575387358885466,-0.0009178656142839217,-5.244807727504314e-6,-5.249071257763275e-6
-0.0009333022083032547,0.0017398629747401291,-4.473299686997064e-5,-4.476935848345747e-5
0.005260995488479611,-0.0011013496351507611,9.915776308172906e-7,9.923834476179222e-7
-0.000968762931299822,0.0006147000195863144,-2.489071102886687e-5,-2.491093757640821e-5
-0.0008078729271461835,0.0003089156137138374,1.4646553253874746e-6,1.4658453863449248e-6
-0.0009689595549758962,0.001451462329299695,-3.348041451241204e-5,-3.350761672881331e-5
0.0013055697746109684,-0.001005586061745693,-5.708102560413415e-6,-5.712739686733877e-6
-0.0017620689256330991,0.0036168911886719298,-4.594214848807451e-5,-4.5979468737384974e-5
-0.004492794837591908,0.0018859095262163722,-2.07640318993815e-6,-2.0780895811051903e-6
-0.0016193756643446305,0.005212132658080854,-3.1863299874879746e-5,-3.188917739192642e-5
9.373470723427621e-5,-0.0001606796649693799,-2.2064472418000316e-5,-2.2082389745888262e-5
-0.0007687057037232068,0.0014700221247364728,-2.6477707288696236e-5,-2.6499206522131083e-5
0.00032354547527778236,-0.00045844639521054836,-1.61607567022838e-5,-1.6173877512702617e-5
0.0003122839614161274,-0.0012936075237586463,-2.9158422985564273e-5,-2.9182095222214597e-5
-0.006976856564801952,0.0017216870169847287,-7.592250748641319e-7,-7.598412515260915e-7
-0.0005231150085078613,0.00140967330868695,-2.7760726080387406e-5,-2.7783255591813967e-5
-0.0013136235625623783,0.008259668073698977,-5.1886741554173425e-5,-5.192884841341098e-5
-0.0023709735703858646,0.011182979251321128,-3.57524167855672e-5,-3.5781428201471306e-5
0.00042824176698409033,-0.0005085924442097953,-1.3006698315097772e-5,-1.301725090054867e-5
-0.002283802277760548,0.010239330294575782,-3.84629931435947e-5,-3.84941973917346e-5
-0.001960988607836939,0.0016125605807073785,-3.4521053857158835e-5,-3.454905445828044e-5
-0.001723903864391477,0.0005048579595571332,-1.5783797790073645e-5,-1.5796598379922725e-5
0.005540139939369947,-0.0011724639075300902,9.251170510414833e-8,9.258672422079502e-8
0.0008714766699535118,-0.000523520469405525,-2.987478519355537e-6,-2.9899009592508367e-6
-0.0010486523160587176,0.0017185093378849687,-3.0140096407965723e-5,-3.016453461129336e-5
-0.001434432293663072,0.0014481962663994493,-3.937280518816208e-5,-3.940472573029713e-5
-0.0012590120607356935,0.0003447486486715035,-1.4467921554862303e-5,-1.447964906742296e-5
-0.003993965261893118,0.0008647600160995322,2.888658908525338e-6,2.891000189310243e-6
-0.0008162273195717691,0.0012537424357546146,-2.7902186368754754e-5,-2.792480045852019e-5
0.0010403447356452154,-0.0010973601344796717,-1.0120393384117766e-5,-1.0128594829519879e-5
-0.0021458564684669825,0.007223508529486177,-3.47094847316557e-5,-3.473761144866583e-5
0.0009540367772250818,-0.0012994953342936092,-1.4462545800864709e-5,-1.4474263864065647e-5
-0.0007367670804466602,0.0024558134742232525,-2.7679963908110004e-5,-2.7702389861752277e-5
-0.0024972032982771577,0.010039545183303872,-3.696598163224435e-5,-3.69959286211344e-5
0.0005555719384181147,-0.000616827429055063,-1.7389156851259976e-5,-1.7403241843538996e-5
-0.00020302330552741092,0.0002290073823195887,-2.42208813552224e-5,-2.424049828342752e-5
0.0015225681441528526,-0.001465562176818749,-1.0028167419052432e-5,-1.0036288573055326e-5
-0.001323301788339195,0.0025254790622615043,-2.9716877731667677e-5,-2.9740941955059905e-5
-0.00021006032016511347,0.00023907009011795818,-2.4224625741339038e-5,-2.4244240223036406e-5
0.0014518486953107122,-0.0014011481395371428,-8.96454858857426e-6,-8.971806360557444e-6
-0.00043504859679280804,0.0011671225835140657,-2.4099718939203137e-5,-2.4119229188789167e-5
-0.001359274694673484,0.005341763065328311,-3.100416519726771e-5,-3.102926321392393e-5
-0.0002934595489306213,0.000719238892804544,-2.5722845120535198e-5,-2.574366544748515e-5
-0.0024504455551570296,0.016326909439232665,-3.896098849073939e-5,-3.899252230868282e-5
0.0010615760678893476,-0.0010281391180545704,-1.3471934270869949e-5,-1.34828357937999e-5
-0.0004532803611528792,0.0005800784362119979,-2.7296722401289793e-5,-2.7318809289950496e-5
-0.0009336235443598365,0.0008280112627206119,-3.101007325419644e-5,-3.1035161978333494e-5
-0.001322642076404295,0.0005917365411702446,-1.9290636077269652e-7,-1.9306241119563575e-7
-0.001642490610033707,0.003378940011054851,-4.636431832982671e-5,-4.640182296380653e-5
0.001592520388928596,-0.0005350433840876435,1.2238321228158715e-7,1.2248218860259887e-7
-0.0014522550662333144,0.0013336198372467386,-3.4472639326651594e-5,-3.450051704152839e-5
-0.0062689944485067334,0.0022982279407570147,-3.891128443631881e-6,-3.894274714623904e-6
-0.0024728677352382445,0.00929344922036017,-3.6450347347261907e-5,-3.647981930612985e-5
8.073633858496935e-5,-0.00010881997241933401,-2.1113829821375178e-5,-2.1130898718859663e-5
-0.0013216545181028232,0.0013732323186964423,-3.8416606055739915e-5,-3.844765995354108e-5
0.0024164546193681784,-0.0007882882654474738,-1.3497215093428228e-6,-1.350812377685996e-6
0.0013890968076687563,-0.0010781245759673213,-6.227171557733497e-6,-6.2322041568491984e-6
-0.0017540974238029591,0.0034806952195922053,-4.595566829759976e-5,-4.599280611159614e-5
-0.002004721088548148,0.0007795457383911039,8.293376475541142e-7,8.300077195642664e-7
-0.00013395100992215112,0.0003251777030368482,-2.2592679473648316e-5,-2.2610932690301093e-5
-0.0018247947037611039,0.01205063596382282,-3.9698157265540974e-5,-3.973022889244539e-5
-0.000381210295282749,0.0008885777535890448,-4.2256585578561576e-5,-4.229071968421859e-5
0.0032352057385431985,-0.000611403801556764,3.0317493064265108e-6,3.034197639386857e-6
0.000228356369639045,-0.00020230341750796137,-2.1170663635901704e-5,-2.1187759464286262e-5
-0.002638268833949925,0.0017430385622897357,-3.111406166312053e-5,-3.113918447727713e-5
-0.0034497738982017323,0.0007995279868832297,2.6654641089400104e-6,2.6676160104298408e-6
-0.00032031650715658595,0.0004875538924550877,-2.37530482853384e-5,-2.3772224026435795e-5
0.00012377289151088364,-0.00012625315951740547,-1.6246540356497533e-5,-1.6259654873138947e-5
-0.0012527956260950481,0.007675195726994314,-5.5020358067258276e-5,-5.506476957022249e-5
-0.0010523035125052226,0.005764697808520579,-5.3243909661182993e-5,-5.328688435392665e-5
-0.0009812264335831284,0.006038769697570374,-6.96729728640309e-5,-6.972920446516681e-5
-0.0015951677536862358,0.011402564920166992,-4.884126052620655e-5,-4.88806775540825e-5
-0.00045586631505408365,0.0015876853925734537,-4.028194589254978e-5,-4.0314452017027683e-5
-0.007404235861593337,0.002268594079238541,-4.462675225931534e-6,-4.466275457911009e-6
-0.0014667263219687204,0.005410280164839273,-4.2174060177149796e-5,-4.220808282722221e-5
-0.001962784319728553,0.0010104769536186978,-2.3779570319186517e-5,-2.3798749336257928e-5
-0.0025397214335696715,0.0007282238118345749,-1.7057191961621033e-5,-1.7070947523924015e-5
-0.00917612225378266,0.0016356889614261548,-7.01155484673093e-6,-7.017208621351834e-6
-0.0010960236357793294,0.0038730377381698345,-4.233477470696225e-5,-4.2368910548658694e-5
0.0007949534535868446,-0.00033307631585860123,-8.067257952178624e-7,-8.073761228401351e-7
0.001099966564526668,-0.001275387130913616,-1.5397078384598334e-5,-1.5409489776019767e-5
0.000711240797915802,-0.0011480873155857649,-1.873772553132893e-5,-1.8752828643996495e-5
-0.0021469926085972094,0.005531963048954528,-3.443241780048747e-5,-3.44601692957949e-5
0.0006444120485270952,-0.0007378887269447853,-1.22031915938864e-5,-1.2213025699687055e-5
-0.0008177735433769506,0.0035838844260972897,-4.389799655784279e-5,-4.393337063315544e-5
-0.0002950397084137745,0.0019363944105388977,-2.8213973985246638e-5,-2.8236708124985528e-5
-0.0070063521436551915,0.0024753726084679995,-6.944616191758011e-6,-6.9502102283919164e-6
-0.0023715877397620898,0.011610066437136957,-3.615774946867297e-5,-3.6186874511954384e-5
-0.001065966262965614,0.0013605655995502944,-4.3097404255166225e-5,-4.313211350977869e-5
0.00018189915518694282,-4.941057249106625e-5,2.528649473281373e-6,2.5306855821526283e-6
-0.0001474615739278633,0.0001417685324319685,-2.5171178842341408e-5,-2.5191446119990382e-5
-0.0010817357906918,0.0009036606926092518,-7.5618616248655975e-6,-7.567949616587249e-6
-0.002515905265401143,0.010994915314791832,-3.713065738198712e-5,-3.716054977277897e-5
0.0015082724688394568,-0.0015188071919918702,-9.957462670749338e-6,-9.965477588848487e-6
-0.0005438423512320265,0.0014750203162111721,-2.5997244012929273e-5,-2.601816842985049e-5
-0.0013590630562453708,0.006936060179524211,-3.328510804115457e-5,-3.3311896555476805e-5
-0.0014827089184317676,0.0036998173650980453,-3.0360056851299117e-5,-3.0384488360483572e-5
-0.0013956650127927496,0.0021580715953497536,-3.687330934894517e-5,-3.690297891371479e-5
-0.001366030939865492,0.0009058979004307637,-4.767016408679133e-6,-4.7708515758328355e-6
-0.00020539355160428282,0.0007438897094643228,-3.815849594398327e-5,-3.818919404912798e-5
-0.0024933689837638704,0.0006792172150990443,-1.660588852182314e-5,-1.661924394607771e-5
0.00551821622871728,-0.0009299914154567706,-5.663921201271108e-6,-5.668475973754045e-6
-0.0021949378805137883,0.0007358266984345277,1.3777978575744172e-6,1.378905766924191e-6
-0.0002791443820379696,0.00047278656423217763,-2.380519685275201e-5,-2.382433818737951e-5
0.0005373707296512908,-0.0008642943902082631,-2.0127371798474406e-5,-2.0143554375979164e-5
-0.0001316602396809724,0.0003255231387842761,-4.036247119608189e-5,-4.039492044210641e-5
-0.0006364120633465099,9.787792609750132e-5,3.82503667941093e-6,3.82811095765556e-6
0.00027913429791595417,-0.00029906302900909853,-1.9464062241771594e-5,-1.9479705341970355e-5
-0.0007908461843150104,0.0008120626186032423,-1.211741750408656e-5,-1.2127155270960007e-5
-0.001461004719782682,0.009871878271953963,-5.433006875690896e-5,-5.437372774638719e-5
-0.0025265141854443366,0.011287510989019454,-3.646468849122674e-5,-3.649398881685748e-5
-0.00041213262975766106,0.0004238765519148502,-2.987150201695982e-5,-2.9895500410087612e-5
-0.002709780725842974,0.001695591296130941,-5.778330693719898e-6,-5.7829723692691155e-6
-0.0009762689015991842,0.004367487314466402,-3.627437895225453e-5,-3.630351676769795e-5
-0.002286924454558822,0.010762167293008164,-3.4711918995639584e-5,-3.473979957936564e-5
-0.0012335528284376722,0.0017391038293480968,-3.6615678550878356e-5,-3.664508374616744e-5
-0.0019556092633671437,0.00116608000881717,-2.649423082869573e-5,-2.6515504725121218e-5
0.002510100115053034,-0.0007557064861392882,-2.7784061530464833e-7,-2.7806368350570705e-7
0.0007367048704262968,-0.0006003549359293914,-6.858092656585093e-6,-6.863598461663849e-6
-0.001873651697224168,0.00516093446253193,-4.4509902261914355e-5,-4.4545633894347563e-5
-0.004817575019996142,0.0022768696672049752,-5.57009751751882e-6,-5.574568124689897e-6
-0.0017975907565776976,0.008006659060423466,-3.87966073795813e-5,-3.8827744893504795e-5
0.0010570266284041171,-0.0006249502956564697,-4.805545936833872e-6,-4.809401895251603e-6
-0.0006196472874076826,0.000772042627696052,-3.019275921130391e-5,-3.0216984336408468e-5
-0.0018643944706342635,0.0013915525780842028,-3.125699363834075e-5,-3.128206965213557e-5
-0.006364113661468603,0.002030518184253356,-1.0809098751276365e-5,-1.0817769209508267e-5
-0.0005613507632756187,0.003662441495587199,-3.067226221932997e-5,-3.06968652153656e-5
0.0010991401672972437,-0.00045064054675705075,-1.2672689362298002e-5,-1.2682851420104823e-5
-0.0025640904776218815,0.001187414473003906,-2.3203919780238177e-5,-2.322252508489837e-5
-0.0034875724827975003,0.0008208129109328433,1.8852459794666726e-6,1.886757422263957e-6
-0.0012305106711780233,0.001985645008109395,-3.458704432463099e-5,-3.46147724693422e-5
0.0006866023639156513,-0.0005456600452476436,-1.5244384444291378e-5,-1.5256604132917753e-5
-0.0022180302512714092,0.0019384318711895053,-3.6417789006102695e-5,-3.644697851305056e-5
-0.0076017795766440905,0.0019331196154701335,-5.795390840061788e-6,-5.8000352121842515e-6
-0.0007836195908924078,0.00302957601929825,-3.8013386018954286e-5,-3.804384877293026e-5
-0.0007970124942643932,0.004936227421761406,-3.178797866810677e-5,-3.1813451003831397e-5
0.00032332723542201607,-0.00013472300382301434,-2.0766441006313188e-7,-2.0783076690493392e-7
0.0005653782500317601,-0.0007768211121677567,-1.551928122701782e-5,-1.55317128933776e-5
-0.002410263657215203,0.010104946991139896,-3.488842593173039e-5,-3.491637170814358e-5
-0.0007231241970418564,0.0009426983759569867,-3.121520844023455e-5,-3.124020817865594e-5
-0.002414568924511477,0.0017998187069848777,-3.3080594432010825e-5,-3.31070848933295e-5
0.002915389576290493,-0.0007307325508119618,-9.0296014978042e-6,-9.036831215839654e-6
-0.0032124292253757347,0.001160794941554552,-2.1155520602285768e-5,-2.1172457820798243e-5
0.008315184722690152,-0.001316562406079337,-1.312333107872938e-6,-1.3133836411299552e-6
0.0015249619196143532,-0.0007263040759175908,-8.80186201188508e-6,-8.808907548679106e-6
-0.002215518152314609,0.0015626474102988838,-7.28333000595101e-6,-7.289159578817254e-6
-0.001914665510340813,0.009287380290481184,-3.338347272798617e-5,-3.3410191890297475e-5
-0.0010849285558139062,0.0019289933649274,-2.8584354799695506e-5,-2.8607229752985394e-5
-0.0003391979298687967,0.00039205121529333023,-2.6459155423961443e-5,-2.6480327376168198e-5
-0.002334946075081318,0.002008288933975775,-3.682412339394787e-5,-3.685358593919598e-5
0.0022633258753853246,-0.00045667666585030294,2.650599210263278e-6,2.6527195647535445e-6
-0.0021844767852858557,0.001990028166996247,-3.786918180622489e-5,-3.789947392841538e-5
-0.008810421179433259,0.0015339134349653932,-5.935417932591386e-6,-5.940164896655805e-6
-0.0013515371013457804,0.004260461164806478,-3.0272449901893342e-5,-3.029666025009715e-5
-0.0012770590627382932,0.00257305948278007,-4.52773464404728e-5,-4.531355297810597e-5
0.001988700430450671,-0.0004878630797426856,1.7872085422205133e-6,1.7886373676114784e-6
0.000918752460127888,-0.0008442893307526803,-8.673402201645136e-6,-8.68033600868963e-6
-0.0021955826362790453,0.006823647078085065,-4.342754553557433e-5,-4.34622612638067e-5
0.0002328467906876331,-0.00013960201403922864,-1.8070245482368047e-5,-1.8084687794706427e-5
0.001469698885764814,-0.0007387662793799319,-7.995047717339251e-6,-8.001436997575453e-6
0.0011881352452066216,-0.0009363215595471494,-9.865229823482698e-6,-9.873113096878891e-6
-0.001072486230222321,0.001424063633774076,-4.290855713272657e-5,-4.294284286060825e-5
-0.0065021838361168215,0.0011714168103471752,-2.9096171642062183e-7,-2.91194157221177e-7
0.00011384702855921892,-0.00020597117352018989,-2.243239425751714e-5,-2.2450314277818366e-5
-0.00235564325619559,0.005977493776417174,-3.602015473391072e-5,-3.604892703530636e-5
0.0015900274949698793,-0.001647403830423918,-1.0923557195411406e-5,-1.0932281536000191e-5
-0.0012631599348544927,0.003120168939946429,-2.9231984177182332e-5,-2.925532960992824e-5
-0.0005438016091890853,0.0009338519632511599,-2.5197097156123664e-5,-2.5217218109643227e-5
-0.0007033526244617526,0.0010255473005113941,-2.7641600663727618e-5,-2.7663671545573367e-5
-0.0014213167350118699,0.0014463672469400522,-3.729025461654027e-5,-3.7320026399917234e-5
0.0008212847047267225,-0.0002752882173035115,-1.3149501833360222e-5,-1.3159998530276078e-5
-0.003668799813883207,0.0013525220914124203,-2.1758247912637197e-5,-2.1775615083429076e-5
0.008254471721700045,-0.0013175777658645652,-1.6597130615690168e-6,-1.6610376634502105e-6
0.00165968284902735,-0.0007815073674047957,-6.551799981028862e-6,-6.5570285978787505e-6
0.00031449458245699926,-0.00026932908648464644,-1.9739847180584896e-5,-1.9755599332933674e-5
-0.0015631477447165772,0.0011122083397349508,-2.8940318418159902e-5,-2.8963410216904703e-5
0.0027919285971090804,-0.0009711657896142082,-5.953398142289713e-6,-5.958147825050395e-6
0.0004594752204886121,-0.0002753074377330374,-3.625826615528216e-6,-3.628719134745744e-6
-0.0011222108633409987,0.0022863850884600177,-2.838668694061582e-5,-2.8409331448285286e-5
-0.0009481653977373507,0.0013681836145296364,-3.2521544775625865e-5,-3.2547485025545265e-5
0.0013271700608201691,-0.0010309188531606361,-8.763505861868465e-6,-8.770495049858251e-6
-0.001506100675756869,0.002194358458182568,-4.413324225311021e-5,-4.416843770661382e-5
0.004357814949944559,-0.001119446437065444,-1.6301796284058521e-6,-1.6314794061525246e-6
0.00026703135255897066,-0.0001682570380229574,-4.466338420151225e-6,-4.469899315141953e-6
-0.0024764201932772427,0.006000339108338049,-4.074355461149132e-5,-4.0776036888348994e-5
0.0013756877004230611,-0.0009918639810853275,-6.829069519890328e-6,-6.834513016321762e-6
-0.0014791271575158441,0.0023425925799094027,-4.2114329939116464e-5,-4.2147897555942454e-5
0.0016377877608900748,-0.000756917239943087,-8.529569681929823e-6,-8.53636712467462e-6
-0.0018960062126939083,0.0013348393742700615,-7.090754685627279e-6,-7.0964050781890175e-6
-0.0018938239450345723,0.008537073263465245,-3.8342702587016885e-5,-3.8373255534739846e-5
0.0010358458790071805,-0.0006246085624571991,-1.18164594914577e-5,-1.1825873141652866e-5
-0.0004291339341196144,0.00031512687420117954,-2.4891161478374315e-5,-2.4910989588598095e-5
0.00016867940730093,-8.775957657889807e-5,-1.7245088207465395e-5,-1.7258823994242734e-5
-0.000929487203436031,0.0004214863062144594,-1.9215623588920865e-5,-1.923092746159338e-5
-0.003676188703436888,0.0012482922841134836,-2.0914944029715233e-5,-2.09315995819633e-5
0.008380200052728604,-0.0012018891176466858,-3.428992122428712e-7,-3.4317224561263713e-7
-0.003957750551370065,0.0020580008789132186,-6.251822357914181e-6,-6.2568000975333375e-6
-0.0025418404198494482,0.011585823557822065,-3.6022856394526984e-5,-3.60515371028817e-5
-9.564147512774422e-5,9.831042855802008e-5,-2.2618190456733832e-5,-2.2636195685641625e-5
-0.001517730519534919,0.0015897490004273865,-4.009746369280768e-5,-4.0129380242853935e-5
-0.005231188724821038,0.0010556418321050704,-1.518719224229925e-7,-1.5199278532145977e-7
-0.00012122753198689519,0.00030472374189771147,-2.1849610903147453e-5,-2.18669988465024e-5
-0.001126486289671882,0.005890784264891017,-4.083562177093232e-5,-4.086811699853376e-5
-0.0023380589088153824,0.010546001418214098,-3.438848506344451e-5,-3.441584774038538e-5
-0.000475944504072438,0.0006843889582532353,-2.4944481554987008e-5,-2.4964326786590938e-5
0.000311563836347235,-0.00038465826834940033,-1.9684672662605016e-5,-1.9700331769572238e-5
-0.0013516138840027946,0.0016980188656683605,-4.223458282227206e-5,-4.226817741720516e-5
-0.0053878133302555295,0.0014892985093827949,-2.4015923241395433e-6,-2.4035022709321554e-6
-0.0020831926611033207,0.005540480152843288,-4.415451753578962e-5,-4.4189631795515095e-5
-0.0006506037233449942,0.0003175131419803071,-1.9521648349779068e-5,-1.95371699409565e-5
0.0011740451463958452,-0.00043301473923211276,-7.479884830795261e-7,-7.485831448682104e-7
-0.001551686502830003,0.001668730795300986,-3.935139882398738e-5,-3.938268211446736e-5
0.0035130677540354265,-0.0010471845985435394,-3.221652806662898e-6,-3.2242135122730503e-6
-0.00039615304269635513,0.0002515730695864481,-2.262792076446894e-5,-2.264590525787328e-5
-0.00017261694988589778,8.076937138059576e-5,-1.765931376039467e-5,-1.767334775599162e-5
-0.0010288482102307154,0.00041387312891824824,-1.7989764143877006e-5,-1.8004059367629098e-5
0.0018951545349017536,-0.0005735445667980793,-1.0976689442345975e-5,-1.0985410985582366e-5
-0.002855656108627806,0.0011005190966633066,-2.0920884715568397e-5,-2.0937506068629476e-5
0.006082296573908437,-0.0012643422832548754,-9.403483409347287e-7,-9.410953491884685e-7
0.0007384831540788092,-0.0004448123124905297,-4.004862642287071e-6,-4.008043904096843e-6
-0.0020788283641103578,0.003782351918088474,-4.139985022596746e-5,-4.143273451795893e-5
-0.0037052440819137877,0.002086947429996212,-1.0034602582096777e-5,-1.0042571869354317e-5
0.0009977044299949024,-0.006838809115394077,0.0,-1.247045238339213e-16
-0.009031521590216451,0.0013281778089390308,-4.958183466214381e-6,-4.9621194536631654e-6
-0.0019953011188263985,0.005294926385926037,-3.2623513762199615e-5,-3.264941082511356e-5
0.0011527677267288165,-0.0015941287802863273,-1.721592744730147e-5,-1.722959206523534e-5
-0.0024097116691386613,0.005314987071417264,-4.023506683741468e-5,-4.026699998915857e-5
0.0013438147888409958,-0.0009476911235299796,-7.163819285656179e-6,-7.169504057997165e-6
0.0005099206056670109,-0.0007233997270089443,-1.6712174856490417e-5,-1.6725435819602036e-5
-0.0005909622568341958,0.002647123192895805,-3.29096697701169e-5,-3.293578193890875e-5
0.00333149479104856,-0.0010638290078964416,-5.563256889500853e-6,-5.567669770066383e-6
0.0011522484583196297,-0.0006782460128429777,-7.0947997478498445e-6,-7.10042709250959e-6
-0.001439319665907641,0.0015287363521445838,-3.767457378376349e-5,-3.770445395337289e-5
0.0005536221017168689,-0.00019677620088926978,1.6241240617124616e-7,1.6254119814439858e-7
0.0014229857432508206,-0.0018277841419780019,-1.566647658095484e-5,-1.5678899367511113e-5
-0.000206180995047642,0.0005083093881978054,-2.415266110027954e-5,-2.4171811785619397e-5
-0.0024392242085935437,0.006942506590610821,-4.2297913970308526e-5,-4.2331449417838276e-5
-0.0014747923638504118,0.0009182303547804454,-2.57489931669008e-5,-2.576940415956166e-5
-0.0007400663928802768,0.00025997413156863213,3.352484870848972e-7,3.3551420501066713e-7
-0.0014711022825989052,0.00220438986310383,-3.779142795845462e-5,-3.7821380058714e-5
-0.0028094292046464786,0.0016526556983868475,-2.8153249984425243e-5,-2.8175560001404685e-5
0.0042113514707485655,-0.0010400947717348885,-5.157762434837485e-7,-5.16184916261623e-7
-0.0011014460373979375,0.0007968752418767982,-2.728082163993716e-5,-2.7302436293388838e-5
-0.0026118646974814556,0.0010696420872304668,-2.1064260415561565e-6,-2.1080947693139627e-6
-0.0025934737681128964,0.006642355598239464,-4.024503454483188e-5,-4.027691582849685e-5
0.00010317837775450198,-9.28215098807921e-5,-2.1587816820264718e-5,-2.1604915458134122e-5
0.000535163536149917,-0.0003273609928731944,-1.6658569919425725e-5,-1.667176301696025e-5
0.0011588113255168867,-0.0006759318284034552,-5.59434728786251e-6,-5.598777444613225e-6
-0.001189433929474022,0.0015041118543328558,-4.19084638047265e-5,-4.1941649055218436e-5
0.008046090463538543,-0.0013592531983631629,-2.14637019233163e-6,-2.1480694384712274e-6
0.0015986185831055337,-0.0007767231399854899,-8.044528717646395e-6,-8.05089705983478e-6
0.0015411040773502611,-0.001195913071526548,-7.929536315151511e-6,-7.935813177430709e-6
-0.0003795511576138252,0.0006595137853699759,-2.4518284595964547e-5,-2.453769164618639e-5
-0.0004006251451461796,0.000642195154647075,-2.4403869188553082e-5,-2.4423183916745867e-5
-0.001695589132336335,0.0024660477823468183,-4.381568433716145e-5,-4.385035954911805e-5
-0.006029484577769885,0.001678829276684565,-4.583684835067895e-6,-4.5873116063486075e-6
-0.0010789846368801789,0.0034802011982797087,-2.9073688613651514e-5,-2.9096692066549024e-5
-0.0003534048734357293,0.0008636755069237876,-2.512443862607359e-5,-2.514431539069618e-5
-0.0004311566768080887,0.0011811727183227473,-2.503897962451266e-5,-2.505878712704204e-5
-0.0008437527366332168,0.0032965792921255213,-3.658909401830603e-5,-3.6618036310725084e-5
-0.0026013389969983688,0.014621943346045382,-3.6942950858168834e-5,-3.697217114773927e-5
-0.002300816649625564,0.0019781219990602558,-3.543117979021481e-5,-3.5459198597929355e-5
0.003670680281554414,-0.0009972681760032171,-1.2181739028721848e-6,-1.2191370832037136e-6
0.00023416002897490526,-0.00018936723670517097,-2.028352857010689e-5,-2.0299565355239806e-5
0.0007815012397640993,-0.0005051732677385667,-1.4759795106030638e-5,-1.477146352488621e-5
-0.002598018182621831,0.001841364663668686,-3.1831216833528936e-5,-3.185637900512879e-5
0.0034660396585073795,-0.0008882801427252251,-7.476652024255629e-8,-7.48256135930818e-8
-0.0004945322151627336,0.00038469259916579853,-2.570406276188827e-5,-2.5724377564002635e-5
0.001261121931690627,-0.000658186516261439,-6.204704305549796e-6,-6.209607551575937e-6
3.56239918059616e-5,-8.848424611632509e-6,-1.0855694748775833e-5,-1.0864272867907082e-5
-0.0026762587908695365,0.012029885804418869,-3.66070487160573e-5,-3.663597420315149e-5
0.0004677440803661352,-0.00048143903528480276,-1.8142711777760457e-5,-1.8157044909665758e-5
0.0011116334327898793,-0.0012064775331934294,-1.5547496234783207e-5,-1.5559778039794078e-5
-0.0014847416909165283,0.0022496759684459207,-4.431933555443825e-5,-4.4354343192964094e-5
-0.0029773378394535926,0.0006950730828276683,7.048303326286394e-7,7.053869592601616e-7
0.0005365869886924354,-0.0008665266004885036,-1.8884186351276194e-5,-1.8899099243202598e-5
-0.002097957163636035,0.007588859192622215,-3.327530075088752e-5,-3.330157676771522e-5
-0.001907569869269827,0.003007343747602089,-4.3007605132939536e-5,-4.304156194250994e-5
-0.0031894389606876724,0.0012824951538283856,-2.2292796463086245e-5,-2.2310394751616626e-5
0.00680041261313423,-0.0012855564916439792,-4.584370814639996e-7,-4.5879893580503944e-7
-0.0008853663795933889,0.0005430686857287572,-2.3849447518779038e-5,-2.38682713756295e-5
-0.0019948280935249843,0.0007995285312204167,-1.9842255119879673e-5,-1.985791446348545e-5
0.0007545661701822087,-0.0001988826529360161,1.2415252993423147e-6,1.2425049981585579e-6
-0.001559318191554593,0.0017432029233827883,-3.925185531733979e-5,-3.92828278669155e-5
-0.0027186661349416197,0.0008918523577378273,-7.242816238063415e-7,-7.248530428992787e-7
-0.0010540400901900523,0.0021730898209516842,-2.7968813361041835e-5,-2.7990878424119432e-5
-0.00180084662377526,0.0028127403290358435,-4.419973392925107e-5,-4.423460033679283e-5
-0.0012390675906587564,0.0003870847777063703,-1.6092636636566552e-5,-1.6105328660058078e-5
0.003413890504289053,-0.0008459058043709786,2.7487817477181815e-7,2.7509494652504026e-7
-0.0008755988807636908,0.0007623251581908758,-9.755357474209892e-6,-9.763050238708878e-6
-0.002504559986628487,0.012536112102477813,-3.56302959032352e-5,-3.5658391763456944e-5
-0.00038340652459571364,0.0004966900472014957,-2.4629404149680523e-5,-2.4648822326165016e-5
0.0014301190781082812,-0.0015556929392994397,-1.3920568742099834e-5,-1.3931542836877619e-5
-0.001432410446856822,0.0026628443438155257,-4.344028451011423e-5,-4.34745277861537e-5
-0.002006436980644576,0.0004253663551310368,1.2800629422129355e-6,1.2810717590870835e-6
-0.000538968721414394,0.0007688137379475098,-2.5447687971884087e-5,-2.5467742530157347e-5
-0.0016722188566710436,0.0019436558751788542,-4.1394992905154224e-5,-4.14276118184154e-5
-0.00030016907470606125,7.605359173472005e-5,-1.2447322545752636e-5,-1.2457129012848845e-5
0.004206781398044093,-0.0008461211619430755,1.0109457604133416e-6,1.0117421518023705e-6
0.0016215534223012877,-0.0013051825266532186,-8.612460562970057e-6,-8.61924485359469e-6
-0.0014925977913837548,0.0027276711161593583,-4.358979996767993e-5,-4.362413495048134e-5
-0.002489043383371229,0.0005365857710618529,8.932095913338418e-7,8.939129960241675e-7
0.0004765667076000356,-0.0007010374108706804,-1.7752282448278754e-5,-1.7766261895839155e-5
-0.0010265647861102893,0.004704041137260064,-3.5909996777220345e-5,-3.593827345046147e-5
-0.0016114870497633063,0.007166592052170297,-3.219486853883479e-5,-3.2220217776230215e-5
-0.0023711395308652046,0.005049674857429653,-4.212902136559926e-5,-4.216218849006951e-5
0.00037600428803291055,-0.00022487304965347567,-1.7550980650600837e-5,-1.7564795761514198e-5
0.0014501625401403407,-0.0007834321076525607,-8.471669381569041e-6,-8.47833717169061e-6
-0.0006218444113955666,0.0005266356197764732,-2.7138664023641526e-5,-2.7160022539295524e-5
0.001238597559005923,-0.0006677787836023543,-1.132153188220417e-5,-1.1330441077667839e-5
0.0010661868218522755,-0.000768243612627015,-1.2082113416976906e-5,-1.2091620397815828e-5
0.0007784047119994547,-0.0007865308361900005,-1.6369988203252902e-5,-1.6382868195601213e-5
0.0012629600269933598,-0.00153661740786058,-1.3853734085554037e-5,-1.3864633411897802e-5
-0.0005874997181201555,0.0020728239546349836,-3.783735320257208e-5,-3.786711987439141e-5
-0.0016227811134755575,0.011201919871796771,-4.6339059546126444e-5,-4.637551253518219e-5
-0.0007871789836548412,0.0027159832421768137,-2.9510661060503206e-5,-2.9533873599515027e-5
-0.0019634235211144243,0.008646501347156619,-3.27552156816715e-5,-3.278097841051545e-5
0.0003045656361759689,-0.0005058394199692479,-2.011777163590038e-5,-2.0133592673305173e-5
-0.0024262110214302735,0.009552297019972069,-3.415613926940694e-5,-3.418299877172613e-5
0.00037267834052859294,-0.00048624997373654654,-1.7595268824180798e-5,-1.7609103345085514e-5
2.590079416795433e-5,-3.942594399239373e-5,-1.8699457613332005e-5,-1.871415965512019e-5
-0.00417494980970571,0.0009762084521888009,-1.2700729006789258e-6,-1.2710711270655391e-6
-0.0014764582762776604,0.003087236964804381,-2.9859674907516623e-5,-2.988314264754568e-5
-0.0011459376717537504,0.0015953843346565703,-4.2315865734133264e-5,-4.234911964008438e-5
-0.001461597758190639,0.00027592793537642446,-1.3190565235029689e-5,-1.32009287858081e-5
0.00037169373345100504,-1.2527781473112848e-5,-1.5697178597194605e-5,-1.5709510423555498e-5
-0.0016843286442488278,0.009944368626271082,-3.4479413786526005e-5,-3.450650053896122e-5
0.0011248275613573169,-0.0005999325723546559,-4.20330797872491e-6,-4.2066092186525795e-6
-0.0015364661500699263,0.002103322844202833,-4.232822355607794e-5,-4.2361465933323035e-5
-0.0045412139841916645,0.0015270660812686978,-1.2484211981905558e-5,-1.249401471048218e-5
-0.0004984254261260386,0.003571917734472266,-2.649020545217377e-5,-2.651100534547468e-5
-0.005447706780633256,0.0018637554976897721,-5.796406743850892e-6,-5.800956601265752e-6
-0.001348287750422675,0.00499893190142935,-4.001157150040785e-5,-4.004297744761069e-5
0.0013654264673295415,-0.000564443542161151,-2.7832449983481194e-6,-2.785429092052376e-6
0.0006993096462962613,-0.0007623313268775515,-1.756618354183647e-5,-1.757996747058555e-5
-0.0004749687406304289,0.0005874407275408946,-2.6369273310882004e-5,-2.6389963238593913e-5
0.0008433293403046383,-0.0007899767107816371,-1.5539310023944574e-5,-1.555150124526327e-5
-0.001539149433616078,0.0018075820078740428,-4.1009541159497266e-5,-4.104171229739012e-5
-0.004829675103102961,0.0008541390397604,-1.1589097317105512e-5,-1.1598186893286984e-5
-0.0009791828229229536,0.004443592956940692,-4.039814095290936e-5,-4.042982536881633e-5
-0.0024486902251163044,0.013086565384785805,-3.554232692741054e-5,-3.557020099989033e-5
-5.031859458334685e-5,6.705723455133851e-5,-2.2642192309568407e-5,-2.2659946767754985e-5
-0.00015294298346499514,0.00021749374846574934,-2.3077232523257924e-5,-2.309532652960128e-5
-0.0004455710570685806,0.0006173874951221319,-2.476260601120851e-5,-2.4782019725043777e-5
-0.0008327067716390345,0.0009476450086617176,-3.3945669785642064e-5,-3.397228038754292e-5
-0.003690641873670961,0.0019795754399338367,-2.8624779493561507e-5,-2.864721600556201e-5
0.003324588997661916,-0.0004841330703509679,-9.068855407575509e-6,-9.07596268600012e-6
0.005113120666957297,-0.0012603297228320283,-3.0597014666241787e-6,-3.0620991777432923e-6
0.0012657423443593631,-0.0007721311610575988,-6.751061047428313e-6,-6.75635114638796e-6
-0.0016635474389028063,0.0021226166696149563,-4.233255767478142e-5,-4.236572724450152e-5
-0.005098903080630479,0.001035422983396027,-2.6874689281215116e-6,-2.6895742685347157e-6
-0.0025632270769562647,0.00583276882664599,-3.7944874780802335e-5,-3.797459958835662e-5
0.0003502993708052882,-0.00030600682106051856,-1.916541140605875e-5,-1.9180422799078896e-5
0.0012153851638076342,-0.0009555349111026092,-7.764604939163965e-6,-7.770686047555354e-6
-0.0021762561588821103,0.0052779787242999395,-4.426010939016233e-5,-4.429477144518466e-5
0.0018452982653841938,-0.0007988446214234282,-9.615890023506214e-6,-9.623419125498745e-6
-0.001037721519656358,0.0006487871715767167,-2.4315184679177977e-5,-2.43342217049381e-5
-0.0004451589558040619,0.00018214694399656373,-1.714336344765325e-5,-1.7156783985562263e-5
0.00014964738246685234,-4.424348823030012e-5,-1.4999885574309622e-5,-1.5011626998784661e-5
0.0014935173294077415,-0.0004960433515604766,-7.887145824552614e-7,-7.893319073458225e-7
0.001054478140729301,-0.0011619765745200445,-1.629190636303208e-5,-1.6304657355291455e-5
0.00035285943849731595,-0.0004794914342656401,-1.8779250834660606e-5,-1.8793947474087944e-5
-0.0028393507304344504,0.016409748694837238,-3.6530539902776516e-5,-3.6559127403654175e-5
-0.0013634426071848836,0.0014549496712790134,-3.574124206386055e-5,-3.5769206812819585e-5
-0.0029334724177628047,0.001236743364483019,-4.201185606930946e-6,-4.204472246848634e-6
-0.0013757988357530376,0.0042648496383458495,-3.0110375014157628e-5,-3.0133929940712242e-5
3.574825723281795e-5,-5.2138720591610634e-5,-2.3451513009540128e-5,-2.346985687528863e-5
-0.00036951286406800834,0.0009864473427919286,-2.5191873573979596e-5,-2.521157722889911e-5
-0.001462765384610854,0.004897239754181483,-3.060336857600349e-5,-3.062730298735415e-5
-5.200263275607021e-5,0.00016902173778994033,-2.258106125599745e-5,-2.2598719637716093e-5
-0.0025230206847325068,0.01133274539367474,-3.438457054027597e-5,-3.4411457667146775e-5
0.000968000170705814,-0.0013526089140848527,-1.643811990866827e-5,-1.64509718661098e-5
-0.0024720983654706727,0.008869323217142401,-4.0515874888442726e-5,-4.054755002252647e-5
0.0013372346146699227,-0.0009066780734522698,-8.164984577602594e-6,-8.171366682960485e-6
-0.0006399258246932244,0.000828156465005486,-2.836293973513759e-5,-2.8385108058860176e-5
-0.0010606605299764526,0.000904604398983895,-2.9246492069117485e-5,-2.926934846752963e-5
0.001542626299617823,-0.0007210292803741331,-1.1148482716816759e-5,-1.1157194314333867e-5
0.0010734449576207791,-0.0006753300098568303,-1.226764579832219e-5,-1.227723118945019e-5
-0.00018763099618757727,0.0001375876701008389,-2.4625120262989304e-5,-2.4644359761367794e-5
0.0013982776888655118,-0.0008110282648311844,-9.285468771334882e-6,-9.292722699634737e-6
0.00046124694891800874,-0.0004425491096840961,-1.8206948647855448e-5,-1.822117116383099e-5
0.0010434408702292874,-0.0010364612456400786,-1.537926759603791e-5,-1.5391280218017293e-5
-0.0010529960684255634,0.0013762817406495784,-3.513017496530967e-5,-3.515761281343129e-5
0.0005141714637883842,-0.0002973959943394754,-4.61817875727468e-6,-4.621785228492546e-6
-0.001738112713456642,0.003737357352373571,-3.113161103535658e-5,-3.115592151876121e-5
-0.0008095972931000437,0.0010188499123927558,-3.0926664532357264e-5,-3.095081227196283e-5
0.0006424137136307621,-0.0004743473099232838,-1.6319863854769626e-5,-1.6332605000741415e-5
0.0009791129293618363,-0.0007562077239050669,-7.765147133033983e-6,-7.771208977345556e-6
-0.0021301298946721056,0.005703005166400845,-4.342350016221101e-5,-4.345739702532807e-5
0.002151777490930664,-0.0009019275064000254,-7.511655864197886e-6,-7.517518292035645e-6
0.0015030833262492406,-0.0010766989506157826,-8.079736410925065e-6,-8.086041762129996e-6
0.0007939241270559939,-0.0012276597555909655,-2.0017670534069897e-5,-2.0033291217381203e-5
-0.0025484362334935035,0.005612045383240388,-4.0511883295398716e-5,-4.054349425190894e-5
-0.00016209216209556434,9.727358212616494e-5,-2.178855456022015e-5,-2.1805553211019673e-5
-0.002254646225708798,0.0011567281019889274,-5.520019569569173e-6,-5.5243256570889495e-6
-0.0027530884901539442,0.009489889982263642,-3.9106410468211044e-5,-3.913691575921153e-5
0.001787497263380252,-0.0015718220251710678,-1.0052527239974129e-5,-1.006036748068205e-5
-0.002250539132270685,0.004604584038282308,-4.429052581077479e-5,-4.432506725100749e-5
0.0010871605242423377,-0.0004166118456865173,-1.6600906044538773e-6,-1.6613850260705896e-6
-0.0015308654136631462,0.0019022595508353254,-4.170925974778399e-5,-4.174178007988021e-5
-0.0009331311153006,0.00023343605451514872,3.2059459388251185e-7,3.208445131966061e-7
-0.0015091039947397618,0.0021945030680911065,-3.592106520618818e-5,-3.5949066319877776e-5
-0.0005984510630411662,0.00036782447769881014,-2.2914829639791316e-5,-2.293268974726682e-5
0.00045728416194269934,-0.0001968999565645346,-2.228271915613595e-6,-2.2300084766893833e-6
-0.0016253012853292322,0.0024685039360107116,-3.7052055332036245e-5,-3.7080929783124784e-5
0.0013607716346967086,-0.0008342616436668961,-6.200408736378849e-6,-6.205240005327424e-6
-0.0005585234646041391,0.0008422957290799181,-4.042686028957021e-5,-4.045835853801472e-5
0.006230091115375121,-0.0008755641727508436,9.308981766619658e-7,9.316233092127236e-7
0.0009078815240562136,-0.000660195152070333,-1.3921994677366961e-5,-1.3932838846221355e-5
0.0002216913794597232,-0.00018003250212253311,-1.0315277974286627e-5,-1.032331215989399e-5
-0.002719950568223045,0.011028701997342103,-3.801135847951837e-5,-3.8040962863464566e-5
0.0005966936024583267,-0.0004641747220029046,-8.255070620906893e-6,-8.261498704817718e-6
-0.0001028211418232683,0.00038706405346042625,-3.206991832075581e-5,-3.20948894960269e-5
0.002531577014139573,-0.000418783059998658,1.4543488024080026e-6,1.4554808876650698e-6
0.0015785430379492262,-0.00149443164029374,-1.232494022637032e-5,-1.2334533716243163e-5
-0.0016476096693257673,0.002867849437242011,-4.291396297794551e-5,-4.294736422716662e-5
0.006386554034938485,-0.0013255350499526495,-1.6520374159614473e-6,-1.653322955983242e-6
0.0013009633773710405,-0.0008337160491391121,-8.200590206402995e-6,-8.206971182653036e-6
0.001461443167678807,-0.0017813784628977836,-1.45212618126429e-5,-1.453256026636827e-5
-0.0007314782618329969,0.00222999951963342,-2.7467726184066876e-5,-2.748909661552873e-5
-0.0017552607965455847,0.005180397980544157,-4.256479543235687e-5,-4.2597908823041914e-5
-0.005105463542490384,0.0017483986966597557,-6.739843158641713e-6,-6.74508518303543e-6
-0.0028608420444611706,0.01098646299994472,-3.6964525835957575e-5,-3.699327478904961e-5
-0.00023519719897163998,0.00026539978255786886,-1.4296078604128443e-5,-1.4307195447945736e-5
-0.002527931624251508,0.01754759100202615,-4.044044463819409e-5,-4.0471890639619204e-5
-0.001336069957159204,0.0023172840685799353,-3.008295167751061e-5,-3.0106340476145744e-5
0.0004815671407327422,-0.0004990019115190576,-1.3400000316267817e-5,-1.3410417359532661e-5
-0.0026954068581412642,0.01316773075097473,-3.718509196507308e-5,-3.7213998106275267e-5
-0.002630103054039887,0.0023641165412786064,-3.6619859084086546e-5,-3.6648320469696616e-5
0.005518979398923011,-0.0013248589710229738,-4.521494636823454e-6,-4.525008240165146e-6
0.00038618040047553334,-0.00021711348092714647,-1.7336448214730862e-5,-1.7349919337840904e-5
0.00140123678153568,-0.0007289108353448842,-7.3379634321092e-6,-7.343664813308188e-6
0.0014603786177679974,-0.0014175161927541889,-1.3233710916274217e-5,-1.324399245584392e-5
-0.0019206364516939094,0.003154775059856147,-4.3947039715423866e-5,-4.398118080834112e-5
0.00153894528485976,-0.000419501037193589,-1.2421938848208591e-5,-1.243158713599944e-5
-0.001265162484035371,0.0004180460009673521,-1.0436887562674269e-6,-1.044499336143868e-6
-0.0018652585654766228,0.0032407285304330655,-3.70701553563627e-5,-3.7098944744274e-5
0.0013274690839521397,-0.0009423918663708665,-1.1090536386927517e-5,-1.1099148320049574e-5
0.001710313156349027,-0.0019034324467528585,-1.3655524355657992e-5,-1.366612729704915e-5
-0.0009823724392685816,0.00239588771745663,-3.9885845495773514e-5,-3.9916813364686674e-5
0.006233683541131362,-0.001251491437393712,-6.539835219041406e-6,-6.54491150413993e-6
-0.0028715252671349797,0.0011712121090457273,-4.74461611684776e-6,-4.748298686756928e-6
-0.00016452752878856616,0.0005850042213291457,-3.234636188322594e-5,-3.237146693068885e-5
0.006260433395008649,-0.0011497728495441415,-4.371348605881481e-7,-4.374740339566711e-7
0.00032790711919012853,-0.0002424320190142068,-1.9092106561359386e-5,-1.9106919409353842e-5
8.853831804303443e-5,-6.696900367226466e-5,-2.008043753589284e-5,-2.009601576631236e-5
-0.002571093790972126,0.0014176849091464584,-7.518788809285273e-6,-7.524621263995242e-6
-0.001680536742822599,0.007270701955175005,-3.195051891178907e-5,-3.197530267773976e-5
-0.0007805838092286187,0.0016664128446568776,-2.69506096078052e-5,-2.6971512544529947e-5
0.0004638171485771634,-0.0008206725956303892,-2.115795422299034e-5,-2.1174362854258153e-5
-0.0007609913160788593,0.002453154800362718,-3.6726630116771736e-5,-3.67551108538821e-5
0.0053506257659345635,-0.001283506634040351,-2.719066198727038e-6,-2.7211741961583785e-6
0.0009522756271777216,-0.0006301683489308875,-1.372493482035172e-5,-1.3735574678078758e-5
0.0006086097590527239,-0.0005105359694352576,-1.69529949765866e-5,-1.6966136266594765e-5
-0.002224945892534774,0.0020082587008030547,-3.498077782424948e-5,-3.5007891283322203e-5
-0.00041403322524975934,0.0001409361268299736,-1.5700920623186932e-5,-1.5713088605739323e-5
0.003606762392728924,-0.0010491114375224334,-2.784484635513444e-6,-2.7866423743516287e-6
-0.002966994469296824,0.002302829017037074,-3.473660170071014e-5,-3.4763518094374184e-5
-0.00555799091015071,0.0008803660128879057,-8.766281764685621e-6,-8.77307336551635e-6
-0.002827817408564627,0.009132822078732908,-3.838177736631821e-5,-3.841151259934722e-5
0.0013108528454006713,-0.0012373092007905988,-1.3636826785096201e-5,-1.364738988321791e-5
-0.0017451277088931746,0.0025718975763277066,-4.142939316149946e-5,-4.1461482210415005e-5
0.0012917223637574455,-0.0005270009374575771,-1.3307340958791813e-5,-1.3317646441796868e-5
-0.0028390848234743794,0.0013608197252223916,-2.4116635765074085e-5,-2.413531066626789e-5
-0.00247894916243596,0.0005990748328107768,-1.5239959543780434e-6,-1.5251759355334106e-6
-0.0008415205547383658,0.0016552829922230777,-3.967815319200004e-5,-3.9708873666631126e-5
-0.005519995835176904,0.000877185530786269,-8.59532421334206e-6,-8.601977380710288e-6
-0.0007109718065653087,0.0023863084878728005,-3.27277454673032e-5,-3.2753077600591896e-5
-0.002460602331260737,0.013716489872318901,-3.581659876507134e-5,-3.5844320031550974e-5
-0.003321845838981665,0.002273965954509733,-3.2329249975705535e-5,-3.235426653444509e-5
0.0011247730020061697,-0.00022555721449146152,7.316754631220335e-7,7.322415554773204e-7
-0.000771214260376405,0.0008490342733719329,-3.127007395692125e-5,-3.12942663838674e-5
0.001097283754750492,-0.0006645099465765926,-1.2790438940130007e-5,-1.2800333207743132e-5
0.001680644442589179,-0.001321005305917779,-9.56132974233603e-6,-9.568725509926669e-6
1.3121009849964238e-11,-5.195625726472974e-10,-2.3368725397642206e-5,-2.3386800242094594e-5
0.0002032498163317358,-0.0003582325791796236,-2.296858898492869e-5,-2.2986352869026787e-5
-7.071911062551206e-5,0.00018282891260408256,-2.421163780362283e-5,-2.42303616040273e-5
-0.002877076371458152,0.007940193218865146,-3.9111244449427855e-5,-3.914148840377488e-5
-0.0009588253641107573,0.0008073572583042785,-1.2503223094822864e-5,-1.2512890057387396e-5
-0.0015404181266038008,0.01037384465061598,-5.44573064787069e-5,-5.44994091908602e-5
-0.0006868165481717261,0.003279522788562532,-5.324750916796841e-5,-5.328867352951761e-5
-0.0017391839219241723,0.012978569372600779,-6.304675830809144e-5,-6.30954958859308e-5
-0.0010991156212065139,0.0052765949521015225,-3.747589006032176e-5,-3.750485844946698e-5
6.031966953077847e-5,-0.0001630315673813799,-2.1277474174864324e-5,-2.1293920091033996e-5
0.002911992997046523,-0.0005541363869122292,6.491718902988869e-7,6.496734871339132e-7
-0.0009999964355740997,0.0009454774335126874,-3.1867976158174846e-5,-3.1892598548714145e-5
-0.004117195058384491,0.0019057734741304748,-2.6355982110942916e-5,-2.63763431654789e-5
-0.0028227788548596143,0.0003892721939782346,5.280501723815719e-7,5.284580580012277e-7
-0.0015355590636966733,0.0019197534290724175,-3.733477973062044e-5,-3.736361744104938e-5
0.001504626386245974,-0.0007012482402001608,-1.2053157025136688e-5,-1.2062465657878988e-5
6.918205046864137e-5,-4.97814529109207e-5,-1.9613313306125154e-5,-1.962845946666844e-5
-0.0008959124076253375,0.0004724498907455293,-5.350915402437084e-6,-5.355047197178306e-6
-0.0012395360813020981,0.003667352664178855,-3.900207656201558e-5,-3.903219151977998e-5
-0.004141015881191953,0.0010362365338246447,-1.216080908583127e-5,-1.2170196414197063e-5
-0.00210259866775092,0.01087676613554499,-3.528885994300798e-5,-3.5316099949086624e-5
-0.00365833911869084,0.0021197914363052894,-2.9955510400780102e-5,-2.997862807582364e-5
-0.0057288868284382745,0.0008257742819356561,-2.9461637582886577e-6,-2.9484370748791978e-6
-0.001714785259331239,0.0033123031576497795,-3.109183049875385e-5,-3.1115820857023944e-5
-0.0005056038514731978,0.0005597508698140486,-2.8096454553512126e-5,-2.8118131273537465e-5
-0.0031078735548693277,0.0023203977334227497,-3.405784668899808e-5,-3.40841198172583e-5
-0.0040252307692178,0.0006289326638534558,-1.064914643096311e-5,-1.0657360108659825e-5
-0.002295747217695358,0.008279806005384874,-3.336684434081945e-5,-3.339257957147021e-5
-0.0016781116537563994,0.0025728108167318337,-3.550915957436741e-5,-3.5536543657278714e-5
0.001313732328922578,-0.000888962550692137,-7.0055866157099e-6,-7.0109884978237925e-6
-0.00226983600886024,0.004550798301905948,-4.415067949044021e-5,-4.418472158485814e-5
0.002672831905683387,-0.0008737084639578813,-1.0410989517454239e-5,-1.041901520178421e-5
0.0014968933111846046,-0.0007022503328845133,-1.2148067219883083e-5,-1.2157431292098085e-5
0.000857507389897256,-0.0005293171155073633,-1.5018146321933918e-5,-1.5029721841054535e-5
0.0015485789680240087,-0.0010807887352629736,-8.603493815620067e-6,-8.61012457977532e-6
-0.0008435557711184529,0.0012374739952134529,-2.780739735062774e-5,-2.782882742086869e-5
-0.0001603520361207238,0.0001473734404246527,-2.397467710909142e-5,-2.399315153921273e-5
0.0008350950327595605,-0.000698142045949022,-1.551060284753788e-5,-1.552255385137996e-5
-0.0020786046031405028,0.0021298774839578856,-3.872077057744926e-5,-3.875060282476135e-5
0.005135138167056559,-0.0011751878197288031,-7.900826397180839e-6,-7.906912521002956e-6
-0.003498977831073274,0.0014558225601327525,-2.322088511021432e-5,-2.3238771264181044e-5
0.00561470169111681,-0.001057069367570213,-8.210077409689094e-6,-8.216400572818978e-6
-0.0021668275920071756,0.0007606937353705469,-1.8928816307315935e-5,-1.894339371133832e-5
-0.001499974171329647,0.0004027749850333102,-1.4992240958706196e-5,-1.5003785582894541e-5
-0.0026933222588394166,0.017650608307930447,-3.66630399769911e-5,-3.669127138579659e-5
0.0012978395707464278,-0.000985380960960035,-8.326156739205988e-6,-8.332566683838945e-6
-0.002094312032163289,0.005192294732717813,-4.299337599335256e-5,-4.302647313705752e-5
0.002925745353115148,-0.0009676906044375689,-9.550620001520767e-6,-9.557970616774883e-6
-0.0012693458712132444,0.0006438037109985954,-2.1737579766200562e-5,-2.1754308840905543e-5
0.0027603730576501767,-0.0009637936774859705,-9.446670871158809e-6,-9.453940210653301e-6
-0.0033003138035175876,0.0017872144663126038,-2.6945090833875845e-5,-2.6965823952494084e-5
-0.00010306235568533615,2.2175270810535686e-5,-2.738274950358898e-7,-2.7403816750209943e-7
0.0011930438618948664,-0.001618811016636357,-1.6655452922586835e-5,-1.666826652193624e-5
-0.0010679191075906765,0.0037351665607393714,-2.93234812397589e-5,-2.9346039555435187e-5
-0.0005117051391874798,0.0014284037007099768,-2.6457839713729737e-5,-2.6478191586785515e-5
-0.0006685820247761022,0.0022302465085201097,-3.3608247633725944e-5,-3.3634097702629987e-5
-0.0014709665565791703,0.008693485448740287,-3.076660231389779e-5,-3.079026530544167e-5
-0.002002235282263125,0.0008653607914951267,-2.1028904479464686e-5,-2.1045073660691617e-5
0.0018091789286593465,-0.0005120012806414015,-9.962172093296734e-7,-9.969831236574808e-7
0.001780986154726583,-0.00193517405607817,-1.3927191099831001e-5,-1.3937898145875084e-5
-0.00018248852311986054,0.00044427966548556277,-2.4894297966180893e-5,-2.4913435257134236e-5
-0.0005382765097702648,0.0016005776692293232,-3.0185532164209136e-5,-3.0208735268122194e-5
-0.002787631025148306,0.01570044197910257,-3.596383511939252e-5,-3.599147828639515e-5
0.0014606182437583454,-0.0011409926290350298,-8.786803885850114e-6,-8.79355635426616e-6
-0.002172439282895074,0.005173131970923496,-4.386871124899608e-5,-4.3902421748183314e-5
0.00047372468930046227,-0.00016248088469699584,-1.6766359507490562e-6,-1.6779240683232885e-6
0.0008549804343117239,-0.0011656767863388545,-1.72803220568724e-5,-1.7293597512851722e-5
-0.0028851231390528602,0.0127463232749953,-3.515503743141546e-5,-3.5182043658278384e-5
-0.00012054044740414494,0.00012672088155150042,-2.283419460852183e-5,-2.2851733159689638e-5
0.0005921994077224896,-0.0005991069896145941,-1.3630603091620114e-5,-1.3641071565610346e-5
-0.002936532036919664,0.014343999353988366,-3.550784515053263e-5,-3.553511449997933e-5
0.00011274322992616189,-0.00013587800792746048,-2.121847744762076e-5,-2.1234770050457424e-5
0.00039060662361583274,-0.0004126914563846888,-1.9376520227707143e-5,-1.939139716855103e-5
-0.0008993473251729357,0.0009514679336349712,-3.19852652653984e-5,-3.200982091938494e-5
-0.00197963415404101,0.001071220176309029,-2.4324201093159322e-5,-2.4342872916473766e-5
0.0005016965582220519,-0.00015680540063209216,-1.264930263152365e-6,-1.2659011456829987e-6
0.0012232027467621285,-0.001677312377932642,-1.8519274841549693e-5,-1.8533488484236622e-5
-0.002418091466563141,0.005220751422694453,-4.38263811059753e-5,-4.386001582006833e-5
0.0013145223658139777,-0.0005248878701700854,-1.3615503703038329e-5,-1.362595093716707e-5
0.0017821751867691843,-0.0008340672603101487,-1.0206181676096446e-5,-1.0214012288385015e-5
1.286543032398861e-6,-1.3404935669525921e-5,-2.1369724301083254e-5,-2.1386118887227792e-5
-0.0009638769434313955,0.0005682897022702147,-6.8196592366605265e-6,-6.8248906919587675e-6
-0.0010989545575423518,0.003645925788087986,-2.9236117348467995e-5,-2.925854395582026e-5
-0.0028291248264757265,0.0071670207874188025,-4.0866868864523757e-5,-4.089821427596282e-5
-0.0015645000980386457,0.001019126328844917,-2.6290673688551184e-5,-2.631083558680969e-5
0.0017470094525425012,-0.0006502507324378021,-2.9597306055660236e-6,-2.962000120051563e-6
0.0015369072839509432,-0.001722733077951386,-1.6004948175969903e-5,-1.6017220105943518e-5
0.00020541300146015396,-0.00030454851566600325,-2.3028562446175744e-5,-2.3046218613291572e-5
-0.00046608063928461717,0.002952999764920079,-1.772230054030348e-5,-1.773588771645787e-5
-0.0033836484560555795,0.0008385976272191102,-4.3489223836691945e-6,-4.352255470426335e-6
-0.0023518275158939408,0.005806605422747599,-4.314449453881807e-5,-4.3177560203165964e-5
-0.0032806009742313643,0.001265246330087092,-6.7240973608482335e-6,-6.729249583178322e-6
-0.0008062370305979533,0.003016920036584706,-3.5916837145120836e-5,-3.594435696713502e-5
-0.0013666646148829099,0.0077838959397332555,-3.9831894213005216e-5,-3.986241187224763e-5
-0.0029220776483898014,0.01062286837258556,-3.726845329571708e-5,-3.7297004372804174e-5
-0.00212705863663645,0.002157442327412112,-3.767076901769594e-5,-3.769962378518568e-5
0.0014867995389597655,-0.00042305318409977303,-1.3114173073475727e-5,-1.3124216613768169e-5
-0.0035038083246134817,0.0012085119340381422,-2.1015182671870094e-5,-2.103127592366023e-5
0.008448733935771115,-0.0014265872304919608,-5.127720486060726e-6,-5.131646813547464e-6
-0.002762498637868608,0.0012213790237426904,-2.2678750317784187e-5,-2.2696114524406425e-5
-0.0007184767779264302,0.00019313226092643413,-1.506493622275022e-5,-1.5076469575631579e-5
0.005903684238681806,-0.0013726715933866686,-6.4821703206614974e-6,-6.487132474614538e-6
-0.00302228422954524,0.0014660544123999125,-2.459529687839859e-5,-2.4614123563874463e-5
-0.0008563988348023234,0.00020207803916609386,-1.1574563533002026e-6,-1.1583422351305856e-6
-0.001128777649190078,0.001766038918222697,-2.8943814034542048e-5,-2.8965965953839273e-5
-0.00231916072785336,0.0024520281265474337,-3.905131969100861e-5,-3.908120416074951e-5
0.0075687939345729155,-0.0014898951837496828,-3.5507466164560153e-6,-3.5534633784405396e-6
0.0015691687086444043,-0.00088940033719039,-9.707383900544059e-6,-9.714810833816729e-6
-0.0027893850237825737,0.002654306094980115,-3.7300062927821766e-5,-3.7328598590676496e-5
0.0015281433666128965,-0.0003538725212889166,-1.2738685138439615e-5,-1.2748429053650058e-5
0.0006729849429324426,-0.00019441227423808478,-1.167440206962755e-6,-1.1683331187874882e-6
-0.00046040658774153964,0.0006024134972114378,-2.4972537493102175e-5,-2.499163682526614e-5
-0.00022661312654344743,0.00023107309501329426,-2.4088244560100988e-5,-2.410666582810016e-5
-0.0005546245304724444,0.0004761838134052568,-2.5992793589441833e-5,-2.601266943416414e-5
0.0008859977349726784,-0.0005262389106792515,-6.162189361662943e-6,-6.1669008903307094e-6
-0.0005862971583584493,0.0013135461371905307,-2.6548900952036897e-5,-2.6569198990270533e-5
-0.0013987056605428928,0.0030014787330100625,-4.033986667810954e-5,-4.037070597611743e-5
0.0001141356675547862,1.8619500521200867e-5,-1.5201321691137618e-5,-1.5212940024146276e-5
-0.002618238692834319,0.0145739585328821,-3.537697829552218e-5,-3.5404016273024325e-5
-0.001087974352696658,0.0007643302298007803,-9.747002314811388e-6,-9.754450133498587e-6
-0.0012390839771705582,0.005840804029255098,-3.3059361340753166e-5,-3.308462158580255e-5
-0.0012302271484756445,0.003934205692147595,-2.9585327490783114e-5,-2.9607931107704633e-5
-0.0028228256397746466,0.006530052298862744,-3.953980953075976e-5,-3.95700155744251e-5
0.0005096968470799974,-0.00035227930259249896,-8.281244769033144e-6,-8.287570168503793e-6
-0.0006430538320883541,0.0019934956128044375,-2.800517141052587e-5,-2.8026561486743228e-5
-0.0028667627495730422,0.011463953759561298,-3.7841223164385855e-5,-3.7870123819636945e-5
0.0017781775956956845,-0.001313188887489547,-9.24984471585433e-6,-9.256907796383726e-6
-0.0016301029241061154,0.0027574013834047208,-3.3516054481658126e-5,-3.354164554821305e-5
-0.0028278880420672574,0.0024263437028369515,-3.5164504969673536e-5,-3.519135144454845e-5
0.0013659675890427408,-0.00034694844451596334,-1.3193419371315014e-5,-1.3203490455196383e-5
-0.0014632267596680953,0.000447832909489838,-2.7177564331232796e-6,-2.719830840359102e-6
-0.0009732261151971755,0.0019993940369957045,-3.837128077217644e-5,-3.840056773768305e-5
0.00841149811720428,-0.0012958482185284714,-1.4716746599213452e-6,-1.4727976315168823e-6
-0.0023617121140452097,0.0015105721035275387,-2.7960861486083936e-5,-2.7982196169835307e-5
0.0018042579867617137,-0.0005576110027661694,-1.2850403182633308e-5,-1.2860207124192379e-5
0.0022275143410156358,-0.0008496629097470679,-4.637151939562181e-6,-4.640689474680499e-6
0.0014199236135739102,-0.0013275131177204111,-1.149410153320396e-5,-1.1502869525737934e-5
-0.0010605135862734594,0.003468108397519992,-3.587108248003586e-5,-3.589844458258992e-5
-0.003014372286730049,0.0007620116335628052,-1.803698844786707e-5,-1.8050743157815463e-5
0.008872570927647944,-0.0012322612721824768,-1.2812631655777985e-6,-1.2822401340734874e-6
0.0003649816222533677,-0.00023787633947029512,-1.8473430758565676e-5,-1.8487516148423177e-5
-0.0004745744164364677,0.00029521372785158733,-7.408625499533007e-6,-7.414273835708971e-6
-0.0007584175515611566,0.002582523046396039,-3.127896189020351e-5,-3.1302808083005187e-5
8.98739721025734e-6,7.263024177929275e-5,-1.599332244421543e-5,-1.6005514480436006e-5
-0.0038796447508178166,0.0007238840297185313,-8.158192402438898e-6,-8.164409455779371e-6
-0.002969765365522011,0.00905013724091932,-3.858568324091864e-5,-3.861508720429136e-5
-0.0026737069601047653,0.002376601323556999,-3.527528666046347e-5,-3.530216379537015e-5
-0.00026538472063333596,8.698053675319182e-5,-1.5426968513971568e-5,-1.543872101114249e-5
-0.0008796869893335584,0.00024055731763132025,-2.266459751236339e-6,-2.2681862225957347e-6
-0.002500381069503038,0.00448499730539916,-4.219867664837994e-5,-4.2230820273263376e-5
0.0007249243249544748,-0.0003241476906027347,-3.968376651713364e-6,-3.971398936910017e-6
-0.0014425484883200464,0.0024965317997153813,-3.0287657691907473e-5,-3.0310723528885713e-5
0.0006841074628562662,-0.0007550624752319271,-1.8734896160012836e-5,-1.8749162346895008e-5
0.0003085418466211995,-0.00040999434938719025,-2.1247368969377138e-5,-2.12635470885139e-5
0.0013321322304329546,-0.0018857790904091459,-1.8295829266381285e-5,-1.8309758903408337e-5
-0.002592371989463923,0.007449345966635322,-4.183824516820536e-5,-4.187009707558513e-5
0.0015498037386610169,-0.0007552930421280534,-5.684445708762523e-6,-5.688772469231145e-6
0.0014123771378510839,-0.001726625903671864,-1.7506088887412487e-5,-1.7519413057741226e-5
-0.0009616850899974617,0.0018373241260087618,-2.7455223126911692e-5,-2.7476118345122062e-5
-0.0005199885337396259,0.0007913745449839324,-2.5210595568115587e-5,-2.5229780675267614e-5
-0.001958657281648152,0.002618782551643984,-4.079108431401825e-5,-4.082212325488635e-5
-0.0017767660812548706,0.0006203298201363474,-4.375305192828901e-6,-4.3786339235420784e-6
-0.0029015489492911937,0.0071743448592785745,-4.0652763576824264e-5,-4.068369115175234e-5
0.00138831721499178,-0.0009004461093485426,-7.325369772351121e-6,-7.33094180402051e-6
-0.0017713655571630282,0.0035609071670592205,-3.0903611598137266e-5,-3.092711725349722e-5
0.0003779204184663376,-0.0004774876410465918,-2.073005055345254e-5,-2.0745816373381763e-5
-0.0019701443087025545,0.0026899039428215075,-4.122475636862205e-5,-4.125610649730304e-5
0.0022079283061683503,-0.0007407083658440655,-2.8345091343846877e-6,-2.8366643274427676e-6
0.0018253921235557267,-0.0019667375935362467,-1.4473863574399209e-5,-1.4484868100426991e-5
-0.0016348481038838706,0.0035588065800680655,-3.0191755861213842e-5,-3.021470939669766e-5
-0.001050018003361295,0.001537039133118817,-3.9566915690426276e-5,-3.959699365188244e-5
-0.002483426980485026,0.00034671410628129364,-1.1591258240350552e-6,-1.1600067695133613e-6
0.0007219710658286231,-0.0009656858729094828,-1.92396420151261e-5,-1.9254263821321962e-5
-0.002775974020998937,0.016327714823165144,-3.5275232833220054e-5,-3.530204028374326e-5
-0.0001934095310689069,0.00013509868999960213,-2.335470671491201e-5,-2.3372451455191294e-5
0.0002281219468973828,-0.00012606377814048067,-6.829746636157367e-6,-6.834935316808102e-6
-0.0008331935786297523,0.0022941977560273726,-3.412527698241614e-5,-3.415120152250305e-5
-0.0022258379391290593,0.00041275931174208913,-1.523737387140111e-5,-1.5248946303274863e-5
0.010166625792999194,-0.0013906502541805076,-2.8428115120428746e-6,-2.8449703620292647e-6
-0.0024584193044641838,0.0013178143444628173,-9.943316104500271e-6,-9.950866729446143e-6
0.0002418606252402757,-0.001086935914359129,-7.033962919296887e-6,-7.039304119683628e-6
0.00013538272748075695,2.406659552988792e-6,-1.2355182551985206e-5,-1.236456101131687e-5
-3.122668654728188e-6,-2.9601213751996757e-6,-1.1158669934492504e-6,-1.1167139474073978e-6
0.0007356830126292057,-0.0009843697363497088,-1.9363388748037326e-5,-1.9378085233593173e-5
-0.0015282512983876171,0.009138790243990454,-2.9040478539551182e-5,-2.9062518845113653e-5
0.002175207981552435,-0.00087434975389793,-1.1038840023813655e-5,-1.1047215645464128e-5
-0.0018555885533851145,0.001104574414371425,-9.9310763338531e-6,-9.938610903934878e-6
-0.0020593095270358,0.01008703505724683,-3.506089640399652e-5,-3.508749579001456e-5
0.00038589692402539585,-0.00019088273893807045,-5.449008336450219e-6,-5.453141305273292e-6
-0.0023465461335099,0.005346775930085118,-3.334532152136847e-5,-3.337061229065455e-5
-0.0006187171129907016,0.000683738442408109,-2.8530584480058014e-5,-2.855222093548879e-5
-0.00022364079842183737,0.0001479798936957448,-2.2761200131749248e-5,-2.277845944563277e-5
0.0013694189407736951,-0.0007586145512006074,-1.230854302167065e-5,-1.2317875404859029e-5
0.0004477908815226974,-0.0003579903331067188,-1.858865969269393e-5,-1.860275266040005e-5
-0.00010089198922591405,6.374523869676103e-5,-2.2763365377652903e-5,-2.2780621928423883e-5
0.0017033594023869918,-0.0010544778514232135,-7.470705121729163e-6,-7.4763679995280824e-6
5.241625502665378e-5,-8.664026783889853e-5,-2.3494364302582566e-5,-2.3512172363242566e-5
0.0006061028513956836,-0.0010304970389481791,-2.124869708026293e-5,-2.1264801690769303e-5
-0.0010388262956242758,0.003810391694203316,-2.9715943624653387e-5,-2.9738464321414663e-5
-0.0010321168650961998,0.0031913617241977705,-3.390574612050324e-5,-3.393143981303473e-5
0.0070070796962232096,-0.0013779485219786347,-2.6915274716097813e-6,-2.6935665334277097e-6
-0.0032394287613418927,0.0021799258886258392,-3.082461263690232e-5,-3.084796371576164e-5
0.00413865962433707,-0.0010291429889404645,-1.001793134367075e-5,-1.0025519395359951e-5
0.0016532916230596344,-0.000656641057286844,-3.7955326595684687e-6,-3.7984073687791225e-6
0.001559276080088601,-0.001955789552167611,-1.6182227815520604e-5,-1.6194483522827674e-5
-0.0008789757398376619,0.002861948038650383,-3.316979991189127e-5,-3.319491991998686e-5
-0.0010966577196039578,0.000227620663545442,-2.5954867912182757e-6,-2.597451842500295e-6
-0.0020522844238607466,0.0035756664336017998,-3.581731172360594e-5,-3.584442823439981e-5
0.0009626124312833474,-0.0007166636255996797,-9.311497634386909e-6,-9.318546250180544e-6
-0.0005925894294220846,0.001752813233668723,-2.7360275855538935e-5,-2.7380986128940488e-5
-0.0017392251542132386,0.006022820111217716,-3.842380052235851e-5,-3.8452883077280744e-5
0.0018838943381845202,-0.0006639879879936926,-1.2935762298216191e-5,-1.2945550851279545e-5
0.000527159684052371,-0.0002325353941096049,-4.530312066402251e-6,-4.53373990929416e-6
-0.0026409455701430057,0.005188325322754118,-3.7953166914262326e-5,-3.7981882857015936e-5
0.0012630110998846085,-0.0009084313159490933,-1.3186881669289137e-5,-1.3196857654000787e-5
0.0003931065433914179,-0.000379764735421881,-1.5253064023004357e-5,-1.526460228317807e-5
-0.0026201915690323395,0.015096280047766811,-3.56683277456198e-5,-3.5695308222786455e-5
-0.0020617763328048947,0.003359240261955013,-3.7956076987639314e-5,-3.798478395009663e-5
-0.003200976730390525,0.001933939147802418,-2.853840483697541e-5,-2.8559985985627294e-5
0.0013897815795878342,-0.00036050867036012207,-1.5724490090813725e-6,-1.5736379709730915e-6
-0.001981422748729366,0.002519779473103944,-3.925873780888363e-5,-3.928842095271106e-5
-0.0038807017355939784,0.0014931297297475447,-2.2845421987182552e-5,-2.2862692540312514e-5
-0.0031056654567602183,0.000527482318831061,-4.932594250547241e-6,-4.936322734925602e-6
-0.0013072408756037502,0.002818874588782819,-2.9022073429878576e-5,-2.9044010220593074e-5
0.0006351666910902777,-0.0009542360140945836,-2.2781126393954098e-5,-2.27983441907566e-5
-0.0025188145663139713,0.016947903147185056,-3.94964968730924e-5,-3.952634677699172e-5
-0.0026351509564892035,0.005031223386979801,-3.875583656919975e-5,-3.8785122866904966e-5
-0.0008001499939319824,0.0005427565973033405,-9.831462331684624e-6,-9.838890509454194e-6
-0.0030825831735624455,0.013389187614521854,-3.642980946380446e-5,-3.64573331240102e-5
-0.001147029494083842,0.0009520367615650448,-2.8195851241768372e-5,-2.8217150056619e-5
-0.004367204254074137,0.002135167631432327,-2.692018443928994e-5,-2.6940517357612005e-5
0.0006219036009337525,-8.778638146351995e-5,-1.2948933141970184e-5,-1.295871227565953e-5
0.007322552356676513,-0.0015307182824218473,-4.553392019136983e-6,-4.556830499135253e-6
0.001252750725631003,-0.0007264398153811332,-1.3155392461346326e-5,-1.3165326154677934e-5
-0.003378365272961015,0.002640842936296525,-3.427448658383681e-5,-3.4300365492460977e-5
0.0060195737686784025,-0.0012625367970007723,-2.421509031728427e-6,-2.423337114722998e-6
0.001997401125224704,-0.0015058001944007668,-9.668754827754823e-6,-9.676053753882002e-6
0.00012230156434924665,-0.0001709077222662841,-2.5369028580097518e-5,-2.538817863018271e-5
-0.002502696470393921,0.014941460313359807,-3.398430944298475e-5,-3.400996156221234e-5
-0.0012953624883845162,0.0008542594533988935,-1.0818342541043797e-5,-1.082650661373683e-5
-0.0011588902602733728,0.00607402627184881,-4.763979281634569e-5,-4.7675743083623225e-5
-0.003001615512370888,0.016027386901122945,-3.572406555619326e-5,-3.575102216491291e-5
-0.0005739518469303502,0.0006532243824750296,-2.711098692497021e-5,-2.7131440950681823e-5
0.0009138275060754821,-0.0007562165032014126,-1.5923855656874544e-5,-1.5935868261744263e-5
-0.0005860720280216302,0.0005870856265512154,-2.8142868468837463e-5,-2.8164097236520373e-5
0.00010240339079372361,-7.704460952103796e-5,-2.022078754834097e-5,-2.023603887515841e-5
-0.0014135088289806662,0.0008302337632357346,-9.47041210282255e-6,-9.477554416660858e-6
-0.0005300469684656649,0.00249509342710208,-5.4224067149159715e-5,-5.426496006804435e-5
-0.0021830996706290223,0.017241341462786386,-5.046171899013456e-5,-5.04997728847074e-5
-0.0010993606548349796,0.0033001551244448337,-3.3772288917068703e-5,-3.379775454977152e-5
0.006701697595778749,-0.0012625277694996973,-2.0226814401054354e-6,-2.0242061965616735e-6
0.0013689967168367084,-0.001035138860820088,-1.3319434872630186e-5,-1.332947497335847e-5
-0.002225598513645973,0.0025439062326212195,-3.921385391835711e-5,-3.9243411038699635e-5
0.004605544730448718,-0.001342703301719198,-7.057775325243017e-6,-7.063094210560705e-6
-0.0023387537412919187,0.0013947522783384703,-2.647058035609854e-5,-2.649052788649525e-5
0.0038228740234840177,-0.001208163147650163,-6.123732878146521e-6,-6.12834704008805e-6
0.001060748752477682,-0.0007554393594815682,-1.4446003075735906e-5,-1.4456887326740369e-5
-0.0030341957686504345,0.002862651273926491,-3.691472763372075e-5,-3.6942538761802925e-5
0.00012268273411094563,-1.5225409282576425e-5,-1.4623141934350665e-5,-1.4634157110904313e-5
0.00564415176709661,-0.001405208221773843,-6.849201658052542e-6,-6.854360524592309e-6
0.0012393774739459962,-0.0006616785629226088,-6.067690662193687e-6,-6.072260605889886e-6
-0.002711260299092466,0.004963059589842521,-4.260338210354352e-5,-4.2635467812812354e-5
0.0013924710139578834,-0.0005450614703103103,-1.41708879711851e-5,-1.4181558527952668e-5
0.00130379039340844,-0.0006054066673547775,-1.4196828914425265e-5,-1.4207518158507302e-5
-0.0034226837125144447,0.001918661912068917,-2.7487888635087728e-5,-2.7508583526147397e-5
-0.003102978615292205,0.0007810582303988447,-9.676291362041561e-6,-9.683575505166607e-6
-0.00309209034217755,0.011400243490420204,-3.82661366832778e-5,-3.829494203649998e-5
0.0011969582976754604,-0.000950707251605633,-1.4485975566972101e-5,-1.4496878164408561e-5
0.0005628734144274025,-0.0005957659057865402,-1.6699941685487553e-5,-1.6712509693838746e-5
-0.0012287097271428049,0.007733327958165883,-6.765654503663103e-5,-6.770745994219988e-5
-0.001706704517156127,0.011227875301816228,-4.4159613033890526e-5,-4.419284385653584e-5
-0.003109211815823369,0.010286014082142837,-3.7985994612983604e-5,-3.801457702027735e-5
0.0004245873933142084,-0.0004033667753585495,-1.9281112735267424e-5,-1.929561847465687e-5
-0.0030196237252016656,0.0029584519087841685,-3.756645675288197e-5,-3.7594716763953874e-5
0.006281630796810495,-0.0012970906539426454,-8.509033843229728e-6,-8.515433841165913e-6
0.002068852012277979,-0.0008280680198830831,-1.2180824939917743e-5,-1.2189986036550785e-5
0.001573936301785885,-0.0008653243439726685,-9.273508566904439e-6,-9.280482581518902e-6
0.0019660672843812774,-0.002025100689727066,-1.4256423497507396e-5,-1.426714417921149e-5
-0.0005107663952712619,0.0011315439858622946,-2.6532616703904973e-5,-2.6552567816577986e-5
-0.0027084878752858615,0.005869287594054444,-4.3018595004318555e-5,-4.3050939999968505e-5
0.000754462789474221,-0.0003013842540538724,-1.5739438746178274e-5,-1.5751270727204918e-5
-0.0008310347117289446,0.00035950046776336223,-6.0286217016644415e-6,-6.033153287861119e-6
-0.0004863597517426177,0.0013993554029018886,-2.729512424034719e-5,-2.731564069348037e-5
-0.00017702526935060904,0.0008123460387869173,-1.8578872915439212e-5,-1.8592836805880022e-5
0.007391754612743259,-0.0011475463463331156,-8.184829321263682e-6,-8.190979046086184e-6
-0.0011184033570223139,0.00038725260729375216,-4.94988630999159e-6,-4.953605198475358e-6
-0.002985042894160511,0.007086712199008176,-4.08410108473143e-5,-4.087169398393347e-5
0.0015378324755116828,-0.0009356547693384887,-1.1501379562906449e-5,-1.1510018918125558e-5
-0.0012833337188999136,0.0012283710974522336,-3.19769273211913e-5,-3.2000945446658346e-5
0.0013109376159522329,-0.0006039881578134264,-1.4299262499115136e-5,-1.4310001472472597e-5
-0.0019773484016420944,0.0011207845878986125,-1.1784215972358146e-5,-1.179306541654397e-5
-0.0017889910667320537,0.010440075721683347,-3.6832940451008616e-5,-3.686059963305065e-5
-0.003076130778753943,0.008037342091110835,-3.852515400135553e-5,-3.855408079381443e-5
0.001912066658158738,-0.0014987171983645866,-1.1082290661618118e-5,-1.1090610580292032e-5
-0.0022139608589562933,0.00374751177917855,-3.9236433684805334e-5,-3.926588838138085e-5
-0.0018989326427927646,0.0010930320682970961,-1.1867543893922249e-5,-1.1876451523140006e-5
-0.0031289487363904793,0.018241357534889605,-3.563998406169799e-5,-3.5666734222240115e-5
0.001359596654458435,-0.0017511236606076778,-1.8740200084580455e-5,-1.8754263605449034e-5
0.00025421029234053404,-0.0004614995345221242,-2.341119996993101e-5,-2.3428767661621492e-5
-0.0023587091035672694,0.009022431652716252,-3.269287007761002e-5,-3.271740121467615e-5
-0.0015253122179746505,0.002519650790229365,-3.104224012008737e-5,-3.1065529863356175e-5
-0.002904612271111971,0.002862286296143363,-3.6988072689953685e-5,-3.701582031024305e-5
-0.0016035638576063602,0.00044651074089535,-5.403693092704443e-6,-5.407746207212785e-6
-0.0018291999895505614,0.00443899776235153,-3.0899242959986145e-5,-3.092241865087899e-5
-0.0021358531629375,0.003253861005122837,-3.986641155338861e-5,-3.989630987917903e-5
0.001946750873408868,-0.000906492175014586,-8.636791362763886e-6,-8.643267650794996e-6
0.0020611901590055974,-0.0018206387321371544,-1.2322046498577119e-5,-1.2331285597234714e-5
-0.0027688595037380875,0.005496507964059529,-3.833792649820201e-5,-3.836667077456698e-5
0.00048727272963028866,-0.00032387687407829413,-9.387269126236872e-6,-9.394306326439986e-6
-0.0002165982253018106,0.0007900019356324236,-2.565415860284701e-5,-2.567338957956146e-5
0.008309064857917058,-0.0012413893254302792,-1.907412404719747e-6,-1.908841812050506e-6
-0.00356477796845703,0.0025377098508170518,-3.237663300980104e-5,-3.2400894822799254e-5
-0.00033088450500122187,9.032114845437454e-5,-1.4982753499388011e-5,-1.4993979449587067e-5
0.006637894375731704,-0.0015172262091841756,-5.8957497953540086e-6,-5.9001668607122636e-6
0.00013377516553503212,-6.612191687980511e-5,-7.734923886082175e-6,-7.740718512418007e-6
-0.0013476445123140894,0.003964370578511172,-2.9858876136561532e-5,-2.988124410869204e-5
6.240253313177728e-5,-9.912457584737693e-5,-2.4593786520074767e-5,-2.461220852783342e-5
-0.0007078268374699137,0.0021874572814576444,-2.8191182092461655e-5,-2.8212297255714594e-5
-0.0030728390576236597,0.010232321334233609,-3.946307445689412e-5,-3.949262993937586e-5
0.0016713056374170168,-0.0011681966498395353,-9.044727736994034e-6,-9.051500493995635e-6
-0.002815850837525416,0.006157462399009803,-4.265858334974332e-5,-4.269052489519142e-5
5.633149694073054e-5,-2.039850911138571e-5,-5.405534259055894e-6,-5.409581023727736e-6
-0.002844981629494935,0.006417598191119121,-3.614182839141034e-5,-3.616888436318532e-5
0.0017499594394134706,-0.0015832625040109742,-1.210471225601032e-5,-1.2113772714517734e-5
-0.002800915450185984,0.007811758829229925,-3.507289050438854e-5,-3.5099141549585716e-5
0.00037070885883641337,-0.00044311884357094166,-2.0834189896907604e-5,-2.0849781699452984e-5
-0.000863278840568472,0.0010782671253809157,-2.9453038482586046e-5,-2.9475078664716662e-5
0.0016613354016513588,-0.0013153159925594813,-1.2285458008950727e-5,-1.2294650423516573e-5
-0.0009584384138421171,0.001385507821366046,-2.8169005914774232e-5,-2.8190081674706338e-5
0.0010536537066764998,-0.0010887667792816049,-1.7585137877813186e-5,-1.7598293571809986e-5
0.00010641947554495442,-0.00015495517691852144,-2.271283563244414e-5,-2.272982621080658e-5
-0.0013382656869853624,0.0019128041259277747,-3.213075589379668e-5,-3.2154789698173306e-5
0.001559703759091361,-0.0012052063286181424,-1.02718585432325e-5,-1.0279541005136368e-5
-0.00029175294339820314,0.0008965553670133676,-3.326745167008496e-5,-3.329233173059578e-5
-0.0021877420470287935,0.014710531328710226,-3.186382744342882e-5,-3.1887656566598136e-5
0.0017528218273513447,-0.0008864895641937181,-6.509063912590377e-6,-6.513930429370182e-6
0.001105780784903341,-0.0015224041476644028,-1.8627530938244677e-5,-1.8641457150809253e-5
-0.0013099323845039968,0.005823202957804389,-3.215908733573596e-5,-3.218312878443107e-5
-0.0023335237241672068,0.007016069933234048,-3.278530823912799e-5,-3.280981551155811e-5
-0.00046062800344948927,0.0006916427677368267,-2.5122061714798186e-5,-2.514083849828522e-5
-0.0014862292309485274,0.0020120930013448305,-3.501949441631873e-5,-3.5045666465178707e-5
0.0014910747363202283,-0.0008948299639415366,-1.0728808755159686e-5,-1.0736825976138587e-5
0.0013412390626739905,-0.0014161769395884772,-1.7112773883117983e-5,-1.7125560778760182e-5
-0.0022083243352961743,0.0033861032227291473,-4.1159898071757047e-5,-4.119065120005656e-5
-0.0015979522652629183,0.0006462629358936312,-7.635878977582245e-6,-7.641583293962628e-6
-0.003065787301313401,0.010055904550540229,-3.631837157832239e-5,-3.634550205857003e-5
-0.002410838554702899,0.0026352647854261933,-3.839394735240325e-5,-3.842262426913732e-5
0.003611034990083996,-0.000598104686826789,-1.3990437579270959e-6,-1.4000885255147872e-6
-0.0023998807445364256,0.0024928656035325034,-3.729761241814192e-5,-3.732546418338382e-5
0.003491759325105035,-0.0010704077951855643,-1.0708217449218664e-5,-1.0716212555057114e-5
-0.0008690633245643224,0.00042934390726586747,-8.045337260966926e-6,-8.051343753477892e-6
-0.002724382274371514,0.009218547754031537,-3.418682289376387e-5,-3.421234527255966e-5
-0.0019488927765567666,0.0026521293381571854,-3.7223915980606705e-5,-3.725170219030925e-5
0.0006866293987871039,-0.0003511905611229457,-1.677065979631294e-5,-1.678317671518011e-5
-0.0036656606453561507,0.0019582701428740245,-2.69500599408634e-5,-2.6970172680003716e-5
0.003462778972931812,-0.0008230486887444183,-2.3356597669721316e-6,-2.337402655578335e-6
-0.0001919893726044058,0.0001794459054226707,-2.370495703135418e-5,-2.372264509765665e-5
-0.0029533497361402656,0.0025361773078140535,-3.438606879509403e-5,-3.441172448166638e-5
0.001440729941360685,-0.00041538330524125265,-2.9156505714949762e-6,-2.91782565685596e-6
0.0012618610148860659,-0.0017233829417312486,-1.8316229611202134e-5,-1.832989303000674e-5
-0.0009576742848479868,0.003948720518819007,-3.6794950261100575e-5,-3.68223969497768e-5
-0.00017774796699833798,0.0010386100520436924,-7.4564309336547156e-6,-7.461992581789359e-6
0.009745802762151614,-0.0014459318275141287,-3.0041696196964004e-6,-3.0064096012682216e-6
-0.0029350693117616597,0.001834604091820742,-2.8371005862409618e-5,-2.8392158950590302e-5
-0.00020850806986854985,6.023622696315714e-5,-4.355811866406218e-6,-4.359059123534869e-6
-0.0012853119594537742,0.0025626288595292602,-2.8812223092688164e-5,-2.8833701874596135e-5
-0.0014173595033179429,0.0020830965702732813,-3.228602286971104e-5,-3.231008897979054e-5
0.0008394517435173978,-0.0006520399995223526,-1.1140127601704468e-5,-1.1148430533031439e-5
-0.0031132104355947213,0.010726698180111358,-3.62581537596821e-5,-3.628517649839893e-5
-0.002423447636079922,0.0026439977029151587,-3.885000384221999e-5,-3.887895408932413e-5
0.002130867900590498,-0.00045852529734790237,-2.1722576077310885e-6,-2.173876051061882e-6
0.00127973407415577,-0.0015882192715304002,-1.7430753038096764e-5,-1.7443739348356442e-5
-0.003261215607172713,0.014834284716608323,-3.552093519482845e-5,-3.554739792384543e-5
0.00016511731411395392,-0.00018459602284534772,-2.1282245106800186e-5,-2.1298097552582882e-5
0.0008938448079443431,-0.0008913978587889281,-1.469229513525953e-5,-1.4703238023767174e-5
-0.0015215547257461462,0.00710154564814296,-2.8244330722878614e-5,-2.826536637866621e-5
0.0013355197420084188,-0.000414385110258222,-3.345055416160915e-6,-3.34754603512942e-6
0.0010484327749317197,-0.0015015007400778634,-2.0772791044219203e-5,-2.0788257154500037e-5
-0.0029292266208929565,0.006038860197769769,-3.919122638975931e-5,-3.922040371362208e-5
-0.002833668547797994,0.0018491773001851968,-2.890961631245671e-5,-2.893113592672509e-5
-0.0021422393895424267,0.0006501608005563532,-7.821376275319739e-6,-7.827197623975764e-6
-0.0026285486877218748,0.008186038611071141,-4.0605283551330306e-5,-4.0635504675396505e-5
0.0007260935339582172,-0.0002918244727760428,-1.6150894712183888e-5,-1.6162912651611794e-5
-0.002259703249597851,0.0009836243926112133,-1.0753217061739929e-5,-1.0761217911704781e-5
-0.001006770984289845,0.004945121024171981,-4.9005211937243935e-5,-4.904167288993349e-5
-0.0016450608030841687,0.010083095529198966,-4.1089406035798855e-5,-4.1119975733291016e-5
-0.0006568968392408252,0.0022822679890200583,-3.582224563791096e-5,-3.5848894182228946e-5
-0.0033589751442315153,0.020050553960260297,-3.564677504781052e-5,-3.567329154599183e-5
0.0005401367889792867,-0.0005055889308026418,-1.538912994463576e-5,-1.5400575359092626e-5
-0.0014744765241635315,0.00834781126075221,-3.946242498010145e-5,-3.949177343668381e-5
-0.0007888556812928013,0.002924004663736678,-3.619517000766203e-5,-3.622208619187421e-5
-0.002374180875689049,0.013225591837378476,-3.5012657402023704e-5,-3.5038692632753166e-5
-0.0029052077537599736,0.005670785095732491,-4.2467022795040885e-5,-4.249859710506087e-5
-0.0023908507855888834,0.0009170961108551016,-9.844926827092915e-6,-9.852245199739903e-6
-0.0032387541444601755,0.01331104417328909,-3.6599700540345676e-5,-3.6626906717817464e-5
0.00026159377839784126,-0.00018418623997719315,-1.2331402512084831e-5,-1.2340567328451459e-5
-0.003128821087139744,0.014444995805445521,-3.5254778408490895e-5,-3.528097915966001e-5
0.0006346687104816129,-0.0007522500288831427,-2.0276099428554796e-5,-2.0291165953377125e-5
-0.0023360761084315423,0.003277362609397918,-4.100817723315858e-5,-4.1038646795983576e-5
0.004816902630929632,-0.0009297278399292864,-1.0936559835727559e-5,-1.0944684220049781e-5
0.0036146354631206336,-0.0011596217309376934,-1.0217294370877697e-5,-1.0224883904828258e-5
-0.0037771309040116516,0.0020230392693325154,-2.712677039231477e-5,-2.7146919139150862e-5
0.0008266068838964722,-0.0001807752594215317,-1.4478303670586447e-5,-1.4489056341565917e-5
0.005356882004407484,-0.0014142891324838561,-8.417324836861295e-6,-8.42357566841845e-6
0.00182562609281901,-0.0009501349155534778,-8.01173379944287e-6,-8.017683056871318e-6
0.0018209725732638324,-0.0021843221093513095,-1.6528803626325372e-5,-1.654107670980901e-5
-0.0031665507750215545,0.009605055736491229,-3.718655064424776e-5,-3.721416122600457e-5
0.0015064383788053312,-0.0014567332769155976,-1.3702661570456226e-5,-1.3712834177700262e-5
-0.0027967651359074104,0.01051492482231448,-3.358474549495769e-5,-3.360967713117095e-5
-0.0019133453526376436,0.0028092420658218267,-3.999653254777891e-5,-4.0026220160300695e-5
-0.0005985646344719034,9.59635422130012e-5,-3.972526133421355e-6,-3.975474134339515e-6
-0.0008067885688994544,0.0013558105225358742,-2.6791056283149553e-5,-2.6810937243772225e-5
0.001022786098196293,-0.0014101714655951015,-1.9698065379344184e-5,-1.971268149352665e-5
-0.0023496703267245423,0.011983555689289568,-3.3631668304696384e-5,-3.3656622144135544e-5
-0.00286608921763355,0.005452487955467134,-3.993824080874879e-5,-3.996787029364872e-5
4.674058531944801e-5,-1.5221086925253266e-5,-8.777161616882138e-6,-8.783672247926058e-6
-0.0016361422427965372,0.005227018553687163,-3.073639244621348e-5,-3.075919094862836e-5
-0.002726391980685449,0.005599370146053102,-3.5509800079963275e-5,-3.5536136584665385e-5
0.0015183758899038784,-0.0013473671426803497,-1.5293217864991324e-5,-1.5304558925475734e-5
0.0014928021055796497,-0.0020384742332631464,-1.9379631891707902e-5,-1.9394002378939552e-5
-0.0002886172749863981,0.0007277811336668638,-2.6316267084557894e-5,-2.6335780055141687e-5
-0.001450632245321085,0.004270127566702826,-3.0126221943354343e-5,-3.0148558260078173e-5
0.00017381955306581236,-0.0003111968592142109,-2.444425620057845e-5,-2.446237803223173e-5
-0.003015940803968573,0.011774651646257447,-3.4108265027856065e-5,-3.413354977109986e-5
-0.0013137057580965878,0.0017299506806817226,-3.251290740372767e-5,-3.253700622318261e-5
-0.0038180471081265153,0.0026328394425152836,-3.188837824819471e-5,-3.191201139742861e-5
0.0071046797781956685,-0.0015636485623577929,-6.979948715097449e-6,-6.98512099988331e-6
-0.0006316225146404906,0.0003447469876607066,-9.17727467320182e-6,-9.18407481972953e-6
-0.0007243894481056231,0.002767729051628563,-3.963361305608815e-5,-3.966297967320503e-5
-0.0015649916567694797,0.009862146988698606,-2.3992258181310193e-5,-2.401003430980257e-5
0.003725763820590374,-0.001243944123869789,-9.276782746897493e-6,-9.283654017307399e-6
0.0006838931530877013,-0.0004058655926129289,-8.94781903766956e-6,-8.954446220289333e-6
-0.0031185652423283256,0.009201732621196152,-3.657520080611801e-5,-3.660228911767677e-5
-0.0025722314227877327,0.0026402331013734154,-3.714600799732056e-5,-3.7173515272244175e-5
0.00241796438218471,-0.0007205115942249816,-3.597565080282411e-6,-3.60022874516647e-6
-0.0007461275252063034,0.000862832887951455,-2.8073803532147098e-5,-2.8094588681391915e-5
0.00024164962122523635,-0.00020428626454046853,-2.0408766518667097e-5,-2.04238751130224e-5
0.0019051652232437019,-0.0014349712218468288,-1.0556101160043155e-5,-1.0563915165043326e-5
-0.0021911313515543653,0.005015891771408257,-3.192883877870847e-5,-3.195247253251037e-5
-0.00024839755040912016,0.00031355251833506783,-2.398742504512023e-5,-2.4005178634211056e-5
-0.002387870220321508,0.0029170638949605142,-4.000054882709019e-5,-4.003015151729101e-5
0.0001689397929024065,-2.782101400323514e-5,-1.528683593197416e-5,-1.529814710246886e-5
0.0011807525375600553,-0.0003035708823390456,-3.5516890598122195e-6,-3.554316840131094e-6
-0.0005445447473262293,0.0008455835054853558,-2.5659653601515127e-5,-2.5678637667679677e-5
0.0008112118933274615,-0.0011433787008017697,-2.1426509554576327e-5,-2.1442360388034023e-5
-0.0027271261960299656,0.00500138063340853,-3.753037701768634e-5,-3.755813913584127e-5
-0.00318778622791771,0.0021619986985441605,-3.0209155694115327e-5,-3.0231499066876887e-5
0.0017043314642068382,-0.0004698229124297108,-1.4201399130516927e-5,-1.4211901508639823e-5
0.003220121035784431,-0.0010844700568675865,-1.109210859302853e-5,-1.1100310915598867e-5
-0.00056927907835679,0.00031616228273337885,-9.44004489041344e-6,-9.447025076648314e-6
-0.0022789886049281883,0.008402200302623538,-3.225854927805469e-5,-3.228240120795598e-5
-0.0014763646062642105,0.0026548743981950843,-3.714363888257955e-5,-3.71710996815827e-5
0.014592902276665194,-0.0019393138777325557,-2.017928294991324e-5,-2.0194198186809788e-5
-0.0012304677724749892,0.00780878960774804,-6.972052056919592e-5,-6.977205258555552e-5
-0.0016693427301837508,0.011295317589898546,-2.365000000967429e-5,-2.366747954811193e-5
0.00336160623339851,-0.001148226924552008,-1.050806485013356e-5,-1.051582901460051e-5
0.0014421074949659434,-0.0008209774848581083,-1.3380499724813e-5,-1.3390385603704382e-5
0.0010238542706694697,-0.0008108249521056993,-1.1994061395622567e-5,-1.2002922314388874e-5
-0.0026735734682589007,0.010084003096182178,-3.806702123041915e-5,-3.809514311451103e-5
-0.0025929780665994314,0.001281917395876188,-2.4022311567048818e-5,-2.404005415604887e-5
0.0003040392081885481,-8.785657453298604e-5,-4.952153210235747e-6,-4.9558104261662204e-6
-0.0011866949652083285,0.0023492810484376826,-2.8475566793204928e-5,-2.8496595582792543e-5
-0.0023426954082454163,0.0036482874645148086,-4.121170870399127e-5,-4.1242140131722594e-5
0.003234275345147929,-0.000653919898683238,-2.630023404106213e-6,-2.631965061157733e-6
0.0005958838764991934,-0.0007185110696130416,-2.0728986975458754e-5,-2.0744289897707995e-5
0.0014550827836981011,-0.0020417719268862617,-1.9844942051054245e-5,-1.9859591231124426e-5
-0.0020290881115862347,0.0051308088324714,-3.703820312537484e-5,-3.706554239009956e-5
-8.24520378257698e-5,1.8051272821135018e-5,-5.804800429045214e-6,-5.8090841121489185e-6
-0.0014787760943239736,0.003151338038094573,-2.957887505203286e-5,-2.960070228910027e-5
-0.0023573634020276893,0.0036390491014148263,-4.1137988260386804e-5,-4.116834243126924e-5
0.001168985650036538,-0.00023670545205867807,-3.779608968390203e-6,-3.782397230420912e-6
-0.0023476844576127377,0.003763123380983511,-4.1275682703150557e-5,-4.1306131254331386e-5
0.006997545789513758,-0.0014236260211020445,-8.769221290018114e-6,-8.775688902214515e-6
-0.003834019723915855,0.0016505937989526919,-2.407151823016961e-5,-2.4089270716222388e-5
-8.630441185131018e-6,1.821558049547736e-5,-1.494562676939866e-5,-1.4956647784322768e-5
0.0007577166112689892,-0.00013658727668028973,-1.4996101246881577e-5,-1.5007158582185448e-5
-0.003271240838163737,0.016661153655022857,-3.5612549086770915e-5,-3.563880733869363e-5
0.00044642632444036236,-0.00036912782697249734,-1.5094487645340347e-5,-1.5105615270421692e-5
-0.0014750615112459654,0.008697907020137665,-4.509512633434957e-5,-4.5128369232623364e-5
-0.0007992039552327992,0.0035110370774766313,-4.6587516166848385e-5,-4.66218565588631e-5
-0.0034181846283025154,0.022511867107213358,-3.743155375929721e-5,-3.7459143702799946e-5
0.0016839655759906718,-0.001958368553867692,-1.6669791529709014e-5,-1.6682076407245115e-5
-0.0025540652605749096,0.010284422519804557,-3.6032466507376e-5,-3.605901959632466e-5
-0.0008691832840577276,0.0003845252306443431,-8.88453096390658e-6,-8.891076644847902e-6
-0.0010871558193395097,0.0037951617533727154,-2.9808752246177153e-5,-2.983071317455236e-5
-0.003190493950069244,0.009320151332314893,-4.0344014077484314e-5,-4.0373734037476325e-5
-0.002508233300683635,0.0015533727221491121,-2.718321819457259e-5,-2.7203239574639353e-5
-0.0006128835396811126,0.00023213736685818895,-1.5557257064220537e-5,-1.5568714247558935e-5
-0.002384786473955049,0.01603093014893356,-3.0998893882104793e-5,-3.1021722597136484e-5
-0.004733579170153632,0.002361729128165084,-2.782936551082018e-5,-2.7849854906711663e-5
-1.1587272685813787e-5,-7.349933130470336e-7,-3.8060816478763804e-6,-3.8088835066471816e-6
0.0013251637258371459,-0.001954058530551044,-2.0539452292651978e-5,-2.055457200347832e-5
-0.0011179892509689752,0.0030577407549179617,-3.0657057653666226e-5,-3.067962386838991e-5
0.009353888152541262,-0.001433425635764069,-3.3089034927969675e-6,-3.3113384563025764e-6
-0.0040094953849916185,0.0027998814725217537,-3.230151667395513e-5,-3.2325285698014325e-5
0.0053131404372732645,-0.0010543970238836538,-1.814747440943123e-5,-1.8160826354403523e-5
-0.0017258122403124086,0.011206591781287143,-4.5339479738733806e-5,-4.537283745942826e-5
-0.0026244409562444304,0.009383098402040652,-3.739584346497321e-5,-3.742335442038867e-5
0.0019620325165134616,-0.000765152624852638,-1.3803849118632903e-5,-1.3814001842432762e-5
0.0022119731957646513,-0.0011252806134192657,-7.303173259224246e-6,-7.308544342292268e-6
0.0008479405953436316,-0.0012846873232400594,-2.2859123438242872e-5,-2.2875934275892233e-5
-0.0015352840090337193,0.009301104275134746,-4.5682948260183e-5,-4.5716542536492024e-5
-0.000200859977819531,0.0009459569278462947,-1.3726341808080484e-5,-1.3736435080394586e-5
0.0014682573913891816,-0.00020127630546493285,-2.9363540833653003e-6,-2.9385125348309853e-6
-0.0013621160522966776,0.0016840497349114492,-3.289068669101661e-5,-3.2914863128163516e-5
0.0006367579544292286,-0.00038267096309014945,-9.816589218949072e-6,-9.823804089449278e-6
-0.0030047527183275063,0.009483378210022915,-4.025235277960141e-5,-4.0281935839512115e-5
-0.0021111538205775297,0.0009807569726534226,-2.247808472760359e-5,-2.249460139016364e-5
0.0014539889926524982,-0.00044816528405143823,-4.419011162906627e-6,-4.4222578846509365e-6
-0.002066435042998906,0.0032322902765521645,-3.444140291355124e-5,-3.446670662266845e-5
6.067848404285295e-6,2.41634302068292e-5,-1.5515821751884136e-5,-1.552721966261944e-5
-0.002130738870570245,0.015440132640390064,-4.625811696346989e-5,-4.6292097164424296e-5
-0.0034350547295023963,0.009992273004622836,-3.7479857442517004e-5,-3.750738662585799e-5
0.0014875727180997873,-0.0013372222521523798,-1.546485098936311e-5,-1.5476208360671147e-5
-1.0440521510249868e-5,7.78991588425632e-6,-2.3758114636470816e-5,-2.37755614468283e-5
0.0013358475935425606,-0.001981893747165361,-2.063192525345943e-5,-2.0647075127709867e-5
-0.0021708409881251167,0.006077522830288934,-3.6778187872414815e-5,-3.680519222083065e-5
0.006381588343050549,-0.0015584354021467507,-5.878951047275724e-6,-5.883266599781005e-6
-0.0037480702472064177,0.0025416565463363236,-3.1119331383353136e-5,-3.114217387677086e-5
0.004146272016127074,-0.0010121894747923477,-3.5924651164106437e-6,-3.5951017505973445e-6
4.370615729020242e-5,-5.98484188671272e-5,-2.2180490850489304e-5,-2.2196769169859392e-5
0.0022624944178761693,-0.002233281070159654,-1.4449387552977586e-5,-1.4459991101117612e-5
-0.003149244583502523,0.00854601684480928,-4.086289875645503e-5,-4.089288413607916e-5
0.0020687577268504193,-0.001016628403132098,-7.320934123807675e-6,-7.3263052500595395e-6
-0.0008835291693881079,0.0012565570000335467,-2.727696176243591e-5,-2.7296972991966e-5
0.0021355452482587894,-0.002334129770235779,-1.5953646007680405e-5,-1.5965348993845837e-5
-0.0033736077230311205,0.008791664773881136,-3.90139025740095e-5,-3.904252017733887e-5
-0.00017133906435102923,0.00014883682558854917,-1.3921514669783155e-5,-1.3931724837691429e-5
-0.001513352590071706,0.008918018571051274,-4.385941170819527e-5,-4.3891577610893594e-5
-0.0017744013948642068,0.0071073974020421345,-3.151333408217363e-5,-3.153644369100985e-5
-0.0023209964884606522,0.005318876015290408,-3.9311789556799644e-5,-3.9340615001020216e-5
0.003197130443109507,-0.0007170944148708389,-3.2948475099639295e-6,-3.297262901589508e-6
-0.0012919784470906777,0.0015324978753331548,-3.2041146955105555e-5,-3.2064634810694025e-5
0.0005974695258202469,-0.00038031222756420175,-1.8096340711143574e-5,-1.810960475576301e-5
0.0014678025007062378,-0.0009717073042372308,-1.2927110121451351e-5,-1.2936584521050334e-5
0.001773298201607454,-0.001927730509650687,-1.6955579296210962e-5,-1.696800539930499e-5
0.00018507829657983017,-0.00033967529676245874,-2.4803798577598793e-5,-2.482197523599509e-5
-0.003305394567463423,0.008012380868015286,-3.84336852828085e-5,-3.846184813357292e-5
-0.0023782885860306716,0.0017725030344404027,-2.9838997808506743e-5,-2.986085956199192e-5
-0.00030770863918858223,0.0001160323669478587,-1.780853908215908e-5,-1.782158511681821e-5
0.003873503987397415,-0.0012971168972845143,-9.647886395719473e-6,-9.654953563290862e-6
-0.00018975216694791633,0.00013698164520302102,-1.165473810647591e-5,-1.1663274774279515e-5
-0.0008289456524812811,0.0038115060060402114,-1.7146083275116933e-5,-1.715864174583474e-5
0.010031998079874453,-0.0017389635484509273,-1.952800507816892e-5,-1.9542303637347087e-5
-0.002029062888312812,0.013352947388849026,-4.145882119021018e-5,-4.1489177095900236e-5
-0.0024638166589688528,0.0068843414905163346,-3.8191755770336736e-5,-3.82197166963209e-5
0.005339882277951833,-0.0014955839629014257,-8.339319434163138e-6,-8.345423380215093e-6
-0.004484072909540512,0.002679815561196306,-3.0398858292049543e-5,-3.042110733464727e-5
0.0042147438206175,-0.000605025510643395,-1.1875058171886005e-5,-1.188374834725931e-5
0.001843215864909169,-0.0004518473102446107,-1.4341386242805096e-5,-1.435188054205735e-5
-0.0014354884372759392,0.00045506553333073883,-1.0272223340948115e-5,-1.0279739456757381e-5
-0.003509980254509126,0.01274026604348591,-3.7574751312588555e-5,-3.760224376862319e-5
0.00034624545678072746,-0.00024548036880843606,-1.6094541303852096e-5,-1.6106315265530378e-5
-0.0035223096892877913,0.024962313962765593,-3.894299849229543e-5,-3.8971486395908356e-5
-0.001074935344301555,0.001160417627118331,-3.0013253954026823e-5,-3.0035205729372716e-5
5.663236415880724e-5,-1.782371926830992e-5,-1.1607479648353342e-5,-1.1615968465947377e-5
-0.001374178916917121,0.00591930273101022,-3.204368262065362e-5,-3.2067116128176706e-5
-0.0019279530539298778,0.005745188746345472,-3.141734535155414e-5,-3.144031869606278e-5
-0.0012172215751592589,0.0022084483036682633,-2.8466632594285716e-5,-2.8487446165643036e-5
0.00147891581411097,-0.002016710001557292,-2.3584830527277105e-5,-2.3602073134082227e-5
-0.0022541782684938707,0.017764275385849536,-5.204972256442018e-5,-5.208777419338899e-5
-0.002445004624310659,0.007736712094639883,-3.27437648991122e-5,-3.276770049839221e-5
0.0006559260870571053,-0.0010375667438794135,-2.2982775592540656e-5,-2.299957405159613e-5
0.00010685142748865909,-0.00019386854410529127,-2.534825031324972e-5,-2.536677643373623e-5
-0.003274344209168387,0.00944624002778973,-3.591204699896172e-5,-3.593829200833319e-5
-0.0006831605196703968,0.0006709388347772193,-2.7374688504814182e-5,-2.7394691578361865e-5
9.454817144838686e-5,-7.51802541700424e-5,-2.0793440587289043e-5,-2.0808633114639475e-5
-0.00040706428472560963,0.00027316409162655774,-1.2503218579378632e-5,-1.2512353144298965e-5
-0.0027245976073417347,0.013538145652809612,-3.384220591371323e-5,-3.3866929493020574e-5
-0.0008231437247483632,0.00043512124064979074,-2.170168475155346e-5,-2.171753544329062e-5
0.002442718479886072,-0.0010160955274078301,-1.2066369530505668e-5,-1.2075181869901933e-5
0.0002799688391566391,-0.00018947875434667158,-1.971460437791526e-5,-1.9729001422765084e-5
-0.0005013152687491024,0.0003375729368995483,-1.4563478169193591e-5,-1.4574112590052381e-5
-0.0012120599914267663,0.008087231122900865,-1.4132609355730462e-5,-1.4142928865561667e-5
-0.0003979844990496531,0.00011365807876933429,-1.1968568406395485e-5,-1.1977304948162805e-5
-0.0030263359404944135,0.01155865315789945,-3.37239606179214e-5,-3.374857706930245e-5
-0.0011251546885099855,0.0015604858260645808,-2.940729615105492e-5,-2.9428758928404445e-5
-0.00047135494963209323,0.00041021801896562156,-2.5463567189590447e-5,-2.5482149754506096e-5
0.0020278409326974236,-0.0013568603914268329,-1.1063257709467226e-5,-1.1071330572996002e-5
-0.0007062727829371537,0.0010378532967112778,-2.6313772763126828e-5,-2.6332972884482524e-5
0.0015204889161125363,-0.0019069640171837162,-1.9496539659303838e-5,-1.9510764250195658e-5
-0.0031631876607135997,0.00629205410162327,-4.167150534019284e-5,-4.170190674895241e-5
-0.0007418780106106604,0.000334826314826089,-1.0243853922095111e-5,-1.0251326032332373e-5
-0.0022066814672649852,0.008468487202730197,-3.2663649403372774e-5,-3.268747434119906e-5
0.004742710666204891,-0.0014182320836650737,-9.411995481056098e-6,-9.41885884809779e-6
0.002395065944827363,-0.0013924203845506354,-9.039975765582267e-6,-9.046567442340657e-6
8.949317184921283e-5,-0.00014869049758039143,-2.4602239441510604e-5,-2.4620177788048052e-5
-0.0030458407601363763,0.005760755631236105,-4.1609110235471475e-5,-4.1639446575067547e-5
0.0024876894223929123,-0.0006971719775348275,-4.409235712203937e-6,-4.412449756571079e-6
0.0012703507558447943,-0.0017014571006606625,-2.0239043022181504e-5,-2.0253795380152848e-5
-0.0015764806809484382,0.008306212461240596,-3.587583657848555e-5,-3.5901985570877725e-5
-0.003566783200726675,0.011072474903713107,-3.8373891005920554e-5,-3.84018581383847e-5
-0.002147025634642377,0.0016913670401376877,-2.9982536732361852e-5,-3.0004384745792354e-5
-0.00043521747418621374,0.00017463622550983364,-1.8651280687982502e-5,-1.8664870156932074e-5
0.0029005634146703234,-0.0010314620262946007,-5.543309952196621e-6,-5.547348503546566e-6
0.0002548011306500331,-0.0003290967942176215,-2.24161809271561e-5,-2.2432511389578387e-5
-0.0009915678450587255,0.00132945986770439,-2.8371176567663502e-5,-2.8391843708910604e-5
-0.001464776593982308,0.0013602768119125056,-3.087558360593484e-5,-3.089807287622881e-5
0.00181598480075747,-0.0008666579542790794,-7.342293436494534e-6,-7.347640829649358e-6
0.0007227639095779148,-0.0012607969432245657,-2.311139103489184e-5,-2.3128222347336424e-5
-0.002066073577068931,0.007847169087604966,-3.113302013469799e-5,-3.115569207371079e-5
0.0035870233475446076,-0.000951637187284608,-1.2744154621627341e-5,-1.2753432813515984e-5
-0.0011740781379257902,0.0004750318468033797,-1.143526205224939e-5,-1.1443586734626124e-5
-0.003539730562670728,0.015173548349777695,-3.519223425276066e-5,-3.521785292455947e-5
-6.35957102440418e-5,4.553819841233999e-5,-2.280846918625342e-5,-2.2825070225376562e-5
-0.00036803964436476073,0.00030455784285355995,-2.4587853267865842e-5,-2.4605747879490663e-5
0.0010107755833699214,-0.0006898377653309886,-1.6344333829570664e-5,-1.635622783692969e-5
-0.0003770627342602975,0.0003045964002010354,-2.451634252568615e-5,-2.453418211843401e-5
-0.004379139744362242,0.002881054659638146,-3.1514437357068594e-5,-3.153736704037437e-5
0.00570905479296433,-0.0011039036571451437,-3.5364741311325134e-6,-3.5390468953141525e-6
0.0007379276528168517,-0.0007375404087522358,-1.9357263093787937e-5,-1.93713448130927e-5
-0.002455337539135605,0.0029199772473317348,-3.7498852652250636e-5,-3.752612971586558e-5
0.0006165203203036534,-0.0002341498186853782,-1.6959383632576527e-5,-1.697171832042183e-5
-0.00048160466463147643,0.00020435635133028585,-9.706116145293439e-6,-9.713174907815477e-6
-0.0034875477005310903,0.011979117743851374,-3.570217234844816e-5,-3.572813594151519e-5
-0.0004006127343690308,0.00040119680955239673,-2.500271406624787e-5,-2.5020894119362958e-5
-0.003004439943978207,0.0025194837130315707,-3.3055087263448896e-5,-3.30791201783745e-5
0.002479668090716404,-0.000794616778419322,-5.087649442409493e-6,-5.0913479770755525e-6
0.001781941540054176,-0.0023297162879974405,-1.8778406068470236e-5,-1.879205670679187e-5
-0.0034038110062941784,0.010568027189794844,-3.70540590156909e-5,-3.708099340450054e-5
0.0008902523012512703,-0.0008220680789852034,-1.6463892559720857e-5,-1.6475858357305386e-5
-0.0010571857680515767,0.006260588585729132,-6.685503954737894e-5,-6.690362743877806e-5
-0.0021093249832934507,0.015018726866075246,-4.614938542564079e-5,-4.61829238526443e-5
-0.0019440719416428708,0.005957871176237591,-3.268111588973338e-5,-3.270486418777888e-5
0.007699472456091106,-0.0015681863874434131,-4.90140119992442e-6,-4.904961946618061e-6
