cf_avg,cf_std,cumulative_profit,num_soc_violate,num_swap
1.8999776809069583e-5,2.637736822004811e-5,-1.5148241813640637,0,2
2.8402622086492233e-5,5.1935923326957646e-5,-3.7898118450022773,0,1
3.817510562379215e-5,7.85906866603009e-5,-6.688621472978751,0,0
4.819180737524263e-5,0.00010705689485508108,-9.876564775657624,0,0
5.878924433388357e-5,0.00013762479408207671,-13.559101826912558,0,1
6.761957907727977e-5,0.00016139067089144502,-14.716853133323271,0,1
7.694461829895163e-5,0.00018425385265772416,-17.288299790373937,1,3
8.642875565803687e-5,0.00020475867062227896,-20.177002759595748,1,6
0.00010146301468591468,0.00022317152444704136,-33.408150552771545,0,7
0.00011098010692501166,0.0002325709479939503,-38.121848483708916,0,10
0.0001252077843426981,0.00023660302014960006,-61.62847624773262,4,11
0.00014126807398795655,0.0002380425473342842,-92.33255265359237,7,9
0.00015747217052662784,0.00024053407705103776,-123.68421742551736,7,10
0.0001700408816769062,0.00024353562641329536,-141.43936073049716,3,10
0.00018044021963008132,0.00024311224336429082,-153.71358079001922,4,8
0.00020134460918745642,0.00024215984994436246,-187.370222419705,10,10
0.00021774647586862036,0.00023996378023484884,-209.52156305324968,5,9
0.0002321433148808563,0.00023833884299867563,-227.00772236018,4,9
0.00024429912386639106,0.00023628043655940157,-238.584921833497,2,7
0.00025689626872810433,0.00023273091356297392,-251.92781588686236,3,8
0.0002705858802360555,0.00022699549436347503,-269.8205733862775,6,9
0.00027893788657005846,0.00022411366660105787,-275.87389335594065,2,7
0.0002918805066507775,0.00021772030286553945,-287.7642932434495,5,5
0.0003029245718396572,0.00021284728477207628,-293.44298960369014,1,2
0.00031364913846425687,0.0002101460032436534,-298.4879020543986,0,1
0.0003245767699082362,0.00021093201967051586,-303.9432950833346,0,1
0.0003358985175761317,0.00021572838627343573,-310.04771605855484,0,0
0.0003477540913329776,0.00022594965532326522,-316.83590439872694,0,0
0.00036061611028131535,0.00024219957767275793,-324.08642252921294,0,0
0.00036977669798399937,0.0002566023190964852,-325.9432270639677,0,1
0.0003783056046717467,0.00026970973167845825,-326.35820544255336,0,1
0.00038680336319426857,0.00028216304820257853,-326.65911214840423,0,4
0.0003998904940915658,0.0002894086188431215,-336.059243796351,0,7
0.00041169446346408936,0.00028839093304384945,-348.9706265231857,4,8
0.00042369967595440317,0.0002837100642012711,-363.39961911431095,2,8
0.00043692182280957774,0.0002767752677339631,-382.89825632355297,3,7
0.0004492525207546172,0.0002717710683646362,-399.2813283923479,2,9
0.0004627202140815006,0.0002728886596656381,-420.2471198039874,4,9
0.00047316963103026494,0.0002790654390537995,-432.17091907459894,3,9
0.0004925354482775373,0.0003007213240596534,-461.9005672656582,9,9
0.0005087131897369489,0.0003099057442308535,-483.19686786891975,3,8
0.0005228819934803181,0.0003146668561564199,-499.986944256115,2,10
0.000536599652304923,0.00031604311477098184,-515.7189315897186,4,9
0.0005513124056624985,0.00031515579822650466,-534.5758378321538,6,9
0.0005616686394580082,0.0003149358054949131,-542.7365709606098,1,7
0.0005699869758526582,0.0003124636176577203,-548.7945535376454,2,6
0.0005842337286035424,0.0003102130265533953,-562.7146098627438,5,5
0.0005952813340077107,0.00030684209110336475,-568.180101360749,0,2
0.0006055602072326887,0.00030492206421573744,-572.5972858993579,0,1
0.0006161529117525938,0.000305037541251091,-577.5995446192892,0,0
0.0006271424116889367,0.00030848123649237624,-583.279572661388,0,0
0.0006385796471318051,0.00031552836009129617,-589.5420400791218,0,0
0.000651495764777216,0.0003274276136157691,-596.970212728497,0,0
0.000660147106241747,0.0003376830080210621,-597.5976828387401,0,2
0.0006691213275823482,0.00034701721590611116,-599.0843867334398,0,5
0.0006807281026142459,0.000352611127196852,-607.6537557456611,2,8
0.0006973367125053853,0.0003531234664830148,-626.8346217051355,4,9
0.0007104874251163965,0.0003517787643096786,-645.5080536675028,5,9
0.0007204796339429737,0.0003511877899551473,-652.2117063787774,0,8
0.0007342416690880681,0.00034395334316949594,-674.989530043974,6,9
0.0007475069504709163,0.0003371416943274241,-697.8220778472082,6,7
0.000757806523816925,0.0003408350957118402,-710.9631221127063,2,8
0.0007682206138547308,0.0003484894726270975,-726.8165703225601,5,8
0.0007872408065081514,0.000349568779874561,-755.852067882412,8,8
0.0008022018430029618,0.0003505826864002608,-773.8247529835495,1,8
0.0008157655109561746,0.0003440711429814181,-788.9258350215416,2,8
0.0008301291926582333,0.00033926414255072647,-806.3380093250707,4,8
0.0008417178211961668,0.00033984810375477356,-816.6644101627711,1,8
0.0008514270059184411,0.00033746880875092756,-823.659432796523,2,5
0.0008591360929652942,0.000338555628836024,-828.8444262563552,2,6
0.0008669663340257057,0.0003424374228132112,-835.5769326362969,4,4
0.0008731618683003723,0.00034206223647087263,-837.9775791434768,1,1
0.0008805619296011562,0.00034469030740248864,-840.0517954039017,1,1
0.0008905598415898967,0.0003486766912818022,-843.7683881967995,0,0
0.0009028910036190137,0.0003568698813180808,-850.470462054625,0,0
0.0009157773852057093,0.00036903196898957816,-858.0729040848679,0,0
0.000931127499673136,0.0003878286795904629,-867.5638543476757,0,1
0.000940888835370264,0.00040002179886693926,-870.631185714816,0,2
0.0009502312736601845,0.00041089155735701664,-872.919003558844,0,6
0.0009611638923004185,0.00041756347652448065,-879.2267740041665,1,8
0.000979450731904586,0.0004220388934743693,-900.5521781106864,3,8
0.000992523678085711,0.0004209391260554259,-918.0458594095815,5,9
0.0010040222624874192,0.00042331517738977936,-930.6613003395253,2,9
0.0010191725951382714,0.0004187137540531627,-957.1788945301922,6,9
0.0010323343956099465,0.00041871557945379506,-975.4292665335257,3,9
0.0010460195757160241,0.00042017433639988683,-996.3891437186728,4,8
0.0010575003999396828,0.000419806828399692,-1011.2803684950738,4,10
0.001076591848711993,0.00041739662761158347,-1039.5437223784502,8,8
0.0010919389747776865,0.0004176128312994497,-1058.2785868914486,2,8
0.0011051004080548964,0.0004151395367398132,-1072.0148604252804,1,7
0.0011183496484914721,0.00040990633904469404,-1086.0437296498067,2,8
0.0011305356436728574,0.00040579840486302415,-1097.4532027530838,1,8
0.0011407749784418321,0.00040520080421386183,-1104.8484809779923,1,6
0.0011497388051732698,0.00040787557248909,-1112.3558059299442,3,7
0.0011609550021839297,0.000403784703479569,-1121.9076726218689,5,5
0.001172627099358105,0.0004034135189685851,-1128.6282626895386,2,2
0.0011840445427592533,0.00040811468380534097,-1134.8888759138867,1,1
0.0011949751992385885,0.00041166423218989606,-1140.2367994814063,0,0
0.0012062143768334875,0.00041785999308321855,-1146.0692341079261,0,0
0.0012176143659350979,0.000426653619081598,-1151.9464112824162,0,0
0.0012300388316875853,0.0004389257100648818,-1158.3689361957531,0,0
0.0012388781210432276,0.00044942565152333196,-1159.4021778341717,0,3
0.0012475162866617555,0.00045686459001131825,-1160.0628336118975,0,7
0.0012590793099035206,0.0004563443380996291,-1168.7922989562417,1,8
0.0012780690820746144,0.00044837439251936675,-1194.092115513539,4,7
0.0012898586761505046,0.0004480720409873265,-1207.4212500597234,4,8
0.0013018360519790164,0.0004462730751814903,-1222.096718439065,3,9
0.0013161586206399075,0.0004485856163992651,-1246.1782837348683,5,9
0.0013293285815917713,0.00045460491137446613,-1266.419145950016,3,7
0.0013405955256648567,0.0004621840246720508,-1280.2270712011689,2,8
0.0013508509566419987,0.00046313802379535944,-1293.2164173240724,4,9
0.0013714832067670086,0.00046565644652195147,-1325.889986918971,8,8
0.0013894340389967667,0.00046947290668009425,-1352.1478876453207,5,9
0.0014013151211669384,0.0004682126392130331,-1363.2920828607535,3,9
0.0014152389005833662,0.0004644900399287765,-1381.0860812289284,5,8
0.0014285367751544398,0.00046462585993118857,-1397.8309044946345,4,8
0.0014391455523881103,0.00046397145736155887,-1407.8891647104006,1,8
0.0014469591149407104,0.00046257091820052574,-1413.3415343894399,1,6
0.0014597399218847671,0.0004596870537107589,-1424.7873730825518,4,4
0.0014710880873213031,0.00045866187054510385,-1430.9195356940986,0,1
0.0014814121674276975,0.00046025184140207134,-1435.624697397403,0,0
0.0014918369524426595,0.00046385044705273546,-1440.498500595999,0,0
0.0015025370388541076,0.00046958102760971936,-1445.8409049013849,0,0
0.0015136253928980804,0.0004776093616993301,-1451.6552259163625,0,0
0.0015259685283256197,0.0004889010201512755,-1458.4801899649842,0,1
0.001535657409422228,0.0004970218384733496,-1461.6766862077384,0,1
0.001544273255349407,0.0005031897202599769,-1462.3017753105332,1,6
0.0015544043971382172,0.0005049324220762692,-1467.2508870752754,1,9
0.0015734914517795589,0.0004989998997994731,-1493.651753325385,4,9
0.0015853138485438995,0.0004938850795788283,-1507.7306402476966,3,8
0.0015972981002372521,0.0004923107162753735,-1523.3520183692551,2,7
0.001608609153431344,0.0004907056159047733,-1537.5842548456837,2,8
0.001620818552631509,0.0004916239735073288,-1557.2822498393741,3,7
0.0016322755306820245,0.0004961277494418764,-1575.4141465274056,2,8
0.0016435965801842281,0.0004995430532709789,-1594.9138322206816,5,10
0.0016635812638648992,0.0004941016163323336,-1627.1709770494085,9,9
0.0016802195509054599,0.0004928577724086985,-1650.5093273331472,4,8
0.0016922211466938602,0.0004915906575747326,-1662.0797430070263,2,6
0.0017045930922447699,0.0004910984555363874,-1675.1022196732895,1,8
0.0017176016048845103,0.0004979158050528221,-1690.3487487799998,2,9
0.001728623834863551,0.0005027223088771755,-1699.9125359011248,1,8
0.0017384057355161117,0.0005006102638181385,-1710.2443073428465,4,7
0.0017527139233042182,0.000500050314358974,-1724.2725996880858,5,5
0.0017640895608585895,0.000503472808202641,-1730.515142997612,0,2
0.0017746096350250264,0.0005040312321325995,-1735.5506691608548,0,1
0.0017852884721739548,0.0005051773914129271,-1740.9131241463422,0,0
0.0017960616583510595,0.0005082927749579325,-1746.4390633355863,0,0
0.0018073830534999797,0.0005136379884126636,-1752.7225833621474,0,0
0.001819982793696991,0.0005219819122353335,-1759.9651232134624,0,0
0.0018292930778000109,0.0005298398939872777,-1762.2441180053293,0,1
0.0018378016384931308,0.0005388189181605207,-1762.3142328455463,0,6
0.0018486731277083705,0.0005449704568256945,-1770.0451181689846,3,8
0.0018662164329910239,0.0005394190596683613,-1793.2626697176931,2,9
0.0018787826055607327,0.0005369449566071234,-1811.0762653636043,3,8
0.0018893246538491978,0.0005341994700447602,-1821.2197283599135,1,9
0.0019052741474020634,0.0005304241201074375,-1853.7681081682824,6,10
0.0019193207589380792,0.0005340630284712827,-1878.8462875791815,3,9
0.0019314347359433667,0.0005360958093856565,-1897.2939061589109,1,8
0.0019438080408810151,0.0005391230904754022,-1919.2520535256158,5,11
0.0019660749178688594,0.0005354946800090088,-1957.9768298244378,11,11
0.0019872569804206654,0.0005308388585420522,-1991.289675734295,4,10
0.002004135165746109,0.0005313286501305994,-2018.6582680489419,5,8
0.002013436251369495,0.0005279207562222786,-2021.9364553670846,0,7
0.0020229822305698523,0.0005266551117396433,-2027.2164243078414,2,8
0.002035008841856191,0.0005251529171549227,-2044.3191189793536,6,7
0.0020453912504127276,0.0005233405975201582,-2058.873303840029,7,8
0.0020572986956999386,0.0005239794138761331,-2072.3186449120867,6,6
0.0020683099933023236,0.0005195061568098485,-2079.870629251262,1,2
0.0020800185087200104,0.0005156543718258395,-2087.3180321385107,0,2
0.0020918702114881248,0.0005133977307722346,-2095.254932382124,0,1
0.0021037549273031707,0.0005147015577894431,-2103.2649571491556,0,1
0.002115900404444553,0.0005185314936204597,-2111.4055263440227,0,0
0.0021280739885487115,0.0005249027268818773,-2118.6416236547866,0,1
0.0021379504227944813,0.0005302878571888542,-2122.719861226629,0,1
0.0021474820542994625,0.0005365942063679526,-2126.4909026390137,1,3
0.0021547234862656865,0.000541636640131011,-2119.013756160998,1,7
0.0021721981643862114,0.0005510785971821898,-2149.2711014541273,5,8
0.002182481968334537,0.0005529226699386027,-2156.238826944118,4,10
0.002195251758561382,0.0005539980811416771,-2177.577717090327,4,11
0.0022094975829499747,0.000558790765365825,-2205.7226825944126,6,9
0.002224801425833302,0.0005641496914036226,-2238.3421755284426,6,10
0.002237329809977928,0.0005640060339079696,-2260.655611989788,4,9
0.0022487149010611378,0.0005643366278781552,-2281.484379975622,6,9
0.0022705574430316065,0.0005578371376562113,-2318.885019731479,9,9
0.002289555971628341,0.0005562309442771462,-2349.608855802097,6,9
0.002300004620895521,0.0005549005747296905,-2357.4643807406937,1,9
0.0023127697661173368,0.0005529542737397904,-2373.5531113571187,5,7
0.0023252926805324204,0.0005562607939664982,-2390.5445111575,3,8
0.0023364161055957,0.0005570514596871551,-2403.9006681281307,1,9
0.002344992190069738,0.0005512468885565266,-2412.6164314939324,3,6
0.00235774625602166,0.0005514497001802159,-2426.195342980489,6,6
0.002369496666841589,0.0005498120141591733,-2433.7563224307773,2,2
0.0023804930390066937,0.0005489763231878599,-2439.937819438681,1,1
0.002391828132118358,0.0005494989332118205,-2446.786678659417,1,1
0.0024029453916563567,0.0005526203698122438,-2453.0557168419746,0,0
0.0024145030457008924,0.0005578760234578881,-2459.9443033644784,0,0
0.0024273996441724482,0.0005660613095789132,-2467.857489567007,0,0
0.002436780522531092,0.0005734822655950448,-2470.3809669483653,0,1
0.0024456585362689384,0.0005790504551454848,-2471.643697287688,0,3
0.0024534590343402163,0.0005818974389672755,-2469.127769783074,0,4
0.0024680611322356375,0.0005816543308569016,-2487.453321806368,2,7
0.0024775261311365325,0.0005832019750793349,-2491.5312923877095,2,9
0.0024877693057260277,0.0005797512764814592,-2501.169418183783,2,8
0.0025014908640561325,0.0005761946120422785,-2527.1972508198655,3,8
0.002515301577637201,0.0005717097318798804,-2552.8432670323255,3,10
0.00252925924970159,0.0005747020192555006,-2580.482445025417,4,9
0.0025396530213234055,0.0005775159627119403,-2595.9546915566198,3,9
0.0025611913759702944,0.0005828797993754063,-2632.4018755701572,9,9
0.0025833362453540655,0.0005859520633098468,-2665.578680796113,2,9
0.0025940697975997836,0.0005896746780603233,-2673.940984652091,3,9
0.0026061456564533832,0.0005895750642342007,-2689.358529095467,4,9
0.002619002626253289,0.0005914863661330278,-2708.0758807308903,3,9
0.0026312844526022107,0.0005934984617360397,-2726.0452627731843,5,8
0.0026395182377236762,0.0005929575809808416,-2733.174641803059,1,6
0.002649483534979069,0.0005910516020443416,-2744.043119661612,5,5
0.002659984622057787,0.0005863044790226287,-2750.746581394226,1,2
0.002670484779432386,0.0005831468665084812,-2755.918657683232,0,1
0.002681434964804349,0.000580590890560181,-2762.1820550348757,0,0
0.0026927243499259264,0.0005798048829681882,-2769.1130627568796,0,0
0.0027044796105800757,0.0005809865416508928,-2776.740144774084,0,0
0.002717712540059909,0.0005847422599820986,-2785.586553930157,0,0
0.002726985916991004,0.0005888525329455158,-2787.8223073589893,0,2
0.002736039274468351,0.0005915442655637725,-2789.41035021882,0,6
0.002747303860649774,0.0005907245897398746,-2797.1612659100865,0,9
0.0027658350747914173,0.0005836750644823265,-2826.0388923537544,4,9
0.002775883467728266,0.0005837659819078639,-2833.196758148485,3,10
0.0027894631519170504,0.0005801966273839189,-2856.3283764908556,5,10
0.002804595526705357,0.0005776781573043781,-2886.4036994760286,5,9
0.0028175591750609487,0.0005811977720846988,-2908.7221243770114,1,7
0.00282812927127892,0.0005844904919927184,-2922.835566741748,0,8
0.002838572461590555,0.0005848272448577771,-2939.8584293546755,5,8
0.002859725751479055,0.0005896062285337009,-2974.5903110542904,8,8
0.002876499090074351,0.0005877106883122202,-2998.4980495139826,2,8
0.0028885581134949624,0.0005840076602035543,-3011.04670578872,3,8
0.0029012547842471956,0.0005833034298907464,-3025.629706399315,2,8
0.002911835741357865,0.0005843426676603533,-3034.5661923634816,2,8
0.002921090911787214,0.0005853539535415328,-3043.5674509686914,3,5
0.0029288222031906225,0.00058957732543165,-3052.829760249057,3,6
0.0029359832141667296,0.0005870931369615101,-3059.890271317321,4,4
0.0029446896099455783,0.0005851212559254821,-3064.9677185646165,1,1
0.002956114952964037,0.0005855577329223601,-3071.6635401594567,1,1
0.0029668804015083113,0.0005871032748186003,-3077.3304414320714,0,0
0.00297799265425232,0.000590456645062005,-3083.662543961462,0,0
0.0029897510957325006,0.0005959223023107272,-3091.017204748331,0,0
0.0030035294771274747,0.0006047759106873534,-3100.2887108577243,0,0
0.0030121612415080377,0.0006114079956287417,-3100.923429919426,0,2
0.003021694809838557,0.0006188555090003218,-3104.0305574436134,1,6
0.003032724494378993,0.0006216918475111758,-3111.4443389406892,2,8
0.003050502981751559,0.0006267258338814134,-3132.8302504496287,2,8
0.0030608692535959246,0.0006286626836106579,-3140.7428009775813,2,9
0.0030751743901535743,0.0006292208349088413,-3164.2374082536126,6,10
0.003091112973588138,0.0006264770899213981,-3194.312175819901,7,9
0.003104347134675183,0.0006328283026690181,-3214.114768109353,2,9
0.0031166545941300494,0.0006358656612179863,-3231.2432087614334,3,8
0.003128092586861584,0.0006351173917148723,-3248.2363173577255,5,10
0.003147047507223414,0.0006345908055811096,-3277.1425348558464,8,8
0.003162235520606337,0.000632249319743903,-3296.3843266400227,3,8
0.003175144158482414,0.0006265669730561593,-3309.951828489854,2,7
0.003188561372109707,0.0006269474138668708,-3325.1003443540576,4,8
0.003201034154933212,0.0006283285037560969,-3338.4934744797765,3,8
0.0032115723307952542,0.0006275545045221476,-3348.2039657591267,1,6
0.003218741937219621,0.0006261233593446598,-3351.6444587561664,0,6
0.003232909150310761,0.000624621153799612,-3365.3652620324656,5,5
0.003244558425452449,0.0006246463767676699,-3372.000732119347,0,2
0.003255003043526018,0.0006272150266067826,-3376.877796891689,0,1
0.003265560204737168,0.0006294234444185224,-3381.9856509710826,0,0
0.0032763255110836356,0.0006332422618758411,-3387.4659361797812,0,0
0.003287709617865687,0.0006389503945064954,-3393.8120185895737,0,0
0.0033002775077897993,0.0006471758636329832,-3400.9675423099206,0,0
0.0033094331060317637,0.0006545818755567005,-3402.821151108901,0,2
0.0033181189861301776,0.0006605530102150601,-3403.4461128005005,0,7
0.0033289941671388727,0.0006594048536091106,-3410.927844519762,2,9
0.0033488494594198052,0.0006506632580999611,-3439.5363085979016,4,7
0.0033613160018921198,0.0006517946638057769,-3456.1663525331405,5,8
0.0033731930787274794,0.0006505272745556897,-3471.0447234565104,3,9
0.003385084886031617,0.0006537881720747968,-3486.905324132333,2,9
0.0033985837573857237,0.0006553473211746889,-3510.689515489865,3,7
0.0034113934688271524,0.0006580483450871419,-3532.6150589060394,3,9
0.0034215086301418664,0.0006578614400974236,-3545.9035511214415,3,9
0.003441823743461124,0.0006592577238843704,-3579.5218274756853,9,9
0.003458898586952744,0.0006531926906691692,-3604.6479547892427,4,9
0.0034722433675874013,0.0006505569299333777,-3620.5855909033885,2,9
0.0034847634541569244,0.0006488612653678619,-3634.213702809441,1,8
0.0034982667402570144,0.000650143768465666,-3651.1607054240417,4,8
0.003510184196991185,0.0006505629870373951,-3665.095889077841,3,8
0.0035175297718750957,0.0006524595194919719,-3668.662779603268,0,6
0.0035281014282660234,0.0006466250064100705,-3677.8246907255216,4,4
0.0035392721780327313,0.0006418860728309697,-3684.082653144411,1,2
0.003549786840824685,0.0006408559413950111,-3689.0863910336175,0,0
0.0035606294646513942,0.0006413525068032163,-3694.7849644061353,0,0
0.003571633898224133,0.0006434590990969231,-3700.7530524182707,0,0
0.0035831296582731226,0.0006473666740691295,-3707.3874624793125,0,0
0.003595858879857911,0.0006536832740058694,-3714.9132124896246,0,1
0.003605562979354337,0.0006600380060988895,-3718.221939030619,0,1
0.0036139383783079706,0.0006650121623677917,-3718.061184464477,0,7
0.0036257145069218126,0.0006639484784060443,-3728.0916003579473,2,9
0.003644054529806617,0.0006639788302302467,-3755.8506120392944,7,9
0.003657091580460412,0.0006662384828676955,-3774.7370953111117,5,8
0.0036683662503629254,0.0006675822792146295,-3787.4633780524537,2,8
0.0036802936507269847,0.0006672336413278564,-3804.138536286259,3,8
0.003692993893045655,0.0006732421145190474,-3826.5505198596984,4,8
0.0037059118315085683,0.0006781037531364923,-3851.198728663826,4,8
0.003715854973183328,0.0006806594995805537,-3864.960506954292,2,10
0.0037378430679884177,0.000677932429827057,-3903.4698765428193,10,10
0.003756613922762198,0.0006767694457885796,-3932.874026443571,4,8
0.003768386242287276,0.0006752573682052676,-3944.452689925491,3,6
0.0037790652200892843,0.0006729543647961903,-3952.6784012902717,2,8
0.0037922640283207755,0.0006741785246354051,-3970.608298364186,3,9
0.0038036293633674422,0.0006742653655475506,-3983.8665889191066,2,8
0.0038125205399884856,0.0006732227895275387,-3992.988036157592,3,7
0.003824518531231273,0.0006701892701141145,-4005.4053952367562,5,5
0.003835393266627441,0.0006698585419649731,-4011.5586147564204,0,2
0.0038455507977150694,0.0006708693223443407,-4016.114437762477,0,1
0.0038564634082011375,0.0006724577996170155,-4022.2550488555653,0,0
0.0038677230303664325,0.0006756795349418802,-4029.0612967878264,0,0
0.003879530357855547,0.0006807577150180485,-4036.673866710971,0,0
0.0038925453098355733,0.0006883419842692487,-4045.0956442365614,0,0
0.003901751493124847,0.0006950245125114082,-4047.1139197218295,0,3
0.003911081339194085,0.0006999650015990885,-4049.668482833547,0,6
0.003919261345683573,0.0006992815430123304,-4047.7571795817985,1,9
0.00394134900015684,0.0006976134979532121,-4085.9735326684163,7,8
0.003955142318500518,0.0006943397165994458,-4107.868460603664,7,8
0.003966768609716212,0.0006944816726451794,-4121.334650744225,3,9
0.0039803667176019925,0.0006938310020443044,-4143.605097570656,4,10
0.00399393773919573,0.0006957943106971092,-4166.446849869193,5,9
0.004007157995280774,0.0006927505562359619,-4189.61838841983,4,8
0.004019271029303044,0.0006935727679277822,-4210.646874797836,5,11
0.004040884282513885,0.0006926699150317948,-4247.958504753103,10,10
0.004060371553132793,0.0006923718437993748,-4279.409958105757,6,10
0.004072440544862763,0.0006959086551882373,-4292.122106771767,3,9
0.004084331080812908,0.0006963999530233633,-4304.241104975629,5,7
0.004097423788022753,0.0007010614253903695,-4321.272202322991,3,8
0.004109643915985325,0.000706944069632706,-4336.739230328693,1,7
0.004118525508881238,0.0007101325507650293,-4343.989562980203,0,8
0.004132358873771853,0.0007104751412266933,-4358.547788638833,6,6
0.004143587051053168,0.000705533978526296,-4365.153013309673,1,2
0.004154789711714962,0.0007023500558020004,-4371.878617958391,1,2
0.004165867513535378,0.0007003372021965193,-4378.253109156747,0,1
0.004177221555821701,0.0006997010610682338,-4385.140271105904,0,1
0.004189259643279397,0.0007009012447638962,-4393.048124451156,0,0
0.0042023572722353795,0.0007042405491878742,-4401.614021981204,0,1
0.0042125548852298585,0.0007072456398205691,-4406.055087247753,0,1
0.00421993777758534,0.000711324254274743,-4401.985288271818,0,3
0.00422872658322385,0.0007120579725300225,-4400.038382508608,3,7
0.0042467928839840735,0.000717965913822097,-4428.04263121585,4,8
0.004259141879596116,0.0007139212298774851,-4444.5344603551885,6,10
0.004270166119136561,0.0007144200775035714,-4458.22875986398,2,11
0.004284971135393933,0.0007239595655481278,-4488.34090562757,4,9
0.004300257241510817,0.0007220355057728465,-4518.88254304214,5,10
0.004314917085705858,0.0007191004963311088,-4548.544961417816,5,9
0.004324362523310238,0.0007170535605036904,-4559.266829919652,1,9
0.004345233324811459,0.0007091121154367589,-4594.299487084729,9,9
0.004362250699838865,0.0007123302473327708,-4618.78842938572,2,9
0.004376206078961895,0.0007072108763667106,-4636.674989518637,6,9
0.0043882773317009864,0.0007055876990511695,-4649.100127575677,3,7
0.004401610105850516,0.0007064147391730828,-4667.036987872576,4,9
0.0044129616142123676,0.0007049987556082092,-4681.058030411369,4,9
0.004421291499611219,0.0007032159298223616,-4689.156742804093,3,6
0.0044314052552271825,0.0006999550753044705,-4699.202563829117,5,5
0.004442640159213778,0.0007011567263881091,-4706.352862414581,2,2
0.004453923875633187,0.0007070288635673782,-4712.813842589169,1,1
0.004465477296839776,0.0007137051863944519,-4719.8928700938495,1,1
0.004476678934427965,0.0007208910682618473,-4726.168856264737,0,0
0.004488281910598614,0.0007298333510582461,-4732.994615186118,0,0
0.004501305758135961,0.0007415752021847825,-4740.925302149849,0,0
0.004510714857194203,0.0007512205924707319,-4743.426275542843,0,1
0.004519442903906053,0.0007597323561508885,-4744.28043392702,0,3
0.004527304976825583,0.000763986325607701,-4741.690188985621,1,4
0.0045420916187389505,0.0007721933168937798,-4757.87695543595,1,7
0.004552035230385353,0.0007787251483980015,-4764.384753034855,2,9
0.004564821996848903,0.0007845327957694638,-4783.369542808344,4,8
0.00457821974002622,0.0007848651001855769,-4805.602249141417,3,8
0.004592198748999552,0.0007871891633586632,-4830.088938503846,3,10
0.0046057121169439,0.0007879055095142131,-4853.438685587685,4,9
0.004617069898482769,0.0007902506203570757,-4871.068445881789,4,10
0.004636574051630562,0.0007839010896512532,-4902.439100557925,8,8
0.004653479694281914,0.0007811370182265288,-4926.49424446001,3,9
0.004667089904390134,0.0007861470967461767,-4942.939720289034,3,9
0.004679871829304067,0.0007871010434964529,-4957.270390652924,3,9
0.0046931509748566564,0.000786418780412319,-4974.131351973195,5,9
0.004704829052861997,0.0007843280132851349,-4988.551812644968,5,8
0.004713055429956515,0.0007826790635174688,-4996.6978524422075,3,6
0.004725889160498054,0.0007784644303967918,-5009.6128707269045,5,5
0.004737313374246804,0.0007767163840472723,-5016.2585663090895,1,2
0.004748039376405921,0.0007726322982097927,-5021.837571864975,1,1
0.004758636745172605,0.0007716540985072789,-5027.086855443565,0,0
0.004769448377886523,0.0007719457864180425,-5032.723160743346,0,0
0.004780922177555031,0.0007736729450105039,-5039.373919320798,0,0
0.004794034929561217,0.0007774059884530255,-5047.464881552537,0,0
0.004803104514186974,0.0007810893342902724,-5049.141708362944,0,2
0.004811571881557544,0.0007837630057765876,-5049.365112583526,0,5
0.004822789562419788,0.0007843804825714705,-5057.335041351859,2,8
0.004840103976790428,0.0007819798973571679,-5078.640718157304,3,9
0.004852132212421343,0.0007788125335941459,-5093.125929320291,4,9
0.004864052966016167,0.0007725959321967996,-5107.869337619929,3,8
0.004877318116273543,0.0007676557481295495,-5128.5615246459165,2,8
0.004891059818399251,0.0007678039699368889,-5151.085223387127,2,7
0.004902816545156441,0.0007716312358181887,-5166.440164344207,0,8
0.004912411829179266,0.0007735416352689067,-5176.38991711173,2,8
0.004932059783486945,0.0007840456751543645,-5206.81888185615,8,8
0.004947116638682128,0.0007900826658930713,-5225.405122173104,1,7
0.0049616481715287,0.0007942143640235804,-5243.943680651688,5,8
0.004973346872119501,0.0007978513819279982,-5254.710931465902,2,8
0.004985278919099219,0.000799436185897961,-5267.080656824439,2,8
0.004994384259194225,0.0008003224997286615,-5273.544962612776,1,5
0.0050019285698363804,0.0007995648358779557,-5279.5044167551905,2,6
0.005012491406855775,0.0007988546684365436,-5287.785183705817,3,3
0.00502295119223531,0.0007976474320460944,-5292.348229588066,0,1
0.0050333861917780465,0.0007956098016143983,-5297.021805073258,0,1
0.0050439580637141644,0.0007948789034402473,-5302.014455304379,0,0
0.005054924448576094,0.0007953910192195778,-5307.684234785233,0,0
0.005066457910345854,0.0007973257830302055,-5314.162018615575,0,0
0.005079584407681293,0.0008012640425776522,-5321.967464738178,0,1
0.005088267718277474,0.0008048620536036776,-5322.737605706673,0,2
0.005097536754384122,0.0008069020162417998,-5325.041925115769,0,6
0.005109340496206652,0.0008064782227149625,-5334.1513925661575,2,8
0.005126951714162467,0.0008096806569624682,-5354.918626093359,3,8
0.005138910728734514,0.0008062214620593668,-5368.682494139995,4,9
0.005151934106341384,0.0008062898650520066,-5387.371600446083,3,9
0.005166755615007712,0.0008052611510651732,-5413.217078125829,4,9
0.005180085739339383,0.0008003943929974823,-5433.444984633609,3,9
0.005194415551648989,0.0008024568140686975,-5457.772988227852,5,10
0.0052056532717306096,0.000798508554539454,-5472.783385216019,4,10
0.00522476544659519,0.0008002009590700575,-5501.8708528755305,8,8
0.005239706625463092,0.0007974944052875446,-5519.732398585181,1,8
0.0052519044501342016,0.0007925630787855111,-5531.246358433838,1,7
0.00526508708048184,0.0007860736954971901,-5545.849534001002,4,8
0.005278289703946206,0.0007848364048633873,-5561.23954008901,4,8
0.005288925350861715,0.0007822774364676486,-5571.2026026036765,2,6
0.005296207764788919,0.0007828961362243869,-5575.235237722031,1,6
0.005307933492067313,0.0007846822674469186,-5585.151270034189,4,4
0.005319357744911892,0.0007846563558157638,-5591.695165130309,2,2
0.005330416027077796,0.0007863065795129966,-5597.614256837906,1,1
0.005341109823159937,0.0007865856772867251,-5602.777562602834,0,0
0.00535212804334702,0.0007881819542180344,-5608.487292953361,0,0
0.005363623140291644,0.0007912468897772992,-5614.805213848586,0,0
0.005376398187472763,0.000796295985170703,-5622.0171215278715,0,0
0.005385197926889775,0.000800907394008323,-5623.006610574014,0,2
0.005394468342920069,0.0008048011708887758,-5625.359540801724,1,6
0.005406308564460656,0.0008107831604009149,-5634.738157644673,3,9
0.0054243362435364715,0.0008163351655009494,-5655.733052274483,2,7
0.005434308509598203,0.0008175182436020716,-5662.522282275031,1,8
0.005447297189355032,0.0008191850015776376,-5681.371738808286,4,10
0.005461757461598264,0.000821224478350632,-5706.23899257459,5,9
0.005475194760513432,0.0008220478396121331,-5727.677321703044,3,7
0.005488676616414908,0.0008230605074772423,-5749.831132095993,3,9
0.005498437256003435,0.0008248527790747977,-5760.062989520571,2,9
0.005518446233267155,0.0008118282920751245,-5791.555843260075,9,9
0.005534649688346245,0.000811359387528645,-5812.92716378064,2,9
0.005548617702525106,0.0008113273162435146,-5829.448791413761,2,9
0.005560553533980389,0.0008093473906714842,-5840.90508132806,2,8
0.005574140689147991,0.000811336232158449,-5858.4831711885345,5,8
0.0055856593703631045,0.0008080761855486547,-5871.796775113256,4,8
0.005593321828829843,0.0008064681301474754,-5877.0607473862465,2,6
0.0056058543898438815,0.0008033778153519401,-5888.215929949971,4,4
0.005616589498007885,0.0008021962420267016,-5893.144389009485,0,2
0.0056270265423467416,0.0008018944721941926,-5897.846660925664,0,0
0.005637644602945553,0.0008027725416872323,-5902.91284032057,0,0
0.005648589192572587,0.0008049342009407608,-5908.5138635730855,0,0
0.005660042405425404,0.0008085537192520768,-5914.778199374273,0,0
0.0056726939882255556,0.0008141645038331938,-5921.864398836992,0,1
0.0056816710568156435,0.0008180013025292066,-5923.354302822117,0,2
0.005691589405317586,0.0008230777998453953,-5927.411989857946,1,6
0.0057029203330437065,0.0008217261654516324,-5935.843104060095,3,9
0.005720836639040822,0.0008187816819115472,-5959.812171450698,6,9
0.005731869385313727,0.0008200681376571627,-5970.083941950482,3,8
0.005743489852299223,0.000822950243250435,-5983.408135995719,2,7
0.005757065754994797,0.0008236715509310998,-6005.0741658348115,3,8
0.005769836205937023,0.0008226624930780543,-6024.105874316388,2,8
0.0057835046524605535,0.0008251837036979371,-6046.71864028108,4,8
0.005794223822036851,0.0008277519167629982,-6060.111817832664,3,10
0.005814384462615025,0.000832665522070634,-6092.327988981069,10,10
0.005830402325744334,0.0008388678906007196,-6113.727812379476,4,7
0.005842525993033739,0.0008392609241430724,-6125.265377319848,0,6
0.00585587301909436,0.0008393175779596535,-6140.359367572768,3,8
0.005868309254268352,0.0008412601859293216,-6153.336732156927,3,9
0.005880690413940118,0.000842901250107597,-6168.027728240857,4,8
0.005888882846535775,0.0008415800044825034,-6173.764322211254,1,7
0.005902228041200556,0.000839865138786212,-6186.604052219673,5,5
0.005913015494854856,0.0008340710522756616,-6191.653502839977,0,2
0.00592341578758388,0.0008302980387215349,-6196.306792164486,0,0
0.00593416987154607,0.0008275581869113104,-6201.620304779211,0,0
0.005945148302269954,0.0008259887838982529,-6207.293287196962,0,0
0.00595650619848072,0.0008256796187785641,-6213.419506422536,0,0
0.005969228238928118,0.0008269161152734292,-6220.582150964183,0,0
0.005978520301436601,0.0008288151182077424,-6222.759490953063,0,1
0.005987542852207163,0.0008316188925040154,-6224.394055511294,1,6
0.0059970628876416295,0.0008315042337650109,-6227.5738568038305,1,8
0.006015275164206255,0.0008246827442785675,-6251.154304928562,3,9
0.006027921371367746,0.0008241852473315493,-6268.209349008716,5,8
0.006040699613236845,0.0008215469091481853,-6286.057010542382,4,9
0.006054418429682628,0.0008196408423215202,-6308.22151059799,3,10
0.006069777151762788,0.0008190971889234709,-6336.912071953062,4,9
0.006082463317161375,0.0008173259693238982,-6355.5502974988585,1,8
0.006093048133202525,0.0008150178012446969,-6368.174380937188,2,10
0.006113114937180147,0.0008099119152480455,-6399.973452195815,9,9
0.0061287061533050755,0.0008068685747957288,-6419.745407514603,1,9
0.0061424263086814,0.0008091441978635514,-6436.013441814969,4,8
0.006154906143728814,0.0008094516413074529,-6449.237290604769,3,7
0.006167114840854035,0.0008116046104789329,-6463.144278997859,2,8
0.006177586066061895,0.0008139802351123746,-6473.789146718274,2,7
0.006186949238955953,0.0008135462603983811,-6483.988001103975,3,8
0.006201150080050261,0.0008186031100559824,-6498.228829961488,6,6
0.006212542659845689,0.0008215809306100803,-6504.5407203185405,1,2
0.006223743763255875,0.0008251345042288328,-6510.773548162675,1,1
0.006234532121701161,0.0008308254227108713,-6516.12281533261,0,1
0.006245620649542735,0.0008369286776895957,-6521.958341346821,0,1
0.0062572588893537884,0.0008444466990618454,-6528.544331310427,0,0
0.006270347985943579,0.0008543899939504194,-6536.336570335172,0,1
0.00628003629194404,0.0008610287323803964,-6539.556091248242,0,1
0.0062889053492657075,0.0008673914027456407,-6540.899182082347,0,3
0.0062978629367017,0.0008721164907427411,-6542.53414264551,1,7
0.006314117796326338,0.0008770570957654729,-6561.956480322767,4,8
0.00632624741972653,0.0008785298834531816,-6576.5080226957125,4,10
0.006339859855567183,0.0008775047938719234,-6597.588522858436,4,11
0.006355149823468135,0.0008766881329990036,-6625.595857641469,5,9
0.006370524551882725,0.0008792095143270605,-6654.053998435282,4,11
0.00638451578356643,0.0008777925547659436,-6677.265848716241,4,10
0.0063954705531051445,0.0008771356047078693,-6691.44409220924,4,9
0.006415394611865241,0.0008717126852348,-6722.994042532984,9,9
0.006431856300318336,0.0008663974114166292,-6745.455783499652,4,9
0.006445176910782154,0.0008664095779490885,-6760.476645572143,4,9
0.0064582780541591065,0.0008618837770703845,-6775.012173809086,4,7
0.006471166269962557,0.0008649111683670191,-6790.155760927532,4,8
0.006483234673731994,0.0008630477240099291,-6805.073490896834,4,8
0.006490719534847079,0.0008619376517608429,-6809.638594630564,1,6
0.006504038005837019,0.0008576412303906461,-6822.463696675147,5,5
0.0065153829893183,0.0008553191076817205,-6828.748850958736,1,2
0.006526116567150016,0.000853533946211884,-6833.967279394647,0,1
0.006537014906245865,0.000852635056104089,-6839.516009940091,0,1
0.0065481838111052385,0.0008525280745464974,-6845.525399666927,0,0
0.006559803209314544,0.0008537790565052115,-6852.1274216360525,0,0
0.006572655435214368,0.0008566770571358078,-6859.553522186867,0,0
0.006582025196850346,0.0008599497716774656,-6861.917195812769,0,1
0.00659070720300785,0.0008631811139196003,-6862.6366831781415,0,3
0.0065980149270376594,0.0008645638519490821,-6858.515998825375,0,4
0.006613329315106374,0.0008659289477031859,-6875.58792669459,2,7
0.006625348983252962,0.0008698296653524274,-6889.5542391972185,5,8
0.00663676513543478,0.0008678083258506265,-6901.8844055195095,3,8
0.006650154875058331,0.000869823000394195,-6922.480058883742,4,8
0.006664141685043176,0.0008694967761808895,-6945.825490524146,4,10
0.006677223176041295,0.0008697785445434556,-6966.328098623615,3,9
0.006688581276652065,0.0008771245776092896,-6982.654758585498,4,10
0.0067088442678497765,0.0008805661444545364,-7014.955930563552,9,9
0.006725165236549911,0.0008839474140574794,-7036.737159644286,3,9
0.006738305556157551,0.0008858833709114578,-7050.781311087007,1,9
0.0067523636704201065,0.0008878492833256425,-7067.56110981593,4,9
0.006765810581625849,0.0008836873708385048,-7083.773749590205,5,9
0.006776918770496528,0.0008791934082011706,-7095.570114135872,4,8
0.006785620269148707,0.0008770190278561336,-7103.843167910372,4,6
0.0067988431799166395,0.0008812269779075259,-7115.759260597556,4,4
0.006810477586577765,0.000879409103135206,-7122.198086861797,0,2
0.006820768920614732,0.0008785632605960676,-7126.699367220649,0,1
0.006831332304148919,0.0008781932222552802,-7131.70577405795,0,0
0.006842117367187968,0.0008789432272314706,-7137.098588634795,0,0
0.006853394162724556,0.0008809369616819586,-7143.15963240945,0,0
0.0068661580016113185,0.0008846498632840926,-7150.458003528152,0,0
0.006874849476391022,0.0008882494206876833,-7151.19024134604,0,2
0.0068843868187067414,0.0008935331429357033,-7154.195347936365,1,5
0.006895759975735941,0.000897378790594648,-7162.119434070696,2,8
0.006912082837760809,0.0008928494458937792,-7181.886739667498,5,9
0.006924235254859424,0.0008899849301324621,-7196.632153464005,5,10
0.006937636584993253,0.0008872959542650639,-7217.1374046706715,5,9
0.006951728875923956,0.0008847554185173969,-7241.41725428589,5,8
0.006963656093861111,0.0008901691313578691,-7257.966591952653,1,7
0.0069752100174999025,0.0008943354664226555,-7274.0002611203045,1,7
0.006983908413057711,0.0008962304519118345,-7282.066163117157,1,8
0.007003471800362636,0.0008979440120646379,-7312.4348871348175,8,8
0.007017620820084587,0.0009001158323329924,-7328.460591934631,0,7
0.007031119409915885,0.000903779035574159,-7343.848118633317,4,9
0.007045460824381024,0.0009005107564601052,-7362.021955426,5,8
0.007056420894271987,0.0009030767853049239,-7371.685099252712,0,8
0.00706622834698235,0.0009061587845674702,-7379.89383596185,2,5
0.007073033138081183,0.0009104093742095523,-7383.360953387585,1,5
0.007084129165011329,0.0009096629830168423,-7392.108899531136,3,3
0.007095309962836336,0.000910616952639862,-7398.05914342265,1,1
0.0071061933480942915,0.0009098570834566722,-7403.756876959571,1,1
0.007116725101400272,0.0009129939038076219,-7408.677765647336,0,0
0.0071275815076899205,0.0009172873925738125,-7414.157379908929,0,0
0.007138873505513858,0.0009228968841383423,-7420.208918993705,0,0
0.007151577045356476,0.0009306166491618724,-7427.415095270198,0,1
0.00715997470687562,0.0009353079051419846,-7427.491839425098,0,2
0.007168995743622861,0.0009388265769198823,-7429.244986002272,0,6
0.007181505108651569,0.0009400642134752948,-7440.424009505465,3,8
0.007198890359818838,0.0009428032365563341,-7460.904602226378,3,8
0.007210209472026124,0.0009458990474211601,-7472.492634109547,3,9
0.007222759268572268,0.0009417287896754897,-7489.502589375905,3,8
0.007236628942249119,0.0009367248944374027,-7512.21656981364,3,9
0.007250806315989573,0.0009351922289645479,-7536.276575373928,4,9
0.0072639594220477175,0.0009308159168784874,-7557.126339854245,4,10
0.007276035852814584,0.0009347241463839696,-7576.471052543569,6,10
0.007295361949934528,0.0009288292496438369,-7606.4961253797455,9,9
0.007311462324726181,0.0009258254097520526,-7627.450282018035,2,8
0.007324322376928502,0.0009226380782762167,-7641.186975239539,2,7
0.007338271821410455,0.0009143343186824867,-7658.2194948520655,5,8
0.00734949590033818,0.0009185620415085664,-7668.372869104773,2,8
0.007360184898472517,0.0009241721636519128,-7679.186497004499,2,6
0.0073673154785763705,0.0009269133486909407,-7682.909058529367,0,6
0.0073779561040084865,0.0009278510922121555,-7691.807555321546,4,4
0.007389805685447389,0.000929279801142427,-7699.293420627137,2,2
0.007400567159770478,0.0009290025920279672,-7704.513208676532,0,1
0.007411403511219022,0.0009301637834333971,-7709.986498795926,0,0
0.0074224854867699,0.0009324626990217612,-7715.879718567149,0,0
0.007434001093423618,0.0009360379101046888,-7722.325476343066,0,0
0.0074468746357493,0.0009414539234285581,-7729.773416199654,0,0
0.007455819604359915,0.0009456671482835368,-7731.092277812314,0,3
0.007465050821007747,0.0009485361523448344,-7733.173778186563,0,7
0.007476308790768656,0.0009528573239645903,-7741.483087467994,1,9
0.007496255678944146,0.0009465328657198356,-7769.232685720787,2,7
0.007506720998087767,0.000945589938886509,-7777.977993542842,2,8
0.007517310464818085,0.0009487168798511176,-7788.350489840912,1,9
0.007532110608672027,0.0009515806555137343,-7816.757486530907,5,9
0.007544978443447786,0.0009548570625286844,-7839.006352245738,2,8
0.007558013188238828,0.000959181169433515,-7862.329488966854,4,10
0.0075690702854386204,0.0009583283259241595,-7879.80414192435,5,9
0.0075898505092336374,0.000960979914258929,-7913.895090868864,9,9
0.007607168605917879,0.0009620490942536799,-7938.84106613985,3,9
0.007622110101843657,0.0009601979213174344,-7959.388373023919,4,9
0.0076336112859939995,0.000957384474061871,-7970.110140890348,2,8
0.007646915620847027,0.0009538371779898488,-7986.37542891696,1,8
0.007658385734831379,0.0009542237315149998,-7997.5854568053355,0,8
0.007665961540662194,0.000952942714327864,-8001.489522970783,0,6
0.007676442909129805,0.000947652605577405,-8010.126390816331,4,4
0.007688297033013292,0.0009445172190616971,-8017.586233112649,2,2
0.007698846658567161,0.0009406773632120054,-8022.651593343796,0,0
0.007709644926104384,0.0009377837158573869,-8028.218587256306,0,0
0.0077205875735991145,0.0009359317040455669,-8034.017963170658,0,0
0.007731929950698362,0.0009351629114921359,-8040.309769502631,0,0
0.007744489939972553,0.0009356762183870997,-8047.4896376633415,0,1
0.00775381902624424,0.0009369090988174065,-8049.860933570913,0,2
0.007763495687773308,0.0009382955811052125,-8053.3627337852695,1,6
0.007773721979792186,0.0009356667903396706,-8058.837165399261,2,9
0.0077927529629292155,0.0009290146678541379,-8085.04110964206,4,9
0.007803686275838883,0.000931813543419709,-8095.682437585145,2,8
0.007814074307781133,0.0009329148329909897,-8104.4515564122585,2,8
0.007828740545041646,0.0009466252575238581,-8131.6774102373865,7,8
0.007844096247240964,0.0009522188726278505,-8161.827176000953,5,8
0.007857211477781867,0.0009535433256245303,-8183.46565166258,2,8
0.00786695875882918,0.0009526114265698381,-8193.608693154434,1,10
0.007888750661882741,0.0009448511966495925,-8230.135227365106,10,10
0.007906729115269524,0.0009453393002211177,-8255.649538513304,2,7
0.007920792428400983,0.000945125741513701,-8273.340540762134,3,6
0.00792880073663718,0.0009462517550432566,-8272.171931486133,0,8
0.007941768183917296,0.0009465733964308117,-8288.811737257405,4,8
0.007953339025079694,0.0009501560735040033,-8303.13442059145,3,8
0.007962130013402674,0.0009525211757166523,-8310.676144319237,1,7
0.00797558498455063,0.0009559455764536459,-8323.909912108935,5,5
0.007986807697986587,0.000956685675615667,-8329.868973661763,0,2
0.00799731451390877,0.000955844121058751,-8334.926273471538,0,0
0.008007982338546007,0.0009560070179380955,-8340.309604913633,0,0
0.008018835236040625,0.0009572181898039672,-8345.997911137198,0,0
0.00803013219604532,0.0009595950590211245,-8352.253224089753,0,0
0.008042661977291393,0.000963546198586566,-8359.414860057554,0,0
0.008051959937892582,0.0009672499171490904,-8361.668349863841,0,1
0.00806094712357368,0.000969592503938686,-8363.313860481001,1,6
0.008068536608846343,0.0009714257833815194,-8358.491802508663,1,8
0.0080892775092303,0.0009692510286406228,-8390.506359764688,6,8
0.008098657959344623,0.0009675897280337095,-8394.710793250228,0,9
0.008112313988667894,0.0009612978590048227,-8416.519289488988,3,8
0.008126620436789326,0.0009604877732864479,-8441.35868020164,4,10
0.008140571605576227,0.0009544230156775195,-8465.338655868714,4,8
0.008154025614832352,0.0009516775433445816,-8488.140424442761,4,8
0.008165617658902002,0.0009441145907161729,-8505.722896019492,4,11
0.00818650895901269,0.0009454370584468384,-8539.806493520528,10,10
0.00820254231243508,0.0009494833573418587,-8561.155461336322,3,10
0.008215873264545497,0.0009551966932035538,-8576.285782865458,4,8
0.008228714526431072,0.0009607980993573027,-8590.47101494448,4,7
0.00824090536222054,0.0009651568513969223,-8604.552427796714,3,8
0.008252659010861568,0.0009664313673722587,-8619.403518233763,3,7
0.008261356831147343,0.0009665238077281557,-8626.987043455669,1,8
0.008275321306748754,0.0009616665288343949,-8641.143759488936,6,6
0.008286603182847647,0.0009605006751455575,-8647.138088859323,0,2
0.008297432168861025,0.0009611277981941494,-8652.632517455966,0,1
0.008308394894278986,0.0009616372221409941,-8658.411230820433,0,1
0.008319580223641649,0.0009633912133292229,-8664.554317289845,0,1
0.008331329467251479,0.000965453495630896,-8671.467052657996,0,0
0.008344333528756747,0.0009692196248394912,-8679.31998095767,0,1
0.00835457420533176,0.0009718913802241572,-8684.105656639362,1,1
0.008363326733324572,0.0009763987360495021,-8685.095860740854,1,4
0.008370360741068384,0.0009786655125785756,-8679.235304463758,0,7
0.008389271648233953,0.000980372722919911,-8704.787560148596,4,8
0.008400369036584705,0.000981161931115942,-8715.8092340324,2,10
0.008414088110358299,0.0009846579695750011,-8738.04900212263,4,11
0.008429958260527426,0.0009853675179357106,-8769.211504544073,6,10
0.008445435314539505,0.0009862394031544346,-8798.915594404109,6,11
0.008459680745441208,0.0009902364675153567,-8824.239081200505,5,10
0.008471564356026093,0.0009884741444410826,-8842.716329057375,5,10
0.008491400196898724,0.0009855434991638157,-8873.86528195552,9,9
0.008507349452312397,0.0009842549882738655,-8894.7751666811,3,9
0.008521909882600981,0.0009780798126480452,-8912.678317705615,3,9
0.008535612377172869,0.0009701402246088586,-8928.636588035553,4,7
0.008548982938820136,0.000972618851604086,-8944.047756357328,4,9
0.008560750011282637,0.000966103250770901,-8956.162645159882,3,9
0.008569915767052308,0.0009637855558974063,-8963.803316260271,3,7
0.008583659148553774,0.0009620199930080607,-8976.940196516092,5,5
0.008595052651567568,0.0009618821642243926,-8982.957086674685,0,3
0.00860599268266316,0.0009629630531652729,-8988.481507603989,0,1
0.008617193215657763,0.0009665355961546929,-8994.381901741968,1,1
0.008628400393222156,0.0009705091344386855,-9000.390422042121,0,0
0.008639893606397636,0.0009757201198225336,-9006.697775290251,0,0
0.008652480746892031,0.0009827524428455638,-9013.664717578731,0,0
0.008661736750436307,0.0009887186245252156,-9015.77953100357,0,0
0.008670238929567597,0.0009948085438527654,-9016.002246840651,0,3
0.00867945221107873,0.0009986670948379797,-9018.272230645342,1,4
0.008692391270549042,0.0010054165767559664,-9029.215125466882,2,7
0.008704805831253264,0.0010108522451023434,-9044.940553734517,5,9
0.008716443216185197,0.0010067588289269177,-9058.084306055958,3,8
0.008728843040296119,0.0010035280712334042,-9075.49874894136,2,7
0.008740705544080279,0.0010061001330002029,-9091.420125631423,2,8
0.008754145204065639,0.001013342119023955,-9114.244827647148,4,9
0.008765344149248629,0.0010133508937207332,-9129.893649746047,4,10
0.00878580725378988,0.0010133729028064442,-9162.856888856953,9,9
0.008804528040460821,0.0010185174976069242,-9191.334481265909,6,9
0.008819174032599842,0.0010141423954199448,-9210.467468384108,4,8
0.00883040151798465,0.0010098062242344767,-9219.724992538546,3,9
0.008842587042458012,0.0010107420117794943,-9234.407924341547,4,8
0.008851887673702132,0.0010081520013584028,-9243.631662947095,2,8
0.00886048067396354,0.0010074999153937693,-9253.722573781244,4,6
0.008872766012166789,0.0010057694710773088,-9265.39366788249,4,4
0.008884842198108622,0.0010034655556201515,-9272.749412175892,0,2
0.008894959813956927,0.0010028703716036484,-9277.113597945003,0,1
0.008905203712774696,0.0010049522036879547,-9281.730721186288,0,0
0.00891603287120692,0.0010081028722799103,-9287.446174128818,0,0
0.00892753991606838,0.0010125277396688917,-9294.197879544572,0,0
0.008940522129424686,0.001018858276115695,-9302.171237515244,0,0
0.008949488630275074,0.0010236293212900786,-9303.59588150472,0,2
0.008958240649175527,0.0010265019557931534,-9304.526247271953,0,7
0.00897083118221599,0.001022016946358232,-9316.778602320455,4,8
0.008987981297621846,0.0010141625195600704,-9338.987469941098,4,9
0.008998931531690199,0.0010123870640327173,-9349.488553782568,3,10
0.009011864587546367,0.0010116277063372057,-9369.414791369176,4,8
0.009024707668127095,0.0010101155992777843,-9390.323818348621,2,8
0.009036952351294177,0.0010081727343238035,-9409.247986726557,1,7
0.009047195495909615,0.0010062609586176498,-9421.617148982277,1,8
0.00905789836067123,0.0010106047566463868,-9439.473955513295,6,8
0.00907688970262164,0.0010141753959628723,-9468.802090341971,7,7
0.009091852307302653,0.001018445351788941,-9487.02946412048,1,8
0.009105427891240202,0.0010188360322250748,-9502.449779453505,2,9
0.009119045464151782,0.0010186079225426902,-9517.996942600901,2,8
0.009132357491150107,0.0010192892090256508,-9533.096964571381,2,8
0.00914211565531453,0.001018571976327012,-9539.504107433302,0,6
0.009150256748957742,0.001019764457115368,-9544.97215267263,2,6
0.009161972279090637,0.0010233541578719015,-9554.570542193593,3,3
0.009173506714428018,0.0010247173845367797,-9561.320625167771,1,1
0.009184157135019404,0.001025623825755519,-9566.759739396672,1,1
0.009194571992000997,0.0010298587309992661,-9571.618973056517,0,0
0.009205420031198917,0.0010352080965068033,-9577.263168150368,0,0
0.009216677731680209,0.001041765199696182,-9583.429875243919,0,0
0.00922921391693029,0.0010502765002827336,-9590.598276273204,0,1
0.009237805617361943,0.0010566662342755566,-9591.16705900658,0,2
0.009246813302972102,0.001061375675418347,-9592.899172000572,0,6
0.009257948078697476,0.001063030737876799,-9600.417525059744,0,8
0.009276206701527887,0.0010594600112769452,-9624.512003420186,4,8
0.0092884498263085,0.0010612706268446441,-9639.735477124888,4,9
0.009298516598006693,0.0010592878585446552,-9647.305827027532,1,8
0.009312846813999175,0.0010526870031822059,-9671.303496230365,4,9
0.009328818858231723,0.0010523502131445748,-9701.26919880453,7,9
0.009343276971659858,0.001059760346907817,-9726.233316409704,5,10
0.009354316111182773,0.0010629091251396796,-9740.558334680032,4,10
0.009374230683970336,0.0010558074748951893,-9771.934574438865,9,9
0.009389999570515837,0.0010502584567592575,-9792.995686214681,4,8
0.009402947788598029,0.0010484948686073883,-9807.138208107282,3,7
0.009415505602212347,0.0010471449228085553,-9820.418609727427,3,8
0.009426684306173624,0.0010473259733670215,-9830.833664008363,1,8
0.009437787771831251,0.001048619897313838,-9842.960256620014,3,6
0.009446056921266719,0.0010466481840440758,-9849.923976701995,2,7
0.009457424459378817,0.0010498935583793557,-9860.165932187921,4,4
0.009467677630551216,0.001051917699722082,-9864.721077608121,0,2
0.009478482684894911,0.0010533990374186344,-9869.871803823022,0,1
0.009489363841757107,0.00105546780602218,-9875.341720165858,0,0
0.009500596042994053,0.0010586152755273869,-9881.4055171819,0,0
0.009512173219061101,0.0010629145967670308,-9887.887642661759,0,0
0.009525213823783678,0.0010690112311340508,-9895.489674534549,0,0
0.009534387918533033,0.0010741156284031295,-9897.36326818166,0,2
0.009543366717790446,0.001078289579691138,-9898.741141682349,0,6
0.009555131634060753,0.0010814247989837868,-9908.521775341642,3,9
0.009573274015517209,0.0010827244546748993,-9931.94475735733,3,7
0.00958504775379797,0.0010829566445015682,-9945.7951563808,3,8
0.009596614898520655,0.0010818226909604615,-9959.5499747048,0,9
0.009610377697842955,0.0010802159495565172,-9982.87612895451,3,9
0.009622453548703294,0.0010831561648235967,-10000.364756809977,1,7
0.009636093953297158,0.0010908164833966002,-10021.434390830214,4,9
0.009646318450720153,0.0010919702998397865,-10032.257854667161,3,8
0.009669093629017137,0.001089400894486603,-10070.58264417162,9,9
0.009686092429804649,0.0010905717813356984,-10095.846040700193,2,9
0.009703441602915818,0.001084794167110856,-10123.347254364617,5,9
0.00971331258209876,0.001080115241787455,-10128.333803424328,3,8
0.009725381666546053,0.0010813442280891983,-10143.80605203599,4,8
0.009734962421532618,0.001083108178807203,-10152.49572613169,0,7
0.009743695725339698,0.001083399164479432,-10162.09143926068,6,6
0.009750067498887459,0.0010817990303132671,-10167.048205396077,3,3
0.009758952751742763,0.0010788679100737783,-10173.150343882584,2,2
0.009770090451576617,0.001075076081397425,-10178.940001444564,0,0
0.00978120722281865,0.0010722561530333802,-10185.11426897796,0,0
0.00979260167762113,0.001070379792551244,-10191.800337973515,0,0
0.009804294929121061,0.0010695251596676701,-10198.856442206714,0,0
0.009817373309158746,0.001069839281513512,-10206.982926737328,0,1
0.009827208106010685,0.0010709917110713453,-10210.52743547129,0,2
0.009836626619346955,0.0010693042028807925,-10213.261425786095,0,6
0.00984409322296886,0.0010676530838922048,-10209.014947397085,0,9
0.009866126766153921,0.001063755496348312,-10246.405171157423,8,9
0.009876914445910262,0.0010638772383760827,-10256.763834387282,1,8
0.009889241984402261,0.0010612419607543763,-10273.724728238907,1,8
0.009902877002116672,0.0010606736389845246,-10296.274626314349,2,8
0.009917587819468734,0.0010630772473201634,-10322.412929945422,2,9
0.009930019712576696,0.0010655059240923129,-10340.587013074195,2,8
0.009940806847511573,0.0010687850395500744,-10356.290428279239,3,10
0.009960951483659514,0.001074871783735288,-10389.329442123102,10,10
0.009977148597420157,0.0010749506525810852,-10410.909780429103,2,7
0.009989916216740944,0.0010765344643621476,-10424.565485816169,0,6
0.010001806948665886,0.0010775306977116202,-10436.077441721925,2,8
0.0100135283200968,0.0010806715487511722,-10447.598938874426,2,8
0.010024436000635963,0.0010863227266266263,-10459.380569639934,3,8
0.010033652454433573,0.0010830759855085389,-10470.033304963996,4,7
0.010046326701446775,0.0010863631882651603,-10482.397699280371,5,5
0.010057204255248508,0.0010863728355301045,-10487.698960483189,0,2
0.010067635363159926,0.0010868872500239984,-10492.394327408934,0,0
0.010078284746887071,0.001088297873145466,-10497.543662769007,0,0
0.010089282096956418,0.0010906887225179305,-10503.270500095889,0,0
0.010100770296917399,0.0010941926587669142,-10509.635908335817,0,0
0.010113569469257472,0.0010992949986334555,-10516.937813266859,0,0
0.010122782700898263,0.0011038749592192025,-10518.945932347016,0,1
0.010131157081648483,0.0011074721074063655,-10518.808630296142,0,6
0.01014248006916902,0.0011080110807183967,-10527.179225405322,3,8
0.01015960474059233,0.0011035117943232425,-10549.047235278853,5,8
0.010171928451776951,0.001102502618739753,-10564.412225529213,5,9
0.010184284029612826,0.001103244201414748,-10580.502467545057,3,8
0.010199345441472713,0.0011011061718191803,-10607.50000142456,5,10
0.010212403514464941,0.0011042779302464867,-10627.276320127285,2,8
0.010225329748082723,0.0011043045183923813,-10646.882529054015,2,8
0.01023649541766907,0.0011024953205233908,-10661.844211448897,3,11
0.010256002194106743,0.0011034578184354747,-10692.388059580175,9,9
0.010272292900481553,0.0011023458801830825,-10714.368445607324,4,10
0.010286359507604197,0.0010994901711733668,-10730.817049449604,2,8
0.010298917307323357,0.0010973354648740855,-10743.210271455797,2,7
0.010310193733894772,0.001095294458925344,-10753.791919851434,2,8
0.010321346861853008,0.0010935494842171346,-10767.065546067559,4,7
0.010329777950135543,0.0010935514618464503,-10775.267819189441,3,7
0.010345170218390033,0.0010982677378136526,-10791.081956542286,6,6
0.010356900905705943,0.0011009827822065599,-10797.96075293829,1,2
0.010367506621800865,0.0011025047208392137,-10802.970014405848,0,1
0.010378860388238995,0.0011017229156035865,-10809.47456801752,1,1
0.010389914977886338,0.0011043160859013884,-10815.233488788923,0,1
0.010401462305392477,0.0011065736371100809,-10821.600582058612,0,0
0.010414094793546437,0.001110223288237802,-10828.718569911813,0,1
0.010423708337349203,0.001113973242625233,-10831.76386282031,0,1
0.010432724028256613,0.0011176060571316928,-10833.448083455984,0,4
0.010442545058475017,0.0011224147345853476,-10837.445681094445,1,7
0.010458941751881161,0.0011240682325149413,-10855.775969596833,1,8
0.01047074574185769,0.001129012593782314,-10870.24683142481,3,10
0.010486037729139388,0.0011289082748573993,-10899.356341204122,6,11
0.010500382043144511,0.0011334492667065283,-10925.238385110586,4,10
0.010514436683211717,0.0011369089581104942,-10950.843233013877,4,11
0.010529421575589178,0.0011296476469641954,-10982.032351823733,5,10
0.010540580784075937,0.0011289733233676084,-10999.43562324527,3,10
0.010561433010245824,0.0011249157516591958,-11034.650109254257,9,9
0.010578986017921952,0.0011261824395612224,-11060.805110406722,3,9
0.010595306552848755,0.0011259448613050423,-11084.94173786133,4,9
0.010605873535903169,0.0011243416180595762,-11092.840078989895,1,8
0.010619736744773343,0.0011255589660390676,-11111.704462786474,5,9
0.01063192627138761,0.0011279042624837581,-11126.851985919087,5,9
0.010641383128782949,0.0011278152420970326,-11136.174130491878,4,7
0.010651286366588375,0.0011220208326879583,-11145.998341185374,5,5
0.01066244059290346,0.0011193900466619638,-11153.781253763842,2,2
0.010673372628632853,0.0011181112616348479,-11159.485846653675,0,1
0.010684457055823621,0.0011184384974751572,-11165.645306685588,0,1
0.010695765442332911,0.0011191168121474852,-11172.222596990447,0,0
0.010707494578971799,0.001120863672240145,-11179.4068096989,0,0
0.010720661283036026,0.0011240532202431224,-11187.720150948286,0,0
0.010730202639569643,0.0011272338820745298,-11190.637211678984,0,0
0.010737235641973448,0.0011299236908350625,-11185.419618595113,0,3
0.010743293990194835,0.001132243514965797,-11173.054521311156,0,4
0.010761460619911173,0.0011377770151377135,-11198.051582727114,2,7
0.010772824096140615,0.001136548061083245,-11209.957413196693,3,9
0.010784984684035812,0.0011378074773150844,-11225.820025223838,2,8
0.010797840964185965,0.0011400255824516095,-11245.343700672933,2,7
0.01081050016303098,0.0011412314464988868,-11264.726518965166,2,8
0.010822711755845111,0.0011459425570811508,-11282.979258672101,3,9
0.01083426145537155,0.0011529082459805116,-11301.362180795277,5,10
0.01085346778363385,0.0011503934529109654,-11332.035406529934,9,9
0.010869578206386057,0.0011504567612848375,-11354.328927887262,6,9
0.010884375156654427,0.0011570897205776085,-11373.069789411731,4,9
0.010897967413569895,0.0011586275673496254,-11388.38267104331,1,9
0.010912111277441607,0.0011542934595535714,-11405.883665225505,4,8
0.010923116467633567,0.001154084863890307,-11415.57543163914,2,8
0.010931547709688894,0.001149667882983233,-11421.402607730162,3,6
0.01094221724383696,0.0011482539071174947,-11429.781149280887,3,3
0.010953234078175764,0.0011435034026019164,-11435.519412102158,1,1
0.010964070579157896,0.0011381903985458622,-11441.136014409693,1,1
0.01097478944609256,0.0011339724803893913,-11446.406111968172,0,0
0.0109857692365237,0.0011305301352739308,-11452.121305794111,0,0
0.010997068042605761,0.0011279334915015346,-11458.224428857528,0,0
0.011010001470905856,0.0011261518956197853,-11465.753301823155,0,0
0.011018891930184816,0.0011255378706951438,-11467.014149041097,0,1
0.011027146423361184,0.0011263718299156379,-11466.604317744532,0,5
0.011038465575975966,0.0011259216781675024,-11474.479589103497,2,8
0.011055138694951932,0.001121350164945824,-11494.032629170964,4,9
0.011067943114304162,0.001118677626846369,-11510.912029873534,6,10
0.011079386494513259,0.001119407734485079,-11523.63676097746,3,9
0.011092350901871799,0.0011199043988799448,-11543.894621921507,4,8
0.011104704302445914,0.0011145986420002913,-11563.92236780943,4,8
0.011117101895015056,0.001110761163902119,-11585.70361146821,4,8
0.011127559407628265,0.0011113805312144734,-11602.206336139696,4,9
0.011145556014093703,0.0011094243292780752,-11628.451093084695,7,7
0.011160293479747674,0.001112041095065632,-11645.69544323294,1,7
0.011174532245039195,0.0011161302437860691,-11662.099226303493,2,9
0.011187879228034447,0.0011157779201597738,-11676.585902238116,3,8
0.011200318232773931,0.0011180834306439133,-11689.072290677905,2,8
0.011210715084754417,0.0011226914754073065,-11697.53369541169,1,6
0.011218355790967865,0.0011264786785271945,-11701.889472545603,1,6
0.011228280841896152,0.0011223219200790558,-11709.079781789784,3,3
0.01123866334372867,0.0011216841990743034,-11713.723460997573,1,1
0.011249159834622107,0.001122283987919125,-11718.229722094136,0,1
0.01125980295938693,0.0011252620079900903,-11723.115812907803,0,0
0.011270819065539499,0.0011292374093697087,-11728.6162150843,0,0
0.011282439783100269,0.0011344160746631583,-11734.957580542889,0,0
0.011295779906159988,0.0011416272796718867,-11742.701686876344,0,1
0.011304484129771069,0.00114656502094024,-11743.516099452587,0,2
0.01131356585134834,0.0011502600453896924,-11745.305067361804,0,7
0.011325026418374733,0.0011532777109426282,-11753.004731868668,0,8
0.011343725359245875,0.0011547441008694643,-11776.78395267553,4,8
0.011356149643909054,0.0011550463525472029,-11792.093054119434,5,9
0.011368290740106092,0.001153813734005512,-11807.068341592265,3,8
0.011381700362726122,0.0011488526617044379,-11827.185221872069,3,9
0.01139545029873525,0.0011487719158085614,-11848.587458572618,2,10
0.011409844516351625,0.0011482908411935896,-11873.31183948958,6,10
0.01142205983305507,0.0011493810565777606,-11892.8451892755,6,10
0.011441430046921646,0.001147695314856775,-11922.182560113575,9,9
0.011457320586336544,0.0011435960056683588,-11942.52837393105,4,8
0.011471228847132009,0.0011446334341708977,-11958.151461961894,2,7
0.011484007955058417,0.001141921128719712,-11970.822672356993,1,8
0.011495797744612186,0.0011397973769817313,-11981.031957566256,1,8
0.01150823769741342,0.0011365975606696306,-11993.862495591526,3,7
0.011516515511790155,0.0011345123648866208,-11998.512383763438,1,7
0.01152656834898186,0.0011286034974513433,-12006.167540189028,4,4
0.011538270763207308,0.0011289429032532116,-12013.11022604251,2,2
0.011549176220398878,0.001131828306441449,-12018.180315690246,0,1
0.011560399939418365,0.001134622825540652,-12023.889351599011,0,0
0.011571505369178734,0.0011383124859246803,-12029.441653556425,0,0
0.011583004368468899,0.0011430946612444237,-12035.427465418565,0,0
0.011595699743882575,0.0011494945803568806,-12042.154800163577,0,0
0.011604683965402096,0.0011546302819804997,-12043.557082001555,0,2
0.0116131271618913,0.0011579891586103307,-12043.620222676798,0,7
0.01162433563345697,0.0011592594962303137,-12050.916140770298,0,9
0.011644229602862368,0.001161107040814734,-12076.318092510639,2,7
0.011656636620713251,0.0011604649464109326,-12092.01463472203,4,8
0.011668966215110677,0.0011608478567886877,-12107.94887454934,2,9
0.011683332429354982,0.0011637310890312627,-12132.064077500227,4,9
0.011696703921107322,0.0011702089721954533,-12152.608545370398,3,8
0.011710435985171724,0.0011714550769179985,-12174.790554195999,4,10
0.011720687154117155,0.0011736391324922853,-12185.880765731967,3,9
0.011740613908550593,0.0011755337880677767,-12217.760413595093,9,9
0.01175612966260531,0.0011744976078920514,-12236.833928610684,3,9
0.011771906369817066,0.0011676678452046904,-12257.521872015372,3,9
0.011784715165720494,0.0011653048131406965,-12270.920507320954,2,8
0.011797467461155002,0.0011664200277193692,-12284.655473481054,2,8
0.011809055020974003,0.0011651471513244554,-12295.974526679574,2,7
0.011816592314066413,0.001165773502251477,-12299.336359951438,1,6
0.011828604002179006,0.00115980750347387,-12309.507238318,4,4
0.011840576216988094,0.0011573803747592154,-12317.002522370238,2,2
0.011850863608764523,0.0011546757781893163,-12321.511249829176,0,0
0.011861493942735515,0.0011526815104483277,-12326.643177568176,0,0
0.011872336100033059,0.0011515098842260418,-12332.117273143358,0,0
0.011883595789881058,0.0011512090841818438,-12338.098576241651,0,0
0.011896035993947219,0.0011519717777159124,-12344.926464989476,0,1
0.011905647391032427,0.0011524753198211791,-12347.958390412621,0,1
0.011914348550038846,0.0011532786134424572,-12348.689990534554,0,6
0.011925996013378997,0.0011512095516845412,-12358.297909130622,3,9
0.011943570831751807,0.0011486878388585395,-12382.434357271759,6,9
0.011955527815997484,0.0011480313101986316,-12397.127642571171,4,8
0.011967319118371948,0.0011417259110113236,-12411.798985248799,3,8
0.011979079710845103,0.001137966196241957,-12427.915996649415,1,8
0.01199250750411678,0.0011395492450602981,-12451.532285731038,3,9
0.012004445613635721,0.0011474711625805052,-12470.49687761012,2,8
0.012016114864265253,0.0011490750418619064,-12490.784139151256,5,10
0.012036871467160332,0.001148544651632917,-12525.192402164043,10,10
0.012053409151955595,0.0011500883424394003,-12548.018147435094,3,7
0.012068008013470667,0.001151801700237752,-12566.797990486333,3,7
0.012079383721295476,0.001155465537178341,-12576.129523394986,3,8
0.012093064564498308,0.0011622017787211653,-12592.512588282945,3,8
0.012103799194806183,0.0011643415817153213,-12601.80466327024,2,8
0.012112380848604823,0.0011647641950444038,-12609.103746799361,2,7
0.012125921160935735,0.0011702861177406015,-12622.41448217353,5,5
0.012137196873219165,0.0011721251649102283,-12628.410400296241,0,2
0.012147755573214847,0.0011724888254318548,-12633.509315168114,0,0
0.012158632379781313,0.00117373583295403,-12639.203333702348,0,0
0.012169387096315742,0.0011758159757623685,-12644.642553845193,0,0
0.01218071091554889,0.0011789114420024836,-12650.81808217602,0,0
0.012192917136565664,0.0011832688080831114,-12657.413675940414,0,0
0.01220214269270097,0.0011873181763716076,-12659.467048952369,0,1
0.01221051328690699,0.0011916251779094467,-12659.225642100482,0,6
0.012220581032356388,0.0011907511377317163,-12664.0032265555,3,8
0.012239037019968545,0.0011857109105480957,-12689.33098187571,3,8
0.012248173323554547,0.00118485592697434,-12691.981689052736,1,9
0.012261725884624975,0.0011867316648745123,-12713.94016121206,3,9
0.012277100108605409,0.0011876710055650477,-12743.095337972123,4,9
0.012291569033523965,0.0011843959193578665,-12768.866772206125,2,8
0.012303530405802916,0.001181029898781261,-12785.074433892461,1,8
0.012315663546194525,0.001177736866323118,-12804.365747738255,5,11
0.012334765333606834,0.0011760789662191812,-12834.778896420941,9,9
0.012350787770566841,0.0011757141033265392,-12856.530754344489,4,10
0.012366196311444777,0.0011699252400781985,-12877.107582638333,5,8
0.012379379905618618,0.0011702182832981558,-12891.858009267027,3,7
0.012392321506283303,0.001166043550083406,-12906.284015648986,3,8
0.01240275455682573,0.0011657463367452938,-12915.147850206879,2,8
0.012411881169932224,0.0011682839556382133,-12924.114828265523,4,7
0.012427263166632204,0.0011708142836077938,-12940.13420712879,6,6
0.012439137978021274,0.001166665771643533,-12947.267088970304,0,2
0.012449574535827769,0.0011632577682048834,-12952.20946623454,0,1
0.012460182540295265,0.0011603927383308267,-12957.464340248573,0,1
0.012471185702299421,0.0011593800704276683,-12963.409799063378,0,1
0.012482866018192562,0.0011568635632468816,-12970.327592576008,0,0
0.01249569228176805,0.0011552804468106248,-12978.086249797318,0,1
0.012505390359220023,0.0011555734373526272,-12981.403595796564,0,1
0.012514241266638106,0.001156005664529944,-12982.664888311214,0,4
0.012524733052112443,0.0011566128346814253,-12988.575758187591,1,6
0.0125395116726214,0.0011638660154579766,-13004.644286791472,3,8
0.012552036789314672,0.001163975997859074,-13021.434946885372,5,9
0.012564688056869439,0.0011673845879828523,-13039.604201429729,2,11
0.012578781582539804,0.001171804579054018,-13064.257379216711,3,9
0.012594188833882365,0.001175672332534822,-13094.594731673606,6,10
0.012608055417465246,0.0011797220609397736,-13119.618152197072,4,10
0.012619477805708707,0.0011751058614048043,-13136.883074049925,4,10
0.012639842945756154,0.0011768912960330663,-13171.346938461244,10,10
0.01265725776049416,0.0011742048262817781,-13197.629339371237,5,9
0.012676502382926358,0.0011758630913950325,-13227.738957526668,6,9
0.012688895581754855,0.0011723094167459202,-13241.186045687167,3,8
0.012698961229392607,0.0011689069413650965,-13247.794115103976,1,9
0.012711136956329241,0.0011689942817688034,-13264.284030588906,5,9
0.012720342211586744,0.0011717135307505557,-13275.18229999913,4,7
0.012731246829404984,0.0011684312854269693,-13285.969033916846,5,5
0.012742358855510436,0.0011660936768950294,-13292.881477705685,2,2
0.012753812033476006,0.0011614752428271242,-13299.881094691127,1,1
0.012764910919145531,0.0011611817728170192,-13306.207020715288,0,1
0.01277615110163507,0.0011606496807302549,-13312.806728333735,0,0
0.01278792104082166,0.0011610947999868173,-13320.182206844047,0,0
0.012800839301376567,0.0011627620456915722,-13328.290284565746,0,0
0.01281032450363035,0.0011647638676716362,-13331.154400561665,0,0
0.012818751192978073,0.0011672181117804103,-13331.082580389022,0,3
0.012824959886547973,0.0011679230228266028,-13319.680668953428,0,4
0.012841291841696221,0.0011673760479488852,-13342.291378575883,2,7
0.012851053236868764,0.0011697441248571358,-13346.852516192806,3,10
0.012863000498133334,0.0011727203456829102,-13364.05378558403,4,9
0.012876321402386561,0.0011748600057696987,-13388.124225793981,4,7
0.012889224455473025,0.0011794746445182784,-13410.784703460251,2,8
0.012903295282725784,0.0011812682410228016,-13438.950550686046,4,9
0.012914582593822097,0.0011792005075108192,-13457.199011635399,3,11
0.012934778701603929,0.001174543360007893,-13490.652345219554,9,9
0.012952117778111607,0.0011767469808494691,-13516.162996386536,4,9
0.012967950425848125,0.001179836974470354,-13537.903360510207,3,9
0.012979697234990026,0.0011792197094023355,-13548.251041933445,4,9
0.012992644581867134,0.001182333042419608,-13563.357232754126,2,8
0.013004645092404848,0.0011842902250659105,-13578.173035796228,3,8
0.01301197558993806,0.001182645960078198,-13581.982730362855,0,6
0.013021058981457468,0.0011805736081795185,-13588.923346268895,3,3
0.013031398726278271,0.001180057028057808,-13594.530217238029,2,2
0.013042753960118407,0.0011791778360673148,-13601.073675207768,1,1
0.013054099905630254,0.001181222421170651,-13607.86910546794,1,1
0.013065377429864482,0.001182481115848137,-13614.363312518883,0,0
0.013077187051238367,0.0011847931728557037,-13621.674466808468,0,0
0.013090637103790487,0.0011886507470989618,-13630.366147458688,0,0
0.01309958650405938,0.0011918524236031792,-13631.784351376516,0,1
0.013108021782022541,0.001195003114285971,-13631.86558060542,0,7
0.013120195069590833,0.001192530364795537,-13642.375637771785,3,8
0.013137298184736476,0.0011926905830758683,-13664.627902116836,5,9
0.013149190196525006,0.0011881229232164467,-13678.522957101977,4,10
0.013161705510052486,0.0011890505040670271,-13696.037055479605,2,9
0.013175380674125466,0.0011862868094854077,-13718.405217705007,3,8
0.013188374290302746,0.001184815913806982,-13738.880369015427,3,8
0.01320159045788313,0.001182965005205644,-13761.651609103925,4,7
0.013209761906105743,0.001182224030456212,-13767.859143487145,0,8
0.013227401180349823,0.001182534775344562,-13793.896931742898,7,7
0.013243518894874653,0.0011811168623354423,-13815.784590477615,4,7
0.01325841905546842,0.0011855304059256412,-13834.774193864167,3,9
0.013271047125566482,0.0011901564905431922,-13847.833267174608,3,8
0.013284556168481445,0.001194683960477803,-13863.533094990695,4,8
0.013295830098478638,0.0011942539893906882,-13874.496315934772,3,7
0.013303018723531316,0.0011928106392348242,-13877.204342665527,1,6
0.013313192269927164,0.0011896188672376538,-13885.306144435333,3,3
0.013323689876942078,0.0011890513490343622,-13890.220636563372,0,1
0.01333476609969877,0.0011896865193550595,-13896.207636028332,0,1
0.013345580744702079,0.00119085155325223,-13901.863347245568,0,0
0.013356445395154173,0.0011928795515359918,-13907.606399731872,0,0
0.013367961141078976,0.0011959583516170376,-13914.295142577535,0,0
0.013380589735818467,0.001200443042063268,-13921.71557059119,0,1
0.01338988100274855,0.001204880149957617,-13924.045390060412,0,2
0.013399705547173296,0.001208116219918011,-13928.138453820095,2,8
0.013411934425210008,0.001212952430758646,-13938.90372831423,2,8
0.013429946364709615,0.0012094659945360495,-13962.779279828836,3,8
0.013442736331602811,0.00120977637505956,-13981.176367612621,4,8
0.013453676895116846,0.0012120258122126169,-13992.664116426333,1,7
0.013466935756177216,0.001210994518605504,-14014.214229370076,3,9
0.01347982612961928,0.0012125230424031039,-14034.281077928803,1,10
0.013492828557801161,0.0012121779592613703,-14055.304788649439,2,8
0.013504222260485694,0.0012131214898274253,-14074.71906119878,4,10
0.013524561493769651,0.001206368072925846,-14109.363991607293,9,9
0.01354220053075355,0.0012063694126444042,-14135.517974566186,2,8
0.013558490772869851,0.0012034262547931547,-14158.648519620747,1,7
0.013572208504893135,0.0012023972216209983,-14177.086464255874,6,9
0.013582944519417573,0.0012008253905048097,-14185.643289087024,3,8
0.013591947888434508,0.0011957812893710052,-14191.481706611748,2,7
0.013601059852589035,0.001199058426324186,-14202.261241943712,3,7
0.013609040328328558,0.0011975426602550115,-14211.101580261764,5,5
0.01362091670952603,0.0011952499171187984,-14220.873264901036,2,2
0.013632254116957003,0.0011933038312736007,-14228.200338499686,1,1
0.013643416847796314,0.0011951711429995294,-14235.156991603651,0,0
0.013654487095473289,0.0011978998081598588,-14241.938436078892,0,0
0.013666185933976137,0.0012017273420851583,-14249.638608549334,0,0
0.013678518825214224,0.001206791236948299,-14257.297308860416,0,0
0.013687673446546327,0.00121123276629961,-14259.30385887822,0,2
0.01369721669269333,0.0012145968511795891,-14261.787408656774,0,7
0.013707393257977832,0.0012166614855289664,-14268.498747852684,1,9
0.013727215883270194,0.001228012097484322,-14305.156047457365,5,7
0.013737703715972417,0.0012314078133504138,-14314.83240222275,1,8
0.013748133890139942,0.0012303795113990258,-14324.321359913381,3,10
0.013762456232513685,0.0012274937395360824,-14354.606089743613,6,10
0.01377677033882849,0.001228550233236225,-14384.251040645557,3,8
0.0137904153685603,0.0012321727828938144,-14412.29218943075,4,10
0.013800282847049823,0.001229832285618118,-14426.845784503555,3,8
0.01382105475542005,0.0012284699332813312,-14463.500453164332,9,9
0.013839844162807178,0.0012315194275464905,-14492.531061168344,2,9
0.013857252984466382,0.0012303980972067198,-14519.574417640875,3,9
0.013867320093975366,0.0012284059414630042,-14525.606167332891,2,8
0.01387680771918292,0.001229367090100135,-14532.002448968396,2,7
0.01388857186364017,0.0012227882757374186,-14548.96720313177,6,7
0.013896570594089563,0.0012220722056272702,-14556.474993819023,1,6
0.013904606803764341,0.001223438212812113,-14563.40891615365,3,3
0.013912675467595082,0.0012254661383303248,-14568.1015101304,2,2
0.013923837420054602,0.0012243754119344113,-14574.304514003235,0,0
0.013935832831015134,0.0012241760452999504,-14582.300640004234,0,0
0.013947369792002406,0.0012249367262534088,-14589.621793084943,0,0
0.013959176973596934,0.0012266782623747384,-14597.169645258366,0,0
0.013971492063078237,0.001229522242011182,-14604.491915279728,0,1
0.013981093419715165,0.0012309839206260046,-14607.66630397439,0,2
0.013990404113091692,0.001232430207536762,-14610.2580707912,0,6
0.014001300892569351,0.001231654940128421,-14618.430410473475,1,9
0.014020160069414249,0.0012314805449244086,-14648.349140101562,3,8
0.014029608388241688,0.001227910179151177,-14652.128353293621,1,7
0.014041158903465068,0.0012233904397042313,-14667.042181872055,3,8
0.014055652437847925,0.001220457613002392,-14696.021200405114,5,9
0.014068006545312053,0.0012205369026168642,-14716.44924626756,4,9
0.014081407338552437,0.001220025439032102,-14743.455635510045,4,8
0.014092279328843018,0.0012180097502369322,-14761.711582500473,3,10
0.014112863533886298,0.0012197396721260135,-14797.34859092141,10,10
0.014130520513405463,0.001219941976497929,-14824.846836520679,5,7
0.014146896355288914,0.001218763969948505,-14847.508744605353,0,7
0.014156561479289665,0.001218563504197031,-14851.74526032725,2,7
0.014166724453597844,0.0012187361652646058,-14859.74712395908,3,8
0.014178556065920622,0.0012221438366672866,-14874.961948699554,3,8
0.0141877833429483,0.0012191645965175522,-14885.676287520486,3,7
0.014201344598284607,0.0012178565418287707,-14900.030045023906,5,5
0.014214435114058082,0.0012190362987653197,-14909.452872706928,0,2
0.01422439445035901,0.0012209207750298124,-14913.773567083217,0,0
0.014235579982559539,0.001223880792566105,-14920.564262462844,0,0
0.014247045065324117,0.0012278191856329539,-14927.72883314775,0,0
0.014257888854123634,0.0012323745284118829,-14933.307989352203,0,0
0.014269066555283849,0.0012378840398394725,-14938.675697389299,0,0
0.014278064630227582,0.0012430069395649515,-14940.326992736058,0,1
0.014286992117434701,0.0012486320756819182,-14941.887892218547,1,6
0.014297108362897723,0.0012530138415398767,-14947.735913681152,1,9
0.014315643542225446,0.001253617423734843,-14979.784354202851,5,8
0.014325788262179706,0.0012547739010552363,-14987.025029097715,2,9
0.014338594643099693,0.0012506204077349032,-15007.343244645745,4,9
0.014352236729984258,0.0012512447652163095,-15032.65395925715,4,9
0.014367284000130478,0.0012490680802423441,-15063.525506957829,4,9
0.014380849499954076,0.0012476664502144225,-15088.936816757609,3,9
0.01439282799726203,0.0012549422219594061,-15109.785342396812,4,11
0.014413887299110759,0.001250870327423382,-15147.385317516979,9,9
0.014431659109516189,0.0012466202316045564,-15175.875077211831,3,10
0.01445216710049866,0.001245468838255924,-15209.99753526286,4,8
0.014461789349533006,0.0012446735137454125,-15211.025622672492,2,7
0.014471938576518874,0.0012449214738545456,-15216.79189977264,1,8
0.014482841880172672,0.0012488208862703296,-15232.673724021979,7,8
0.014494309265342273,0.0012508949195990417,-15251.535377079203,7,7
0.014506833066815095,0.0012485441987684866,-15267.242173554676,6,6
0.014519693827822543,0.001244818505282088,-15278.633824049793,1,2
0.014530670068580817,0.0012415259088993295,-15286.325963432779,0,1
0.014542278137904789,0.0012400474651375797,-15295.514490825246,0,1
0.01455369152819975,0.0012405666609451391,-15304.150834068365,0,1
0.014565652738689018,0.0012439628201252049,-15313.458915581308,0,0
0.014577292045001572,0.001248323008264465,-15321.031905630029,0,1
0.014587246653741965,0.0012526305905329737,-15327.787649559275,1,1
0.01459638317657684,0.0012574304147679794,-15331.043316878922,1,4
0.014603753638211845,0.0012608207812706497,-15312.902497871342,2,7
0.014622353695779595,0.0012669291742399996,-15372.629095460301,6,8
0.01463784747352194,0.0012657344068839728,-15416.672051841237,4,9
0.014648719334894285,0.0012642192228024805,-15429.784074838133,5,11
0.014659310585907557,0.0012649922274536865,-15453.313716883542,5,10
0.01467574929871712,0.0012719218252482847,-15509.732782393778,10,10
0.014690526557893779,0.0012718764590249753,-15556.009109618173,6,10
0.014703976483225243,0.0012713679757027456,-15592.263693382716,6,11
0.01473145336971938,0.0012706748686817696,-15668.014531926876,10,10
0.014749437125554076,0.0012700108657559847,-15716.126878818324,6,9
0.014767407089177,0.0012677074237892189,-15759.992785902237,2,8
0.014775052332814736,0.0012686118100702227,-15734.216370849146,2,8
0.014786485875186635,0.001271469358768793,-15766.999348887637,6,9
0.01479980158465543,0.0012711852160710595,-15813.552573994286,9,9
0.014811937724117914,0.0012735197538592258,-15843.604219406727,7,7
0.014821936893742336,0.001275781406626993,-15860.762113900118,5,5
0.014827113072462933,0.0012728949420258316,-15864.695937773336,2,2
0.01483773752129775,0.001269548433091111,-15875.384425820017,1,1
0.014849503639858399,0.0012672189070074267,-15885.821313283295,0,1
0.014862198054484767,0.001265141562260887,-15898.929397260868,0,0
0.01487508901163505,0.001264159329472162,-15912.298428340204,0,0
0.014887912596722518,0.001264295352587347,-15923.816079561162,0,0
0.014897377491595244,0.001265122930144856,-15927.460854517421,0,0
0.014905800375646245,0.0012665252502272253,-15927.058511773825,0,3
0.014909248006281921,0.0012677568777924213,-15845.7722201721,0,4
0.014921576499871676,0.00127013668959334,-15868.55363900429,3,7
0.01493724702085218,0.0012759110498994062,-15914.12437918688,7,10
0.014950918737944458,0.00127847818575591,-15948.958153549134,4,10
0.014961347788507637,0.0012735118940939297,-15969.990391453919,3,7
0.014973731343977283,0.0012695277448257236,-15999.587616157298,8,8
0.014988839113352304,0.0012706398555514563,-16037.316166308749,10,10
0.01500229555749283,0.0012711718145058761,-16067.408253728503,11,11
0.015022657816928948,0.0012751405666776663,-16103.948064490061,9,9
0.015040088163344288,0.001274094831835722,-16133.011874531509,5,9
0.015057545297240233,0.0012794668245188548,-16160.764344063104,2,9
0.015071397916872146,0.0012785231074164114,-16180.42449380797,3,8
0.015080387472135644,0.0012773466154067934,-16180.988878215572,2,9
0.015093321679011815,0.001279530947464011,-16199.836576543154,7,8
0.01510190420991453,0.001277257019475049,-16208.669021269308,3,6
0.015117673418665812,0.0012770775671555959,-16226.474859376161,3,3
0.015140121347784596,0.0012727734881714445,-16250.387223595837,2,2
0.015143984521215712,0.0012725815452791626,-16222.621050015894,0,1
0.015153571595439048,0.0012709063452378455,-16227.051757427816,0,1
0.01516392907893456,0.0012706926476301924,-16233.374603186918,0,0
0.01517676078705372,0.001271418384367112,-16245.373734829174,0,0
0.01519094191095392,0.0012735089030066584,-16258.480608684515,0,0
0.015200323407901254,0.001275631560665253,-16261.528134527596,0,2
0.015209368620080202,0.0012792118332682959,-16263.353892772397,0,7
0.015223807918150067,0.0012812592331693834,-16282.355377351643,3,8
0.015240074361233556,0.0012823168157027587,-16308.327097746951,2,9
0.01524878290121482,0.001281672596889312,-16304.611194815421,2,9
0.015261025750719017,0.0012854682806246345,-16328.661845370161,4,9
0.015274996067344303,0.001288471380257856,-16358.387978071716,6,9
0.015288378559745026,0.0012851122114661874,-16384.09870073057,5,7
0.015299608941656329,0.0012809818574105747,-16403.47857966953,1,7
0.01530923096965291,0.001281280763210195,-16418.817385253893,2,8
0.015328898970875143,0.0012863680580727714,-16452.2783585731,8,8
0.015345763110993562,0.001286643475282094,-16477.811955323854,2,8
0.015360257894319829,0.0012840011373705764,-16496.916591374225,0,9
0.015370113621844072,0.0012846260297330234,-16502.16170689342,2,9
0.015384697165604064,0.001279103439313254,-16524.79824735207,6,9
0.015395991798820516,0.001279308305381896,-16538.516393086953,2,7
0.015403036234500057,0.0012805565580375434,-16542.698016227958,0,5
0.015410143112600284,0.0012831329886056242,-16548.43488150725,3,3
0.01541984649534034,0.0012807438987423136,-16553.97068738267,1,1
0.015430715665213462,0.0012794893966501261,-16559.67447993321,1,1
0.01544133743247193,0.0012805330427973838,-16564.979524668193,0,0
0.015452376343392152,0.0012824093269302686,-16571.061172698708,0,0
0.015464277095974923,0.0012853414714806342,-16578.497922356393,0,0
0.015477916511207095,0.0012898742606216444,-16587.45705239982,0,1
0.015486613099110941,0.001292488203263345,-16588.298642584898,0,2
0.015496263423009688,0.001295627312588651,-16591.761161713486,1,8
0.015509207746731228,0.0012997544281317668,-16604.0446799524,3,8
0.015527068632246668,0.0012949996237582343,-16626.80794306985,4,8
0.015537825207123436,0.0012963800668992667,-16636.56670671536,2,9
0.015550886893796826,0.001295121550772066,-16656.179049087037,4,8
0.015563769128615875,0.0012945452757538833,-16675.599271650724,3,9
0.015578250542867909,0.0012914750770153644,-16702.0352493434,6,10
0.01559120624942257,0.0012894493481586662,-16724.581966287777,4,8
0.015602388973683429,0.001290171369494506,-16742.725285851182,4,10
0.015622093686005208,0.001284949203572291,-16774.253676662134,9,9
0.01563887374954835,0.0012881180139143707,-16797.829644133584,3,7
0.01565809197858443,0.0012960337134956586,-16824.880636497448,2,7
0.015670151470303532,0.0012974169283303538,-16836.70526171781,4,9
0.015678649329369014,0.001295167660660783,-16834.645838869466,3,8
0.015690482975515684,0.001296637238990956,-16849.200538277277,6,7
0.0157001611972734,0.00129720659277975,-16861.06831938848,7,7
0.015716195560487298,0.0012967425670083093,-16878.239489674215,5,5
0.015730107266847138,0.0012965558209960047,-16889.427060144364,0,2
0.01574030607130441,0.0012968297833712585,-16894.273871591202,0,1
0.01575254191035655,0.001295443818351808,-16902.993107985632,0,0
0.01576456040802832,0.0012950981401916222,-16910.721960729188,0,0
0.015775252615421065,0.001295474519948018,-16915.36806466841,0,0
0.015784265900112344,0.001296560506045182,-16916.730063323408,0,0
0.015792680688998882,0.0012982231318388678,-16916.639793928232,0,2
0.015802485068903464,0.0013006247266540286,-16920.230358393736,0,7
0.015812956714029457,0.001302989061222384,-16930.356824442915,1,9
0.01583256456109386,0.0012978021824075845,-16978.14691749757,3,7
0.0158477338651193,0.0012959624401362075,-17015.49107502194,3,8
0.01585606356102838,0.0012997290861263984,-17005.633935942344,2,10
0.0158705212061891,0.0012973863703146554,-17047.553924377204,9,10
0.015883095092852958,0.001300999480868157,-17081.79234800627,4,8
0.015895913405110703,0.0013032083171819493,-17116.445470195617,9,9
0.01590789407491237,0.0012967456875860894,-17148.99839573107,9,9
0.01592793400959874,0.001301627428699585,-17201.11700594528,9,9
0.015946460949763822,0.0013028738909886014,-17247.300067174296,5,9
0.01596643462201452,0.001301382590941901,-17293.94222304423,2,9
0.01597576420301277,0.0012974908506929712,-17292.31728549521,3,8
0.0159844425339386,0.0012958088462236062,-17299.452351636086,2,7
0.015997181631485953,0.0012943107655693864,-17334.591172493827,8,8
0.01600761511491006,0.0012892973948444766,-17354.999580259526,6,6
0.016013567279842406,0.0012877008419499643,-17360.06345322456,2,2
0.016017770998777485,0.0012878000533515226,-17363.65407920706,2,2
0.0160272155457496,0.001286866885100147,-17370.747688152427,0,0
0.016040064787818678,0.001286354612296638,-17382.05449674074,0,0
0.016053482687430214,0.0012870116207220684,-17394.950310930886,0,0
0.016066077825275693,0.001288720311293279,-17405.672596065357,0,0
0.01607748166568742,0.0012911537074770593,-17412.712437129227,0,0
0.01608643565864141,0.0012936571124206463,-17414.352426480244,0,2
0.016095184922095437,0.0012951608821314777,-17415.263197617383,0,7
0.01610612612894223,0.0012974426116356846,-17425.482599962532,3,9
0.016125707107912765,0.001295589163951822,-17462.99542670465,2,8
0.01613544048002561,0.0012960729404709952,-17469.043137118737,2,7
0.01614422941442972,0.0012988094394585205,-17473.71070132068,1,8
0.016157088919490595,0.0013003566314753767,-17500.30934199037,4,9
0.016172164325874386,0.001302672781870532,-17533.35585688855,9,9
0.01618444914659174,0.0013076695343336865,-17556.006388816015,3,8
0.01619619663743893,0.001302994509673325,-17579.506484646572,5,10
0.01621734105505404,0.0012983404923310583,-17617.384530476178,10,10
0.01623310130347588,0.0012994739894694029,-17639.819840178083,0,7
0.01625027772649034,0.0013015444526892296,-17666.054752445514,2,7
0.016264164238851103,0.0013033316494312202,-17684.743973348915,5,7
0.01627227217487693,0.0013034685196122234,-17683.37184341493,0,8
0.016284125217339088,0.001298954869060237,-17698.213922551415,4,8
0.01629294619977837,0.0012981377848761914,-17706.113790664844,1,7
0.016304873296801515,0.001301902511358929,-17718.43143370689,5,5
0.01631664719461959,0.0013023866803113264,-17726.632201971053,2,2
0.016326836128059255,0.0013027922133869167,-17731.439721699375,0,0
0.01633794441618426,0.0013040089358667354,-17738.112811375933,0,0
0.01634838007688892,0.0013058878925728112,-17743.43717389103,0,0
0.01636027524777335,0.001308895747045403,-17751.328549540973,0,0
0.016372994224631395,0.001313124155615595,-17759.446509813322,0,0
0.016382137654343484,0.001316648364384477,-17761.400135234617,0,3
0.016392304419148792,0.001320471514540896,-17765.829272680294,0,6
0.016402160533112033,0.0013209462203236147,-17771.37772242911,0,9
0.016421779097042913,0.0013128347646030475,-17806.547257417093,3,8
0.016432900111254433,0.0013077324269794668,-17819.597551857387,1,10
0.01644384842964213,0.0013034630377672298,-17832.938940550463,0,8
0.01645640143094817,0.0013012591608111952,-17856.696113355665,5,9
0.01646873411463505,0.0013039587403296622,-17882.603821593075,6,9
0.01648285978808955,0.0013039888661159483,-17914.09730740135,8,9
0.016495956731782443,0.0013018704347204512,-17943.34664467145,7,11
0.016516447653981695,0.0013012910267637225,-17980.11329916618,9,9
0.01653574423120408,0.0013027890460660992,-18013.973415567063,6,10
0.016554922193182907,0.0013033562216514295,-18048.78058582232,8,9
0.016562282759821738,0.001304434074558607,-18043.24812865672,0,7
0.016576063623809183,0.0013054752927374937,-18064.10197390513,4,8
0.016587858486044216,0.0013029555428728946,-18076.22404340683,4,7
0.016598667491450118,0.0013045562521346147,-18089.738899860826,6,8
0.016610422090838663,0.0012989891407738196,-18102.84724471464,6,6
0.01662246745144049,0.0013054190504071007,-18112.161262766065,2,2
0.016632942431270673,0.0013097834411140601,-18117.42097914647,0,1
0.016643977213014548,0.001315117949700071,-18123.917376249196,0,1
0.01665569072413992,0.0013220633980655526,-18131.595187421433,0,1
0.016667640560138534,0.0013277803537137319,-18139.604410334647,0,0
0.016680781763771434,0.0013350887298175518,-18148.503282938567,0,1
0.016690872839204295,0.001339494720264775,-18152.931594582642,0,1
0.016700292912287744,0.0013439325938168292,-18156.18069278329,1,4
0.01671031069331107,0.001344515346159704,-18161.10027756337,0,6
0.016725363727421557,0.0013392407068132052,-18181.229018329203,2,8
0.01673678626667098,0.0013349908294952517,-18195.014357089545,4,10
0.01674898721601621,0.0013376519999769522,-18214.676590207444,3,9
0.016762469368205146,0.0013455787951795605,-18241.23380258878,3,9
0.01677564417519861,0.0013484504669427871,-18267.23570871995,2,10
0.016789046384361368,0.0013445458121444749,-18295.796217964173,6,10
0.016801419596810006,0.0013430307432199412,-18322.46977302464,7,10
0.016825198469077308,0.0013327442417668863,-18366.811465133796,10,10
0.016844133755865943,0.001334891475496428,-18400.409771637565,6,9
0.016860932386565643,0.0013330945699631586,-18429.157246342653,6,8
0.016874626087116148,0.0013315138852901384,-18449.113036179384,5,8
0.016882277020255305,0.0013292656368590454,-18442.772639755385,2,9
0.016895738792000962,0.001327008196273603,-18464.425859712457,7,9
0.01690638994062971,0.001324989474251093,-18479.792621886056,4,8
0.016914776744398657,0.0013238676150248672,-18489.72617508216,5,5
0.016919773238373043,0.001325207455747447,-18493.058459317897,2,2
0.01692976657570198,0.0013253048158949577,-18500.17399225163,1,1
0.016942412908847942,0.0013284428683353923,-18509.724168823348,1,1
0.016955137464365163,0.0013297483926120882,-18519.493941255714,0,0
0.016968154488197832,0.0013321808931434703,-18529.530037865552,0,0
0.016980514552954656,0.001335478862872818,-18537.353128195446,0,0
0.016989872393424962,0.0013386514007290432,-18540.12535747107,0,0
0.01699817937367353,0.0013421255193328584,-18539.44994448109,0,4
0.01700708502549793,0.0013446263239495922,-18541.379022239853,0,5
0.01702190868190849,0.0013464770892956553,-18564.05934710351,2,7
0.017030535469290644,0.0013434671291156846,-18563.72924521534,1,10
0.017044205220611692,0.0013393500639334263,-18589.19041304333,4,10
0.01705931364753404,0.001344125933020592,-18621.520929450122,4,7
0.017072672145923465,0.001352241902215214,-18646.591264649644,3,8
0.01708572085132918,0.0013547990483125838,-18671.22533927111,4,10
0.017098732597907344,0.001357188994380145,-18696.162817848515,6,11
0.01712039877604883,0.0013529491883427331,-18735.558356210473,9,9
0.01713676210899857,0.0013568783620661008,-18762.308045827325,4,9
0.017156811211751943,0.0013581471705602143,-18796.72401013104,5,9
0.0171714791458698,0.0013539344290217179,-18820.273018877026,5,8
0.01717865336167152,0.0013523000359080225,-18813.18003447199,0,8
0.017189043922186363,0.0013489726514583117,-18826.29936149074,5,8
0.01719916087879793,0.001344438197995855,-18843.884303464558,7,7
0.0172068406975615,0.0013385274070285265,-18851.84661478467,3,3
0.017219142298888598,0.0013379457731742808,-18864.742710720144,2,2
0.017224858945565472,0.0013374851561120727,-18857.15952526794,0,1
0.017229065893867627,0.0013376362427275203,-18857.050887505706,0,1
0.017241828970278858,0.0013347623797463249,-18868.55759201673,0,0
0.017255204889806346,0.0013329026054696646,-18880.967204046257,0,0
0.017272928162802337,0.0013322037649838756,-18899.14544546364,0,0
0.01728291825844495,0.001332608933735446,-18903.74905247341,0,2
0.017292123895998834,0.0013319093350220603,-18905.917665147797,0,7
0.017306329128618875,0.0013308083627503443,-18922.673730118528,3,8
0.01732265994358101,0.0013303363500691305,-18947.282353847513,3,9
0.017331091789947285,0.0013279191260615131,-18947.654901211798,1,11
0.017345703702458203,0.001323791296400905,-18980.8375072653,6,10
0.01735795205945433,0.001323717016473327,-19004.353630446618,3,8
0.01737055031915029,0.0013302200950206966,-19028.100514586567,3,8
0.017383870961212456,0.0013309619421598138,-19051.803323965563,3,7
0.017394325123326754,0.0013273145191699184,-19067.91307598549,2,9
0.017414018159640058,0.0013265237026557472,-19099.718226254965,7,7
0.017431194579351897,0.0013311927466226174,-19124.991156440952,3,8
0.01744674899686725,0.0013371123965780604,-19146.212604319833,2,9
0.01745920596769381,0.0013370546855789368,-19159.758729240115,5,9
0.017470224549734552,0.0013390441684478175,-19170.02983306211,4,8
0.01747951663387544,0.0013436439937404318,-19179.19656455997,2,7
0.017487083354591194,0.0013438736262835213,-19187.410755721274,3,5
0.017494899857095396,0.0013440398050214842,-19195.347050452234,4,4
0.017504176047485328,0.001349130296138655,-19201.628496091842,2,2
0.017513837690588095,0.001352058313130453,-19205.38198919496,1,1
0.017524607375918527,0.0013558642258182194,-19210.96965765079,0,0
0.01753581186113108,0.0013605751620735396,-19217.58067247307,0,0
0.01754785494088285,0.0013665011471773257,-19225.628847165633,0,0
0.01756272325977995,0.0013750663199228331,-19236.688635731563,0,1
0.017571141400519536,0.0013795389103044287,-19236.845544949538,0,2
0.017580670946536228,0.001383046147554058,-19240.131858033048,1,8
0.017594062941406384,0.0013854077296448903,-19253.653769759145,3,9
0.017612806894603303,0.0013830149865371878,-19278.49460658592,4,8
0.017623892876885115,0.001379064418089134,-19289.29861436131,3,7
0.01763496561958894,0.0013759735629578487,-19300.78505499377,2,8
0.01764894713814301,0.001368939329482165,-19324.339432618766,4,9
0.017663476429397543,0.001367627560376719,-19348.90671812031,3,10
0.017676402064959837,0.0013684872369598344,-19368.399876140073,3,8
0.01768864613881477,0.0013658877369071695,-19386.92199860192,5,10
0.017708070952813234,0.001365804853304114,-19417.616257710983,10,10
0.0177236481708728,0.001365808350232,-19437.237614681777,4,7
0.017737522349461573,0.0013653319530448327,-19452.85370601818,0,7
0.017751516461716632,0.0013680678609924285,-19469.23088844259,3,9
0.017764512252473105,0.0013684608503910535,-19483.266431706317,2,8
0.01777575072786585,0.0013655671605242565,-19492.801051100836,0,7
0.01778403779463076,0.0013627563275538793,-19496.857865680275,0,7
0.017796217968219667,0.0013642614929756374,-19507.508041504898,5,5
0.01780785737398074,0.0013582667713607749,-19514.37762429861,2,2
0.01781880170265425,0.0013581815187352871,-19520.10340845283,1,1
0.017829475886824916,0.001357743091247981,-19525.22540381839,0,0
0.017840594163789778,0.0013580301171424185,-19531.094127096054,0,0
0.017852052077764788,0.001359139779240836,-19537.335228511245,0,0
0.017864639610688123,0.0013613250631662151,-19544.301464831486,0,1
0.01787384276173054,0.0013640907860019218,-19546.341419433644,0,2
0.017883532418517162,0.0013638877704034867,-19549.883113866505,1,6
0.017894826317752997,0.0013654415731083488,-19558.004370319013,2,9
0.017913217837183287,0.001364077019454797,-19582.90214083497,5,7
0.017925880687904606,0.0013667381448668125,-19600.34754899323,4,8
0.017935890353897047,0.0013667552140919483,-19607.424381508208,2,9
0.017949106232558094,0.0013726487302495483,-19630.11806379739,5,10
0.017965015275680837,0.001375089180767396,-19660.64353704594,8,8
0.017977832091139255,0.001373713521842782,-19681.89185039965,4,9
0.01798821038731469,0.0013744098821248303,-19697.492088797386,4,9
0.018007465298056066,0.0013793742577876073,-19728.44181833083,9,9
0.018025309478754987,0.0013735524782428233,-19754.594576938132,4,9
0.01804464018563401,0.0013652498915852802,-19782.473378793744,2,9
0.018057044356186925,0.0013635549210319056,-19796.43188759514,4,8
0.01806951362921224,0.0013534326933358617,-19810.612485254052,4,7
0.018080148698356516,0.0013521350747338727,-19819.51128661443,3,8
0.018087569629664024,0.0013517316884699266,-19823.168444116192,1,6
0.01809298710462563,0.0013504176758918334,-19826.049676116967,2,2
0.018104857073792894,0.0013530376647656935,-19835.122832635476,2,2
0.018115395214624675,0.0013518864963827783,-19840.429442042798,1,1
0.018126120978702115,0.001354530380621077,-19846.04098384911,0,0
0.018137221518466248,0.00135801315548633,-19852.346531804025,0,0
0.018148856979333387,0.0013624857794715818,-19859.476306332217,0,0
0.018162284438876224,0.0013686882592455038,-19868.25691314271,0,0
0.018171680327687675,0.0013735637107034281,-19870.78530080963,0,2
0.01817976157413668,0.001375803822670268,-19869.618616250566,0,7
0.018190892515070965,0.001378431542644703,-19878.06243638339,1,10
0.01821141222357839,0.0013823771314699273,-19909.920509989333,5,9
0.01822262092012162,0.0013840450833985005,-19922.413764728404,2,7
0.0182334638990111,0.0013808901763150304,-19933.7705682013,0,8
0.01824772854974781,0.0013792220859542602,-19960.10373837697,5,9
0.018261355257160255,0.0013834311247323625,-19982.990165347932,3,9
0.01827463684078356,0.0013856384061097383,-20006.284223986022,4,8
0.018284774104906018,0.0013849848146068858,-20021.161416180927,3,9
0.01830452973453092,0.0013878995826387735,-20055.030249794614,10,10
0.01832024063924038,0.0013888035343431152,-20077.695583266985,5,7
0.018335012725400602,0.0013946259490668156,-20097.963895600707,4,7
0.01834702000789717,0.0013951836586172759,-20110.191149158254,1,7
0.018358945154051617,0.0013942939439258323,-20122.593152945592,2,8
0.018369770175462943,0.0013951289089143418,-20133.485811721777,2,8
0.018378787603308033,0.0013948804913693914,-20142.228688680454,3,7
0.018387966555589285,0.0013994570231339154,-20150.59521749748,4,4
0.01839322734326484,0.0014008386250200526,-20152.582965573903,1,2
0.018403043322910484,0.0014012946227279536,-20157.975526828624,0,0
0.018414606755595152,0.0014029339383149649,-20164.455471294244,0,1
0.01842630959000517,0.001406293868127817,-20171.404930387,0,0
0.01843859922368413,0.0014106986342676735,-20179.23213357361,0,0
0.018452550469486354,0.001416810972731589,-20188.344182524463,0,0
0.018461791968315905,0.0014213954265458737,-20190.398278195033,0,3
0.018471066352364465,0.001423547570601492,-20192.820064847776,1,8
0.018483886022155022,0.001421148015301148,-20205.343939791284,4,11
0.01850470157477971,0.001410599052026796,-20234.283863496497,3,8
0.01851713950539039,0.001403131776439814,-20251.057581381316,3,9
0.018527469165063256,0.001402984293818854,-20260.352641441223,0,8
0.01854116416926186,0.001404934826432634,-20283.432315397342,3,9
0.018556747948329625,0.0014035482757431149,-20313.64922740689,5,9
0.018570009481993572,0.0014071829750238179,-20335.587172485768,3,9
0.01858134902784899,0.0014101402598042986,-20352.82584409231,4,10
0.018602108045207608,0.001413740953086941,-20386.82399620312,9,9
0.01861964948747978,0.001408285505284798,-20411.82337449741,2,10
0.01863642607460294,0.0014058143329113767,-20436.06571339688,3,9
0.018647805357746156,0.0014074509744592312,-20446.584914231178,2,8
0.018659614150546854,0.0014083496273499618,-20458.690902583694,4,8
0.018670319692091025,0.001408435635845511,-20470.780119318795,2,8
0.01868298993450156,0.0014075828261631569,-20486.63900743392,6,8
0.018695455509225106,0.0014105371641564017,-20497.841797760208,5,5
0.018708192721578275,0.0014098662769592993,-20506.8685162674,2,2
0.018718992037159998,0.0014116756094196563,-20512.67731957398,1,1
0.018730019404948547,0.0014147898253684084,-20518.733720791744,0,1
0.018741306966573737,0.001418495544963906,-20525.204627766012,0,1
0.0187532121807791,0.0014220158154293304,-20532.430842934908,0,0
0.018765411905977903,0.0014264469731581323,-20539.267441045733,0,1
0.018775595379673375,0.0014298714242493285,-20543.435177043397,0,1
0.018784592685574305,0.001431800722337051,-20545.11010547997,0,4
0.018794988400012494,0.0014345721689047988,-20551.66414661523,0,6
0.018809739952060443,0.0014353779834511944,-20574.408913789262,4,8
0.018824412444625307,0.001433496748210772,-20605.832085602557,6,10
0.018835163871607056,0.0014352073243818284,-20616.982932060884,3,11
0.018849017853675636,0.001436083686549535,-20647.361856399653,2,9
0.018863038052645914,0.001436593337098545,-20681.847643187426,4,10
0.018876623633642703,0.00142963610551895,-20716.606166406786,5,10
0.01888903953263621,0.001428276216804174,-20747.13189086154,6,10
0.0189111289741549,0.0014251234008271075,-20795.877196890462,11,11
0.018931755328462276,0.0014261283731982614,-20839.06318137866,6,10
0.018951400127457718,0.001429586053146107,-20876.49580036661,1,8
0.018964595926689296,0.001433791598611083,-20898.314282562267,2,8
0.0189724996949489,0.0014339456375000428,-20891.315098891882,1,9
0.018986657131994756,0.0014368706986775783,-20923.414039398132,7,9
0.018996841817391433,0.0014332548799300855,-20940.62592206878,3,8
0.01900714275432508,0.0014316372400862338,-20954.656127761562,5,5
0.019013818594374482,0.001430002876827568,-20960.162453156172,2,3
0.019019507849935547,0.0014307823558507415,-20962.8527473249,0,1
0.019035131827866012,0.0014319659575381058,-20980.446168343205,1,1
0.019049134652596195,0.0014326881585449234,-20996.214994943814,0,0
0.01906306279935925,0.0014345986014113819,-21010.77478375589,0,0
0.019073712503020437,0.0014368048705280857,-21016.75147324135,0,0
0.01908259061921666,0.0014392028717425025,-21018.43127900896,0,1
0.019090914529612948,0.001441686963405979,-21017.56750942905,0,4
0.019095387173024097,0.0014424864283071534,-20975.6855108665,0,5
0.01911565815151861,0.001442080787914487,-21030.578556296103,2,7
0.019125936992836587,0.0014426103730132477,-21039.152252062624,3,10
0.019137978454899524,0.0014470824534068328,-21062.907112924797,4,10
0.019147798212391796,0.001449327482730057,-21078.799938803557,5,6
0.019162827965733195,0.0014560990678708957,-21115.359463875884,7,7
0.019176579694360124,0.0014610704179787255,-21145.020012552875,2,9
0.019187882778811328,0.001461730911591691,-21165.715022367156,3,10
0.019208671184527654,0.0014642260180154588,-21204.52178830677,9,9
0.019226480689163817,0.001467219955663101,-21235.162935232293,4,9
0.019245103022487213,0.0014694198317446968,-21267.75823834116,5,9
0.019256086968782275,0.0014639715927931,-21276.9886288553,3,8
0.019266937227019793,0.0014628738414912876,-21287.653955908125,2,8
0.019277534662389944,0.0014574557284423822,-21301.409483125924,2,8
0.019286819458478422,0.0014532073574601658,-21313.599225482434,3,7
0.019294076021549793,0.0014548352950297268,-21319.611841331513,3,3
0.019297612180087832,0.0014550525748670015,-21320.12927789314,1,1
0.019309085036302187,0.001455285861898837,-21326.051511617738,1,1
0.019320817217280253,0.0014550522055523185,-21330.76630392463,0,1
0.019332445831577044,0.0014575397420579614,-21335.513760947615,0,0
0.0193445147449588,0.0014609411686935573,-21340.706833873344,0,0
0.019358406261442928,0.0014659038652510925,-21346.955654451835,0,0
0.01936659081790829,0.0014691837220970952,-21346.60655021335,0,2
0.019375802381315393,0.0014701911617035872,-21348.554505946995,1,7
0.019387608238354212,0.001473484641841037,-21355.991237395036,2,9
0.01940655245084831,0.0014713708142366697,-21375.468597108007,4,9
0.019419499695276864,0.001471856837987655,-21390.88953428277,5,9
0.019432172509820662,0.0014684276631263336,-21405.035450316485,3,10
0.019445905664364927,0.0014683556063435647,-21423.292395122204,4,8
0.019460316412283064,0.0014706080989609271,-21444.13953878928,4,8
0.019472347959146055,0.0014666780723817563,-21457.55287578588,2,7
0.01948253458299889,0.001462522769863283,-21467.038571271285,3,9
0.01950063387904615,0.0014652283151997565,-21488.968431521585,7,7
0.019515433657949277,0.0014653454256130503,-21503.103506125746,2,8
0.019530130003191468,0.0014687759228685373,-21517.3481581414,3,9
0.019545022634670353,0.0014670962440490895,-21532.12201189848,4,9
0.019558303093003077,0.0014678218616175952,-21543.342082831357,2,8
0.019569775431547462,0.0014696735700256668,-21551.177224650986,2,7
0.01957657727571337,0.0014711900722858538,-21551.347844976703,0,5
0.01959542461233391,0.0014716031350045303,-21564.301262830562,3,3
0.019613756850700374,0.0014723326267530703,-21575.708705844485,1,2
0.01962017415492028,0.0014732057681782062,-21570.713837532738,0,0
0.01962677435934744,0.001474359822713234,-21566.01414400587,0,0
0.01964534156214555,0.0014789681693890787,-21576.814021189788,0,0
0.019654759117968917,0.0014821296702861248,-21578.819967355976,0,0
0.019664520582248074,0.0014859494574606,-21581.134544961034,0,1
0.01967280363944068,0.001489694560525002,-21580.88777656483,0,2
0.019682031593242933,0.001491821729616836,-21583.182852120757,1,8
0.01969457942511213,0.0014938888147425237,-21594.299266457707,2,9
0.019713438358979814,0.001490753725229943,-21619.503302474197,5,8
0.01972299432244555,0.0014866203411848392,-21624.689300255508,1,7
0.019734736703042717,0.0014806125980094931,-21639.1576462239,2,8
0.019748354833541225,0.0014740350346212664,-21661.746329392176,2,8
0.0197630619309311,0.001476483059476728,-21688.65462801483,4,10
0.019776644797668802,0.0014780384780347922,-21711.339816483905,4,10
0.019788369817244383,0.001479737428899304,-21729.03284910895,5,10
0.01980738190887693,0.0014862289459719282,-21758.38919337711,9,9
0.019823867821315806,0.0014800201196094212,-21781.12976693431,6,8
0.019839192305054237,0.0014841320146656597,-21800.583030908587,3,7
0.019854840813945857,0.0014897878678227633,-21820.52545255632,3,6
0.019865807683697247,0.0014907483997724925,-21827.76388958941,2,7
0.01987492514260391,0.0014879070630718493,-21827.832155483084,3,7
0.019883524779876722,0.001485843555190792,-21833.281420501487,2,6
0.019897413569986047,0.0014844099187785492,-21847.188931729346,6,6
0.01990861930022558,0.001483135700111297,-21853.267026817557,1,2
0.01991941074938454,0.0014843847407184452,-21858.618540581596,0,1
0.019930310788080535,0.0014876185208205215,-21864.25059978465,0,0
0.019941321498460916,0.001491566368985436,-21870.076429175293,0,0
0.019952787332178028,0.0014964093041465322,-21876.472131900944,0,0
0.019965309820727483,0.0015025785528094686,-21883.513267186663,0,1
0.019974984524858398,0.001509123098323751,-21886.609317501032,0,2
0.019984684168875978,0.0015135276962807943,-21890.065342411486,1,7
0.01999630495223581,0.001512865961559235,-21900.27662603367,4,10
0.02001586897357067,0.001509442771588152,-21929.163946782588,3,8
0.02002657146743909,0.001507652767613369,-21939.107508673456,2,7
0.02003772340927626,0.0015062408529567608,-21950.579044059523,4,9
0.020052245709003054,0.0015073043586033349,-21978.668647678744,5,10
0.020065411218098492,0.0015128313012929494,-22001.49215470087,3,9
0.02007809564036433,0.001515646614729387,-22024.824089550082,4,8
0.02008860185668891,0.001513155010076011,-22042.31864875782,4,9
0.020107792120513564,0.0015094826592951015,-22073.862287428405,10,10
0.02012348834851693,0.0015044317225078993,-22094.457641901055,3,7
0.020137112147217,0.0015060123750562672,-22109.78462792248,0,6
0.020152123261589612,0.0015016563124055431,-22128.669135126896,3,7
0.02016127060163596,0.0015019197088629414,-22131.113617311497,1,7
0.020171058098235398,0.001501361422742041,-22138.21837846768,3,7
0.02017965963866023,0.001504462527801698,-22147.572405779683,4,6
0.02018863770715561,0.0015063772188553036,-22155.44912192795,4,4
0.020198913443869548,0.0014996509195438787,-22161.21906373153,2,2
0.020210301589079074,0.0014984011591457759,-22167.515541941204,1,1
0.020221315308774922,0.0014982268207054793,-22173.2511361103,0,0
0.020232536879936595,0.001498761781775421,-22179.36319046027,0,0
0.020244228840139655,0.0015000842494614043,-22186.108669590554,0,0
0.020257290586023498,0.0015024913575319657,-22193.877863770096,0,1
0.020267044281799988,0.0015047429072071014,-22197.135390985808,0,2
0.020276444465438526,0.0015052273476387006,-22199.95346704441,1,7
0.020286726571300245,0.001508577107411533,-22205.651908533593,2,10
0.020307598013694778,0.0015177051524420885,-22236.28794178114,4,8
0.020319106103304417,0.001520657571986212,-22249.055301763907,3,7
0.020331145342595173,0.001522944229647065,-22264.476735260385,3,9
0.020345533438143593,0.0015207190353404337,-22289.444701065073,6,10
0.02036019594217369,0.0015293402549827865,-22316.150790122385,5,9
0.020373641633293055,0.0015313172355572407,-22338.8822719657,4,9
0.020382694259660022,0.001535499446095622,-22347.50557874193,2,8
0.020403161488778278,0.0015359382377756103,-22380.321159945743,9,9
0.020418746060011865,0.0015357143846543833,-22400.275365958445,2,10
0.020434058277522045,0.0015318493906599632,-22420.147764908004,4,8
0.020448275841662197,0.0015352613320293532,-22437.18260183459,3,7
0.020460120310634135,0.0015380974057841571,-22447.832560413764,4,8
0.020471344027168478,0.0015365963763230319,-22458.436663033965,4,8
0.02048129687173512,0.0015322426686798015,-22469.614385750512,4,8
0.020495526590679384,0.0015283134379924313,-22484.34018168269,7,7
0.020506103045205837,0.0015280923324719963,-22489.034352402075,0,2
0.02051650297223592,0.0015283076211293155,-22493.441812946483,0,1
0.02052735629181662,0.0015283127269487135,-22498.74065407248,0,0
0.020538588516357956,0.0015290215806099464,-22504.667692446925,0,0
0.020550274957435194,0.0015305087676328012,-22511.174498838904,0,0
0.02056336229686815,0.0015330692768249301,-22518.68470542962,0,0
0.020572583442482105,0.0015352549624809185,-22520.62194285691,0,3
0.020581584773329765,0.0015347861724347457,-22522.030201513928,0,8
0.020593435689612152,0.0015316018261089291,-22532.426266993636,3,9
0.020613341785259483,0.0015252866215804115,-22559.058532730818,2,8
0.020625032126391128,0.0015289344746353588,-22572.55610629962,3,9
0.020638751876862503,0.0015241362670019006,-22594.47775691131,5,8
0.020650444977641284,0.0015253741517047793,-22609.43372178471,1,9
0.020663497929313747,0.0015228511921010124,-22630.584493401155,4,9
0.02067657618621378,0.0015225036916904305,-22653.575442929126,5,9
0.020688438711161966,0.0015276226600533659,-22674.6239938891,6,10
0.02070790519317478,0.0015223823367705779,-22705.209192980677,9,9
0.020724420776119544,0.0015289894430363128,-22727.83893282926,5,10
0.02074086802364994,0.0015325724254288853,-22750.6033083091,6,9
0.020756437887577316,0.001538204979060082,-22770.79797121336,4,8
0.020766951142785806,0.0015422729369087465,-22777.750471730564,1,8
0.020778543312311864,0.0015398845189353743,-22789.699104241707,4,8
0.020788019845171025,0.001543227152271014,-22799.30287365489,3,8
0.020801112342939434,0.0015429631633125265,-22811.162602652676,5,5
0.020812748087411067,0.0015425920221512454,-22817.768635349246,1,2
0.02082334515840873,0.0015433638218376343,-22822.678264244623,0,1
0.020834270657759037,0.001544487518653575,-22828.161520212198,0,1
0.020845480306775344,0.0015470359331288567,-22834.09956373968,0,1
0.020857278993182238,0.0015500454823098846,-22840.80831568095,0,0
0.0208702034142684,0.0015542450556075924,-22848.254196489634,0,1
0.020880184611337733,0.0015587751190319114,-22852.00316811313,0,1
0.020889054845077602,0.0015622644009104934,-22853.402174231644,0,4
0.020896456052671694,0.0015653793133101805,-22848.46570205152,0,6
0.020914286646325265,0.0015708766284984015,-22872.26140252171,3,8
0.02092514929793811,0.0015695605732251505,-22882.56928584853,2,10
0.020938394068354446,0.0015678178838786849,-22903.27267187176,3,9
0.020952251673118028,0.001566159219077102,-22926.5732496061,3,8
0.020965148923141285,0.0015654247237299002,-22947.004860122415,2,9
0.020978081439413404,0.0015611987935489932,-22969.141889822204,5,10
0.02099166650794162,0.00156174787079801,-22996.78083491796,9,11
0.0210128859104297,0.0015591864821390214,-23031.919169378045,11,11
0.021029382468934175,0.0015518809831263744,-23054.384583320734,4,10
0.02104430960617383,0.0015529143684340136,-23072.884494425543,2,8
0.021060097374814325,0.0015555509866431898,-23093.65497943524,3,10
0.021074962111682992,0.0015545045164147486,-23113.346555581044,6,9
0.021085824635863944,0.0015529242835061457,-23121.98843066749,1,9
0.021096563542100644,0.00155426981273604,-23134.051144190184,4,9
0.021110938613637283,0.0015570606457465024,-23147.77845527543,5,5
0.02112237820594011,0.0015614032725006703,-23153.8916684313,0,3
0.021133098043864745,0.001564138575333708,-23159.079604883616,0,1
0.021144097584473522,0.0015670709909577452,-23164.782463688396,0,1
0.021155303376946568,0.0015702832534461115,-23170.828329608918,0,0
0.021166858476048184,0.0015743183649968271,-23177.273102888088,0,0
0.0211794103024157,0.0015794876462042055,-23184.251241163776,0,0
0.021188711583888898,0.0015839605651925186,-23186.48584037145,0,1
0.02119730007925891,0.0015881138714371648,-23186.950847924723,0,4
0.02120406474358167,0.0015877296645168011,-23177.098028579723,1,5
0.021222489171802188,0.0015880488065120111,-23202.511978082865,2,7
0.021231908044145018,0.0015898680761678703,-23206.86067241796,1,10
0.021247052991275366,0.0015884734167795288,-23234.99391930461,6,10
0.021260730875421432,0.0015894433813402747,-23257.810565722266,2,8
0.02127444019142609,0.0015925478634871448,-23281.193920209327,3,8
0.02128775049561231,0.001599316271126095,-23304.144190180978,4,10
0.021300069801221476,0.0015973577862386287,-23325.53986568139,6,11
0.02131904820955656,0.001596274267587576,-23355.405655189752,9,9
0.021334472068929973,0.0015942608330552055,-23375.123832859266,3,9
0.021349316060368207,0.0015925177693618035,-23393.415777952505,3,9
0.021364289289191277,0.001594698576041667,-23411.837942617043,3,8
0.02137603271449272,0.001594143682357282,-23422.56892327811,2,8
0.021387690335692412,0.0015927396318361389,-23435.349722805837,3,8
0.021395375794059972,0.001591087820686386,-23440.2594515988,1,6
0.021404523895555937,0.0015895885371673467,-23446.74475831266,3,3
0.021415408366754346,0.0015886144746791616,-23452.32552152341,1,1
0.021426086237555007,0.0015856935651283525,-23457.458921200374,1,1
0.021436342927736184,0.0015825511284704528,-23461.834832811815,0,0
0.021447306416960066,0.0015798194711515283,-23467.416820675415,0,0
0.021459103617790465,0.0015776034660150667,-23474.228600767237,0,0
0.021472618972442428,0.0015759736977959296,-23482.42834867218,0,0
0.021481258972592805,0.0015752502252716432,-23483.058749269607,0,2
0.021490686680190586,0.0015752992179055977,-23485.74888284501,1,8
0.021503410876224472,0.0015734353196257666,-23497.163690834557,3,9
0.02152179907599033,0.0015698911564252975,-23520.258042536516,4,9
0.021534817022052816,0.0015679933440190834,-23538.26467903335,6,9
0.02154780567057955,0.0015677852291402434,-23556.716822101575,5,10
0.021561301866374057,0.0015740189630112536,-23578.31266476619,4,8
0.0215756247175206,0.0015750056897284993,-23603.684081740095,5,8
0.02158726392771206,0.0015794480700315377,-23619.426406055674,1,7
0.021595499674641392,0.0015816874046840584,-23624.67813093041,0,8
0.02161373238431487,0.001581942424635788,-23651.64485807875,7,7
0.02162934779379879,0.0015795050100507913,-23671.704559248603,4,8
0.021643695275941052,0.001581142137094552,-23688.345746762145,2,9
0.021657428932930756,0.0015831649440258921,-23703.575398989746,3,9
0.02167106924695555,0.0015853886865678517,-23718.72218298662,4,8
0.02168288448306766,0.0015881111321431466,-23729.75677143271,3,8
0.021690388149817483,0.0015879486206727491,-23733.059249005517,2,5
0.02170096615634576,0.0015873292672770956,-23741.134135496726,3,3
0.02171217799723654,0.0015843735554973144,-23746.678901672483,0,2
0.02172231258631686,0.0015831090413256604,-23750.665879891683,0,1
0.021733050564702858,0.0015825930888757084,-23755.745207909607,0,0
0.021744434024261527,0.0015827252621779904,-23761.86009641376,0,0
0.02175605215088253,0.0015835825089962465,-23768.200416975546,0,0
0.02176898845814028,0.0015854070872368352,-23775.44301340052,0,0
0.02177739342831366,0.0015870766613761762,-23775.478722185253,0,2
0.02178622616691699,0.0015871214195572103,-23776.559725736577,0,9
0.021800183538799412,0.0015829957016787449,-23791.245832326305,4,9
0.021818800398619956,0.0015875426373749234,-23814.47613377338,4,8
0.021829577555245706,0.0015855429473775977,-23824.01049491719,2,7
0.02184172619731133,0.001581932943092146,-23839.366465237308,2,7
0.02185494488200143,0.001583936535447159,-23859.322126603387,2,8
0.021869538037058836,0.001587249192137388,-23884.699895011043,5,10
0.021882516017635065,0.0015902470114992151,-23904.56308847041,3,10
0.02189398190973232,0.0015838048019033903,-23920.796134238,4,10
0.02191328719399084,0.0015822554129280835,-23950.37294170115,9,9
0.021928182745654064,0.0015786432388606492,-23967.72957783357,1,8
0.021943915961635172,0.0015799401516331222,-23988.23453547869,4,8
0.021957909052763576,0.0015813257553917383,-24004.113804502394,2,8
0.021968477405086544,0.0015853867678953758,-24010.471250416576,3,8
0.02197941344546996,0.001587397403985953,-24021.756666687663,3,7
0.021988413438820888,0.0015883942084004526,-24031.46408412188,3,7
0.022000809770644145,0.0015841579382776813,-24042.549864984263,4,4
0.02201139798685865,0.0015806197012532552,-24047.24187555341,0,2
0.022022386763649416,0.0015776794312273258,-24053.018222716528,1,1
0.022033089259383933,0.0015765163236709369,-24058.180013774465,0,0
0.02204425635553702,0.00157596044892327,-24064.11771315373,0,0
0.022055667640315534,0.001576091530852978,-24070.284252248133,0,0
0.022068304123542788,0.0015770797565811676,-24077.32472024556,0,1
0.022078369249866253,0.0015779614222630437,-24081.609730037075,1,2
0.02208704743825786,0.0015793651263260927,-24082.229886960315,0,7
0.02209606184897425,0.0015790321095770872,-24084.200744199097,0,9
0.022117665341333102,0.0015790999839728123,-24117.131315009567,3,7
0.022126600333181274,0.0015784660001689104,-24119.842108378238,0,8
0.02213913245977297,0.0015789334374187135,-24138.22363051314,3,9
0.022153857428434804,0.0015796222985127069,-24165.41357891529,4,9
0.022167062798159495,0.0015775778621657695,-24187.0881802351,3,8
0.0221795752890475,0.0015781881013580792,-24208.215926794815,3,9
0.022189271288675195,0.0015825484200247934,-24221.457544897043,3,8
0.02220846758670471,0.001574517866529334,-24251.920615410443,9,9
0.022224471870551158,0.0015730403841751886,-24273.292223760352,4,9
0.022239727902425274,0.0015716599140133127,-24292.648860689544,3,9
0.0222546283053678,0.0015715726139940618,-24311.332875129876,4,8
0.02226578447024328,0.0015698289490926566,-24319.978284008947,2,8
0.0222751210456385,0.0015664798823771268,-24325.979218002438,1,6
0.022283331847654568,0.001568768787868811,-24334.603998020964,3,6
0.0222944717621937,0.0015672575583383476,-24344.961579651845,4,4
0.02230357928185189,0.0015654760977186339,-24348.218488584313,0,2
0.022314794242557032,0.0015595624955830928,-24353.994014286578,1,1
0.022325851287377515,0.0015557449591558988,-24359.428454147186,0,0
0.022337273609926368,0.0015524972730980061,-24365.473451196973,0,0
0.02234925532006552,0.0015498513622082559,-24372.1885598768,0,0
0.022362003947738608,0.0015478994396310047,-24379.080148599944,0,1
0.022371578782322887,0.001546610627506754,-24381.93470466798,0,2
0.02238000773456057,0.0015472284854404282,-24382.077770291256,0,7
0.022392412332323454,0.0015482877730945597,-24393.76913668189,4,10
0.022412066776849877,0.0015520986086632884,-24420.449510690316,4,8
0.022421860766129044,0.001555590801950786,-24426.98442993809,0,7
0.022434926846245234,0.0015569727312943066,-24446.538554854254,4,9
0.02245003566415312,0.001558272382632209,-24474.647225260032,6,10
0.02246374245937017,0.0015653308017889742,-24497.8507067106,5,9
0.02247708548444217,0.00156455049568337,-24520.90732883281,5,8
0.022487296611801308,0.001565668867480122,-24534.6783492633,3,10
0.022508595214981063,0.0015693793713771828,-24570.16731227678,10,10
0.022523900381791778,0.0015702578701413665,-24589.85770087137,2,8
0.022538303580199027,0.0015705414792862049,-24607.41739369347,1,7
0.022553883785860623,0.001569182978097847,-24627.64632307703,2,8
0.02256334659011767,0.0015714693011168173,-24630.87643034306,1,8
0.02257579718263327,0.00157163868000623,-24645.266856719474,6,8
0.022585028763935235,0.001570432812339969,-24654.44676264578,3,7
0.022598416163583032,0.001571512091953426,-24666.499556828785,4,4
0.022609689239228428,0.0015716490261948922,-24672.49268713145,0,2
0.02262002940843778,0.0015720400395507783,-24677.1339368847,0,1
0.02263077589618456,0.0015730611497413245,-24682.544218868705,0,0
0.02264181803824232,0.0015747733079010183,-24688.466273059956,0,0
0.02265329623102096,0.0015772550700215203,-24694.889129940653,0,0
0.022665612731509674,0.0015806725145065229,-24701.64544461125,0,0
0.022674667331997567,0.0015835769770135477,-24703.276309790126,0,3
0.022684994125357717,0.0015832130691896963,-24709.586527953194,2,8
0.022692867566896174,0.0015803337596300357,-24702.799255796228,2,9
0.02271735038416781,0.001577686469835404,-24748.944419745767,5,8
0.022728184832709723,0.00157981654277152,-24759.761222850528,3,10
0.022741448666246656,0.0015795111889204262,-24783.597157325603,5,9
0.022753224693311636,0.0015781162219050998,-24803.40535136377,3,9
0.022767357532849055,0.0015764904638918189,-24831.518334565924,4,9
0.022780663735302523,0.0015736261766140004,-24855.94697888136,3,8
0.022791820653876273,0.0015721792280265804,-24874.132782302262,3,10
0.022811317321606,0.0015705196559274359,-24905.491565850272,9,9
0.022828395445381712,0.0015733349068112151,-24930.163696702144,5,10
0.022845354743479093,0.0015768609258496038,-24954.3125846434,4,9
0.022863040088289422,0.0015750574809216165,-24980.33309682507,5,8
0.02287194628333651,0.0015765755260683488,-24981.47887124433,1,8
0.022882081766267097,0.0015759387452218825,-24989.47915023138,3,7
0.022892515466657576,0.0015756294757596184,-25001.68658736942,3,8
0.022904933597259033,0.0015776494946259602,-25013.9919004943,5,5
0.022915405618902637,0.001576355396739241,-25019.07583236927,0,2
0.022926799113239648,0.0015774151891046093,-25025.643538326072,1,1
0.022937944592171456,0.0015774323418850553,-25031.723402633004,0,1
0.022949768032746495,0.001575323261895782,-25039.199587282317,1,1
0.022961466474432403,0.0015743354928238146,-25046.04309915391,0,0
0.022974300330921467,0.0015741510094006471,-25053.691827362927,0,1
0.022984616097322164,0.0015762091579818646,-25058.06250930487,0,1
0.022993517823667372,0.001577869133968301,-25059.743645853614,0,3
0.022998988514142647,0.001581569276579211,-25035.05731343827,1,6
0.023019827565812546,0.001586749524811409,-25072.467045681755,5,9
0.023032221858630318,0.0015859421318510786,-25089.556433245147,5,10
0.02304496788498607,0.0015884776730156788,-25109.20583569329,4,9
0.023058671474502787,0.0015873219151820372,-25133.115310407895,2,9
0.023073108410081037,0.0015802596262330345,-25161.60901660208,4,9
0.0230878690220101,0.0015755125934288226,-25191.5022216999,4,10
0.02309969744227143,0.0015787079071959134,-25210.16102869575,3,11
0.023120596020646204,0.0015852249553667014,-25245.87775504549,11,11
0.023137150105819345,0.0015885295948722211,-25268.602909328176,2,10
0.023153633144289823,0.0015819339788564722,-25291.783925963224,3,8
0.02317014305675814,0.0015792160099946174,-25314.899736907788,3,8
0.023181314198430825,0.0015794703618063769,-25323.95665014972,3,9
0.023193105200778413,0.0015748578016768254,-25336.916070491818,4,9
0.02320264614266995,0.00157250121029797,-25346.677306863196,3,8
0.02321471471910373,0.001575879841119429,-25357.078654362762,4,4
0.02322655868766815,0.0015776935742204603,-25364.078298349206,0,3
0.0232370184725274,0.0015784487729877963,-25369.027088694842,0,1
0.023247844792650137,0.0015796739478804297,-25374.684424645755,0,1
0.0232588852443159,0.00158117084836056,-25380.734506930163,0,0
0.02327035907249918,0.0015834335292549914,-25387.44134409961,0,0
0.02328358123559375,0.0015869045913044942,-25395.772929970797,0,0
0.023293030333934088,0.0015900063183381576,-25398.440523718502,0,1
0.023302239112884503,0.0015952897455133459,-25400.889387986746,1,4
0.023310876642219817,0.0015974997929579901,-25401.26380080122,1,5
0.023325796128883504,0.0015965282233363792,-25420.67000335988,3,8
0.023334381222076536,0.0015955947264334957,-25420.930636076242,1,10
0.02334878775720324,0.001599743688118126,-25449.48810236493,6,10
0.023362809102874783,0.0016028297427402066,-25476.42146381602,5,8
0.023377268523631395,0.0016032013415835608,-25503.469931722553,3,9
0.023392077021891743,0.001603071604953293,-25533.523382038875,4,10
0.02340410702836077,0.001604920323045409,-25554.209693944995,4,11
0.02342213912135974,0.0016116013957750716,-25583.731505635547,9,9
0.02343828140761231,0.0016071772099540335,-25605.882478113672,3,9
0.023454340639520413,0.0015974962087168332,-25628.176521202564,4,9
0.02346840345209218,0.0015945132826348594,-25645.130975224656,2,8
0.02347972882840094,0.0015932785047273303,-25654.790577568678,2,7
0.023490553180693093,0.0015918705455629462,-25665.570012917404,2,8
0.023498629714906932,0.0015904051761577846,-25672.524481653905,2,6
0.023508126576117828,0.001589729173871684,-25679.517359852292,3,3
0.023519288156719477,0.001589271918281977,-25685.541555245807,1,1
0.023529941129896086,0.0015911384223736885,-25690.77906217069,1,1
0.023540490182387533,0.0015920854700073187,-25695.827780423944,0,0
0.023551496833540155,0.0015937077219355016,-25701.67930466394,0,0
0.023563156540753683,0.0015961339401478105,-25708.46696474429,0,0
0.02357612584691771,0.0015996909821420985,-25716.194118492698,0,0
0.02358475548354707,0.0016023954963376769,-25716.787309401763,0,2
0.023594195104612983,0.0016032271938343588,-25719.560268499004,1,8
0.023607656459167303,0.0016049600387403346,-25733.590307426704,5,10
0.023626147601276105,0.0016017851797448944,-25757.209657114898,4,9
0.023638021585670504,0.0015978915985588981,-25771.09374020713,4,9
0.023649346405268168,0.0015963945288356316,-25784.09077843223,2,9
0.023664120195249386,0.0015963972627380954,-25811.282029382863,6,8
0.0236775169284134,0.0016041657166190855,-25833.863866376178,4,7
0.02368899095681501,0.001604853993659388,-25850.028883465362,2,7
0.023697199488678423,0.0016057633711319926,-25856.22192681818,0,8
0.023715701779506226,0.0016083370307558448,-25884.20184440688,8,8
0.023731665032755457,0.001609125773164866,-25905.086235282237,4,8
0.023746522191244467,0.0016103006878721903,-25923.08854841951,2,9
0.02376125739165745,0.001609336474511316,-25941.079823455202,3,9
0.023773735531586283,0.0016103477889470807,-25953.348719313773,2,8
0.023785480328625687,0.0016133034520628765,-25964.408163987926,3,8
0.023792590024277294,0.0016137229483480565,-25966.72176655658,1,5
0.023802700981877773,0.0016118554686429466,-25974.212269453263,3,3
0.0238134604438323,0.0016137862600720673,-25979.175404500973,0,1
0.02382388562447724,0.0016149981844430293,-25983.87507222823,0,0
0.023834485273586056,0.0016168276156313577,-25988.91675044821,0,0
0.023845418382083507,0.0016193350769907855,-25994.506617664214,0,0
0.023856781346569295,0.0016226055554755313,-26000.65645352243,0,0
0.02386959978315661,0.0016270952104722805,-26007.98327685405,0,0
0.023878318843980083,0.0016305434619871316,-26008.784622772404,0,2
0.023887391598879728,0.0016315935451675777,-26010.605504360294,1,9
0.023901165441089726,0.0016285348241406978,-26025.282109015436,5,9
0.023919661117734442,0.0016223692891795438,-26048.262616078875,3,8
0.023930446997016505,0.0016147391903180812,-26057.88288396856,2,7
0.023943703461077645,0.001614006843979251,-26077.57085999802,4,7
0.02395549250728982,0.001612495108899028,-26091.905463273408,2,8
0.02396917838556546,0.0016095376895737794,-26114.08650388248,4,10
0.023982735387231013,0.0016152807409217428,-26136.615009233814,4,10
0.02399509789775312,0.0016133122944317724,-26156.885012981093,6,10
0.024014457928130964,0.0016119843281302757,-26187.051991968343,9,9
0.024030226284356915,0.0016066864651374498,-26207.598897739223,3,8
0.024046141858299543,0.0016012710867891163,-26228.894296405408,4,8
0.024062060683026357,0.0016030518734531057,-26249.164752883855,2,8
0.024073003895611386,0.0016073560023982603,-26257.01908759092,2,8
0.024083317682352178,0.0016094972967654294,-26263.52019657339,3,7
0.024092630630683218,0.0016121431370035358,-26271.92466764758,2,7
0.02410411071580155,0.0016129704935573328,-26282.04341626612,4,4
0.02411499357106954,0.0016134387381214852,-26287.470802463667,0,2
0.024125721565180523,0.0016139261300178326,-26292.806202801385,0,1
0.024136551128594363,0.0016136639180618527,-26298.42788842515,0,0
0.024147809891700116,0.0016140675272129932,-26304.79600461784,0,0
0.024159332236060718,0.0016151879205916258,-26311.41500557429,0,0
0.02417185567313063,0.0016172208119380434,-26318.59970796272,0,1
0.02418198993488961,0.0016183187830774003,-26322.587795116142,0,2
0.024191852937118497,0.0016216788703799535,-26326.764656972617,1,7
0.024198911831595605,0.0016230635156466468,-26319.39360391552,0,9
0.02422248686020348,0.0016254779551182037,-26364.976316565222,6,7
0.0242313292686041,0.0016282987938908153,-26365.765684615082,1,7
0.024244113261759456,0.0016297305297959365,-26386.960571675016,3,9
0.02425794356059885,0.001626353118009279,-26413.07957403888,4,9
0.024271224459366535,0.001630229719306205,-26437.615130836304,3,8
0.024283118255010297,0.0016309677295229098,-26457.84399445862,3,8
0.024293119964593875,0.0016315643595051414,-26473.860627527018,3,9
0.024311467543376607,0.0016290658753154586,-26504.573852245492,9,9
0.024328806901878677,0.00162823419212383,-26529.773620357948,4,9
0.024344709927092253,0.0016275081587888507,-26551.987005493953,3,9
0.024363182695968506,0.001627073678607315,-26579.926995321694,5,8
0.024374409744462387,0.0016254071816031875,-26588.93505599524,4,8
0.024382378083049775,0.0016249778794574902,-26588.359494575005,1,6
0.02439082704744564,0.0016252557922848993,-26595.188322995476,5,6
0.02439996147910863,0.0016291947843345726,-26603.829077251132,4,4
0.02440974989914958,0.0016249793085464895,-26609.369582331303,1,1
0.02442092179579465,0.00162194082481833,-26615.65202027008,1,1
0.024431833179208017,0.0016187712535269594,-26621.491393328364,0,0
0.024443116529041027,0.0016161556455036841,-26628.007296755728,0,0
0.024454674847038706,0.0016141647735807671,-26634.851817031285,0,0
0.02446762998705638,0.0016127346707237957,-26642.837937906734,0,1
0.024477779631764545,0.0016099711466257811,-26646.94076996155,0,2
0.02448650544983362,0.0016095583838289045,-26647.952853229228,0,7
0.024492503594759202,0.0016094857748183442,-26636.473545646437,0,10
0.024520020705798076,0.0016097142878792705,-26685.30414528172,6,8
0.02453020017852018,0.0016111769953620436,-26693.008512134395,1,7
0.024544147982102534,0.0016152757555338289,-26717.075698853143,5,9
0.024557287493708654,0.0016160619336249835,-26738.815526230326,3,9
0.024570369165729872,0.0016191635157115185,-26759.35200417685,2,9
0.024582313415078914,0.0016180520538830567,-26777.806644711407,3,8
0.024594208880995453,0.0016204026846546062,-26800.52450345772,6,10
0.024613484433655523,0.0016246215886210453,-26831.942024507574,10,10
0.02463000406339767,0.0016248666422852861,-26855.285404610204,6,8
0.024644829195923167,0.0016252353523693928,-26873.886567477995,2,7
0.02466035126719265,0.0016267111502498617,-26893.44234088416,1,8
0.02467165234992482,0.0016238864572415172,-26902.057119223082,4,8
0.024682928708761657,0.0016247048578941368,-26913.321318171013,4,8
0.024691144412886744,0.0016277902006902301,-26919.728218162687,2,7
0.024701717070791263,0.0016253617252496857,-26928.352645261566,4,4
0.024712618725366453,0.0016234959260424903,-26933.965686583408,1,1
0.024723015182345754,0.001622490491345139,-26938.7162117441,0,0
0.024733690034961862,0.0016220538124172973,-26944.013761459384,0,0
0.024744786613229205,0.001622237367974535,-26950.023774454683,0,0
0.024756165015169182,0.0016231000050911742,-26956.331421645264,0,0
0.02476885998357224,0.0016248626298775227,-26963.655255945436,0,0
0.02477789932503656,0.0016268293135620943,-26965.180912496977,0,4
0.024786959164694988,0.0016291066278243068,-26967.00191020557,0,8
0.024799459716938997,0.001629078530066894,-26980.03671349998,5,10
0.024820347767652046,0.0016257557883235152,-27011.486531290684,4,8
0.024831420659848984,0.0016252866459817213,-27022.713372666683,3,10
0.024844413401397376,0.0016278226865984182,-27042.9741177982,4,9
0.0248581304392754,0.001628339595844459,-27067.312039656033,2,9
0.02487178863558423,0.001627679647017459,-27092.105815521987,3,9
0.024883640922166602,0.001625219190603389,-27110.768002269408,2,8
0.024895274510382853,0.00162711575874051,-27130.896125984153,5,10
0.024914509902733424,0.0016251524256289034,-27161.612615981012,9,9
0.024930899233867328,0.0016242094822465874,-27184.440246988368,5,10
0.024945853519313523,0.0016247066065883348,-27203.37544791351,3,9
0.024961336376730144,0.0016248430704227299,-27223.45315597701,4,8
0.024973729965072623,0.00162299871916259,-27235.603310583167,2,8
0.024985601603541036,0.0016254078114277509,-27247.497767092074,4,8
0.02499490872320365,0.0016233203509644185,-27256.21909155206,3,8
0.025007496466014394,0.0016245318093728166,-27268.09023676106,5,5
0.025018006393443502,0.0016258531698132815,-27272.77112124557,0,1
0.025029075188924242,0.0016272419499621252,-27278.717037903938,1,1
0.025039942070096636,0.0016284411365067493,-27284.152862695835,0,1
0.025051126892165643,0.0016306106115993068,-27290.126297746785,0,1
0.025063068963055973,0.0016335238223543062,-27297.160540648118,0,0
0.025076059180742846,0.0016374716216714397,-27304.824705564577,0,1
0.025085752291007637,0.0016393127403202044,-27308.085127994396,0,1
0.025094728505366665,0.0016411697877948173,-27309.665265668573,0,3
0.02510331270046591,0.0016411712061160184,-27310.162086508288,0,6
0.025118957010233228,0.001635863603335024,-27327.129248782818,1,10
0.02513310702757754,0.001639352289951926,-27350.401375589012,7,10
0.025145294326921124,0.0016351726378631907,-27366.697788677044,3,9
0.025158907239539854,0.0016328317177054805,-27389.285215089563,3,8
0.02517246582615503,0.001633852402984692,-27412.11210034321,3,8
0.025186430254147133,0.0016299871124155461,-27437.51644918977,5,10
0.02519750260568384,0.001627213382283173,-27454.129503906675,4,10
0.025218773537509575,0.0016299396430173964,-27490.05638826521,11,11
0.025235652898210517,0.0016294411195191013,-27514.05108146921,5,11
0.025250344975891834,0.0016278290106500441,-27532.14510028545,2,8
0.02526608292477468,0.0016295591781214384,-27553.26002558024,4,8
0.025279735838833167,0.0016279366504154658,-27569.398324785012,4,9
0.025291887621258214,0.0016328396995095792,-27581.781367499814,2,9
0.025300920395889843,0.0016361952411869658,-27588.192265372407,1,8
0.02531454540081386,0.0016327644301798944,-27600.918697505414,5,5
0.025325907820283818,0.0016286966881421507,-27606.91050580655,0,3
0.02533648551004188,0.0016259280185321294,-27611.873026785335,0,1
0.02534719154370046,0.0016232411876428766,-27617.12465370633,0,0
0.025358243154765644,0.0016211011649930036,-27622.96879755659,0,0
0.02536967870922873,0.0016195646835225994,-27629.281238602794,0,0
0.02538241239664494,0.0016186622991340134,-27636.550549839754,0,0
0.025391755629939304,0.0016185574925202159,-27638.88710730729,0,1
0.025400482890579855,0.0016191986786022285,-27639.670376490558,0,4
0.025409029134090308,0.0016189783014941108,-27639.980287147508,0,5
0.025424426659671658,0.0016206305425046925,-27658.139133046796,2,8
0.02543560306757485,0.0016209963772216643,-27669.93664197948,3,10
0.025449792371097065,0.0016183447872472698,-27694.86806732375,7,10
0.025462698634368036,0.001624442041161283,-27716.3877470456,3,8
0.025476897925701104,0.0016268657155173055,-27744.117242820394,4,10
0.02548987633519724,0.0016292145136982384,-27768.15389141261,3,10
0.02550272589923315,0.001631170965766572,-27793.00970859658,6,11
0.025521749903696746,0.0016299835735573795,-27823.80013099985,9,9
0.02553839122475135,0.001627540049323775,-27847.492497189633,5,9
0.025553386898418472,0.0016203697485181945,-27866.40991792643,1,9
0.02556926776730019,0.0016133164904632076,-27887.62376453009,2,8
0.025580180343148528,0.0016144655543852832,-27896.054088123255,2,7
0.02559101557880444,0.0016145734901729294,-27904.995646790125,1,8
0.025599366741633475,0.0016144650404644385,-27910.3658087674,1,6
0.025609804896610133,0.0016095913422887614,-27918.786594013145,3,3
0.02562168488635491,0.0016106891687743638,-27926.289013760448,1,1
0.025632050977680884,0.0016104040811702298,-27931.18051717443,0,1
0.025642367071143285,0.0016092933196470572,-27936.00691675833,0,0
0.025653317453402047,0.0016087344207396117,-27942.025929910662,0,0
0.025664856337564476,0.0016088553539939452,-27948.907173190335,0,0
0.025677525043054115,0.0016098906281727299,-27956.568743587035,0,1
0.02568674667079239,0.0016117816829272717,-27958.77710673296,0,2
0.02569610279864974,0.0016129219464303347,-27961.486313389403,1,9
0.025710847361289303,0.001611329029740618,-27979.6109880607,5,10
0.025729300421459635,0.0016143096831319219,-28006.42200326644,4,9
0.02574001885699121,0.0016172280500612762,-28016.71010966651,2,8
0.025752362413614217,0.001617081140305002,-28034.97323936368,4,9
0.025763981262090976,0.001613032507525231,-28052.863148309014,2,8
0.025778300666156127,0.0016112127579640493,-28078.256291480582,1,8
0.02579117309618682,0.0016143918662274166,-28099.02189123828,2,7
0.025801166670518877,0.001614268360135561,-28111.633898601438,2,9
0.025820485534652902,0.0016153128492190718,-28142.399029177082,8,8
0.02583521123429961,0.0016148249384997852,-28160.58636450074,1,8
0.02585158875306329,0.0016221977170966255,-28183.689698397753,5,9
0.025868468338063985,0.0016264872146522585,-28207.129285666564,4,9
0.025880787044126233,0.0016280606981693194,-28219.502905835827,4,9
0.02589073209990857,0.001631139206050223,-28224.79278030224,4,8
0.025899000656055323,0.001632061910616348,-28232.02326726464,3,5
0.025909432192807086,0.0016347741729617516,-28240.865685623263,3,3
0.02592119775522276,0.0016319999985415375,-28248.306648395836,1,1
0.025930799226473903,0.0016303296836386147,-28251.794141748218,0,0
0.025940964736970464,0.001629089429910627,-28256.418162816088,0,0
0.025952028896953357,0.0016283554916399644,-28262.74247342371,0,0
0.02596352718393145,0.0016282746360059255,-28269.697423459427,0,0
0.025976568313106813,0.0016290132715832961,-28278.027067652107,0,0
0.025985573483536254,0.0016296300663920839,-28279.58940409771,0,2
0.02599407852166692,0.001628461948521251,-28279.78281124174,0,8
0.026006330992400614,0.0016199092284483602,-28290.456388527095,1,10
0.026026598077505483,0.0016112908761629218,-28320.026565229957,4,8
0.026036000743570598,0.0016079613420526793,-28324.33931239794,0,7
0.02604794200682251,0.0016062662757851394,-28339.24439488133,2,7
0.026062143172874235,0.001609973552933767,-28363.702799783856,5,8
0.02607650248472014,0.0016065943311758914,-28389.166634074918,6,10
0.02609013864968571,0.0016031315101679494,-28412.632586094594,5,10
0.02610161300190129,0.0016053751443820088,-28429.672141204384,4,10
0.026121207326134863,0.001604109883438412,-28460.358557664524,9,9
0.026137002052081745,0.0016105472375803009,-28480.752113104118,3,9
0.026151853641127105,0.001606335868363101,-28498.8572037391,2,9
0.02616656166426804,0.0016038002817971352,-28516.635796471764,2,8
0.026179944468681215,0.0016043982397575553,-28531.710035163127,4,8
0.02618953365399903,0.0016037430688825888,-28537.129119406432,1,7
0.02619823782113324,0.001603052613574085,-28545.20664709415,3,7
0.02621117322245441,0.0016007495941193256,-28557.073039014584,4,4
0.026221869825589158,0.0015993533806415309,-28562.063373544803,0,2
0.026232296448830836,0.0015991598536471622,-28566.780116867227,0,1
0.026243117468581708,0.0016009961637059881,-28572.260439168967,0,0
0.026254256105654395,0.0016035379248826554,-28578.288126781714,0,0
0.026265844458539887,0.001606882130190982,-28584.86810309412,0,0
0.02627838455852219,0.0016113131616321066,-28591.92613151984,0,1
0.026287950654832973,0.0016157899781990928,-28594.82115434428,0,2
0.026297224967885665,0.0016190866466912548,-28597.349097728722,1,7
0.0263068455682532,0.0016211084676424807,-28601.152954261688,1,9
0.026327798453291938,0.0016241803752019908,-28631.220618016825,2,7
0.026336612000329013,0.001625158733850814,-28633.587588453913,0,7
0.02634739476022626,0.0016282989278623263,-28644.49243081745,1,8
0.02636299461431535,0.0016343271455411313,-28675.624448016504,8,11
0.026377636464891913,0.0016358696864211555,-28704.454664440458,6,8
0.026388483240773867,0.0016349533135981132,-28719.302710605545,2,8
0.026399318210299026,0.0016301633969019581,-28736.756059090876,5,9
0.0264177800034644,0.0016226606275428022,-28765.47164801445,8,8
0.02643357077016417,0.0016233703859430723,-28786.37204116587,4,9
0.026448599065461705,0.0016252995633744632,-28805.188381368636,3,9
0.026463797036251936,0.0016248278246450319,-28824.077494170073,2,8
0.026477694155011527,0.0016212792780602753,-28840.673677276456,4,8
0.026487582865351397,0.0016176342417556044,-28846.612695324715,1,7
0.026496492333809015,0.001615400666130294,-28854.24849225473,2,8
0.02650819460159085,0.0016197009522405477,-28864.132717091572,4,4
0.026518547915655655,0.0016241214813251135,-28868.557128244476,0,1
0.02652911168105405,0.0016287315100558988,-28873.4204954338,0,1
0.026539907616087755,0.0016323966198697835,-28878.772259465215,0,0
0.02655099299914331,0.001636808917120781,-28884.61579852042,0,0
0.026562595190600252,0.0016421089553048235,-28891.122232158916,0,0
0.02657520596159455,0.0016486329429574117,-28898.188104467048,0,1
0.026585264701686363,0.0016539443815056004,-28902.48913929967,1,2
0.026594242160479738,0.0016583104659987598,-28904.073672111146,1,7
0.02660476741832843,0.0016570069937830725,-28910.340316895643,2,10
0.026625416608260347,0.0016530428274813935,-28939.47919562763,3,8
0.026636125186748877,0.0016543691648921277,-28949.519633669646,1,7
0.026648162755440317,0.0016568224578338124,-28965.405737718807,2,9
0.026661482248384927,0.0016554313609919787,-28987.176446379992,3,9
0.026675585788990243,0.0016562923434176883,-29011.210023161835,3,9
0.026687890293018122,0.0016637848335537412,-29029.337560888584,3,8
0.02669916276901828,0.0016673139248241725,-29046.46367558314,5,9
0.0267189439368818,0.0016648181803260152,-29078.6448787004,10,10
0.02673509300781375,0.001668243854542374,-29100.753672853072,5,8
0.026749719308478317,0.0016679588668193793,-29118.755168640517,2,7
0.02676503338591264,0.0016705639066265003,-29138.008237809816,2,8
0.026774923816224948,0.0016693259741648976,-29143.388423764794,0,8
0.026786871041826102,0.0016643487958086266,-29155.584532466004,6,8
0.02679623616701759,0.0016606016938965258,-29164.974261647843,4,7
0.026808737304824068,0.0016573721514854237,-29176.636132555694,5,5
0.02681938803934853,0.0016588963712513053,-29181.503850335117,0,2
0.026830016925254902,0.001658190423998147,-29186.440948779185,0,0
0.026841103886083996,0.001658093622916183,-29192.22200186944,0,1
0.02685235085024949,0.0016585411103461668,-29198.277296307828,0,0
0.026863931034107624,0.0016596862563774426,-29204.723271340357,0,0
0.026876657627402066,0.0016617317394242547,-29211.896020110977,0,0
0.026885802262188015,0.0016633036652919245,-29213.69072729034,0,3
0.026893881209921353,0.0016636030903047544,-29212.606325692297,0,11
0.02690724608668931,0.0016614638105065733,-29227.674988857725,3,11
0.026930392292518267,0.0016494390695342273,-29263.352948262393,4,8
0.026941124296267493,0.0016456577769587998,-29273.385948584986,0,10
0.026954761622322354,0.0016449000093576589,-29295.388059060602,2,9
0.026968937109072173,0.001649272721070595,-29320.234160042564,5,9
0.026983619022599662,0.0016485580954237306,-29344.96651164674,4,9
0.026996759001372782,0.001646423765170992,-29365.551440967243,4,8
0.02700865856510922,0.0016495910452868799,-29384.396670167727,5,10
0.027027983778684,0.0016482581942777164,-29414.805475105197,9,9
0.027043989134988945,0.001651029895486684,-29435.73857633493,5,10
0.02705936749766569,0.0016569125050797107,-29455.63421624825,4,9
0.02707445039940203,0.0016592498799987497,-29474.715473784177,4,8
0.02708616876496122,0.0016564008462157359,-29484.942888928894,3,8
0.02709957856454741,0.0016617885517179484,-29500.92862517379,7,9
0.02710955350902048,0.0016596394014798475,-29511.500462646705,4,8
0.027121814053817306,0.0016560180414203218,-29522.81851594752,5,5
0.027132469596014376,0.0016535960100002587,-29527.86279406489,0,2
0.027143315826523014,0.0016554785576204923,-29533.056794833017,0,1
0.02715429699189395,0.0016574524855386859,-29538.60020457764,0,1
0.027166153091560737,0.001661952247616535,-29545.784442548967,1,1
0.027178149804446394,0.0016656655185251792,-29552.746227032505,0,0
0.027191052742859753,0.00167042741373127,-29560.132684186185,0,1
0.027200741300629157,0.0016736059465611596,-29563.368757924487,0,1
0.027208876230154475,0.0016761888451752042,-29562.73481056556,0,3
0.027218545082546997,0.0016752139739687195,-29566.053444407833,3,6
0.02723366374020792,0.0016716399327291187,-29583.367292887564,4,10
0.027246800147828102,0.0016728555437934564,-29602.04022691962,5,10
0.027259872257107215,0.0016742061885512273,-29621.416903143236,3,9
0.027274655191446836,0.0016790872993479244,-29647.7872148482,4,9
0.02728781555646893,0.001679176684014806,-29667.769057359492,1,9
0.027302715589728833,0.0016739894490806584,-29694.54884878739,5,10
0.02731419067149215,0.0016686499172915664,-29710.41043299244,4,10
0.0273340455120339,0.0016648441080624175,-29742.5387346204,11,11
0.02735037810084866,0.001666401155567854,-29764.564758747878,5,10
0.02736627269284516,0.001662194403727965,-29785.931278197335,6,8
0.02738103518187445,0.0016602058558856008,-29803.883918119456,3,8
0.02739477466987789,0.0016547357562353292,-29819.645651942865,4,8
0.027405074029782962,0.001651700289289281,-29826.707947856274,1,9
0.02741536321766948,0.0016553560561763413,-29838.02044567823,4,8
0.027428111968917025,0.0016590508063754792,-29850.173548250365,5,5
0.02743824762149335,0.0016621533154228304,-29854.62443489962,0,3
0.027448735417714528,0.001665110846060521,-29859.030980642307,0,1
0.02745930596683432,0.0016670647879311836,-29863.75993935391,0,0
0.02747064978506643,0.00166981745482868,-29869.725976113343,0,0
0.02748262788850135,0.0016734357762324386,-29876.533993421337,0,0
0.02749598713033615,0.0016783033501515743,-29884.25238345674,0,0
0.02750537706753793,0.0016823612680676636,-29886.62745366124,0,1
0.027513730727673092,0.0016856224366595023,-29886.51829184919,0,4
0.027523535048612605,0.0016891374152838729,-29890.20337170198,0,5
0.027538182521058028,0.001694696581135267,-29905.450415448056,3,8
0.027550571093695853,0.0016981807287112004,-29921.21514177752,4,10
0.027565425672645104,0.0016917043962814651,-29946.92577736876,6,10
0.027577396170447507,0.0016911356493824114,-29962.238293910268,2,8
0.02759288503979539,0.0016884999256181687,-29990.33978315867,5,10
0.027607325838082803,0.001682839558892887,-30015.48913087746,5,10
0.02761928325318985,0.001683069727380641,-30033.40891563226,5,11
0.027638701670360283,0.0016909484725850233,-30063.671276380646,9,9
0.027654132103890325,0.0016976147025319617,-30083.156932375172,2,9
0.027668719900488237,0.0016963643171561,-30100.66980879714,2,9
0.027683016938046503,0.001691930959070023,-30117.406618338413,2,8
0.027696294258190597,0.0016853610283724468,-30131.886876243123,3,7
0.027707160868215855,0.0016815916162268908,-30140.827336194634,2,8
0.02771454150913568,0.001683736286815118,-30144.307318571,1,6
0.02772455360391186,0.0016817745240220137,-30151.591391350572,3,3
0.027735603918917134,0.0016811761131707117,-30157.223688075068,1,1
0.0277457927954352,0.0016839339044706005,-30161.323550436693,0,1
0.027756617580667418,0.0016866181270732894,-30166.55580094181,0,0
0.02776759943146783,0.0016899493890287713,-30172.054430082113,0,0
0.0277790223477508,0.0016940483063957658,-30178.139466841458,0,0
0.02779206479964169,0.001699485141556484,-30185.591560775596,0,1
0.02780106101131639,0.001702314579980484,-30187.109054988337,0,2
0.027810044224380617,0.0017047380578102506,-30188.615915449016,0,9
0.02782354488787793,0.001707116295576907,-30201.91789833873,3,10
0.027843438181306163,0.0016964132746744357,-30228.9398055052,5,9
0.027853286988610712,0.0016943182452705714,-30235.291054801462,0,8
0.02786773234439724,0.0016987217369167976,-30259.828032999114,5,9
0.02788187321815477,0.001700543553046286,-30283.828202514826,5,8
0.027894247595979506,0.0017058489710600605,-30302.05482250736,2,7
0.027905059874486025,0.0017102869085859325,-30315.113776088878,1,7
0.02791511124704468,0.0017170727138314176,-30327.776186637806,3,9
0.027933765815253406,0.001712797300844926,-30355.81273969642,8,8
0.027949342228713276,0.0017152160948067606,-30375.420416180794,3,9
0.027965748777593648,0.0017155656291534202,-30397.295783630296,5,9
0.027982159402197407,0.0017128440330940386,-30419.158384463568,5,9
0.02799511503666745,0.0017084784718129785,-30432.620113219047,3,9
0.028006842948581235,0.0017072192522199884,-30443.35839270308,4,8
0.02801316905696304,0.0017073594605119622,-30442.936319647022,0,5
0.028024041494208885,0.0017104252444484133,-30452.380721734364,4,4
0.028033988672373642,0.0017124282131652728,-30456.697434162154,1,1
0.028045084714406157,0.0017163814755063597,-30462.43299796539,1,1
0.02805568776767304,0.00171851344391047,-30467.34196400169,0,0
0.02806686617949621,0.0017213828733157193,-30473.20579351905,0,0
0.028078466046712814,0.0017250115796769469,-30479.63855427047,0,0
0.0280919670055234,0.0017300439791565559,-30487.73079862096,0,0
0.02810047005536166,0.0017336836587810449,-30488.037820034122,0,2
0.02810925431482625,0.0017380775234543976,-30489.03861121644,0,8
0.028121843821675697,0.0017395173918639598,-30499.917755061622,2,10
0.028141929506944507,0.0017340038323451845,-30527.120694753165,5,8
0.02815165849867167,0.0017310695610028106,-30532.87424288071,1,7
0.028164406124246772,0.001728328071754809,-30550.644896139464,4,7
0.028178690986974946,0.0017293748044936285,-30574.35757721366,5,8
0.028192610148514465,0.0017302413134460527,-30596.886810058695,4,10
0.028206466322466664,0.0017378327746197769,-30619.646834791507,4,10
0.028218064613119872,0.0017389243916052044,-30634.57267759121,3,10
0.028237381466490047,0.0017300501047695987,-30663.606285853115,9,9
0.028253112683041356,0.001728974906217226,-30683.343509039983,4,9
0.02826800399336288,0.0017300808067549891,-30701.021705343763,3,9
0.028282181639599165,0.001730693940135124,-30716.9842324866,3,8
0.02829573255167377,0.0017360573817461103,-30731.751062402185,3,8
0.028307295175922724,0.001735910435060018,-30741.811742349786,2,7
0.02831559978638313,0.0017350907632006606,-30746.345749123244,1,7
0.028326032838416455,0.001737904101210085,-30754.571605350866,4,4
0.028336956763437837,0.001738115122706156,-30759.96980466328,1,2
0.028347981170456532,0.0017383931214465286,-30765.577316069874,1,1
0.028358789214788373,0.0017388464590526996,-30770.73279794243,0,0
0.028370166974634875,0.0017399623769909047,-30776.79041486877,0,0
0.028381928220515985,0.001741791277048649,-30783.256463085087,0,0
0.02839448898927839,0.001744499884357857,-30789.956073700494,0,1
0.02840400407621875,0.0017480341860298555,-30792.688475246832,0,2
0.028412383759117133,0.0017504011097353503,-30792.655366440253,0,7
0.028424818543056913,0.0017500323111558239,-30804.19446361455,3,9
0.02844368536482319,0.0017473924453327682,-30829.097869830308,4,7
0.02845542212836831,0.0017473347691115706,-30842.59635171411,3,7
0.028467521352838112,0.0017487493035683683,-30858.013366155294,2,8
0.028480655573635376,0.0017517911588414278,-30877.798430521834,3,11
0.02849577926687097,0.001751168335311497,-30905.916576118965,6,8
0.02850629525324942,0.0017523991917115195,-30917.480723762805,1,8
0.028516846833396885,0.0017512702485834243,-30933.22703617487,5,9
0.028535877444943236,0.0017423891032298452,-30963.22975821947,8,8
0.028550955102964428,0.0017426692187518136,-30982.254396621676,2,9
0.028566209374650597,0.001739126567981521,-31002.045166271408,4,9
0.028581562379115487,0.001743598440433582,-31021.89212080873,4,8
0.028595723641956852,0.0017445254511124669,-31038.5399299484,3,8
0.028605051423634405,0.0017445361114368538,-31040.987808066544,3,7
0.02861351758506396,0.0017417163192843294,-31047.390396652987,3,6
0.028624261832255703,0.0017388904853255648,-31056.760160063517,4,4
0.028633976689355824,0.0017396147765498902,-31060.533705421676,0,1
0.02864462438705697,0.0017419815665294578,-31065.245326479097,0,1
0.028655222527178364,0.0017445213104606541,-31070.073799249378,0,0
0.028666719271003057,0.0017479038312783926,-31076.332758409313,0,0
0.028678774004754704,0.0017521380736001007,-31083.270624574972,0,0
0.028691653680156373,0.0017574341357321605,-31090.42538012496,0,0
0.028700929747791523,0.001761782881475979,-31092.509658092713,0,2
0.02870905267935532,0.0017637493148243589,-31091.727867669128,0,7
0.02872113739133257,0.001765560688670783,-31102.06328934808,3,11
0.028742090927304766,0.0017662967765516137,-31129.954240178526,2,8
0.028755767802992202,0.0017675656737788762,-31151.665928459206,5,7
0.028768436941972855,0.0017658872841193917,-31169.64014417893,4,10
0.02878032620764346,0.0017672416687764838,-31185.41368627094,1,9
0.028794189538806542,0.0017685661472642052,-31209.48180943824,5,9
0.02880607966413313,0.001772534312959593,-31228.07566835792,3,8
0.02881662689003614,0.0017736832771828115,-31245.82697123775,4,9
0.02883590616906195,0.001772771002640139,-31277.991244374516,10,10
0.028851660038366752,0.0017711479717119213,-31299.510829040344,5,8
0.02886592891053157,0.0017717357463035244,-31316.854385321683,2,7
0.028881912161516303,0.0017746948574390105,-31338.558524001903,4,8
0.0288948544295401,0.0017724462189530755,-31352.23046348237,1,8
0.02890545685280419,0.001766616164824783,-31359.159113708916,4,8
0.02891405771812307,0.001763710141263327,-31365.590879778025,2,7
0.028925555314028663,0.0017648606208491222,-31375.73951672108,5,5
0.02893693780860074,0.0017631741386177722,-31382.22163225457,2,2
0.02894769719288071,0.0017627076971577843,-31387.519802925486,1,1
0.028958650208493267,0.0017630978431759728,-31392.993297150973,0,1
0.028970124232742128,0.0017635551689929982,-31399.310369837964,0,0
0.02898196585199697,0.0017647206421071639,-31406.0810776172,0,0
0.028994933731431072,0.0017667473938533364,-31413.495583140688,0,0
0.029004130218982193,0.001769163885275121,-31415.39006593755,0,3
0.029012119534116046,0.0017730509271914668,-31414.092300046923,0,11
0.029027379183021024,0.0017798423804008647,-31433.464517281813,5,11
0.02904895111714965,0.0017775181691137953,-31464.84928723354,3,8
0.029062380598941298,0.0017718415753624945,-31485.63308000611,4,10
0.029073556194249495,0.0017733050683491015,-31498.425089436038,2,9
0.029087897463995312,0.0017767548463560223,-31525.696693918875,5,9
0.0291020379936833,0.001779112476135805,-31552.71399396703,3,9
0.029115074112449006,0.0017818024599667486,-31576.058110145255,4,9
0.02912624027797059,0.0017799468127645947,-31594.983458061248,4,10
0.029144697898611557,0.0017760168422714777,-31625.241124385437,9,9
0.02916083192560007,0.0017806676130603192,-31647.52963943527,4,10
0.02917726494540074,0.001782551202169886,-31671.06178233723,6,9
0.029193208082829564,0.0017854057254485223,-31692.58293550646,3,8
0.029207208862898425,0.0017891490508080013,-31709.059762263245,1,8
0.029217469527034686,0.0017919673234999447,-31715.341007721243,3,9
0.029227471045844576,0.0017932369039631224,-31725.07219608714,4,8
0.029239750036646486,0.0017901368744486278,-31736.15260629112,5,5
0.029250828950315295,0.001792061009554289,-31741.677022289314,0,2
0.02926137650392581,0.0017927326189281373,-31746.475432642357,0,1
0.029272624751825113,0.0017932177767494787,-31752.733146026207,1,1
0.029283915133136346,0.0017937679379190904,-31758.8218340519,0,1
0.029295921868201413,0.0017944802766388598,-31765.88844051161,0,0
0.029309029011836105,0.0017960078938663848,-31773.63595918138,0,1
0.0293192905281791,0.0017979589839014446,-31778.41340794645,1,1
0.029326930545991243,0.0017989602294605127,-31776.203088407157,0,3
0.029336831009022055,0.0017996405031016692,-31780.546671016447,1,6
0.02935175001094375,0.0017944948644399252,-31796.605885140325,3,10
0.029365091481314116,0.0017919496283960868,-31816.52446064802,5,10
0.029377372971012235,0.0017875884169732874,-31833.45106805334,2,9
0.02939250528307396,0.0017877044403997147,-31862.219422082188,4,9
0.029407019796329394,0.00179094537561535,-31888.77644503057,3,9
0.02942173620506209,0.0017907894580523598,-31916.078393655753,4,10
0.029433157459027567,0.0017939283912209569,-31931.89065068241,3,11
0.029453708963706703,0.0017960803735242337,-31966.382910021566,11,11
0.029470241534387362,0.0017984217793005437,-31990.081171504775,5,10
0.029484665204461934,0.0017985405357051137,-32007.925049324644,2,8
0.029499634325714372,0.0017966909398787552,-32026.088357064837,0,8
0.029513390982061308,0.001790066993648573,-32042.276777920357,3,9
0.029524543940854475,0.0017938506867330429,-32051.378172458906,3,8
0.029534656626262076,0.0017938592114146057,-32061.779969137973,3,8
0.02954590241804371,0.001793669111655087,-32071.710135635465,4,4
0.02955678269973025,0.0017928158066861893,-32077.806898842788,1,4
0.02956730126326378,0.0017919942686197752,-32082.31641871325,0,1
0.029578786572310268,0.0017914751690751537,-32088.57989718697,1,1
0.029590222474096373,0.0017915754608845591,-32094.743877101762,0,0
0.02960211035159777,0.00179233707049599,-32101.513151333605,0,0
0.029615378865658272,0.0017939559025200347,-32109.23620630397,0,0
0.029624937961050195,0.0017956856530762448,-32112.03471175106,0,0
0.029631484187551634,0.0017971300981886602,-32105.88534503598,0,2
0.029641003015760992,0.0018003224775034032,-32109.09301743661,0,5
0.029655157080537724,0.0018049875690531506,-32123.364449965487,3,9
0.029667150010077675,0.0018086684379511032,-32137.230639890702,5,10
0.029680676757219856,0.001808792333354421,-32157.58254722129,5,10
0.029695706348907756,0.0018079662334394896,-32184.72469933034,4,7
0.029709148408800484,0.0018030922672161041,-32206.13519014301,2,10
0.029724233222197635,0.0018025850498399282,-32232.822810453017,4,10
0.02973674991923054,0.0018056360651821364,-32250.384581933784,5,11
0.02975584716780004,0.0017962640463729028,-32280.288883928464,9,9
0.029771647950791645,0.0017924501403215267,-32301.340406493855,4,9
0.029786228096072172,0.0017884571649726439,-32318.92177923017,2,9
0.02980199512654118,0.001790509748240822,-32339.651890766112,4,8
0.029815252495927716,0.0017896243631034113,-32354.275169036664,3,7
0.029825401012588508,0.0017858281898947626,-32361.130476647202,2,8
0.029832523328550513,0.0017839468222727063,-32364.35921122801,1,6
0.029842632869869844,0.001787398383045893,-32371.79807132486,3,3
0.029853464397985873,0.0017893623719067108,-32377.136429736314,1,1
0.029863326574393806,0.0017918952404532631,-32380.80038637143,0,0
0.029873867009449908,0.0017951162774430755,-32385.701334166082,0,0
0.029885016649797397,0.0017990933987987632,-32391.608244277984,0,0
0.029896880579228954,0.0018039677335271297,-32398.468338983745,0,0
0.029909541463468962,0.001809890298155172,-32405.566659661716,0,1
0.029918698367356673,0.001813912306352361,-32407.510127617872,0,1
0.02992806038903746,0.001819055017661152,-32410.082567722002,1,9
0.029943114534176102,0.0018236011848640923,-32428.382079108702,8,10
0.02996050259852028,0.0018167226302855265,-32449.791675662058,5,9
0.029971448736113234,0.0018179794602428325,-32459.96186167103,2,8
0.029983662107250966,0.0018217545736221284,-32475.9877934873,2,8
0.029997485051553637,0.0018216274625831449,-32498.581577634348,3,8
0.030009329014163578,0.00182221007431277,-32514.34679117659,1,7
0.03002133688614187,0.001824280765603729,-32532.66437327654,3,8
0.03003185650776871,0.001827137172859656,-32548.194854801393,4,9
0.030050537207168913,0.0018288117932108569,-32576.514297897196,8,8
0.03006594682608164,0.0018337450872046002,-32595.74824339678,2,9
0.03008111432759166,0.0018377960459275147,-32614.719733946153,3,9
0.03009770709824731,0.0018343241975067683,-32637.65509160903,6,8
0.030110937028425096,0.001838319910383273,-32651.792182136553,3,9
0.030121210889009428,0.0018393908217749272,-32657.819072206315,3,7
0.030128144213357924,0.0018415814826174607,-32660.212250947327,1,5
0.03014019361542002,0.0018425971443661036,-32671.050380886678,4,4
0.030150700046158763,0.0018403592226049067,-32676.006850744874,1,1
0.030161568971234187,0.0018386230887320208,-32681.554958923298,1,1
0.030172050427428362,0.0018374950167336947,-32686.333553450873,0,0
0.030183140980283206,0.001836867775293263,-32692.14416350458,0,0
0.030194720509476643,0.0018368248266003992,-32698.60321696076,0,0
0.030207680368536573,0.001837512497659897,-32706.093964598414,0,0
0.030216340396170303,0.0018381969530303554,-32706.80174203085,0,1
0.030224650924792394,0.0018373564533420528,-32706.54294490995,0,7
0.030237139736300586,0.0018356745681981934,-32717.360136932453,3,10
0.030256472007851018,0.0018322152078837314,-32741.4201155335,3,7
0.0302670377212093,0.0018300388304506826,-32749.704776127284,3,7
0.030278914523476454,0.001827357603990659,-32763.825174843718,4,7
0.03029253000955266,0.0018247634010135642,-32785.63086376797,5,8
0.030305421992682772,0.0018247878141929596,-32805.480112280835,4,10
0.03032059859189733,0.001826120057952981,-32834.40142197086,7,10
0.03033119404249881,0.0018237950314178855,-32847.46903327747,3,10
0.030350912070492293,0.0018280689907747448,-32877.90226961561,9,9
0.03036634522490176,0.0018298858610660998,-32897.11027187006,2,9
0.030380723281380716,0.001829256129600237,-32913.74309321786,1,8
0.03039676067278495,0.001830737157308249,-32934.49078342668,3,9
0.030411239579527488,0.0018298116368100376,-32951.76635591013,3,8
0.03042069832407828,0.0018305925516131718,-32954.90779513393,2,7
0.03042935324935222,0.001831211487181484,-32960.65320165272,1,7
0.030443081314549102,0.0018297908352933314,-32973.06423139438,4,4
0.0304542902868274,0.0018287895176196277,-32978.737437993936,0,3
0.030464743506266077,0.001827603774407395,-32983.38861879908,0,1
0.03047537459811286,0.001827447405451781,-32988.40569352766,0,0
0.030486348822917498,0.0018278434032389281,-32994.00257041075,0,0
0.030497830203711187,0.001828859751698562,-33000.25958787395,0,0
0.03051045573559347,0.001830681876746986,-33007.27024887109,0,1
0.030520068831831174,0.0018339045806551352,-33010.260584003416,0,2
0.030528322743693298,0.0018373541685893795,-33009.688937930994,1,9
0.030541202692419795,0.0018343065642172473,-33023.00862272186,3,9
0.030561007543355525,0.0018339002235769168,-33051.46839166157,4,8
0.030571935345791883,0.0018297536355653616,-33062.251049223145,1,7
0.030584396280438245,0.0018290512090150231,-33079.44479212193,0,8
0.030599204190300586,0.0018321304968545366,-33106.14151119851,4,9
0.030612963753908397,0.0018289325243623263,-33128.758732370115,4,9
0.03062571149600016,0.001833793671596392,-33147.42701297697,4,8
0.030635843952786467,0.0018304117295166445,-33158.44736866259,3,9
0.030654567930493055,0.0018224035493566264,-33189.1685884374,8,8
0.030669154301924642,0.0018188497235043862,-33208.21988903348,2,9
0.03068403766857937,0.0018162263795433622,-33227.486544434134,2,9
0.030700071248358617,0.0018165823718352897,-33248.643994502236,1,8
0.030714341040161665,0.001814778122831109,-33266.57295403975,3,8
0.03072423248023323,0.001815796310556033,-33271.17802172507,3,7
0.03073380623003057,0.00181575053514058,-33279.93189944665,2,8
0.030741398651862883,0.0018173201860322095,-33286.11507903462,4,4
0.030749382588860924,0.0018172672579278583,-33290.02358270285,1,1
0.030760602450522315,0.0018173287754674812,-33295.98308727806,1,1
0.03077147363568483,0.0018179913435122728,-33301.357733046534,0,0
0.030783289539845077,0.0018193355910574504,-33308.2752516559,0,0
0.030795231584739634,0.0018213607381617708,-33315.29243874229,0,0
0.030808297335169595,0.00182436445676066,-33322.967643214404,0,1
0.03081804784296068,0.001826840656067293,-33326.21838462371,0,2
0.030825589278908997,0.0018294860524936704,-33323.50267942591,0,7
0.030838291815763162,0.001833911563040426,-33336.29040385736,3,11
0.03085913931887456,0.001835485196887967,-33367.446276716575,5,8
0.03087076222213974,0.0018356511066430887,-33381.126046259014,2,7
0.03088406629305525,0.0018372982366364147,-33402.01577564421,4,10
0.030898089949048888,0.0018391497373681886,-33425.86048869493,5,9
0.030911567543522648,0.0018446628472088941,-33448.168005368614,4,9
0.0309234099531491,0.001845445774926353,-33465.85364200015,3,8
0.03093349927758293,0.0018468354784500246,-33480.925184109816,3,9
0.03095339668634066,0.0018416363847205376,-33514.17584110464,10,10
0.0309687607308269,0.0018446624789084317,-33534.499924195516,4,8
0.030983742537282387,0.0018382608474132687,-33553.73724576849,3,8
0.030999268305573927,0.0018422958438941114,-33573.991373343306,3,8
0.03101313549366266,0.0018427128293852899,-33590.14708564069,3,8
0.03102327944684044,0.0018384336075132539,-33595.41748108846,3,8
0.031032409419131865,0.0018383925354522686,-33602.01231891723,4,7
0.031044503749637214,0.0018374952829622382,-33612.145771808784,4,4
0.031055937623501183,0.001834325023696463,-33618.16219324201,0,2
0.03106627243379015,0.0018316270998614097,-33622.668149378806,0,0
0.031077016245669477,0.0018293737480245802,-33627.886806598515,0,1
0.031088231429340977,0.0018279506621467047,-33633.90999344471,0,0
0.03109976712827676,0.0018270901553371073,-33640.28713349928,0,0
0.031112322339955773,0.0018268683036043324,-33647.22997615698,0,0
0.031121429573792925,0.0018267151337675663,-33648.94429887919,0,3
0.031129289257732937,0.0018258278384095364,-33647.20404555013,0,11
0.0311455117670498,0.0018212778497973087,-33670.17144988597,8,11
0.031166375960510685,0.001822425533068717,-33699.31355466199,3,8
0.031178051988695988,0.0018239084743309696,-33712.89895293182,0,10
0.03119131340118928,0.001825511610370345,-33734.310071566426,1,9
0.0312061410518129,0.001828669381608363,-33761.57289617812,3,9
0.031221073035646568,0.0018282139819167176,-33789.301001236825,4,10
0.031230637414589393,0.0018251438922739617,-33796.974445823515,0,7
0.03124189921168508,0.0018259309224158498,-33817.00354628517,6,9
0.03126155014410954,0.0018301657752810892,-33849.303665460415,9,9
0.031277854847294825,0.0018323444144274087,-33872.26159455639,5,10
0.03129277663431458,0.0018349447650742989,-33891.36347252269,3,9
0.03130737991428929,0.0018369443843192926,-33909.20861487192,1,7
0.03132258613082894,0.0018363035101273781,-33929.39134537467,4,9
0.03133350850667429,0.0018413401709314364,-33937.63144482005,4,9
0.03134433559831959,0.001837634193510605,-33949.52420773542,4,9
0.031356445478157996,0.001834803364854823,-33960.51718019916,5,5
0.031367358757894925,0.0018320339852560498,-33965.843565542214,0,2
0.03137841890550333,0.0018311217731830786,-33971.74968058731,1,1
0.03138935230515171,0.001831274952302494,-33977.335353298615,0,1
0.03140073350695905,0.0018301619676023655,-33983.69535981339,0,0
0.03141255593371721,0.001829659212104778,-33990.59724152268,0,0
0.03142507128158917,0.0018298165239334127,-33997.59800449032,0,1
0.031434977657989055,0.0018299380650118758,-34001.20408467279,0,1
0.031442580176732876,0.001829685331751762,-33997.818696254035,1,3
0.03145224934113744,0.0018303564530557281,-34001.41292065341,2,5
0.031467038114172646,0.0018250432906186307,-34017.69614596993,2,10
0.031480244550719495,0.0018249122370899086,-34037.44231577695,4,10
0.031492983549849224,0.001827296315362039,-34056.43678546797,3,9
0.03150732181613992,0.0018257837160942836,-34082.131832818515,5,9
0.0315200894198961,0.0018194067148034063,-34101.368534603374,2,9
0.031533788426493216,0.0018142677115123088,-34126.23504006762,7,10
0.03154726211994966,0.00181190107218156,-34155.71072406143,9,11
0.03156806882348912,0.0018159761216964996,-34191.34325059677,11,11
0.0315840066287103,0.0018199187236512637,-34213.2244155148,3,10
0.03159887971139169,0.0018183225319525196,-34232.29421085912,2,8
0.03161419811424117,0.0018189445764539732,-34252.34736021906,2,8
0.03163073045818474,0.0018207884958559763,-34275.42040378566,4,10
0.03164068837531211,0.0018227408974220648,-34280.15446643735,3,8
0.03165134341569586,0.0018248950618523815,-34291.503896268696,6,9
0.031664743742128486,0.0018209251385589431,-34304.230036828776,5,5
0.03167648642561145,0.001825296053346608,-34310.932518174566,0,4
0.031686968506569935,0.0018270765259882666,-34315.718245502954,0,1
0.031697630505176815,0.001828819173493232,-34320.89316906644,0,1
0.03170902722886236,0.001830817724104892,-34327.31853879116,0,0
0.031720966244349065,0.0018335551345432441,-34334.48799315847,0,0
0.03173394562091745,0.0018372738385413385,-34342.1909552026,0,0
0.03174343866288262,0.00184049738346566,-34344.92367592072,0,0
0.03175022756605343,0.0018431366049460685,-34339.64528373239,0,2
0.03175952387426818,0.0018476978226884956,-34342.26752850006,0,5
0.031773600074502625,0.0018558718635090885,-34356.695283228095,3,9
0.03178608107007241,0.0018576827475825922,-34373.1560009914,4,10
0.03180108246986211,0.0018580010618489725,-34400.6185131407,6,10
0.03181488983166267,0.0018616290834195255,-34423.781264069934,4,7
0.03182768042679462,0.0018638006966630349,-34443.3597583186,1,10
0.03184166230102672,0.0018618403544654082,-34468.55895016524,5,10
0.031853713819885596,0.001862077598075098,-34488.93779690643,5,11
0.031871836782147486,0.0018617398269516602,-34519.04324618912,9,9
0.03188602934775313,0.0018604605975795355,-34536.805660759106,1,9
0.03190098680067531,0.0018541587428147818,-34556.68442885652,4,9
0.031915618086358136,0.0018480025684345965,-34574.875479003305,3,8
0.031930721871922495,0.0018428650432535062,-34594.11203121756,4,7
0.031941403073421915,0.0018446161775633229,-34601.68104890995,2,8
0.03194979283556272,0.0018452986430573443,-34607.02236223093,1,7
0.03196151379972008,0.0018468669347051587,-34616.203476855364,3,3
0.0319724931429494,0.0018481938377759226,-34621.96976200868,1,1
0.031982497287683806,0.0018505073314008856,-34626.02725722635,0,0
0.03199256994063114,0.0018533035548770175,-34630.18988365146,0,0
0.03200339257353201,0.0018568262163642154,-34635.7045030053,0,0
0.03201482438064753,0.0018611254642758352,-34642.10650467071,0,0
0.032027700285866836,0.001866676985023616,-34649.68459730184,0,0
0.0320362567639426,0.0018707675480470816,-34650.10361466301,0,2
0.03204531257380173,0.001874939661550838,-34651.905478636385,1,9
0.03205996054388589,0.001882129874945206,-34668.92311316475,6,10
0.03207858419576709,0.001878158462339574,-34692.93393859381,4,9
0.03208964167428731,0.001880287042620149,-34704.309619980275,2,8
0.032103362086631365,0.001878721745253058,-34726.71352648607,4,9
0.03211573782596904,0.0018778973256897197,-34744.29004587139,2,8
0.03212866324694794,0.0018763087361475638,-34764.325986382144,3,7
0.03214237102301732,0.001879823887518565,-34787.677766319386,4,8
0.03215251085612991,0.0018805610969857053,-34799.23525850985,3,9
0.0321717933480454,0.0018848985809928442,-34831.47002725336,8,8
0.03218669574530989,0.0018871137223921027,-34851.71535963601,4,9
0.032200197463855953,0.0018875677963778974,-34867.795313592855,2,9
0.03221683089216878,0.001889108777749135,-34890.809889777076,3,8
0.032232704210688176,0.0018896604591805255,-34912.19506718497,3,9
0.032242526745880885,0.0018859051371645928,-34915.9602747329,3,8
0.032250481115031586,0.0018855016613857868,-34919.918366839316,3,5
0.03225979930157024,0.0018946950225845857,-34928.440882532814,4,4
0.032267405446882044,0.001894244215188045,-34931.33343037697,1,1
0.0322770625417532,0.0018947092183660085,-34934.80468981979,0,0
0.03228720355509413,0.0018956598868162654,-34938.9272205209,0,0
0.032298427374964425,0.0018972534054423529,-34944.96898830527,0,0
0.03231106343473651,0.0018997256719932212,-34953.08512306829,0,0
0.03232559382611358,0.0019034496658153525,-34962.70303556654,0,0
0.03233458595870057,0.001906313330552743,-34964.2455115849,0,1
0.03234308480893213,0.001908349234536728,-34964.48549616333,0,7
0.032356428075175726,0.0019031652382847455,-34977.75096328117,5,10
0.03237467068240432,0.0019012741056358422,-34999.83138948008,4,7
0.03238677226277479,0.0019001603355128984,-35014.15809152934,4,7
0.032398718657641996,0.0019007796125406085,-35028.401372013446,2,7
0.03241180730800614,0.0018985738130508321,-35047.19640405246,4,8
0.03242462640313522,0.0019043279824335255,-35065.13020890138,4,9
0.03243775792215862,0.001907213718585913,-35085.10402779016,5,9
0.03244672883094457,0.0019083835465437226,-35092.40269984069,2,8
0.032465693837733955,0.0019084343091057055,-35121.53367374051,8,8
0.0324801350032037,0.0019132340738536194,-35138.67485440295,1,7
0.03249467618773374,0.0019146171946819318,-35156.644080351645,3,8
0.03250990473702016,0.0019131199068549143,-35175.99729787535,3,7
0.03252345930806229,0.0019106046750337743,-35190.62754664551,2,6
0.03253087618293152,0.0019107467272346792,-35183.829173558974,1,6
0.03253987860877989,0.0019138411004218335,-35190.78559024572,3,6
0.032553137642498786,0.0019111628900663313,-35203.57319504029,5,5
0.032563661463542,0.001910086080514388,-35208.25921427479,0,2
0.032574648395647485,0.0019098527277414791,-35214.095751702254,1,1
0.03258548683992271,0.0019107583586887313,-35219.57551654459,0,0
0.032596969217597464,0.001912291459110151,-35226.123233393955,0,0
0.03260871082453152,0.0019144732436438571,-35232.863653303415,0,0
0.032620950531651025,0.001917413162565501,-35239.44781569143,0,1
0.032630581994340664,0.0019205061400865125,-35242.46499699434,0,2
0.03263894811359447,0.0019229033374987968,-35242.07062879294,1,9
0.032653016591428316,0.001924383148058094,-35258.48696863469,4,10
0.03267263191396801,0.0019272511052684427,-35286.72317981679,4,7
0.03268455060874755,0.0019258975197079461,-35301.935768875876,3,7
0.032697009059843817,0.0019279235376919068,-35320.05425932077,3,7
0.03271056324078994,0.0019197940554566333,-35343.24754186066,4,8
0.03272078506699871,0.0019214958266633782,-35352.63668713908,0,8
0.03273232528399323,0.0019287286725157414,-35369.431920745315,4,7
0.03274097010802114,0.001929220019025751,-35380.43309206782,2,8
0.0327579110884083,0.0019229808928977303,-35408.516861338794,7,7
0.03277160427365196,0.0019196563998453466,-35426.357179188104,2,8
0.03278591705699094,0.0019140438393319616,-35444.892059419355,2,8
0.03280172687806478,0.0019060475996886728,-35466.85930158003,3,7
0.032816283430589885,0.001903676436726736,-35485.47747332525,2,7
0.03282492305121023,0.001903695197994557,-35484.695831617726,2,6
0.03283344618008323,0.0019023956307520915,-35490.27939795111,2,7
0.032844134105963645,0.0019046908172106003,-35499.75714794406,4,4
0.03285370544233237,0.0019064886151960892,-35503.549769458834,0,1
0.03286461449591363,0.0019089442357356295,-35509.149219288876,1,1
0.03287540993142786,0.0019113106175123794,-35514.51188838825,0,0
0.03288666233802556,0.0019143446387036044,-35520.66494580355,0,0
0.03289859335966789,0.001918176083650482,-35527.7463090372,0,0
0.032911541161899,0.0019230254696538914,-35535.335115418995,0,0
0.03292083477103735,0.0019266915135699777,-35537.53356755057,0,2
0.03292865251465409,0.0019276862801688465,-35535.796194023525,0,7
0.032939989170972156,0.001930279353033403,-35544.28586522021,1,10
0.03296071148574345,0.001930991705804186,-35574.17918931288,3,8
0.03297095928405998,0.0019308585470210154,-35582.52839479756,0,6
0.032983724796115325,0.00192970983770304,-35601.34349021477,3,10
0.032996860945407935,0.0019324886749675638,-35622.435818616344,4,9
0.03301072284348768,0.0019302953242981982,-35645.39122258156,4,9
0.033024346196327166,0.0019316692459014186,-35668.45373088421,5,8
0.033035189881638186,0.001933403347688181,-35683.454385931575,4,9
0.033054433162014195,0.0019342899135317087,-35715.05695008711,9,9
0.03306997029953737,0.0019348523987739684,-35736.161861953755,4,8
0.033083617237287324,0.0019316897973100503,-35751.90972539981,1,8
0.03309831822356765,0.0019295976087668157,-35770.23502664902,2,8
0.03311355377454986,0.001925538952700199,-35789.55347241936,2,8
0.03312340961531783,0.0019270223100617367,-35793.08464658676,3,8
0.033133280134674904,0.0019295400675616256,-35802.495866786645,5,7
0.03314542685508006,0.0019297551946259696,-35813.621418680596,5,5
0.03315775542245835,0.0019243940111187154,-35821.701044053996,2,2
0.03316827361633339,0.0019207990814615753,-35826.799271110016,1,1
0.03317855845567079,0.0019180902800620184,-35831.34641536417,0,0
0.033189617588455886,0.0019157069317745248,-35837.26805334189,0,0
0.03320132466374075,0.0019137778584278936,-35844.08224955052,0,0
0.033214049151141414,0.0019123704687629489,-35851.4419604784,0,0
0.03322319398249444,0.0019117654680651343,-35853.256694921605,0,3
0.03323148738692485,0.0019127639047821986,-35852.50786242435,1,11
0.03324639735604909,0.0019061015882396077,-35871.82370917434,5,11
0.03326808175022402,0.0019019990943306378,-35904.10175119442,4,7
0.03328022667291853,0.0018989936905407048,-35919.68855628067,2,10
0.03329226087404186,0.0018999599723922478,-35935.999452208795,1,10
0.03330732036779228,0.0019054445040949232,-35965.28449162605,5,9
0.03332041213337842,0.0019092152448584047,-35987.26637664807,2,9
0.03333187082054901,0.0019116656631722208,-36003.94855276319,3,7
0.03334222094228972,0.0019117268693084955,-36020.84097058556,4,9
0.03336229179573387,0.0019078371842050142,-36054.251996914725,10,10
0.033378628136431596,0.0019082516994386879,-36077.183699760484,4,10
0.03339342697871442,0.0019086127618382627,-36095.87985723015,2,9
0.03340920052281932,0.0019093354651487859,-36116.97341734387,3,8
0.03342430434006136,0.001913239460853584,-36136.45431396513,3,9
0.03343645059160216,0.0019114526575668206,-36146.99394219549,6,9
0.033447268201518006,0.001908757536245681,-36157.65488923906,5,9
0.03345985068729063,0.0019145538866394303,-36169.20976060279,5,5
0.033471347489118196,0.0019122204433164249,-36175.55128141391,0,2
0.03348207433620186,0.001908399725089269,-36181.0392531698,1,1
0.0334934184716946,0.001906727779634325,-36187.6570620585,1,1
0.03350453473524894,0.0019079531711877257,-36193.67653437852,0,0
0.03351600736472125,0.0019097549057528632,-36200.141959254375,0,0
0.03352856103953037,0.0019124146507255929,-36207.32421359554,0,1
0.03353848036613699,0.0019129669978834745,-36211.152969367686,0,1
0.033545096969428215,0.0019135522117150413,-36203.89650151551,0,3
0.033554683478974605,0.00191365837479607,-36207.544342010086,1,6
0.033571452430993916,0.001920497692727687,-36228.56886931136,1,9
0.033583712306180076,0.0019183468083128353,-36244.80683573558,4,10
0.03359516542157312,0.0019204288159620365,-36259.1694487908,3,9
0.03360913490510022,0.0019203621012666397,-36286.9477506245,5,9
0.033621381687931065,0.001919691632757594,-36308.90546681207,3,8
0.033633996277986036,0.0019203975685531133,-36333.25123525738,5,10
0.03364705793265952,0.0019141384504557997,-36361.100943316495,8,11
0.03366698697555008,0.0019099220872870997,-36394.10434809338,11,11
0.03368421316828336,0.0019124444600138615,-36419.516953451806,7,10
0.03369825264958764,0.0019145116318092757,-36435.802378801374,0,7
0.03371494714432865,0.0019154030624118927,-36459.59721381355,5,9
0.033731600763875005,0.001910293715125888,-36481.1138748507,1,8
0.03373935234034814,0.0019089588444642326,-36478.031624136056,1,8
0.03375041571698991,0.001910737635032567,-36491.47905663123,5,9
0.03376177338099592,0.0019066216834914371,-36501.230162963424,4,4
0.03377420176149019,0.0019076176381468998,-36510.09475653697,3,3
0.033784671991470776,0.0019085968083949784,-36515.054600380674,0,1
0.033795552337481,0.0019100881802138132,-36520.8372830686,0,0
0.03380668927056704,0.0019121607986658836,-36527.07990839462,0,0
0.03381830261836851,0.001914909293841526,-36533.926675726085,0,0
0.033830824376014916,0.0019185802555841392,-36541.18732334906,0,0
0.03384021503995452,0.0019217176028147567,-36543.804819248224,0,0
0.03384615553918582,0.001923778317987046,-36532.800657352505,0,2
0.03385403782329301,0.00192660537798442,-36530.246539086205,0,5
0.03387053899978217,0.001928254773726897,-36553.31433326943,3,9
0.03388264580326262,0.001931506956772371,-36568.541827482644,4,10
0.033895140560731354,0.0019324992623819752,-36586.345117596866,3,10
0.03390884005500285,0.0019298514604960222,-36610.38761276337,3,7
0.033923559404567996,0.0019289025058862586,-36639.0103250098,4,10
0.033937172628779995,0.0019340394376181566,-36663.90209834333,4,10
0.03394955061900355,0.001940001620942873,-36685.41303424532,5,11
0.03396870122004513,0.0019374632077751772,-36715.70963763511,9,9
0.03398390670938902,0.0019324569849395522,-36735.12559396024,3,9
0.03399929858312302,0.0019306963336873089,-36755.414568805776,5,9
0.03401349391987597,0.0019312850319862355,-36772.14293943972,2,7
0.034026111103157786,0.001929118479812353,-36784.63883140114,0,7
0.034037602434953,0.0019273031534130518,-36793.9038629568,5,8
0.03404576388024811,0.001927347439777689,-36799.34692316546,2,6
0.034055829693735606,0.001925654529862997,-36807.37819349444,3,3
0.03406663820263929,0.001928562009952047,-36813.02108425576,1,1
0.03407669526211608,0.0019288838934041746,-36817.19215955234,0,0
0.0340872905584322,0.0019297014526820128,-36822.41018049891,0,0
0.03409839882459689,0.001931094118696548,-36828.51587859435,0,0
0.034109900984937255,0.001933114444555559,-36835.147031168446,0,0
0.03412277261982333,0.0019360886096409168,-36842.880084765944,0,1
0.03413156824530084,0.0019391491601411202,-36843.975153027604,0,2
0.034140768060070686,0.0019405763746179747,-36846.1210933021,0,9
0.034153639959547843,0.00194173043172989,-36858.011541014275,1,11
0.03417490050052239,0.0019359817074809643,-36890.007289699526,4,9
0.034184965203702115,0.0019336117660041707,-36897.162383332725,2,8
0.034197020027492434,0.0019294412046689385,-36914.53772818298,3,8
0.03420939674602059,0.0019326338795861316,-36934.142434769616,3,8
0.03422235315905139,0.0019311277506519242,-36957.23111722367,4,7
0.034234867429025886,0.0019293444924891588,-36979.26307624424,4,8
0.034244548541842126,0.0019293190768771631,-36992.122689177464,3,9
0.0342643228098387,0.0019342243639534306,-37023.54583137745,9,9
0.034280548594251004,0.0019359023475888147,-37045.78717487433,5,9
0.03429453086154184,0.001936874239950977,-37061.98461450178,2,9
0.034309874449701995,0.00193513681823335,-37081.747994455734,4,8
0.03432553509425603,0.0019377839753274902,-37102.466882818706,5,9
0.034334714326116615,0.0019431624659772293,-37105.97305552717,1,8
0.03434294546482076,0.0019430181577391064,-37112.00677556353,2,6
0.03435405327683525,0.0019432756988976869,-37120.90233778103,3,3
0.03436469522348558,0.0019390682518086691,-37125.79730921518,0,1
0.03437423880089259,0.0019377077814104488,-37128.97013648287,0,0
0.03438484481901542,0.00193666285547157,-37134.12231196528,0,0
0.034395841041052276,0.001936103077526822,-37139.93828956194,0,0
0.03440732083063446,0.0019360892799284166,-37146.435514256686,0,0
0.034420393655008354,0.0019367787904093377,-37154.30159192483,0,0
0.034429142111469205,0.0019376938641863454,-37155.216704617575,0,1
0.03443762327555539,0.001938224160626403,-37155.35579819622,0,9
0.034452200595542756,0.001936521965339437,-37172.23681580792,6,10
0.034470734036172256,0.0019370228463448753,-37196.05384805714,4,7
0.034479584205383135,0.0019366620914397464,-37198.24797749321,0,7
0.034492049826980516,0.0019355070924592897,-37215.45855710015,3,7
0.03450485976629482,0.0019375719844392223,-37234.74051643805,2,8
0.034519232222680246,0.0019401188004430955,-37260.359564653816,5,9
0.03453265445720505,0.0019429323375286956,-37283.023203893994,5,10
0.0345437158273094,0.001947179131253032,-37298.80270735687,4,10
0.03456323903818766,0.001941728638543418,-37329.30426193701,9,9
0.03457888307687407,0.0019369380889341392,-37349.419752091744,2,9
0.03459313468181595,0.0019334361946860468,-37366.45297119151,2,8
0.03460863032690616,0.001930692853180379,-37386.825602425015,4,9
0.03462378567521755,0.0019305970595296033,-37406.21892625297,4,9
0.034633225687553414,0.0019307847932198855,-37408.042687006324,3,7
0.03464335965650964,0.0019323731584089435,-37418.18992666871,6,7
0.03465726249031703,0.0019350369141650139,-37431.642613857075,5,5
0.03466806763963539,0.0019359919035437543,-37436.832970181276,0,2
0.03467822280719242,0.0019381281585545828,-37441.17932381351,0,0
0.03468906448134628,0.0019409000276322556,-37446.79129590037,0,0
0.03470022748629613,0.0019442904726139935,-37452.93402435649,0,0
0.03471168541235294,0.0019483281144202322,-37459.3386597643,0,0
0.03472387309101608,0.0019532538714076525,-37465.962562078625,0,1
0.03473384177507419,0.0019570490738364484,-37470.167802571494,1,2
0.03474108958789978,0.0019603343608301446,-37465.90827230021,0,9
0.03475402655865863,0.001962082641995502,-37481.035568647414,4,9
0.034774597230956036,0.001955999142159179,-37513.082388279865,2,7
0.03478532316945648,0.001960010179267872,-37523.053450257685,2,7
0.034794763930759906,0.0019618317972457232,-37528.46200947825,0,7
0.03480977235866553,0.0019633556799122562,-37557.89207261659,4,9
0.034823619436774145,0.0019628233634549183,-37583.28856615758,3,9
0.03483533137045209,0.0019632467093763976,-37601.10137447738,1,8
0.03484516783049021,0.0019688713716556287,-37614.75313049758,2,9
0.03486411333329995,0.0019680821744738355,-37645.46417513675,8,8
0.03487875893755444,0.0019657141530890357,-37663.72827046249,0,9
0.03489406128287681,0.001966170897317523,-37684.26516487476,3,9
0.03490909812825321,0.0019678785162908635,-37703.75109618985,2,8
0.034924728886477296,0.0019737185632745283,-37724.9909775468,4,8
0.03493346866835542,0.0019756381192330293,-37723.65703857002,3,7
0.03494230957924637,0.001974144317360962,-37731.234647275145,4,6
0.0349521942713654,0.001972528502309019,-37740.10695540278,4,4
0.03496118683237477,0.001972453699774459,-37743.58787302382,0,1
0.034972209026516154,0.001972138733929452,-37749.087340118116,0,1
0.03498322873593966,0.0019728538044842332,-37754.87054735281,0,0
0.03499456168624886,0.0019741327520056743,-37761.21251975208,0,0
0.03500636555133237,0.0019760555317226824,-37768.17257495582,0,0
0.03501936393254469,0.0019788751843018222,-37775.89998370014,0,0
0.03502866851174302,0.0019812620227883868,-37778.14710846968,0,2
0.03503473404083823,0.0019818943399500123,-37767.62083868109,0,7
0.035048514571626124,0.001974379760871576,-37784.32387116583,4,11
0.0350696479720554,0.0019725353291746243,-37817.14813437942,6,8
0.03508060846664804,0.0019730655403321588,-37827.960232430654,2,6
0.03509320505026328,0.0019748302474926586,-37845.793087297825,3,9
0.03510685912845247,0.001976683051302021,-37868.26275469403,3,9
0.035120909920893,0.0019832488810217737,-37892.48714903644,3,9
0.03513297402989543,0.001987548357636124,-37909.70213226498,3,8
0.03514292685458841,0.0019866178771984536,-37922.41928151774,3,9
0.0351629066683256,0.0019838207583435267,-37955.514857346505,10,10
0.03517853904433687,0.0019863198021748646,-37976.58164991783,4,8
0.03519201489648662,0.0019865318572279164,-37991.60388276436,0,7
0.035207037689122096,0.0019850980482420126,-38010.529171646944,2,8
0.03522312816758352,0.001986878286486356,-38032.66882313871,6,7
0.035231246526262694,0.001993501627897283,-38030.355267207684,2,7
0.035239913965450495,0.0019968516812768422,-38036.747261980134,3,7
0.035251876142244815,0.001996479649185796,-38047.10507001995,4,4
0.03526313719568006,0.001992142491061059,-38053.45662805318,2,2
0.03527378815873566,0.001989480283065388,-38058.40533203857,0,1
0.035284603183810014,0.0019868093056214214,-38063.73836170729,0,0
0.035295703671735526,0.001984588891081159,-38069.552720634594,0,0
0.03530733302824287,0.001982831021143476,-38076.03994564992,0,0
0.035320017112957985,0.001981576994459468,-38083.12247355467,0,0
0.03532915377638187,0.0019809339513565203,-38084.89617105198,0,3
0.03533756137649871,0.001981175049403939,-38084.14602595601,2,8
0.035350822621089135,0.0019797403979786715,-38098.53247405182,5,11
0.03537194114836932,0.0019833552205579556,-38128.40639648889,4,7
0.03538414028048015,0.0019869279509062516,-38143.6443708964,4,9
0.03539827962344099,0.0019845343520454826,-38166.77325192267,6,10
0.03541232710488158,0.00198695865938795,-38190.115582161234,5,10
0.03542636605934412,0.0019833269719103457,-38214.44852836133,5,9
0.03543790037085496,0.001979739056571038,-38230.785397942986,1,7
0.03544767384684599,0.0019763692908990878,-38243.1203808783,2,9
0.03546771557552453,0.0019710844468852837,-38275.92768369115,10,10
0.03548374293961476,0.0019704413566668023,-38297.562905083585,4,9
0.035498715546872596,0.0019758680655616134,-38316.580206466795,3,9
0.0355136206191402,0.001981304801921391,-38335.08739358814,2,8
0.03552919016286154,0.0019835757579397127,-38355.3964870484,4,9
0.03553902079526565,0.0019824730292344306,-38360.43272989573,2,9
0.03554955342670242,0.0019795528543248226,-38371.89489635821,4,8
0.035562264071497644,0.0019777358703779806,-38383.60752162177,5,5
0.03557306452676578,0.0019768673257260765,-38388.90282794121,1,2
0.0355837687372864,0.0019744057470756525,-38393.835024243235,0,1
0.03559478558776669,0.0019710438011527396,-38399.363315961135,0,1
0.03560610222692305,0.0019687349515646576,-38405.382383323704,0,0
0.03561793195321326,0.0019668869704690933,-38412.06073019182,0,0
0.03563076463995002,0.0019655966782685867,-38419.23166833364,0,0
0.03564022499145927,0.0019650211655215842,-38421.82067737769,0,0
0.0356470252558674,0.001964887149553643,-38416.740706113356,0,2
0.03565639019541571,0.0019625383465173524,-38419.43044220386,0,5
0.03567059554954641,0.001964076435664779,-38432.4207652847,1,9
0.035684324269158754,0.0019746297502500343,-38453.356665158484,6,10
0.03569709824931045,0.0019774004216457277,-38471.38934548141,3,9
0.035711195166601345,0.0019771995044033774,-38495.18807762926,3,9
0.03572504666263642,0.001979054875415098,-38517.71149653118,2,8
0.03573877897419154,0.001976819251427168,-38540.51081647075,3,11
0.03574962785185045,0.001979875089688066,-38554.61681835797,4,9
0.035770283195724416,0.001981072937999021,-38588.90204780269,11,11
0.035785989381758594,0.0019781475758502694,-38609.47372848351,4,10
0.03580110280002108,0.001976051116851474,-38628.85874707424,5,7
0.03581583611761634,0.0019736862155550284,-38647.05552013676,4,9
0.035829565745541476,0.001968337385321938,-38662.17632746804,2,8
0.035840761001766475,0.001967378212354908,-38671.33415831039,2,7
0.0358497574099292,0.0019652010493161833,-38678.266396708445,1,8
0.0358610686343995,0.001963247372241963,-38687.625114999435,4,4
0.03587213256560705,0.0019608789788834744,-38693.697039186896,2,2
0.03588292159939581,0.001958613123687319,-38698.67600841975,0,2
0.03589382876395981,0.001955294754214799,-38703.97244052697,0,1
0.03590531906287974,0.0019533407218274013,-38710.214115164374,0,0
0.035917328609997655,0.001951887730935821,-38717.13701261106,0,0
0.03593035173016858,0.001951042560405159,-38724.567048870165,0,1
0.0359400491709932,0.0019525050040370623,-38727.76930694874,0,1
0.035947963858007526,0.0019538493715750937,-38726.46313015766,0,3
0.035957778587990444,0.001954932812438704,-38730.590980418136,1,6
0.03597359482600448,0.001957535438519889,-38747.33952245058,1,7
0.035985156266454606,0.001957121606732351,-38760.28812036406,2,10
0.035999439882363864,0.0019574373843934327,-38785.089329698756,4,11
0.03601301803812595,0.0019574990111366924,-38807.94505743899,3,9
0.036028293594625664,0.0019562737988662636,-38837.521113658644,6,10
0.03604165647393526,0.0019562531417883773,-38860.878689659236,5,10
0.03605148162199448,0.0019569873840105034,-38874.35810298535,3,8
0.036071956267212754,0.001959062816178805,-38908.752915951845,10,10
0.03608655003354744,0.001954483042955759,-38926.608813879946,2,9
0.03610108025921057,0.0019595411887169136,-38945.0240156321,4,9
0.0361142188112046,0.0019581750400030655,-38959.30200688471,1,7
0.03612875474034402,0.0019559698114515133,-38977.01000354071,3,8
0.03614102841520131,0.00196029140526925,-38989.86170561029,4,9
0.03614991774949254,0.0019577513440734405,-38997.502858688764,3,7
0.03616353320346004,0.0019576102438103823,-39010.42321025302,5,5
0.036174562247830125,0.001958032085131977,-39015.75844309813,0,2
0.03618498123781827,0.0019605209942925076,-39020.29293436343,0,1
0.036195585536208184,0.001962416850332265,-39025.172781756664,0,1
0.03620666066043119,0.001963741630314057,-39030.83736757556,0,0
0.03621838511922576,0.001965759582440487,-39037.42400063806,0,0
0.03623150473617452,0.00196867070448109,-39045.02638330145,0,0
0.03624052966005795,0.0019712274118232043,-39046.6137744714,0,1
0.03624960201914637,0.0019742100937644447,-39048.33289200391,0,1
0.036258728601328866,0.0019766451133415796,-39050.2198476854,0,4
0.03627089066478396,0.001977161574321541,-39058.19351154716,1,7
0.036280889713865894,0.0019764648913322483,-39064.22071651716,2,8
0.03629222565098272,0.0019747088586773084,-39076.89385746942,1,8
0.03630615630448372,0.0019754255963996773,-39100.28467498026,4,7
0.036318968177192504,0.001975426331481276,-39119.56134907878,2,9
0.03633305798221857,0.0019764091824645887,-39143.206827578564,3,9
0.03634317884301636,0.0019759472061593804,-39154.48522172395,2,9
0.036362666089600613,0.001973492122005945,-39185.464129886604,9,9
0.036377677727315066,0.0019698087776645994,-39204.15961625579,2,8
0.03639291673141034,0.001970994864968721,-39223.61264909987,3,10
0.036407007336959674,0.001975023922922816,-39239.67580970304,1,9
0.036422530959029815,0.001973750786719425,-39259.24797497245,3,9
0.03643257335747292,0.001971929747116607,-39265.08445306295,1,7
0.03644059502840947,0.001971222967288773,-39270.42927477008,1,6
0.03645313113816358,0.001973509459876503,-39282.5349237887,5,5
0.03646389960251265,0.0019721027944174926,-39288.35159458547,2,2
0.0364743890057328,0.001972518133148334,-39293.01685701257,1,1
0.036484650027046074,0.0019741221485890916,-39297.257998242785,0,0
0.036495766591593544,0.001976379253786994,-39302.91572940802,0,0
0.03650771061616555,0.00197939817276031,-39309.737329179276,0,0
0.03652129139085563,0.0019835757686918944,-39317.80466902871,0,0
0.03653000442833276,0.0019864866048890976,-39318.63092766032,0,2
0.03654008319202918,0.001989235693520549,-39323.05333649644,2,5
0.03655054017720122,0.0019903123022768188,-39328.23496131336,1,8
0.03656731794583082,0.0019962506870284673,-39348.69768801153,6,9
0.036579961359865326,0.0019926798278058285,-39365.20631017692,5,9
0.03659339935797619,0.0019957848028267916,-39385.12149229084,5,8
0.036606875830516555,0.0019940086406798957,-39405.58639096694,4,9
0.0366209813527361,0.001991727456660086,-39428.64937896652,5,7
0.03663198243476532,0.0019923806376537976,-39440.352288811366,1,8
0.03664161327118986,0.0019914527576854147,-39449.56990421672,3,8
0.036661059623411776,0.0019951563310417657,-39480.27324755401,8,8
0.03667624901804321,0.001998543565436787,-39500.05655337365,3,8
0.03668899720043414,0.001998759898615404,-39513.51325315273,1,8
0.036704694127630715,0.001998220403416407,-39534.524700594964,4,8
0.0367200507008181,0.0019993568757902726,-39554.2573452224,3,8
0.03672796239657535,0.0019995804312744466,-39551.94507473804,2,5
0.0367352015487341,0.0019986615335157937,-39555.85465872784,1,6
0.0367457487631331,0.001996316542929168,-39564.59659434959,4,4
0.036756551293777445,0.001996868579047876,-39569.95096380107,1,1
0.036767099927890165,0.001995802566371856,-39574.67690375643,0,1
0.03677790495924002,0.0019938103812974887,-39579.939481876434,0,0
0.03678903820357535,0.0019922920572126405,-39585.7473306362,0,0
0.03680065993974138,0.0019912678934442198,-39592.174841589214,0,0
0.03681339022731753,0.0019907799132968234,-39599.29120304153,0,1
0.0368230159952458,0.0019908294423520833,-39602.263160531096,0,2
0.036832374874207395,0.0019898640532303746,-39604.95168773875,1,6
0.03684480215381158,0.0019894673736664975,-39616.239098353835,4,8
0.03686130196548726,0.0019972172756473412,-39634.436067347495,2,8
0.03687506145204966,0.001999876535017618,-39655.81045575469,5,9
0.03688813478657864,0.0019972712866670925,-39675.38218023114,4,9
0.03690254701473793,0.0020009227321152075,-39700.87202279188,4,9
0.0369172070951294,0.002002980571811534,-39727.986537575925,5,9
0.03692965267246308,0.0020032997885013294,-39745.93634216086,3,8
0.03694073062720473,0.0020019270318592363,-39759.095486530954,4,10
0.036957192311789,0.0019992973458732195,-39789.71314235316,8,8
0.036969351720241,0.0020015247457541565,-39806.152165813946,2,8
0.03698209810676036,0.0020015468331494694,-39822.899974293294,2,7
0.03699688871165218,0.002000544403816976,-39844.30893577921,4,8
0.037013281259771186,0.0019991618211007327,-39868.617199681794,4,8
0.03702252669977555,0.001999668034553459,-39872.5217537676,2,6
0.037031049112213416,0.001999659067338259,-39880.56405265142,2,7
0.037042469247183206,0.001996425916853374,-39891.814742181305,5,5
0.03705130358125463,0.0019963694397036034,-39895.579448640805,0,2
0.037061873558920704,0.001996272304184238,-39900.281582628246,0,1
0.037072555098485754,0.0019967260330693536,-39905.33437264006,0,0
0.03708402834825855,0.0019977692299888816,-39911.71433820844,0,0
0.03709627243761976,0.00199950586398954,-39919.158917619854,0,0
0.03710966210948128,0.00200211451051497,-39927.22351451505,0,0
0.03711886866078291,0.002004570761967,-39929.16939758392,0,3
0.03712822315119658,0.0020076872179603184,-39931.76489107944,1,7
0.03714109307240756,0.002007448478878136,-39944.27903481666,4,8
0.03715849780262936,0.002011478912739729,-39964.501446966315,2,7
0.03717017350233942,0.0020144495617570144,-39977.63289292786,1,8
0.03718275667304188,0.0020144279813528888,-39995.7546594826,2,9
0.037196926326287016,0.0020160670633557463,-40020.74949363884,3,9
0.03721027992476837,0.0020150519284982205,-40042.81256478174,3,7
0.0372223625772161,0.0020151484492820725,-40059.339964745224,3,8
0.037232613204292615,0.002015518422116603,-40071.148053056364,3,9
0.03724975029180431,0.0020169838398470573,-40101.785523817154,8,8
0.03726377052819172,0.00201722075826762,-40121.753251856746,2,9
0.03727774842860403,0.0020119936873503365,-40140.799695816735,3,9
0.03729301627926855,0.002013979549234927,-40161.43774984634,2,8
0.037309569079609334,0.0020173496912778183,-40184.61673401287,2,8
0.03731919860218954,0.0020206433075755496,-40189.7821076728,1,8
0.03732727696195305,0.002024534819488846,-40195.159641139275,1,6
0.03733632886378779,0.002025029522476699,-40202.82272884974,4,4
0.03734576768076425,0.0020243641949446453,-40207.02398735345,1,1
0.03735623179664829,0.0020228295796944494,-40211.537789537586,0,0
0.03736693786257785,0.002021731907291483,-40216.69570656064,0,0
0.037378150247932146,0.0020210999811287856,-40222.70328894487,0,0
0.03739002691910831,0.00202100707893465,-40229.64374835452,0,0
0.03740321703217211,0.002021581331631761,-40237.50066466698,0,1
0.037413357056529185,0.0020214894626529797,-40242.00982029834,1,1
0.03742234197559479,0.002021907568822819,-40243.59413906445,1,6
0.03743303236049076,0.0020195859974046723,-40249.92882828787,2,9
0.03745127033050549,0.0020185626421993287,-40272.35074421005,2,9
0.0374654257735835,0.00201968929165926,-40295.60534098058,6,8
0.037478572962252966,0.0020186999201289063,-40315.31532224831,5,7
0.037491608909239374,0.002017065443845816,-40335.08353647247,3,8
0.037503992642649676,0.002015450927224879,-40353.121905335924,0,7
0.037516194066354036,0.0020113568412159083,-40370.21561088639,2,8
0.03752632522497529,0.0020052481374914282,-40380.621675159084,3,10
0.03754431873957692,0.0020067290770172355,-40412.425874656976,9,9
0.03755719354299393,0.0020071857733255415,-40428.990560653605,3,8
0.037569185585611196,0.0020127681836726433,-40441.8762892224,0,6
0.037584451076127345,0.0020112128197275806,-40463.55873158383,4,8
0.037599413737378046,0.0020106036254904382,-40483.08719342423,3,9
0.03761119622696872,0.0020111634903570235,-40494.612965681634,4,8
0.0376200882510287,0.0020121530509162253,-40502.352598086545,2,7
0.03763014399208841,0.0020127244590288657,-40511.773682753905,5,5
0.03764022926170558,0.0020149364132700646,-40517.3309155608,2,2
0.03765124497717466,0.0020170674465376684,-40522.90801548534,1,1
0.03766181432649649,0.0020193546148681496,-40527.76526459969,0,0
0.03767311138901436,0.00202233690319488,-40533.83749589392,0,0
0.03768531410151974,0.00202616108037593,-40541.17012225778,0,0
0.03769863755511677,0.00203102275873895,-40549.095443890816,0,0
0.037707911796177704,0.002035112893745221,-40551.25315635466,0,1
0.03771602685286483,0.0020385919940596638,-40550.47212842721,0,6
0.03772691386922362,0.002039399775491816,-40557.117735687556,1,8
0.03774467005428735,0.0020342418427045966,-40579.551692118446,4,9
0.037760088181088156,0.002031725894778068,-40606.94349168897,7,8
0.037772816716901206,0.002035405567457955,-40624.65633356264,3,9
0.037787527257854864,0.002040382210609316,-40650.880241216895,5,10
0.03780049526156564,0.002042902002649093,-40670.31258894172,3,9
0.03781274383741044,0.0020426038189549113,-40687.31968857946,1,8
0.03782561855354485,0.0020410044331193055,-40708.24360861775,5,11
0.03784485560540448,0.0020387937352640694,-40745.121576755475,11,11
0.037860188607781675,0.002034448565654737,-40770.09161122588,6,10
0.03787185025076965,0.0020365158180177243,-40784.7471084765,3,8
0.03788425827804037,0.002038992877566501,-40800.97066635659,2,7
0.03790075300556779,0.002034347954256891,-40825.642733339,5,8
0.03791113228069707,0.0020322587781711203,-40833.82687786034,2,7
0.03792062561530689,0.00203263454412525,-40844.265539987304,3,8
0.037933479028070156,0.0020352825990193222,-40857.62389850847,6,6
0.03794379367543276,0.0020350797841801106,-40862.556388781886,0,2
0.03795512508221205,0.002038263218065477,-40868.79472926503,1,2
0.03796605166898149,0.0020414719348565685,-40874.286958176766,0,1
0.03797784565333418,0.002045170176396614,-40881.4544527401,1,1
0.03798984575341525,0.002050313532555546,-40888.5720434911,0,0
0.03800326472718165,0.0020567526228723737,-40896.791323244746,0,1
0.038012913308546524,0.0020607212796259072,-40899.924083556056,0,1
0.038021756779669326,0.0020641316422100446,-40901.22010280526,0,3
0.03803151830268967,0.0020661609678870154,-40905.0926368571,1,7
0.03804753910757543,0.0020658320938504956,-40921.1714357027,0,8
0.03806121220696121,0.00206562267738951,-40942.08983866633,4,10
0.03807813594290463,0.0020623081222561224,-40977.445529840785,9,11
0.038093579209816236,0.0020712476971943513,-41007.32255608549,6,9
0.03810973548363629,0.0020686643942119365,-41041.12399755151,6,10
0.038122895560385214,0.0020720869908997614,-41063.56273913864,3,9
0.03813136975756305,0.0020729203480073866,-41065.05880402007,2,9
0.03814789348848788,0.002073999347506562,-41099.3968915935,9,9
0.03816025776439343,0.0020808865411894627,-41120.56069177166,6,9
0.03817255924269738,0.00208016045877786,-41143.64687449769,9,9
0.038186669002121185,0.002074153208833987,-41167.31846376953,7,7
0.03820322022316567,0.0020719744564197777,-41192.908037290654,7,8
0.03821491374938554,0.0020713915872763657,-41205.15978214049,4,9
0.03822341933451096,0.0020713782081435836,-41212.2126807597,2,6
0.03823397352103254,0.0020680009800172826,-41223.63602630983,6,6
0.03824304178488164,0.002068014973399894,-41229.01395411372,2,2
0.038253622019974405,0.0020694771094686,-41233.96798871886,1,1
0.038264736016403865,0.002071600287087052,-41239.89592483931,1,1
0.03827587159834598,0.0020737895972448655,-41245.7200648205,0,0
0.03828828234160115,0.0020768225833010146,-41253.427567918065,0,0
0.03830253289213843,0.002081087563908978,-41262.594508329756,0,0
0.03831177953899033,0.0020844409994698076,-41264.696435705475,0,1
0.03832068758504037,0.002087299126926674,-41265.985292253135,0,3
0.038330919641581904,0.0020887391577276947,-41270.81348925903,1,4
0.038343477451766035,0.0020876732002698497,-41280.44859993711,2,7
0.038354397014821344,0.0020869531054264713,-41290.104781153444,1,9
0.03836914260725705,0.0020854031454590055,-41316.13228992646,4,8
0.03838252399541788,0.0020838128067501415,-41337.66821586073,3,8
0.03839729923427176,0.0020908648226821125,-41364.35346884421,5,10
0.038410281246355475,0.002094287242921689,-41385.14423258849,5,9
0.03841946321669199,0.0020965946245902374,-41392.202444265546,3,9
0.0384390475993785,0.002093242501364901,-41428.555141147874,9,9
0.0384526665038932,0.0020936133022901853,-41447.58898761836,5,9
0.0384661712560729,0.0020971851716751126,-41467.985947980065,5,9
0.038481094177688725,0.0020996716209197575,-41489.237348391594,3,9
0.03849659222748255,0.0020988465808190163,-41510.229653455404,1,9
0.03850725289126389,0.002096070124455173,-41519.45220387646,2,8
0.03851581614351803,0.0020942503213982294,-41527.93218234073,3,6
0.03852488084807592,0.0020954539298393693,-41537.04801027584,5,5
0.03853307345513239,0.002101516373046675,-41542.27401020969,2,2
0.03854281131622247,0.0021057657069918252,-41546.41905147713,1,1
0.03855311719709108,0.0021096047526119543,-41550.5752968111,0,0
0.03856425811311308,0.0021142492718582455,-41556.25312477903,0,0
0.03857702663317631,0.0021201793475504275,-41564.235338889805,0,0
0.03859199539988452,0.002127937792969443,-41573.98985564415,0,0
0.03860098164840669,0.002132959182273592,-41575.46847935728,0,2
0.03861069980076079,0.002135275950207038,-41578.80773338464,1,6
0.03862201899245904,0.002134113941814808,-41586.287894248446,2,9
0.03864007163085246,0.0021278850017728093,-41608.79358321832,5,9
0.03865484711010042,0.0021236101572951176,-41633.19734526752,7,10
0.038669778613122464,0.0021215417819985334,-41658.62585342911,7,10
0.038684062809644384,0.0021177068668515172,-41682.0151716356,5,9
0.038697467913364064,0.0021138219244119984,-41702.63885651989,3,7
0.03871064478202292,0.002110404797968867,-41722.53984036317,4,8
0.038718489690216636,0.0021114489046781602,-41722.332673178804,1,8
0.038736041854607085,0.00211144794057295,-41751.46383006732,8,8
0.038750059887660754,0.0021105420966579243,-41770.600229045456,5,8
0.038763657169799993,0.002111943863889864,-41789.10854170591,4,8
0.03877797241580918,0.0021116005629825425,-41808.58237805137,3,8
0.03879471952891536,0.0021158280429739986,-41831.38146560936,1,8
0.03880197984511471,0.0021170319562811356,-41827.871201671674,0,5
0.03881013596737508,0.002116319071561968,-41834.429903714656,3,6
0.03882033228747588,0.002117629050225846,-41843.44410017125,4,4
0.03883085270723671,0.0021202071114438353,-41848.67154477958,1,1
0.038841249125884984,0.002121229427770718,-41853.3896453243,1,1
0.038851880250729734,0.002123278221009274,-41858.445205647455,0,0
0.0388630150345639,0.002125905142905565,-41864.36476248302,0,0
0.03887502915381827,0.0021292947140984955,-41871.54775592423,0,0
0.03888826201960975,0.002133694370932511,-41879.48444034642,0,0
0.03889761543162921,0.0021372617532477833,-41881.794612730366,0,2
0.03890654136772357,0.0021389624889374885,-41883.03032889512,0,6
0.038917682341065116,0.0021397298596670285,-41890.77926693042,1,8
0.03893546063810485,0.002142261920109529,-41913.641184520995,3,8
0.03895032997307471,0.002140637509501149,-41939.82226344989,4,9
0.0389664395578179,0.002139160241144093,-41973.902162936414,6,10
0.03898247184102655,0.0021374385600705726,-42010.388109045656,5,9
0.038999383491623456,0.002141960917925101,-42050.98091501834,3,9
0.039010581885264656,0.00214258996480073,-42069.82069230414,0,8
0.039020217699060014,0.002143579871325062,-42076.5826982094,2,10
0.03903501085079963,0.0021425047404430822,-42118.50535278867,7,8
0.039044898582401094,0.0021403451039838516,-42138.09951266709,3,8
0.0390567272683497,0.0021410515474617644,-42164.437021834834,7,7
0.039070087829645814,0.0021407072480002193,-42192.70145729085,8,8
0.039087313630055395,0.0021379080591282275,-42227.27099461312,8,8
0.03909677327793458,0.002134880853768282,-42233.586513586255,2,6
0.03910601439485192,0.002136690171160344,-42246.254587413074,6,6
0.039114815577926974,0.002134397161502981,-42255.515960811856,5,5
0.03912207543489945,0.0021331084737108773,-42258.827171278164,0,2
0.03913314715061816,0.002128867562584181,-42264.7423143054,1,1
0.03914411296051709,0.0021256683921852867,-42270.26549481011,0,0
0.03915543582815541,0.002122855843003564,-42276.47070742436,0,0
0.03916759164094952,0.0021204074381853803,-42283.874507573164,0,0
0.03918130828236472,0.002118363682025813,-42292.445455680754,0,0
0.03919064414093848,0.002117304931336635,-42294.72971863634,0,2
0.03919919038084054,0.0021182181777640117,-42295.06463581229,0,7
0.039211583877636395,0.0021180977887373677,-42306.158597743175,3,9
0.039230138118975647,0.0021129877450141864,-42330.297946197476,4,7
0.03924043892880688,0.002112354417109279,-42338.472286476535,0,8
0.03925607690545379,0.0021140899082915427,-42368.26853184181,6,9
0.03927139669395782,0.0021152793678967862,-42396.97909486767,5,9
0.03928386354017494,0.002117636662900463,-42415.0100272534,1,7
0.039295880678027896,0.0021188047127323104,-42431.20651138851,3,9
0.03930609152009288,0.0021254667024435503,-42442.218986377324,4,9
0.03932593217785837,0.002123125886492876,-42480.010287621844,9,9
0.039338317333294424,0.002124671607939398,-42495.55665869183,4,9
0.03935040361023659,0.0021232701568164648,-42512.37418904008,5,9
0.03936504585646743,0.0021262589258982936,-42534.73584638061,8,8
0.03938002505844397,0.0021210314699208976,-42556.521641793785,6,8
0.03939202300920888,0.0021217144007272446,-42570.206714682216,4,8
0.03939953153222389,0.002121368197045938,-42574.655708587205,1,6
0.03940827963805817,0.002117496099279456,-42582.85377148938,4,4
0.03941785065806429,0.0021173535072398033,-42588.33269224135,1,2
0.03942821347076155,0.0021186637837233096,-42592.69164093056,0,0
0.03943898737126087,0.002120483384568818,-42597.96144529543,0,0
0.0394501724051187,0.0021228671970055,-42603.93442738237,0,0
0.039462107388003195,0.0021259667700177687,-42610.97155938136,0,0
0.0394752770861489,0.0021300660047603687,-42618.81984559998,0,1
0.0394849506113075,0.0021349927707712568,-42622.00581152881,0,1
0.03949345854023554,0.0021386356651055226,-42622.25326943367,0,7
0.039505825343845766,0.0021401736629171942,-42633.4838813629,3,9
0.039523839928961094,0.002136398781586349,-42656.391332493804,3,9
0.039535270596821284,0.0021337998004405576,-42669.015874294586,1,8
0.03954799726646681,0.0021329311031911763,-42687.871532369994,2,8
0.039561694147743326,0.0021316386694557963,-42710.75926869634,3,8
0.039573778305130924,0.002129076686949349,-42727.820722806595,2,8
0.03958686302117144,0.0021302013872454106,-42751.11391837025,5,8
0.03959766539565915,0.0021269573350241083,-42767.68694390941,4,10
0.03961715003251985,0.002120720961793454,-42800.77436535322,10,10
0.03963165428435281,0.0021198669911160232,-42819.33530991392,3,8
0.03964479645368957,0.002120046200125291,-42834.40544727077,2,6
0.03966016241043972,0.0021241252526410146,-42854.97902727398,3,8
0.03967713580223798,0.00212314482549589,-42879.71960914332,6,9
0.0396865584726872,0.0021221009558472425,-42883.80389733191,2,8
0.03969457080081598,0.0021214154030770116,-42889.09453716837,2,7
0.03970623486701648,0.0021265570005360845,-42900.14176683082,5,5
0.03971669687449905,0.00212899290262016,-42905.7326552235,2,2
0.039727294076282636,0.002131370469294083,-42910.62511025369,1,1
0.03973785380384379,0.002135563367177907,-42915.42082651139,0,0
0.03974937835587798,0.0021406289880432747,-42921.77692919875,0,0
0.03976171181639219,0.002146620759679434,-42929.1911665122,0,0
0.0397747683172268,0.00215362065583566,-42936.69204634697,0,0
0.0397839865557508,0.002158879750829752,-42938.65039858431,0,3
0.03979282108702099,0.0021605398348272633,-42939.780088148334,0,6
0.03980424049813974,0.0021624760308402726,-42948.22970035745,1,9
0.0398233138727261,0.0021599808404153815,-42973.393388273274,3,8
0.03983472141551548,0.0021587024889368274,-42986.0475506046,1,8
0.039848426176211135,0.002156170685125934,-43008.47653310678,4,9
0.03986359835170984,0.0021515029477990016,-43036.83730422348,5,10
0.039877882414322545,0.002154870049835015,-43062.102979736526,4,9
0.039889162087247486,0.002156421563843455,-43075.7150395654,2,8
0.03990177290876776,0.002157303244115901,-43098.39933550455,6,11
0.03992189401554666,0.0021615051634035817,-43133.3349122688,10,10
0.03993716580053688,0.002160363602384734,-43154.94458286779,5,10
0.03995170408512215,0.0021602041725812373,-43174.478137733015,4,9
0.03996656656920712,0.0021625623109183933,-43194.53515054581,4,7
0.03998278997544227,0.0021585867576837904,-43217.147616919996,4,8
0.039992199542627054,0.002154956866683011,-43221.204438692635,2,7
0.040001051820244375,0.0021498288133339756,-43228.77664537244,2,8
0.04001258902460619,0.0021476457990429877,-43240.21155832863,6,6
0.04002252232644785,0.002148859766653418,-43245.488703702045,2,2
0.040034316732996976,0.0021495579727220633,-43252.478829078995,2,2
0.04004523039644813,0.002149969223838765,-43257.767697022464,0,1
0.04005739845181071,0.0021502432775488576,-43265.28108937661,1,1
0.040069771803433296,0.0021511180877148905,-43272.690192535854,0,0
0.040083085284617084,0.0021526856793974993,-43280.53368628382,0,1
0.04009280548848075,0.0021530164607375694,-43283.82545987439,0,1
0.04010104943560685,0.002153958353359942,-43283.517685664985,0,3
0.040112129757987,0.00215559755591873,-43291.11375467822,3,7
0.040127080038663034,0.002153152252295019,-43306.26483476648,3,8
0.04014107256410205,0.0021520332147672403,-43328.19792891106,6,10
0.0401558984711054,0.002157219628759219,-43354.065027151904,6,11
0.04017165063307055,0.002165194128258948,-43384.720815674555,5,9
0.04018568298746939,0.0021727781694375592,-43409.23415295996,2,10
0.040199506970074815,0.002177009168522065,-43432.93444915705,4,9
0.040208858141982926,0.0021760225290669687,-43440.167481478595,3,9
0.040229207416297326,0.002168936671289217,-43478.76035842334,9,9
0.040241877202074665,0.002169991659431988,-43494.75467170004,4,9
0.04025668518308434,0.0021665585873546127,-43516.57646381285,4,9
0.040270583221637415,0.002166180346258336,-43533.84951909337,1,7
0.04028677678373604,0.002167198438648364,-43556.81358577233,3,9
0.040298387905959895,0.002166856166723031,-43568.08312047644,2,9
0.04030676722109128,0.0021649622496856206,-43573.86410217995,2,6
0.040317821266720684,0.002162412441992965,-43584.86960927369,5,5
0.04032825211918864,0.0021635052414989463,-43590.00565195311,0,2
0.040338818326430166,0.0021674416133896793,-43594.68344227042,0,1
0.040349509778623484,0.0021704249044005256,-43599.745077540625,0,1
0.04036042912510073,0.0021731061458887674,-43605.239534164495,0,0
0.040372385298418766,0.002176568640003701,-43612.31991601484,0,0
0.04038637630355206,0.002181337082290163,-43621.18837835065,0,0
0.040395202098080715,0.002184522319876546,-43622.324517306966,0,1
0.0404043710872837,0.0021872724722263996,-43624.24423730589,0,3
0.040414534751811636,0.0021885423983420897,-43628.9094185342,1,4
0.04042728838291611,0.0021866748587923857,-43639.10774449195,2,7
0.04043950294773075,0.002186560736144374,-43653.96567085699,4,9
0.040453833962195936,0.002178842048115513,-43677.72813504464,5,8
0.040467440640230556,0.0021758842181423873,-43699.80946391473,5,8
0.0404822081152639,0.002172552078356367,-43726.583670022344,7,10
0.04049523865022782,0.002171396738750662,-43746.15917758753,4,9
0.04050613817934679,0.0021708925675612907,-43757.537465653884,4,10
0.04052677696835929,0.0021685881347393013,-43794.61235066672,8,8
0.04053925327025722,0.0021719224882936375,-43809.47897601782,3,9
0.0405523963501024,0.002174667506842985,-43827.57658942343,3,9
0.040568060027359076,0.00218263391395648,-43850.1862942128,2,9
0.04058349493775874,0.0021899721619125785,-43871.29556246156,2,9
0.04059590021244246,0.0021934954987151856,-43884.69423181941,3,8
0.04060392498737409,0.0021929543300844715,-43888.29503961045,1,6
0.040612867913513755,0.002189999217662798,-43897.05575253204,5,5
0.040621380594020956,0.002188781155186978,-43902.2277883605,2,2
0.040631207828171416,0.002185398523811812,-43906.1283178922,1,1
0.040641580158451714,0.0021816678658698623,-43910.52445335332,0,0
0.040652849097616926,0.0021780962062667194,-43916.56116002135,0,0
0.040665280807176865,0.002174729770766327,-43924.32523737282,0,0
0.04068018059979117,0.0021714835734223765,-43934.2682307577,0,0
0.04068885653387709,0.0021700173335247566,-43935.036487817335,0,2
0.04069845337983304,0.002166995525448889,-43937.94290377339,0,5
0.040710054631588666,0.002164612387592319,-43946.22396331132,2,8
0.0407266560666729,0.002160136873702974,-43965.380742318834,4,9
0.04073892587990647,0.0021600359556300996,-43980.92812036958,2,9
0.04075491321366174,0.0021617777598343132,-44011.89079294541,4,8
0.040769058609221184,0.002156681796477519,-44036.80940769024,4,8
0.04078197704802102,0.0021631351368814836,-44056.546670235875,4,7
0.040793538714311114,0.0021643780517967785,-44070.17934124219,3,8
0.040802241400421276,0.0021657055577746,-44072.864153298215,2,8
0.040822039936901,0.002162970170474226,-44110.896710226625,8,8
0.04083442901362177,0.00216116779342009,-44126.54800695915,0,7
0.04084454184084937,0.002157879251945213,-44136.07288053269,0,8
0.04086102113792647,0.002153206595083008,-44161.55277051095,7,8
0.04087967665609202,0.00214602905095138,-44192.320249352866,6,8
0.040886880394668784,0.002145766279233095,-44187.09367106639,0,5
0.040894877292263015,0.0021451237787233593,-44192.43034774298,1,6
0.040901501960233795,0.0021409594094919503,-44197.26517221645,3,3
0.04090915821397937,0.002141975447121327,-44200.6619517398,0,1
0.04091979053206346,0.0021396584548329435,-44205.68545604348,1,1
0.040930522655714195,0.0021392732321165175,-44210.76483952719,0,0
0.04094192226835429,0.002139379719188368,-44217.0192214727,0,0
0.04095423556297884,0.002140083581057594,-44224.57604330379,0,0
0.040968031395460874,0.0021416156720018174,-44233.20431975484,0,1
0.04097763969136948,0.0021431443102500843,-44236.18092679501,0,2
0.04098694972403034,0.0021461186112243617,-44238.5675568179,0,6
0.04099892890680972,0.0021518179984813535,-44248.53987051673,3,8
0.04101589427099922,0.0021563025358806703,-44270.355359568384,5,8
0.04102939502761684,0.0021651130273378483,-44290.83378143622,4,9
0.04104299385772957,0.002174722902158435,-44313.03988595589,3,9
0.041059412338330575,0.002183708054913436,-44347.809928530995,5,9
0.04107396570808837,0.002186865590233848,-44376.29464013027,3,9
0.04108845056213407,0.0021854306200890954,-44404.59700255637,5,10
0.041098141212565144,0.0021867173765120454,-44408.87272950687,4,10
0.04111495928269217,0.0021855799394628747,-44442.36226989149,8,8
0.041126072832995846,0.0021835707292738203,-44456.91648609296,3,8
0.041137738710645515,0.0021851998408609244,-44474.41697815919,4,7
0.04115311012490827,0.002182199978317493,-44499.14042793332,8,8
0.04116846310388239,0.002180745975629284,-44520.60969382681,2,8
0.04117889693089216,0.0021791438441563678,-44529.250981791665,2,6
0.041186131332373324,0.002176845936335318,-44533.49841024731,0,6
0.04119413620249941,0.002177666536245429,-44540.69526535596,4,4
0.04120335437237154,0.0021771478550077035,-44546.44823359727,2,2
0.04121425693423076,0.0021768695708629274,-44551.83793023103,1,1
0.041224974383676234,0.0021771938080117795,-44556.92084733667,0,0
0.04123638729749638,0.002178042255262434,-44563.17620931092,0,0
0.04124854847568644,0.002179510677078936,-44570.481547221236,0,0
0.04126211982625941,0.0021818219398910418,-44578.74614693034,0,0
0.04127124352576532,0.0021838405432506413,-44580.511276303514,0,2
0.041280907780432904,0.002183515496232521,-44583.76524778236,1,6
0.04129249602042985,0.002183083564724484,-44592.74098882069,3,9
0.04131020403885676,0.002177631051067065,-44615.688658901934,5,7
0.04132229330597756,0.0021730982774312963,-44630.77887659096,3,8
0.04133474041204344,0.002169187116706169,-44647.90020451228,3,10
0.04134973907098752,0.0021630928785759344,-44676.776579196594,4,9
0.04136400556562976,0.002157081905556541,-44703.02641255606,3,7
0.04137700476329696,0.002154601465675789,-44723.811997275945,3,9
0.04138701708044673,0.00215541715051334,-44731.7905781759,3,9
0.04140478291305,0.0021559337317948405,-44764.98030857631,9,9
0.0414183147561653,0.0021636397593829642,-44786.01392831642,5,9
0.041430288781106876,0.002169601651144618,-44803.799993518456,5,9
0.04144678543759544,0.0021716281242360053,-44828.862847185934,6,8
0.04146229168634397,0.002175351234097407,-44850.09609197115,3,8
0.04147384028865539,0.0021805015081849985,-44861.15032438266,4,8
0.041481682293076444,0.0021825512359756973,-44866.440513899615,2,6
0.04149024131285779,0.0021842040574922483,-44874.32296068726,4,4
0.041498831041937044,0.002184429613021959,-44878.8138669474,1,2
0.04150859667033479,0.00218601244683151,-44882.11083506516,0,0
0.041518870689254216,0.0021881054366562538,-44886.33246393266,0,0
0.04153029406722756,0.0021909040859060154,-44892.43687208821,0,0
0.04154305938016758,0.002194624562100524,-44900.3632743355,0,0
0.041556774424223016,0.0021993073133602377,-44908.65582097225,0,1
0.041566185969475894,0.0022043192644999594,-44911.17384458434,0,2
0.04157578279421937,0.002209599015844907,-44914.46054528622,1,6
0.04158627245948093,0.002213498998977677,-44920.15294483173,1,9
0.04160533886266811,0.0022158142093636696,-44944.78281030695,3,9
0.0416166353427461,0.0022150367321502255,-44956.719347625854,1,8
0.04162909081317375,0.00221385810525555,-44974.04527789446,1,7
0.04164152590410821,0.0022148146600351904,-44991.49298446691,2,8
0.041655411168603135,0.0022115771267301365,-45014.811188704865,4,8
0.04166796710710197,0.0022126346177752236,-45033.336983106725,4,8
0.041679117278184484,0.002214302743406295,-45049.37665972836,5,10
0.04169853635279058,0.002217326078562101,-45081.50458729477,10,10
0.041712575555706705,0.0022140228564264605,-45098.481893648386,3,7
0.04172537156439789,0.0022107690224074015,-45112.361162250614,1,6
0.041739500665009574,0.0022041517937667894,-45129.622655274885,2,8
0.04175328440988818,0.002196340927025724,-45145.43868597121,2,9
0.04176370620380628,0.002194807590479925,-45152.60874146239,1,8
0.04177411533409396,0.0021964913637772987,-45163.56311496939,5,7
0.041786287689883315,0.0022002757904706284,-45174.36125293009,5,5
0.04179695111512288,0.0021989489696054797,-45179.29921739995,1,2
0.041806745972032905,0.0021979890457801588,-45182.65207836629,0,0
0.04181700348689228,0.002197382934447183,-45186.88125699374,0,0
0.04182826284797644,0.002197188958288909,-45192.70782224164,0,0
0.041840777077316156,0.002197553012597275,-45200.17774509823,0,0
0.04185372985073849,0.0021985714870068436,-45207.37611300128,0,0
0.04186299618824277,0.002199607540638198,-45209.49276030558,0,1
0.04187122833297507,0.00220187434199547,-45209.00922491806,0,6
0.041881538158048175,0.0022057811632607157,-45214.066542254004,0,8
0.04189953347209701,0.002201489278014468,-45238.20965888518,5,9
0.041911062786301724,0.0022025295142942096,-45250.605644169715,3,8
0.04192557754634328,0.002207001707378163,-45275.008282942414,5,9
0.04194070264534511,0.002210644244912911,-45301.86546984305,6,10
0.041953344740599724,0.002211380925486363,-45318.70601156447,1,9
0.04196677937293604,0.0022132132602162785,-45339.15466659086,3,8
0.04197844522617327,0.002217054452703368,-45354.889370695026,4,10
0.041998003510513415,0.002218863711733977,-45386.117193831866,9,9
0.04201282893841407,0.0022201278333898304,-45404.35999585497,2,9
0.042027018110210264,0.002219718196354812,-45421.35707849481,3,8
0.0420407786465672,0.0022150158445180795,-45437.35573803966,3,7
0.042054827040016576,0.0022126775081513566,-45453.82135974935,3,8
0.042065992703710926,0.0022150031396558295,-45462.82865000414,1,7
0.04207520177649271,0.0022138611337110163,-45469.278552087526,2,8
0.04208662353663801,0.002211630125027193,-45480.13950327802,6,6
0.042096345333353734,0.0022111401916378834,-45484.908514930765,2,2
0.04210676853558576,0.0022087775784284075,-45489.40982778607,1,1
0.042117666330357094,0.00220688237073878,-45494.74261749254,1,1
0.04212942111685808,0.002207363223477643,-45501.14594641306,0,1
0.04214231711994519,0.0022084915566184054,-45509.04184616627,0,0
0.04215622591682446,0.0022104452488890787,-45517.42304131291,0,1
0.042166318942624376,0.0022129909715362314,-45521.77024352878,1,1
0.04217574453667977,0.0022134853306547426,-45524.49095018982,1,3
0.04218527148071193,0.002210922246288906,-45527.441545327354,1,7
0.04220030178054031,0.0022042904789167355,-45544.12980324195,5,8
0.04221112949598917,0.0022011165789635255,-45553.49985190227,2,10
0.04222433251603774,0.0021994716292732595,-45573.143010627326,3,11
0.04224045802847799,0.002201365064791561,-45604.46967534981,6,9
0.0422561816650802,0.0022022939627044393,-45634.12888891784,4,11
0.04227066140570545,0.002200879252578155,-45658.49160821896,5,10
0.04228198034329989,0.002199948265069652,-45673.45456854074,4,9
0.042301127169844195,0.002200059030964567,-45703.80250016213,9,9
0.042317279982579656,0.002199964896855943,-45725.388416377515,6,9
0.04233063987962692,0.002200033141646621,-45740.054675475854,2,9
0.042345723690809765,0.0021977705690137345,-45759.217551345675,4,7
0.04235917792294596,0.0021998574737711147,-45773.60308787465,1,8
0.042370634550173446,0.002203742005297233,-45783.60803905266,3,8
0.04237822704541132,0.002204667336354761,-45787.39372636621,1,6
0.042387420543475066,0.002210544861460774,-45796.028498816515,5,5
0.04239422947165645,0.002208927372954608,-45799.72922395352,2,2
0.04240422455216535,0.002207795499487038,-45804.59680234196,1,1
0.04241470109732568,0.0022091385875548835,-45808.76971979643,0,1
0.04242648658692614,0.0022092309342624608,-45814.97064650175,0,0
0.04243960964652985,0.00220997208229083,-45822.87583180089,0,0
0.04245387894726177,0.0022115360997100567,-45831.32929411809,0,0
0.04246284886339685,0.002213012407529908,-45832.77453449317,0,1
0.04247193889092531,0.002214679649614375,-45834.46401326636,0,3
0.042481483478156556,0.002214439604395458,-45837.357276589646,0,4
0.04249479372323938,0.002212791262660998,-45848.53214242705,2,7
0.042506601262632095,0.0022164038604736646,-45861.45691066983,4,8
0.042517461230343806,0.0022148947941572216,-45871.496697447226,1,8
0.04253105805073377,0.002210982558379043,-45892.39056969932,3,8
0.042543931904398466,0.0022102041939878604,-45910.41341995588,1,10
0.04255865276942823,0.002208771516133156,-45936.13051313621,6,9
0.04256976255302255,0.0022070240136064594,-45950.8895157518,4,10
0.04258822993596854,0.002205034866089244,-45978.77471369135,9,9
0.04260436449971855,0.002206767958967662,-46000.08813590885,6,9
0.04261928035276237,0.0022071681807079202,-46018.240266546105,4,9
0.042633784144676376,0.002207717866922629,-46035.30400642578,4,9
0.04264807991176982,0.0022081370329347107,-46051.68112294365,4,9
0.04266078079131951,0.0022096400850509833,-46064.40096121001,4,8
0.042668951679159815,0.0022109225476643762,-46068.29196373215,2,6
0.042676361586636485,0.002212112141360833,-46074.263741628376,4,4
0.04268147862020257,0.0022126310232679493,-46077.49091826075,2,2
0.042689426069097314,0.002212380941029131,-46080.771755273665,0,1
0.042699300313209655,0.0022115112922931725,-46083.80644699715,0,0
0.04271127218279881,0.0022109709147682777,-46089.74242918853,0,0
0.0427241383935994,0.0022110155901659675,-46096.85283500847,0,0
0.04273946323162031,0.0022118961972076175,-46105.755281458885,0,0
0.042748388880624016,0.0022127260774016783,-46107.02166295503,0,2
0.0427577248798563,0.0022155332174862664,-46109.153801723034,0,5
0.042768849393335986,0.0022155525126833354,-46115.42672309793,1,8
0.04278611318954477,0.0022096667881206992,-46134.32494499286,3,9
0.04279976072031699,0.0022075734502539834,-46153.76628799188,6,10
0.042812556545192,0.002208461501630154,-46171.2420217052,2,9
0.04282686600466392,0.0022110637924829613,-46194.919278761285,4,8
0.04283915207739499,0.002211133478056203,-46211.1265271075,1,7
0.042850611703032816,0.0022077044778848914,-46224.363274093295,2,7
0.042860168642839175,0.0022076702629065855,-46233.632191774304,3,8
0.0428788024038928,0.0022131351045424266,-46261.47423048192,8,8
0.04289357941884809,0.0022169842576697696,-46279.22312747769,1,7
0.0429067778478696,0.0022181443565341117,-46293.2847220067,1,9
0.04292099254186743,0.002216578299728668,-46310.13404619182,4,8
0.04293368594455151,0.0022174057904640566,-46322.90026914669,2,8
0.04294438935677276,0.002216006284367819,-46331.117767075804,2,5
0.04295108918916775,0.002215951143700182,-46332.22010902586,0,5
0.04295830778785475,0.002211676514294784,-46337.74589729798,3,3
0.04296318258772519,0.0022117648937671195,-46339.70868210791,1,1
0.04297005655500378,0.002212455579370927,-46342.149081766554,0,1
0.042979879658215696,0.0022119213727172142,-46345.26928168863,0,0
0.042990792069924746,0.0022117178002629225,-46349.80994029035,0,0
0.04300430610242103,0.00221211196557836,-46357.40920786834,0,0
0.04302029725976758,0.0022135239176041435,-46366.7697566254,0,1
0.04302983854356488,0.0022142209794757447,-46369.383942959415,0,2
0.04303968120705452,0.002214895415351182,-46372.613635469745,0,6
0.043050910905582856,0.0022155346439664365,-46379.407905887216,1,8
0.04306870772690432,0.0022151825971633093,-46398.94287166794,2,8
0.04308230378972362,0.00221521798240595,-46418.41120271596,5,9
0.043095835390941514,0.0022172901084394083,-46438.27673564933,3,8
0.0431092089265626,0.002216276315591756,-46458.16231675619,3,9
0.043123271945674696,0.0022140745305098478,-46480.74750826144,4,9
0.04313656500055802,0.0022186656883315028,-46500.7995439138,4,10
0.04314791468903923,0.002215546595859093,-46515.471387041856,4,10
0.04316781787360612,0.0022210928359077562,-46547.25051753773,9,9
0.04318287439019011,0.002223643305525449,-46567.23476556481,4,8
0.043194934028470036,0.0022239298722178625,-46579.09270529512,1,7
0.04320804788534957,0.002223803344973053,-46594.08953501849,1,8
0.043221891096776606,0.002223126516194077,-46610.579042656835,2,8
0.043231459921840194,0.002223692449363256,-46616.381133663,0,6
0.043238985194760084,0.0022209572624465584,-46621.02356579276,1,6
0.04324652698233313,0.0022221217989514858,-46627.48275511507,4,4
0.0432531403428876,0.0022227649213951376,-46631.24826316064,2,2
0.04326136887500284,0.0022236386766088818,-46634.246737208945,1,1
0.04327172469610267,0.0022203863709011674,-46638.24626973035,0,0
0.043283822600598924,0.0022171145603758053,-46644.835999698844,0,0
0.04329715563423799,0.002214164176887181,-46653.03781327696,0,0
0.04331173888325692,0.0022117146361674534,-46661.90414187746,0,0
0.04332097724456255,0.0022104924155771435,-46663.90644405587,0,3
0.04332989760907515,0.0022105104458198664,-46665.25667598245,0,7
0.04334190425203688,0.0022093630656058886,-46674.58001197165,1,9
0.04336128970790082,0.0022067752658675496,-46700.86258171397,5,7
0.04337362801583981,0.002208423381632946,-46716.451397196324,3,8
0.043386159104165906,0.002206487497194389,-46733.65532528949,2,9
0.043400277660306505,0.0022039469051131104,-46758.01640147249,2,9
0.04341578997316433,0.0022011141211646765,-46788.41898253077,3,8
0.04342822242473341,0.0022017269010475016,-46806.53013994411,2,10
0.0434393483539567,0.002204312881982652,-46818.121788320605,5,9
0.04346112305845792,0.0022045271077967858,-46861.71724641075,9,9
0.04347465798391528,0.0022077701724741872,-46881.68751730448,4,9
0.04348541805264298,0.002206858880085763,-46892.676459155424,3,9
0.0434997849317907,0.002201583649742363,-46915.63442783929,8,8
0.04351446347883155,0.002201080761348302,-46936.21462125239,6,8
0.04352622968311566,0.00219946345770593,-46950.055792690255,3,8
0.043534226728779976,0.002202054185496642,-46956.38269461031,2,6
0.04354445542835097,0.002203067091897696,-46965.60514147889,4,4
0.043552154297006,0.0022046150710508246,-46968.26465046488,0,2
0.04356143610362106,0.0022048067039503747,-46971.14728150482,0,0
0.04357164762949564,0.0022053494026315116,-46975.15129000083,0,0
0.04358292349836265,0.0022064230509684754,-46980.93882818306,0,0
0.043595867692556946,0.002208266370900671,-46988.97138739535,0,0
0.04361002427970842,0.0022110353973757903,-46997.679058092115,0,1
0.04361968885788046,0.0022148559870656275,-47000.756588766606,0,2
0.04362953250020287,0.002216118224377856,-47004.574132121765,1,6
0.04364091530876559,0.002216895354732875,-47012.48641753513,2,9
0.04365865772298086,0.0022119122517788234,-47035.59768755874,6,9
0.043672246420563755,0.0022116079008530558,-47056.152082607936,4,8
0.043686060831518374,0.0022112035730600154,-47078.628539760226,4,8
0.0437002268973068,0.0022162859767075487,-47103.48010460298,3,8
0.043713864294108624,0.002219101558205582,-47126.702065396355,4,8
0.04372589834808362,0.0022200334985962703,-47145.48156319572,2,8
0.04373549596165502,0.002223108232705603,-47152.64461492055,4,10
0.04375305854250088,0.002217110579057046,-47188.53789919399,10,10
0.04376507971723789,0.002212185481290742,-47205.716857438885,5,7
0.04377497507324378,0.0022100331137854803,-47217.44386481295,4,6
0.04379018745956614,0.0022094005608627888,-47241.73016269879,8,8
0.04380626967019526,0.0022123831300556855,-47263.83332605349,7,8
0.04381787201867593,0.0022127227016133302,-47275.26751510724,2,8
0.043826552033686614,0.002213688569744279,-47282.837806875345,2,7
0.04383580178497939,0.0022160088288516937,-47291.60495966102,5,5
0.04384072240671256,0.002215346969167454,-47292.83121028235,0,2
0.04384588893669358,0.0022152053155453447,-47293.747676068524,0,0
0.04385483862622148,0.002215073847296801,-47296.65880683776,0,0
0.043866751569869564,0.002215348153925469,-47302.85745720053,0,0
0.043880827707497815,0.002216383138210594,-47311.89637687857,0,0
0.043896485717455205,0.0022184307666779438,-47322.020560537516,0,0
0.043906090566803196,0.0022201960537718436,-47324.94179395061,0,1
0.043914746451980645,0.002222460836796056,-47325.56261895972,0,6
0.04392589827762966,0.00222205191501847,-47332.654018052766,1,8
0.043943025096363,0.0022179450717121256,-47355.243963240406,7,8
0.043954855758742965,0.0022178436641004475,-47368.89927636805,3,9
0.04396780120924395,0.0022145209757878895,-47387.854689254265,3,8
0.04398217349991945,0.0022179384750167282,-47413.064774118575,4,10
0.04399734468121052,0.0022236396606977334,-47441.7580540326,3,8
0.04400996916419414,0.002226983894980043,-47460.49795393563,2,8
0.04402182776548027,0.0022302478287826093,-47475.69940494888,5,11
0.044042092892007674,0.0022250855728258513,-47515.48746916998,10,10
0.0440549540901199,0.002218319113129224,-47532.46521240981,2,10
0.044067575433023316,0.0022209812878649826,-47549.36836653795,3,8
0.044082310371982264,0.002216010709245765,-47568.75312292704,7,7
0.044097013034054326,0.002217368832159257,-47587.645289665576,3,8
0.04410860354256097,0.0022215412346670155,-47598.73445237071,1,7
0.04411793415117454,0.0022237529688412163,-47606.13968104562,2,8
0.04412832106352335,0.002220954747117333,-47616.42836831401,6,6
0.044135877461079394,0.0022197703736806587,-47620.76199113516,2,2
0.044143588183287064,0.00222000899049463,-47623.59245266346,1,1
0.04415401554983236,0.002218304914511193,-47628.31115068347,1,1
0.0441660961712879,0.0022153345473923335,-47634.84776645192,0,1
0.04417991397773968,0.0022114910874999273,-47643.63765165629,0,0
0.04419514664838855,0.0022080941997806463,-47653.366590561716,0,1
0.04420549423538791,0.0022052971892319944,-47658.26715650693,1,1
0.04421416377321602,0.0022037376094161706,-47658.94524245418,0,4
0.04422423203493297,0.0022018644903481657,-47663.171098528124,0,7
0.044239943701295435,0.0022038173840905778,-47682.216750789645,6,8
0.04425079348065335,0.002199749140956471,-47691.728524953935,1,10
0.044266441367906605,0.0022012419366544394,-47721.25834475669,5,11
0.04428228508620933,0.0022029505262133034,-47751.81431124992,6,10
0.044298462556367636,0.0022030484044334125,-47784.08211173584,6,11
0.04431124927092557,0.0022000557634459126,-47804.39859605776,5,10
0.04432385873915062,0.0021976615181981143,-47824.0115630639,7,10
0.04434286185195143,0.0021953862165099386,-47857.28276654183,9,9
0.04435688220191148,0.002197416304846508,-47876.65321775563,3,9
0.044369745393685225,0.0022015772148385993,-47891.28237054487,1,9
0.044383817324525905,0.0022052987320225303,-47909.96735384296,4,7
0.04439790129637756,0.002210331166027607,-47929.143731163735,4,9
0.04440958895962265,0.00220942358928935,-47942.25490553849,2,9
0.044418905057954025,0.0022067268246548795,-47950.96271676803,3,7
0.04442867477602913,0.0022022003199304867,-47960.23235961919,5,5
0.04443594424374158,0.002199728492955387,-47964.821335555236,2,3
0.04444339003577261,0.0021995188412139897,-47967.30043693785,0,1
0.044453015970816294,0.002199560596074257,-47970.47532313214,0,1
0.04446496904826656,0.0021999383986596476,-47976.91141914414,0,0
0.044478234535280894,0.002201023490882857,-47985.23585877492,0,0
0.04449382195999276,0.0022031666492691913,-47995.38559322825,0,0
0.044503301822680225,0.002205218716506035,-47997.96154870293,0,0
0.04451222084521142,0.0022075179450440157,-47999.150646015216,0,3
0.04452248389419927,0.002211879940765881,-48004.0346489439,2,4
0.04453452982345636,0.0022154021277524943,-48012.32205273154,2,7
0.04454650449324273,0.002220089490782177,-48025.92656977527,4,9
0.044559637998168894,0.002219865076608347,-48044.82026588662,4,8
0.04457229948221027,0.002224931808419933,-48062.635149676775,2,7
0.04458564231315083,0.002228832070612237,-48083.3266923684,3,8
0.0445988899901852,0.0022289864995776727,-48104.26207226234,3,9
0.044608762423924114,0.0022325213334385406,-48113.60297588984,2,10
0.044628551913152376,0.0022317992919769335,-48146.9419387834,9,9
0.044643051467921885,0.002234084647417947,-48166.05340429786,4,9
0.044656877949014226,0.0022360754118120048,-48183.43892923694,3,8
0.04467166061088334,0.002234648824083019,-48203.10966515374,3,9
0.044684492847186376,0.0022340867084986557,-48217.263569334864,2,8
0.044696496474983576,0.0022312436032143035,-48229.7198184509,2,8
0.044704597445670145,0.0022304672343024658,-48234.318665888706,1,6
0.0447130199078937,0.002228483860191954,-48241.56199506775,4,4
0.04471977841505371,0.002228584588103525,-48245.18375589889,2,2
0.04472768381252863,0.0022251944468536797,-48247.964709479915,1,1
0.044736942308578026,0.002221557902730801,-48250.5364985794,0,0
0.04474878722823811,0.002217340463867614,-48256.71544954298,0,0
0.04476195564799206,0.0022132909559323026,-48264.80219610309,0,0
0.04477795172337626,0.002209263130120401,-48275.18500924844,0,0
0.04478669297515157,0.0022076104950971144,-48276.098449285804,0,2
0.0447962155111462,0.002209050620467642,-48278.697004532536,0,7
0.04480916919521061,0.002210117027643648,-48289.83197812713,3,8
0.044826236162085,0.0022125112291727957,-48308.657471257575,3,9
0.044839391102349725,0.0022109191794052224,-48326.77699607404,4,10
0.04485292649438292,0.0022119315767396863,-48347.48094906596,3,8
0.044865778230480186,0.0022134727755372748,-48365.91018267566,3,8
0.04487897639224449,0.0022118470414400383,-48386.189404136305,2,7
0.04489166863508136,0.0022083476209952993,-48404.343130724905,3,8
0.04490072979522009,0.0022106852971101676,-48410.829873418996,2,8
0.04491920970911937,0.002209551954977216,-48438.93688129484,7,7
0.044933800319883116,0.002211538566510609,-48456.847516662,2,8
0.04494767967561503,0.002208455134044233,-48473.240413931046,2,9
0.04496092348896943,0.0022077778122518176,-48487.986462512374,2,8
0.0449753010273681,0.002207014953590107,-48504.73821190583,2,8
0.04498621282849905,0.002205383668056982,-48512.80935787495,0,6
0.04499383402835003,0.0022054363033884605,-48514.92848602245,0,6
0.04500164149671306,0.0022066071985598996,-48520.31120220169,3,3
0.04500903666988156,0.0022085408299200144,-48522.86108215858,1,1
0.04501841194611753,0.0022099093037649628,-48526.317229925386,1,1
0.045028622273913646,0.002212360343838044,-48530.17520001059,0,0
0.045040697351737366,0.0022157899251303553,-48536.913508105186,0,0
0.045053793611959714,0.002220135448521067,-48545.01612740489,0,0
0.04506793521127859,0.0022255298637967433,-48553.59355615755,0,1
0.04507712872891311,0.002228144571938639,-48555.6384267646,0,2
0.04508609993460345,0.0022313203520783168,-48557.24829335232,0,6
0.045098881332417476,0.002234605929344238,-48569.08689551837,4,8
0.04511613789758612,0.00223539394991329,-48587.612128105444,1,8
0.0451294267721198,0.0022377471376040146,-48606.97782011382,5,9
0.04514276425685113,0.0022372680030923755,-48627.026082213735,3,8
0.04515762037443098,0.002235746249246146,-48653.126152008845,4,9
0.04517186863149743,0.0022342244126668178,-48677.478028662634,4,9
0.045183980767709325,0.002228779121719897,-48693.467377607376,3,10
0.04519540558831364,0.0022278155061849643,-48709.09923624666,5,10
0.04521440443356676,0.0022249486808705718,-48740.3066921451,9,9
0.04522816637425705,0.002223448366561149,-48757.10531056217,2,8
0.04524097672459007,0.0022206225658088397,-48771.59853794545,1,7
0.04525577820727419,0.002220207667589599,-48789.35939475208,2,8
0.04526809008907065,0.0022184216199598,-48800.59178580904,0,8
0.045279519665292,0.0022173233298181305,-48810.774739722634,3,6
0.045288135210627835,0.0022179646324174004,-48817.119896882126,2,7
0.04529585084912988,0.002218650712812259,-48823.32507126068,4,4
0.04530481932326962,0.0022219434992014056,-48828.40640619694,2,2
0.045314569673768054,0.0022225675430320286,-48831.891267418694,1,1
0.04532486048000524,0.002223919685388312,-48835.90525658487,0,0
0.04533667634467706,0.002225975119890746,-48842.31381905424,0,0
0.04534975242722573,0.0022288731862628564,-48850.34195604946,0,0
0.04536372928340767,0.0022326892645565567,-48858.652985372624,0,0
0.04537263158607075,0.0022357143449791435,-48859.93718404799,0,2
0.04538156602321229,0.0022394389227711827,-48861.31541629941,0,6
0.04539291080544918,0.0022439610881623607,-48868.94794743469,1,9
0.045411647298309515,0.0022464805431935513,-48893.42754872887,5,7
0.045424172547002845,0.0022507904570733244,-48909.55318926063,4,8
0.045437489734418496,0.002250373255195831,-48929.20982290973,5,9
0.045451996372486286,0.002250109894074628,-48953.67697101531,6,9
0.04546435891189474,0.002253596183182751,-48970.11848679795,3,7
0.04547581174937675,0.002257359219080761,-48983.76674843487,1,9
0.04548542280041208,0.0022575423884306036,-48993.35758962291,2,8
0.045504432976815314,0.0022604161552109013,-49023.56188507201,9,9
0.04551993446757856,0.0022617263247814664,-49043.65366440221,3,9
0.04553501357462593,0.0022607993343267117,-49062.88145052131,3,9
0.04554828151655206,0.002259250739319522,-49077.52667511713,2,8
0.04556146264505498,0.002255096751666452,-49092.27056446374,3,8
0.045572438392203846,0.0022519026269849523,-49102.05744558814,2,7
0.045580549187086955,0.002251625726836148,-49107.577228323804,2,6
0.045588595971755914,0.002252164110879992,-49114.07307558797,3,3
0.04559321931169534,0.0022525175251592567,-49115.09732304963,0,2
0.045600105510500935,0.0022521685480962105,-49117.22541638345,0,0
0.04561084755464391,0.002252074732201896,-49121.591520983726,0,0
0.04562306670735441,0.0022524736500532895,-49128.0718495269,0,0
0.045635954198624734,0.002253505885013628,-49135.454559662125,0,0
0.04565041725785583,0.0022554291710206744,-49143.85299005476,0,1
0.045660306981157646,0.002255469305496203,-49147.276947308885,0,2
0.04566958323939033,0.0022550124577029474,-49149.45320031706,0,6
0.045680455912492465,0.0022539774455275574,-49155.996699662945,1,9
0.04569903760284724,0.002246821749964582,-49180.435286331376,5,9
0.0457119913163639,0.0022451245737579823,-49198.142719497846,4,8
0.04572283538004984,0.0022403241938796278,-49208.36316853234,0,8
0.04573559047011619,0.0022427684940254894,-49226.551492132705,3,8
0.04575037525976504,0.0022442555372759344,-49253.0570512714,6,9
0.04576343728999849,0.002242385743295972,-49273.68745318044,4,8
0.045774434682589106,0.0022435092671034456,-49288.900230615385,4,10
0.04579361368816866,0.0022511372552947444,-49319.7069161616,10,10
0.04580870771462421,0.00225257773609067,-49339.44584069703,4,7
0.04582021247428461,0.002252458816771062,-49349.808584896586,0,6
0.04583374814522893,0.0022535319730644476,-49366.04475934052,4,8
0.04584643636628836,0.0022605425567863635,-49379.95550093768,3,8
0.04586018970403988,0.0022620734750025137,-49394.525757459494,3,8
0.04586956171680079,0.002260487339970178,-49399.48426371355,1,7
0.045879248395255194,0.002261864381196068,-49407.51225067882,5,5
0.04589066222691907,0.0022614978481180336,-49414.20053262118,2,2
0.045900249226863685,0.0022636063357416043,-49417.091262715716,0,0
0.04591042917385306,0.0022662248788091113,-49421.05806551178,0,0
0.04592164414283402,0.002269558775634834,-49426.62722523979,0,0
0.04593419229791149,0.0022738449571755455,-49433.91533045855,0,0
0.04594743990810651,0.002278999072249799,-49441.26516021815,0,0
0.04595620779509209,0.0022827543180496397,-49442.232701092355,0,1
0.0459647357637087,0.0022857460119976637,-49442.57934607452,0,6
0.045975281515408355,0.002288063161980472,-49447.9934483146,0,8
0.04599344276515951,0.002290049249453244,-49470.923112526034,4,8
0.046008373144272766,0.00228610760304631,-49495.94197423446,8,9
0.046019465927624924,0.0022867413297739643,-49506.879293198515,2,8
0.04603279542031305,0.0022872397974370894,-49527.13328060525,4,10
0.04604532915268427,0.002285078624885946,-49544.87833550564,1,8
0.04605856002627716,0.002289658894007785,-49566.55999893614,5,8
0.04607055454064082,0.0022880139343149,-49587.07338832409,5,11
0.04608889499417341,0.0022812720878585026,-49616.3365348409,9,9
0.04610503898382319,0.002270811460864564,-49639.1298690682,6,10
0.046119897445279605,0.002267800183083418,-49657.81759443094,3,8
0.04613312559797202,0.0022662976783098874,-49672.19626381885,1,7
0.04614656380093061,0.0022639475550516154,-49687.55547916465,3,8
0.04615767049170926,0.002262586296293857,-49697.27143282587,2,7
0.046166155072968625,0.0022645939485614447,-49702.958813919955,2,7
0.04617633202328054,0.0022689656442589673,-49713.213098712076,6,6
0.04618488580247502,0.0022728332064072838,-49718.361252501185,2,2
0.04619413784140036,0.0022743700737613364,-49721.722861198454,1,1
0.046204396181758006,0.0022754015381048222,-49725.770854697155,1,1
0.046216696960977216,0.0022785367292696536,-49732.8350605419,1,1
0.04623038466917407,0.002281357680980304,-49741.251501928054,0,0
0.046245273956267985,0.0022852314848887463,-49750.35262252279,0,1
0.04625514465059763,0.002287653587644642,-49753.86852315794,0,1
0.04626427040011166,0.002288724004907171,-49755.71606877604,0,4
0.046274512826453236,0.0022877786648411906,-49760.52195665199,1,7
0.046290413275304435,0.0022936373760007642,-49776.22005122134,1,8
0.046300654547470656,0.002298229423241589,-49783.77455057889,0,10
0.046315625067276545,0.002301055275544696,-49810.79157097798,4,11
0.04633230926649036,0.0023008218104792286,-49844.587119640135,6,10
0.04634882442833949,0.002307159048914587,-49878.01308099141,6,11
0.04636216277636938,0.0023079476946301397,-49899.14362248596,2,10
0.04637362891999905,0.002302036032711711,-49914.894128148444,4,10
0.04639217488574741,0.0022996078168281433,-49944.43975037399,9,9
0.04640776619805721,0.0023031084502241925,-49965.61845706978,5,9
0.046422360971539026,0.002303413336042255,-49984.58799370068,5,9
0.04643626484633268,0.0023038799359197952,-50001.9262995592,4,8
0.046451179684646744,0.0023024471500632596,-50022.30737155703,6,9
0.04646450489192984,0.002295827014391811,-50038.391001932476,4,9
0.04647229253244136,0.0022923637545178596,-50040.974861109826,0,7
0.04648286247986826,0.002287374819279357,-50050.79571082192,5,5
0.04648846664226402,0.0022888512252453638,-50052.28205753249,0,2
0.04649530667001717,0.002288237687040951,-50054.51842954333,0,1
0.046504755522057704,0.0022865236996147103,-50057.548107979506,0,1
0.046515995028468315,0.0022837775384844335,-50062.64209758929,0,0
0.046530015975039515,0.0022810285192363645,-50071.13332515483,0,0
0.046546162663861405,0.0022787715306435627,-50081.15527842718,0,0
0.04655572056643204,0.0022778549398701333,-50083.8146840221,0,0
0.0465646829132518,0.002277293457397786,-50085.061316139356,0,3
0.04657449014923601,0.002277138821227368,-50088.55304529813,1,4
0.04658697965795837,0.00227432710322927,-50097.67205418955,2,7
0.046598705853510614,0.0022739333544525165,-50110.26362571118,3,9
0.04661096521600273,0.002275109429174282,-50125.86799729562,2,8
0.04662436216087559,0.0022786534349542626,-50146.5803467881,2,7
0.04663806868654651,0.002282352108198773,-50167.8076867193,4,8
0.04664923618936854,0.002286422728912776,-50179.75886874113,1,9
0.04666128909210264,0.0022869501964555374,-50197.03095156209,5,10
0.046681016543780415,0.002288738184566968,-50228.37784516885,9,9
0.046695915776370854,0.0022880871874223605,-50246.750001956956,2,9
0.046710718475358286,0.0022858173933337205,-50265.39693176122,4,9
0.04672507786345795,0.0022902772953976376,-50282.94410104394,4,9
0.04673821190734886,0.0022900974844168275,-50297.46244652138,4,8
0.046751333704720004,0.0022848303410904353,-50313.102036228214,6,8
0.04675860142094274,0.0022850793028784317,-50315.937033956776,1,6
0.04676620485452181,0.002288828422707902,-50321.609235692486,3,3
0.04677002489657161,0.0022884795732200504,-50322.24071707091,0,1
0.04677746955104813,0.002288921194613478,-50325.18494147782,0,1
0.046787928237688375,0.002290399088588492,-50328.87811149715,0,0
0.04679911499769173,0.0022924304930865176,-50333.72560607767,0,0
0.04681186639451502,0.0022953145939284387,-50340.453454148665,0,0
0.046827710996120694,0.00229973459523421,-50349.43672062239,0,0
0.04683653082175328,0.002302480687901419,-50350.473781035274,0,1
0.046845935612154097,0.0023035899638389964,-50352.59944268336,0,5
0.04685682135189878,0.0023060885317737804,-50358.057876493884,1,8
0.04687375729561615,0.0023065678416092153,-50375.753811806695,3,9
0.04688545540172382,0.0023040235833253807,-50388.425152640666,2,10
0.04689947236646819,0.0023015562127750196,-50410.42656387495,2,9
0.04691319781582898,0.0022987969038915346,-50432.02549448178,2,8
0.04692713667442784,0.0022924607086436937,-50454.21444326665,4,8
0.04693829146723128,0.0022866844043356095,-50465.72538539523,2,8
0.04695043024151961,0.0022819929502830064,-50483.67444143943,6,9
0.04696766754150695,0.002278438857400638,-50509.121770709426,7,7
0.04698141510490023,0.002277621560424418,-50525.151468399934,2,7
0.046995507510072004,0.002280586620693484,-50542.06196763596,2,9
0.04700946990298051,0.0022868240138344442,-50558.95738356969,3,8
0.04702335886803279,0.002288240270358881,-50575.61744413819,3,8
0.04703319200368866,0.0022880820602948085,-50581.64685656065,0,6
0.04704124521879425,0.0022851307761359583,-50585.854127597566,2,6
0.047048797985028284,0.0022877693768842263,-50591.37243588233,3,3
0.047056853928644074,0.0022877280329257604,-50594.9182405414,1,1
0.047066372883079376,0.002287096121641492,-50598.10448112666,1,1
0.047076123373045446,0.002288059263852068,-50601.122561678276,0,0
0.04708772929737117,0.002289701711256917,-50606.95072320164,0,0
0.04710170756530627,0.002292349475025998,-50615.54325559619,0,0
0.04711574137150193,0.00229565886506672,-50623.62782443687,0,1
0.04712519435152922,0.002297262205021672,-50626.170388934195,0,2
0.047135248085396084,0.0023030772466820673,-50630.56991266638,2,7
0.047147160064837455,0.0023006451870797922,-50639.540004995695,2,8
0.04716456718237363,0.002304290046878706,-50659.98351430651,3,8
0.04717736343943834,0.002307932328852388,-50677.20398996306,4,9
0.04719118003444552,0.0023058990151931975,-50698.95535233706,3,8
0.04720521376298548,0.002301324304549672,-50722.49107733364,3,9
0.04722002536041045,0.0023053387614956782,-50749.04094931074,3,10
0.04723414789672765,0.0023069490412415197,-50774.507283362575,5,10
0.04724402844030814,0.0023111171865396666,-50784.36368717645,3,10
0.047262303855681094,0.0023108140960624818,-50816.151037972646,9,9
0.04727560242123244,0.0023060556602893267,-50833.11008345172,3,8
0.04728968610607074,0.002310527109928995,-50850.682870917415,1,7
0.0473037865966635,0.002314438934589276,-50867.759049017994,1,8
0.04731755085179626,0.002308268585462226,-50884.493993063945,3,8
0.04732795649842433,0.002305496861667912,-50893.20062982564,1,7
0.04733641841319217,0.0023059649830100594,-50900.58757974398,2,7
0.04734519801295417,0.0023012971114792914,-50907.67125221813,4,4
0.04735545189505613,0.002300909463067801,-50913.23268669667,2,2
0.047365693076260845,0.002296876244116811,-50917.45805909793,1,1
0.047375896924733416,0.002293560649229213,-50921.60024167673,0,0
0.04738720468869222,0.0022903486369306356,-50927.57130515849,0,0
0.04740037922463227,0.0022872086303257844,-50936.02805935226,0,0
0.04741389857779942,0.0022846376916916514,-50944.10761642975,0,0
0.04742271930745251,0.0022834304930245044,-50945.18859823377,0,2
0.04743150977160836,0.002282534522325626,-50946.12097403514,0,7
0.04744439761029028,0.0022835575104904926,-50957.960947765045,3,9
0.047462673688007516,0.002290609175554458,-50979.97579624199,3,7
0.047476774067004186,0.0022963450721346203,-51002.24229982406,6,8
0.04749099998023369,0.0022971857770843524,-51025.13195374807,6,9
0.04750535350624979,0.002296183335308449,-51048.99740783064,6,9
0.047519282574665256,0.002297838148920441,-51071.692952915575,5,8
0.04753141133550331,0.0022962361345374304,-51087.454269335816,3,10
0.04754137870061845,0.002294401745914303,-51095.30387446683,4,9
0.047560988669573284,0.0022979238511136326,-51131.28674211356,9,9
0.04757455077210205,0.002294542615942987,-51149.40406347452,3,9
0.047588737439262944,0.0022935698114584656,-51168.44546627045,2,9
0.047603459920341075,0.002291715650369327,-51187.83802352763,2,8
0.0476175854751634,0.0022953403643259742,-51205.01317368105,2,8
0.04762861360144166,0.0022944706945492582,-51214.6354730922,0,7
0.04763614875125617,0.0022939006393944616,-51217.94930712848,0,6
0.04764404801474406,0.002289416309190388,-51224.63739229856,4,4
0.047651635589982824,0.002290346970161098,-51228.84259600126,2,2
0.04766014723945409,0.002290721260593706,-51230.902091555225,0,0
0.04767030113262989,0.0022917090505359117,-51234.693374045455,0,0
0.04768190242835285,0.0022932963370680057,-51240.877470875435,0,0
0.04769539275986725,0.0022957673066719576,-51249.53121727393,0,0
0.04770976485308868,0.00229917051995077,-51258.492389608364,0,1
0.04771932748753236,0.002301477967862697,-51261.36018065895,0,1
0.047728235899611636,0.0023041713061586265,-51262.70161928658,0,6
0.04774046453070744,0.0023120211047647555,-51272.9523363247,4,9
0.047757684302715264,0.0023112858154110383,-51293.60028237859,5,9
0.04777151105954024,0.0023080299540116454,-51314.44000554365,4,8
0.04778422224980168,0.002308956670574962,-51332.509806444614,1,8
0.04779847768537686,0.0023056561794501207,-51357.56936045709,4,8
0.04781121882849993,0.002306477508849851,-51376.97345165559,1,9
0.04782332470589126,0.002309422519504262,-51396.76857489127,3,8
0.04783396126764211,0.0023097182040626297,-51409.46907875485,4,10
0.04785407598169372,0.0023104221637186605,-51449.270354273714,10,10
0.04786427374740795,0.002312381731579962,-51458.12104847859,1,7
0.047875297020256655,0.002316883731059186,-51473.186182341065,3,7
0.04789210363085911,0.002315258995703178,-51500.11337079665,8,8
0.04790670497080082,0.002316272487239967,-51518.384058028016,1,8
0.04791983986125834,0.00231929135570793,-51533.934594395985,3,8
0.04792775028672143,0.0023196561856193504,-51537.6175044955,0,7
0.04793648603327247,0.002314205679137941,-51545.80336079714,5,5
0.047943789370300346,0.002316066720363882,-51549.95716803874,2,2
0.04795265528916201,0.002317242994138117,-51552.65537956545,0,0
0.04796305700754955,0.002318924903801604,-51556.9550454618,0,0
0.04797447667478075,0.0023212352636104343,-51563.051259680506,0,0
0.047987283134409336,0.0023243961762849873,-51571.09140084576,0,0
0.04800194393512947,0.00232874477635084,-51580.53579898324,0,0
0.04801110478612098,0.0023317612486926514,-51582.46442888023,0,1
0.04801957280445935,0.0023337299109995827,-51582.67584607181,0,6
0.04803046591605141,0.0023331268418849797,-51589.187193107166,1,8
0.04804847688712045,0.0023262806568587124,-51610.43197090275,2,8
0.04806262731794649,0.002329666915546713,-51633.01494074413,6,9
0.04807740035297341,0.002329563920841508,-51658.504904440786,6,9
0.048093049832150354,0.002326447405310013,-51688.16712040294,7,9
0.048109587213054465,0.0023245237280247726,-51721.46327665972,7,8
0.04812274574425222,0.0023289913813197075,-51741.98608677372,4,8
0.0481301954391509,0.002330788138404425,-51737.92261676027,2,11
0.04814980552257309,0.0023268254155540597,-51779.245942302914,9,9
0.048161774206822265,0.002326284032246997,-51794.981787027755,3,10
0.04817461447972595,0.002331513396329995,-51815.72084835633,8,8
0.04818854053627108,0.0023335625207399884,-51836.10414282047,7,7
0.04820174245377164,0.0023330740084405183,-51853.572343398344,2,8
0.04821271240414031,0.0023284743242728044,-51866.72781148376,3,8
0.04822187815862658,0.002325514649464044,-51877.825422200855,4,7
0.04823454089261662,0.002331350992895201,-51891.09572855195,6,6
0.0482435848724965,0.0023340225832123146,-51894.89771705692,0,2
0.048253605219714085,0.0023362388932368955,-51898.75190217827,0,1
0.04826426596734091,0.0023381585864130873,-51903.65304443496,0,1
0.04827600915661911,0.0023401023784816164,-51910.60383393714,1,1
0.04828858260565212,0.0023454905144653045,-51918.4271870488,0,0
0.04830290842013067,0.002352275039991295,-51927.6592449568,0,1
0.04831229310506564,0.0023563657037711447,-51930.20013438547,0,1
0.048321220107730184,0.00236016452420619,-51931.6771331768,0,4
0.04833138100297767,0.0023590039358431345,-51936.26397692064,0,6
0.04834697659011715,0.0023569074034815824,-51952.54675833231,2,8
0.048360409720374885,0.0023592858760117554,-51972.26152414417,4,9
0.04837553904791608,0.002358009600428198,-51999.43558587326,5,11
0.048393477341252496,0.0023553499220837462,-52037.52788143821,7,9
0.04840980477082177,0.0023634105428432042,-52070.88006449593,5,10
0.048424279891025046,0.002359954986977474,-52102.227750999584,6,10
0.04843191922632503,0.002357714487689177,-52100.399038340925,2,10
0.04844969672351789,0.0023550754573166983,-52140.47347198571,10,10
0.04846223280373236,0.0023552402806928953,-52161.46927827969,6,9
0.04847638038573453,0.0023521986569015824,-52185.934097282996,9,9
0.0484916775320912,0.002353243833654003,-52209.285767248984,8,8
0.04850775451752724,0.002347610641062145,-52231.71589282487,8,9
0.04852097339732863,0.0023435267084591276,-52247.03697420414,2,9
0.04853007257066726,0.002341358674812931,-52253.70681652095,2,7
0.04854022233321522,0.002347742243748228,-52263.08268188734,5,5
0.04855096358472042,0.0023510476845126633,-52269.62584875434,2,2
0.04856167264199342,0.002350306115644716,-52274.77359142365,1,1
0.0485727834927651,0.00235212780695788,-52280.7223408158,1,1
0.048583721777230714,0.0023520873132571556,-52286.20410394968,0,0
0.048595593295264326,0.002352536872421392,-52293.11351350392,0,0
0.04860975867763992,0.002353738322732862,-52302.12757494742,0,0
0.04861883397914465,0.002354774569379428,-52303.86306616672,0,0
0.048627617675516134,0.0023560275274358876,-52304.79435678031,0,3
0.048636898646527794,0.002355903581939216,-52307.01595433631,0,4
0.04865000368488967,0.002352853631778375,-52317.27416307788,1,7
0.04865990106553311,0.0023500122080316985,-52323.152558865746,0,10
0.04867407099224965,0.0023455428814734783,-52346.93471694299,3,9
0.04868729782692937,0.002348297656995967,-52367.601073553415,2,7
0.048701129824520385,0.00235407694039242,-52389.98248319652,2,8
0.04871559881492012,0.0023600910307347914,-52414.88247136149,4,9
0.04872662516434084,0.0023622882330619935,-52427.43889553051,3,11
0.04874517989604807,0.002367027052911812,-52458.63279119218,9,9
0.048758648041447764,0.002366496210527166,-52475.1038752407,3,9
0.04877365267349492,0.002365959047993278,-52495.922999544804,5,9
0.04878871096545763,0.0023653795543696968,-52516.96501925164,5,9
0.04880150710855533,0.0023677155066699354,-52531.80305860533,3,8
0.048812830847218026,0.002369367109357812,-52543.35021670273,3,8
0.048821302872297384,0.002366285550468402,-52550.07289130779,3,6
0.048830060170817084,0.002366286655383179,-52556.98735944622,3,3
0.048839309813714725,0.00236773534442257,-52561.59569486242,1,2
0.04884907063839797,0.0023678416847174805,-52564.90437594988,0,1
0.04885989589834387,0.002367633614534259,-52570.232950742065,1,1
0.0488706985498213,0.002367810621739806,-52575.41794273072,0,0
0.048883358021866774,0.0023685685497551135,-52583.31019609013,0,0
0.048898210214304336,0.0023701963378857435,-52593.008640992535,0,0
0.04890647398480949,0.0023713675521360076,-52592.74644796865,0,1
0.04891584655915237,0.002373655622740729,-52595.09020652598,0,7
0.04892717996721002,0.0023740485718767375,-52602.3155382337,1,8
0.04894537144804161,0.0023773249063154013,-52623.41319341729,2,9
0.04895683718643866,0.0023760041179851765,-52635.671050198,1,10
0.048970475688345054,0.002371287187341965,-52657.18609296126,2,9
0.04898468522269593,0.002372700927511867,-52681.11246547445,3,8
0.04899748243895317,0.0023757013506804535,-52699.87649070717,2,8
0.0490114877014665,0.0023782709386046224,-52723.632803835615,6,7
0.049020161249466426,0.002384403604003348,-52729.31993849814,1,8
0.04903828119595924,0.0023835572014369267,-52757.39902135397,7,7
0.04905236507208479,0.0023824414159475007,-52774.2170594124,1,7
0.049066966756141736,0.002382189549457399,-52792.72984978653,3,9
0.04908038687779493,0.002381087323706436,-52807.515977149254,1,8
0.04909248470807295,0.0023804251251659,-52819.4446097065,1,8
0.049104068209856265,0.002379952285329541,-52831.125873442244,2,7
0.04911195975224074,0.0023805984204158725,-52835.50170114472,1,6
0.04911990887280569,0.0023855435770848894,-52841.00657820423,3,3
0.049128441103907725,0.0023870460764519653,-52844.1334402558,1,1
0.04913893661464156,0.0023914595731275444,-52848.82529648824,1,1
0.04914934618553629,0.0023934250850241633,-52853.246584630986,0,0
0.04916100378265094,0.00239609574710093,-52859.67812490362,0,0
0.049173552190320054,0.002399508342115326,-52867.31122334093,0,0
0.04918719426115981,0.002403810968173105,-52875.50927505406,0,1
0.04919618912831694,0.0024062209304900983,-52877.05764139438,0,2
0.04920611343642127,0.0024074927536147455,-52881.02884037938,1,8
0.049219550885652934,0.0024055111244425005,-52894.25151933281,4,8
0.04923648578540343,0.002403894134329158,-52914.22760065293,4,8
0.0492502217903347,0.0024039095786312715,-52935.03471202842,5,8
0.04926453490605291,0.002407183304028089,-52958.758772125395,4,7
0.04927858280381146,0.0024037013926675043,-52981.81162061082,4,9
0.049293050022164955,0.0024043129891533678,-53006.91903576975,5,10
0.04930470394138528,0.002405018066091557,-53028.26070243691,4,8
0.04931228219152118,0.002405832037011865,-53030.29256085115,1,10
0.04933038083928871,0.0024055052863119104,-53064.31242996267,9,9
0.04934226227620037,0.0024035998885996498,-53079.53945279102,3,8
0.049353123626512715,0.0024042854707832287,-53093.38955987934,3,7
0.04936820636336565,0.002397448467184746,-53116.073619824194,5,9
0.04938349956803203,0.002395521557830463,-53138.56084909783,6,8
0.049394253594270736,0.0023960008507590857,-53148.979997288196,2,7
0.04940256546479063,0.0023972261102183615,-53156.20723657477,2,7
0.04941313933986368,0.0023964543341944227,-53166.44747356195,5,5
0.0494232827798166,0.0023952286256919086,-53172.181311157954,2,2
0.049433984578479244,0.002394625733295145,-53177.27020185304,1,1
0.04944451945478726,0.0023925917576111473,-53182.06484750345,0,0
0.04945553815756115,0.0023908871944621824,-53187.69088129516,0,0
0.04946769908270457,0.002389510188373032,-53194.98127133778,0,0
0.049481392146916256,0.002388595349786604,-53203.39491972562,0,0
0.049490074861210286,0.0023883912995143735,-53204.16070197501,0,2
0.04949906377269646,0.0023897436784333093,-53205.65849361231,0,7
0.04951091937588272,0.0023904851854481255,-53214.65712076512,1,9
0.04953004301137805,0.0023894291960519063,-53238.440407915376,2,7
0.0495418713390282,0.00238673456068993,-53252.30292614872,2,8
0.04955550584302025,0.002387312804737284,-53273.69019405389,3,10
0.0495697345192704,0.002389903051270189,-53298.05998283922,2,10
0.04958447171844152,0.002390752050373665,-53325.36281388813,3,8
0.04959776307337253,0.0023976040932824415,-53347.05240636348,4,10
0.04960788875931097,0.0023945508149200738,-53356.075161506895,4,8
0.0496265838218853,0.0023932739548930704,-53389.50341416419,9,9
0.049639907932837284,0.0023910074206804385,-53406.95776083992,4,9
0.049654217933192475,0.0023891871579937818,-53427.57786526927,5,9
0.049668363720229196,0.002390148140000487,-53445.505374114495,3,8
0.049681272892036075,0.0023980394638351546,-53461.27281743789,3,7
0.04969265778176034,0.0023992123116884094,-53474.22684934919,3,7
0.04970005717611504,0.0024002330968474683,-53478.55485602135,1,6
0.04970983745866684,0.002396820777685295,-53486.03261942998,3,3
0.049719766207942426,0.002395012911186321,-53489.99540215466,0,2
0.04972938008183872,0.0023946088515151005,-53493.00972099892,0,0
0.04973950488845111,0.0023945464483648873,-53497.057823749725,0,0
0.04975085129081478,0.002394914310891735,-53503.095184978665,0,0
0.04976328358804382,0.0023958464052922734,-53510.63216058509,0,0
0.04977678664461421,0.0023974773067187705,-53518.710230668505,0,1
0.049785864205989065,0.0023981377588453744,-53520.47392520125,0,2
0.04979568519491778,0.0023982911704653873,-53524.27028136325,1,6
0.049806950083802766,0.002397274639727561,-53531.86649280297,2,9
0.04982541243858332,0.0023963560647978226,-53554.40865689954,3,8
0.04983804438594024,0.0023962317132305245,-53571.18594633667,3,7
0.04984982356166598,0.0023948754317349823,-53585.67152088176,1,8
0.049864233614977854,0.00239428202267273,-53611.09054410631,5,9
0.04987922487553169,0.0023919073616166455,-53639.01940099247,4,9
0.049891449181318895,0.0023929108523660083,-53655.85549681397,2,8
0.04990165325411589,0.0023926729717338546,-53666.294682222375,3,10
0.04991996688676889,0.0023943091115273124,-53698.576328471114,10,10
0.04993185063582897,0.002394456753506301,-53712.134687254875,3,7
0.04994477047439982,0.0023953708959201883,-53728.890972161156,3,7
0.04995840709119265,0.0023923851273430045,-53746.488084624536,3,7
0.049972004379937145,0.002394265968854822,-53763.360233537715,2,8
0.049984346388523705,0.002396606318772024,-53777.22249786301,2,8
0.049992717217961544,0.0024006906054666335,-53782.37425343494,1,7
0.05000239052850077,0.0023966577158372683,-53790.85166413542,5,5
0.05001248038629643,0.002398577346029518,-53796.18979097464,2,2
0.05002232037768719,0.002400630315712905,-53799.52036106978,0,0
0.050032598224635044,0.002403139628742089,-53803.76613417219,0,0
0.050043854172414394,0.0024063131966080456,-53809.59671903802,0,0
0.05005629160515289,0.002410338076850092,-53817.050085439914,0,0
0.05007009981029511,0.0024154413770869263,-53825.377436097,0,0
0.05007885891611589,0.0024188381721100727,-53826.350321981496,0,1
0.05008744283713223,0.0024213029547373553,-53826.862454003,0,6
0.0500977548364135,0.0024203393395276014,-53831.77974678648,0,9
0.05011698350316547,0.0024188835022894875,-53856.70859519537,4,8
0.05013184310812744,0.0024235684025962854,-53881.50735615895,7,9
0.05014586665792349,0.0024257213271089376,-53903.74020333531,5,9
0.050159242451920966,0.0024268922164755184,-53924.29285477757,3,9
0.05017343193860728,0.002425609879021824,-53948.25623621441,2,9
0.05018683244732947,0.002425193107928666,-53969.1081815301,2,9
0.05019818106587829,0.002428057943306512,-53981.933833803836,4,11
0.05021768645726507,0.002426731460822498,-54016.11731989892,9,9
0.05023064099581765,0.002427135293872625,-54031.686961537576,1,10
0.05024476826021387,0.0024258137521920796,-54050.79679892939,4,8
0.05025909187714134,0.0024269123215725857,-54069.69181483359,2,7
0.050271819680468156,0.0024276456540055966,-54084.6597044794,2,8
0.05028319184201688,0.0024232303968125465,-54096.40121110036,2,8
0.05029240384009547,0.002416817682173505,-54104.86942806221,3,7
0.05030342730086373,0.0024178371058508723,-54116.16676890308,6,6
0.05031198034882785,0.0024166304278665355,-54120.17297899723,1,2
0.050322268369886375,0.0024151316393561466,-54124.76990568321,1,1
0.050332783777899494,0.002414595666909021,-54129.281104930706,0,1
0.05034441692551332,0.00241531158190072,-54135.59764274368,0,1
0.050357293081596755,0.0024161700345403875,-54143.605385248346,0,0
0.050371764504889664,0.0024178285906787085,-54152.786365127264,0,1
0.050381212307429465,0.002418818558701351,-54155.452595501854,0,1
0.05039004216634856,0.002419211679094659,-54156.69357673166,0,4
0.050399881887945426,0.00241808419694362,-54160.46401348137,0,7
0.05041657565612837,0.002418897212469689,-54179.643117990956,3,8
0.050430259984704094,0.0024188315669003827,-54200.20329205889,5,9
0.05044377597045073,0.002416853971066495,-54220.8894584059,4,11
0.05045958861393451,0.002425327917036663,-54251.32627298404,5,10
0.05047534286374515,0.0024243045851944575,-54281.30301193862,4,10
0.05049021047038244,0.002427096350144149,-54308.05222599268,5,10
0.05050133312270321,0.0024283383774360875,-54320.07682382594,4,11
0.050520720240182435,0.0024296411945164123,-54353.47577072489,10,10
0.05053444723194606,0.0024308308516162594,-54370.232623344804,2,9
0.050549355108577096,0.002433247436913425,-54391.16882972482,5,8
0.050562405158436324,0.0024327965447807536,-54406.65748630606,1,8
0.050575760599727945,0.0024331988268254463,-54422.92300484088,2,9
0.05058796838606192,0.0024335827670687693,-54436.6529272173,3,9
0.05059758296125721,0.0024317475635991723,-54445.88015043956,4,7
0.050607587144791494,0.0024277804388448633,-54455.140796924155,5,5
0.05061667480120351,0.00243068971964013,-54459.87826790141,2,2
0.05062653353013065,0.002431686823689574,-54463.69027750861,1,1
0.050636666392617435,0.002433370640671105,-54467.50133851677,0,1
0.05064757344730688,0.002435479964139505,-54472.70039744777,0,0
0.050660388233409535,0.0024384949603691334,-54480.58788612297,0,0
0.050675778206789854,0.002442870394365702,-54490.62963900438,0,0
0.0506847507683849,0.0024458119066418866,-54492.115879271696,0,0
0.05069400891766631,0.002449137617313805,-54494.07010111792,0,3
0.050703533379731144,0.0024522873201730123,-54496.70164447556,0,4
0.050716447058366844,0.0024566855698891937,-54506.53785340549,1,7
0.05072835557848612,0.0024518485187418715,-54520.02992542028,4,10
0.0507410826282802,0.0024490015646617923,-54537.4279703347,3,10
0.05075462170204232,0.002449327671880592,-54559.14527264999,3,7
0.05076862792126299,0.0024479105538646817,-54582.79980952579,3,8
0.05078220096830749,0.0024446873338267515,-54604.52699524266,2,10
0.05079516138076205,0.002442267366641399,-54624.42448567806,6,11
0.050814340661526965,0.002440572946600329,-54656.825409228164,9,9
0.0508286499862493,0.0024415179933112516,-54676.224982178355,4,9
0.05084189232781584,0.0024400729933113916,-54692.808564277955,2,9
0.050855657487260446,0.002441522818103129,-54710.988745028786,4,8
0.05086885891190945,0.0024371920852161843,-54726.87654305371,2,9
0.050881576648871565,0.002440420847211804,-54742.41987239045,5,8
0.05088963160459509,0.0024395058125932898,-54747.76832995147,2,6
0.05089634344640224,0.002437847090367015,-54752.51937373789,3,3
0.050903639480757754,0.002438818841489142,-54756.86746595799,2,2
0.050913522650910516,0.002439987580256758,-54761.390866244124,1,1
0.05092423097900136,0.0024427141756399387,-54766.07274135274,0,1
0.050935255371272456,0.0024465622637243486,-54771.47747061383,0,0
0.05094763674259761,0.0024513843286877615,-54778.85669062196,0,0
0.050963085077247616,0.0024581337298940488,-54788.98404184489,0,0
0.05097144088701838,0.002461921809811592,-54788.97138633352,0,2
0.050981753035842806,0.002465947062521908,-54793.50609774294,1,7
0.05099464893231207,0.0024679556598719257,-54804.74739972979,4,8
0.05101127128436558,0.0024671118740655688,-54823.015201533264,4,9
0.05102376291107731,0.002468181126283587,-54838.946493381736,3,9
0.05103754236445994,0.0024669444738741153,-54860.58129422744,2,9
0.05105290868785369,0.002464214216946494,-54888.79379755943,6,9
0.05106682149306857,0.002463502509200474,-54911.463164524954,4,7
0.0510779878471866,0.002460993726877025,-54923.2767048004,1,7
0.0510868665354789,0.002460880845291392,-54926.61348399606,2,8
0.05110569522044742,0.002460084178146985,-54958.929215978074,8,8
0.05111926772732921,0.0024592026335813846,-54976.41733565363,3,8
0.05113343719901138,0.0024624226128730463,-54995.38002581366,3,9
0.05114868117352101,0.002461456670468205,-55017.14422387802,5,9
0.051163286410592576,0.0024611672749253327,-55036.78736253419,3,9
0.05117490805780436,0.002460240833653638,-55048.19240418292,1,7
0.05118198021726897,0.0024599197164036995,-55049.319043260635,0,5
0.05118892935761085,0.0024602247034362194,-55055.03476915101,3,3
0.05119538077580457,0.0024588192101219985,-55057.68029961398,0,1
0.051205637522454675,0.00245710356052798,-55062.093319694635,0,1
0.05121638862607569,0.0024571566923687993,-55067.08970905321,0,0
0.05122779189169671,0.0024576528826253667,-55073.24560412141,0,0
0.05124035840534408,0.002458725997399568,-55081.01621960102,0,0
0.051254117480903555,0.0024605386221875883,-55089.482114536695,0,1
0.05126341703867588,0.002462439536358607,-55091.73798292334,0,2
0.05127294819673479,0.002465073887959054,-55094.7831966708,1,8
0.051286730021091353,0.002469186328593672,-55109.37592414913,5,8
0.05130347506526849,0.002462607283344325,-55129.28015230991,4,8
0.05131631971625196,0.0024604230582180035,-55146.81907603159,4,9
0.051330505074961924,0.002459336765216086,-55170.58358599815,4,8
0.05134493395617193,0.00245518636179207,-55196.19679172355,3,9
0.05136032020950372,0.00246032637589622,-55225.80197200866,2,10
0.0513736496931559,0.0024665351729530336,-55249.35821834098,0,8
0.0513836867672037,0.002464599903032135,-55255.744068152366,3,10
0.05140395498612336,0.002475184472706921,-55301.10701848587,9,9
0.05141499203652453,0.0024725000310727367,-55312.45930570372,4,7
0.051424687719875066,0.0024726107650996617,-55324.32525102762,3,7
0.05143949441256106,0.0024724128025131213,-55351.97221867074,9,9
0.05145716169710088,0.0024723671771215965,-55381.135904890456,8,8
0.051468367296285365,0.002470403477342813,-55391.263553510034,0,7
0.0514767240570679,0.002469716941596697,-55397.065551417785,0,7
0.05148510927002972,0.0024656201633796214,-55405.2354517092,5,5
0.05149408717524168,0.0024662983266129836,-55411.339613937875,2,2
0.051504953928433635,0.002465256993285869,-55416.77981756443,1,1
0.05151569029571931,0.0024639174604682373,-55421.875570939315,0,0
0.05152706579404167,0.0024629270133938903,-55428.082837291564,0,0
0.05153932500707754,0.0024623619343420466,-55435.54279927211,0,0
0.05155304620656367,0.0024623515236915543,-55444.036019490304,0,0
0.05156185560219145,0.0024623471504644206,-55445.099855936394,0,2
0.051570833485835396,0.0024629138852183255,-55446.55901467099,0,7
0.05158265062640426,0.0024593414311658733,-55455.49139582662,1,9
0.0516016412840172,0.002456325024636888,-55479.810712395745,3,7
0.05161285081084057,0.0024537802891904,-55491.08860840017,0,8
0.051627420119953325,0.0024520192321480045,-55516.64056539059,3,10
0.051644136498047936,0.002449401832726851,-55551.354196397995,5,10
0.05165955712680887,0.0024491028463643535,-55581.89597473391,2,8
0.05167293977151511,0.0024496642952822863,-55607.17553310766,2,9
0.05168127555269764,0.002449387172432423,-55606.170110004874,2,9
0.05170059161682295,0.0024524455154902075,-55650.413519448724,9,9
0.05171195133630668,0.002454262440218773,-55664.40449964962,4,9
0.05172652655085205,0.0024523453477250704,-55691.1296233268,9,9
0.05174143895290209,0.002457567932573344,-55715.47840725665,8,8
0.05175566148529823,0.0024608070143134057,-55734.380378073605,4,7
0.05176809651969652,0.0024617524995041253,-55749.53702363101,3,8
0.051775365874522396,0.002462695539062072,-55752.79904651763,0,6
0.05178073381148014,0.002462790756791069,-55755.56765178336,2,2
0.05178903807744119,0.0024618381671146707,-55760.832127622125,2,2
0.05179890218801885,0.0024637060638730062,-55764.374410154705,0,0
0.05180927041243073,0.0024660638443308584,-55768.782979394884,0,0
0.05182051555497054,0.0024690259874017985,-55774.6974390612,0,0
0.051833356727075584,0.0024729401812949585,-55782.825998112894,0,0
0.051847391355576505,0.0024778718772610646,-55791.60659649687,0,0
0.051856071234406345,0.0024813592296044425,-55792.38454020273,0,2
0.05186493728543251,0.002485059290115525,-55793.59558523459,0,7
0.051876710892805454,0.0024872411076550804,-55802.34851354463,1,9
0.05189599097652497,0.0024891462648070884,-55825.852085834835,2,8
0.05190831855832891,0.002487256945176308,-55841.384576906734,2,7
0.051922369704874335,0.0024804562586838515,-55864.243626384516,4,8
0.05193548505948717,0.0024804945700190447,-55883.894600637446,2,9
0.05194894866961073,0.002484069119542266,-55905.457536399495,3,9
0.051963293671719236,0.0024868093396473953,-55930.49864165803,4,8
0.051972575906911275,0.0024884575455385994,-55936.74035922257,1,10
0.05199140480170409,0.0024886834827962255,-55970.50905840564,10,10
0.05200352171265713,0.002485187084578769,-55984.80285782615,3,7
0.05201512272034232,0.0024796643011059743,-55998.22948472087,1,7
0.052030977720047084,0.0024761022756442045,-56020.94219946387,7,7
0.052046050723667116,0.0024754541639771454,-56040.59260475417,4,8
0.05205843054517603,0.0024760077163175015,-56053.347616811756,2,8
0.052066341941798766,0.0024765704735234565,-56056.47145662771,0,7
0.05207766165676731,0.002473205323591859,-56066.92864330852,5,5
0.05208711518431148,0.0024721807574948997,-56071.461543572725,2,2
0.052096219404714,0.0024721316921782806,-56073.66962975644,0,0
0.05210580809767654,0.0024723844184968667,-56076.622769007015,0,0
0.05211728484557442,0.0024731051900704444,-56082.64196131161,0,0
0.05213086916777277,0.0024745466116878733,-56091.35491776312,0,0
0.05214496691595121,0.0024767154366988815,-56099.94395241738,0,0
0.052153722159131756,0.002478111864775596,-56100.87307299925,0,3
0.052162808311986886,0.002476255407139874,-56102.70402931169,0,6
0.05217521974720718,0.0024736655662261457,-56113.43852581477,3,9
0.05219339826184226,0.0024722707129620105,-56135.73082318583,4,8
0.0522068252345112,0.0024752573056062714,-56154.98872194541,5,10
0.052220160662906814,0.0024708391191114415,-56174.66653187536,3,8
0.05223387267090468,0.0024688496396256163,-56196.90303701087,3,9
0.05224955786211645,0.0024760119843760925,-56226.85677438382,7,9
0.052262932105279554,0.002477071063245117,-56247.93850746365,3,9
0.052273673449968534,0.0024793926076344627,-56259.57746752516,3,11
0.05229323426174227,0.0024814779288195457,-56293.27361250204,9,9
0.052307916761906915,0.0024809957041139166,-56313.22877440436,3,10
0.05232216224095566,0.002482423862719905,-56330.82279069081,2,9
0.05233574915685771,0.0024805689743748185,-56346.676730670406,2,7
0.05234903323083759,0.002480205601163123,-56362.33796462755,2,8
0.052360679932699314,0.00248288551033032,-56374.63141562113,2,7
0.052369583397943294,0.002480285672134407,-56381.98477108612,2,8
0.05238236545098024,0.002476949680135564,-56393.99580222675,6,6
0.052392775926451654,0.0024741818248911877,-56398.50740657188,0,2
0.0524034008628906,0.0024715533888932037,-56403.34727626311,1,1
0.05241361424062593,0.0024689720770650664,-56407.41097759718,0,1
0.05242542681073394,0.0024665228320735447,-56414.0029730845,1,1
0.05243816139047329,0.0024646150943884153,-56421.768755026096,0,0
0.05245154764538127,0.002463143507116722,-56429.61452782441,0,1
0.05246074677314709,0.002461935030490195,-56431.677861143784,0,1
0.052469893813297246,0.0024613972234154044,-56433.60728938981,0,4
0.05248042222693398,0.002456484670984693,-56439.129233827225,1,6
0.05249512474377367,0.002453155061550993,-56454.292103137224,4,8
0.052508039801024316,0.0024509832150077966,-56471.27638101721,4,10
0.052522421624013035,0.0024494639709994603,-56495.34111636146,5,9
0.05253534365875314,0.002453737386037444,-56514.005375769135,3,9
0.05255081940141592,0.0024560479594632244,-56542.944305669,5,10
0.05256435456644914,0.0024588786760018464,-56564.603358040506,3,10
0.052575780347897234,0.0024596014057510504,-56579.74124789357,4,10
0.052596097876915805,0.002449222863154311,-56613.91482898893,10,10
0.05261132911373565,0.0024527894515756574,-56634.004186953214,3,9
0.05262529262732199,0.002453431902734899,-56650.478029304766,2,8
0.05263901156044181,0.002451771257576398,-56666.43356163348,3,8
0.05265368686960579,0.002453640059781774,-56684.90586227617,4,9
0.052667210208557066,0.002453591007557451,-56700.37551008922,3,9
0.052676275544565596,0.0024574536684046047,-56705.64884420542,1,8
0.052686771412482104,0.0024572153774619246,-56714.80033395338,5,5
0.05269332008258699,0.0024577073177877275,-56716.90180391973,0,2
0.052700003259523405,0.002457085657063194,-56718.611623081604,0,1
0.052710542448264154,0.002455912833923573,-56723.13205222648,0,1
0.05272211961791497,0.0024557961194992413,-56728.93154735132,0,0
0.05273538362100577,0.002456227612335739,-56736.92688102649,0,0
0.052750756280078775,0.002457490421703595,-56746.47244276939,0,0
0.05275997084921698,0.0024586314848106523,-56748.43679768686,0,0
0.05276882647428859,0.0024599902911301864,-56749.47967193326,0,4
0.052779253246436376,0.0024621366533537454,-56754.26239274462,1,5
0.052792896803118994,0.0024623110318271677,-56766.423961468055,3,7
0.05280438893543901,0.002462657651225752,-56778.030452833,3,10
0.05281878837911538,0.002457344161838262,-56801.41145264015,5,10
0.05283188850453902,0.002456597032691383,-56820.42076213088,3,7
0.05284472023777395,0.0024594323233755764,-56838.909417244,3,8
0.05285767863499293,0.002459595570419179,-56858.84078456379,3,10
0.0528700014319071,0.002455389268783806,-56878.551259924556,5,11
0.05288838532996696,0.002449796093112216,-56906.40371006193,9,9
0.05290413838680439,0.0024476906793355303,-56927.23677040031,5,9
0.0529189348623983,0.002448455585519192,-56945.759218379324,4,9
0.052931836580985554,0.0024472233690473436,-56959.297740560076,2,8
0.05294494945346775,0.002445322795236163,-56973.39264743887,3,8
0.052957018525843454,0.0024466395270640743,-56985.22012516536,3,8
0.05296632853269605,0.002445871489694042,-56992.46698529506,3,7
0.05297503737678975,0.002448973179188889,-56998.74546417694,3,3
0.052982320892903376,0.0024501780700533515,-57001.460587759335,0,2
0.052991220541503334,0.002452421209981908,-57004.219914265304,0,1
0.053001428327940775,0.0024535487952518525,-57007.79729033251,0,1
0.05301238820259728,0.002454183823902178,-57012.605694780264,0,0
0.0530254035459816,0.0024555037017038647,-57019.99936144402,0,0
0.053041116292130513,0.002457875934156836,-57029.43145794116,0,0
0.053049746826379474,0.0024595686827706877,-57030.05820382811,0,2
0.05306004003281156,0.002461729545496707,-57034.20477175675,1,7
0.05307160787495843,0.0024616615369850107,-57041.362602167355,1,8
0.0530894813196293,0.0024665308602146827,-57059.91695042407,1,9
0.053102841763212984,0.0024640647111537056,-57078.864560094815,5,11
0.053116182306176055,0.0024653381770006273,-57097.974849584505,2,10
0.053131582839137416,0.002468957011983393,-57125.48604659311,6,8
0.05314536224542267,0.002474315077718806,-57147.05606316322,4,8
0.05315733518972331,0.0024783614107905874,-57162.143963869814,2,7
0.0531669951238036,0.002479847937334808,-57171.52925831174,2,9
0.05318428698731597,0.002481110668308052,-57196.19635236044,7,7
0.05319959080264513,0.0024783022406192055,-57215.435074860965,4,8
0.05321465640862808,0.0024793731448506055,-57234.34429917073,5,9
0.053227189824547834,0.002480714858758087,-57246.419416018274,2,9
0.053240921913037774,0.002478133330365927,-57261.888028989735,5,8
0.053253416416455396,0.0024741966221962365,-57274.771027223265,4,7
0.053260724933159725,0.002473727125777828,-57277.09787974438,1,5
0.05326827696364357,0.0024687208389165857,-57283.54853308399,4,4
0.053273677175747575,0.002466545622120827,-57286.6418507037,2,2
0.05328246719089888,0.0024660479877316845,-57290.73360592194,1,1
0.05329299382265977,0.0024637565985295355,-57294.6785387136,0,0
0.05330502871547841,0.002461590213617488,-57300.78777346305,0,0
0.05331900692949943,0.002459714102980652,-57308.99606343404,0,0
0.053332535362583186,0.0024586012006471724,-57316.221156809246,0,1
0.053342300856099506,0.002460498451094561,-57319.26985694753,0,2
0.053351661672122755,0.0024620653640994657,-57321.745553989684,1,8
0.05336357647658735,0.002460076228907279,-57330.729710792046,2,9
0.053382724587810924,0.0024528232810544707,-57355.54948862205,5,8
0.053393509665837564,0.002449792233343939,-57365.25047172059,1,7
0.05340654730187851,0.0024486426220697364,-57383.89596649083,3,8
0.05342096075026306,0.0024493991744464092,-57407.94759950843,4,9
0.053433817964638995,0.0024463495624857242,-57426.63075648817,0,10
0.053447324285202116,0.002446311726779148,-57447.73878864823,3,8
0.05345871588296318,0.0024471169911493055,-57462.796599120724,4,10
0.0534778144090917,0.0024500572215856607,-57494.05444351304,10,10
0.053492139858183935,0.002446502483270124,-57512.35687985177,4,7
0.05350457386141301,0.002446496146955438,-57525.78103899502,1,7
0.05351981708672629,0.002453114500974002,-57545.76475181424,5,9
0.05353297864855915,0.002459008674786306,-57559.84199119949,1,8
0.0535459250361662,0.0024610429819273438,-57573.83426961992,3,7
0.05355379427490256,0.002462061016473616,-57576.33712047971,0,7
0.05356390864792603,0.002460674622431189,-57585.09138366708,5,5
0.053573658870862975,0.0024593297468932995,-57589.954032889655,2,2
